"guest_id";"room_number";"checkout_date";"checkout_status";"unpaid_amount";"disputed_amount"
"G00001";307;"2026-06-21";"Paid";0.0;0.0
"G00002";102;"2026-01-31";"Paid";0.0;0.0
"G00003";530;"2026-02-17";"Paid";0.0;0.0
"G00004";405;"2026-01-17";"Paid";0.0;0.0
"G00005";325;"2026-04-10";"Paid";0.0;0.0
"G00006";322;"2026-06-30";"Paid";0.0;0.0
"G00007";106;"2026-06-17";"Paid";0.0;0.0
"G00008";511;"2026-02-11";"Disputed";89.58;89.58
"G00009";104;"2026-01-19";"Paid";0.0;0.0
"G00010";229;"2026-05-26";"Disputed";48.14;48.14
"G00011";323;"2026-03-11";"Paid";0.0;0.0
"G00012";306;"2026-05-16";"Paid";0.0;0.0
"G00013";216;"2026-03-16";"Paid";0.0;0.0
"G00014";534;"2026-05-05";"Paid";0.0;0.0
"G00015";428;"2026-04-21";"Paid";0.0;0.0
"G00016";501;"2026-03-27";"Paid";0.0;0.0
"G00017";330;"2026-02-24";"Paid";0.0;0.0
"G00018";502;"2026-01-24";"Paid";0.0;0.0
"G00019";232;"2026-05-01";"Paid";0.0;0.0
"G00020";327;"2026-03-04";"Paid";0.0;0.0
"G00021";419;"2026-02-07";"Paid";0.0;0.0
"G00022";132;"2026-03-03";"Paid";0.0;0.0
"G00023";102;"2026-02-25";"Paid";0.0;0.0
"G00024";226;"2026-06-01";"Paid";0.0;0.0
"G00025";304;"2026-06-15";"Paid";0.0;0.0
"G00026";516;"2026-05-10";"Paid";0.0;0.0
"G00027";428;"2026-01-31";"Paid";0.0;0.0
"G00028";433;"2026-04-19";"Paid";0.0;0.0
"G00029";214;"2026-04-02";"Paid";0.0;0.0
"G00030";432;"2026-05-12";"Paid";0.0;0.0
"G00031";509;"2026-01-05";"Paid";0.0;0.0
"G00032";413;"2026-05-07";"Paid";0.0;0.0
"G00033";210;"2026-06-24";"Paid";0.0;0.0
"G00034";332;"2026-05-08";"Paid";0.0;0.0
"G00035";104;"2026-03-26";"Paid";0.0;0.0
"G00036";329;"2026-06-15";"Paid";0.0;0.0
"G00037";121;"2026-02-23";"Paid";0.0;0.0
"G00038";530;"2026-05-08";"Unpaid";41.14;0.0
"G00039";127;"2026-02-19";"Paid";0.0;0.0
"G00040";405;"2026-05-23";"Paid";0.0;0.0
"G00041";530;"2026-06-13";"Paid";0.0;0.0
"G00042";314;"2026-04-07";"Paid";0.0;0.0
"G00043";104;"2026-01-07";"Paid";0.0;0.0
"G00044";420;"2026-05-30";"Paid";0.0;0.0
"G00045";412;"2026-06-24";"Paid";0.0;0.0
"G00046";217;"2026-04-05";"Paid";0.0;0.0
"G00047";216;"2026-06-16";"Paid";0.0;0.0
"G00048";131;"2026-02-15";"Paid";0.0;0.0
"G00049";232;"2026-01-20";"Paid";0.0;0.0
"G00050";216;"2026-06-27";"Paid";0.0;0.0
"G00051";221;"2026-06-20";"Paid";0.0;0.0
"G00052";227;"2026-04-25";"Paid";0.0;0.0
"G00053";210;"2026-02-16";"Paid";0.0;0.0
"G00054";125;"2026-04-20";"Disputed";18.08;18.08
"G00055";530;"2026-01-13";"Paid";0.0;0.0
"G00056";227;"2026-04-20";"Paid";0.0;0.0
"G00057";315;"2026-04-16";"Paid";0.0;0.0
"G00058";502;"2026-04-09";"Paid";0.0;0.0
"G00059";505;"2026-02-18";"Paid";0.0;0.0
"G00060";424;"2026-01-31";"Unpaid";15.89;0.0
"G00061";327;"2026-01-20";"Paid";0.0;0.0
"G00062";405;"2026-03-05";"Paid";0.0;0.0
"G00063";230;"2026-06-25";"Unpaid";11.99;0.0
"G00064";114;"2026-04-09";"Unpaid";42.42;0.0
"G00065";405;"2026-04-02";"Paid";0.0;0.0
"G00066";128;"2026-04-13";"Paid";0.0;0.0
"G00067";131;"2026-03-02";"Paid";0.0;0.0
"G00068";530;"2026-03-23";"Paid";0.0;0.0
"G00069";510;"2026-03-09";"Paid";0.0;0.0
"G00070";415;"2026-03-12";"Disputed";37.75;37.75
"G00071";519;"2026-01-22";"Unpaid";71.52;0.0
"G00072";411;"2026-04-13";"Paid";0.0;0.0
"G00073";412;"2026-06-10";"Paid";0.0;0.0
"G00074";528;"2026-05-29";"Unpaid";38.53;0.0
"G00075";303;"2026-02-18";"Paid";0.0;0.0
"G00076";318;"2026-02-12";"Paid";0.0;0.0
"G00077";511;"2026-04-09";"Unpaid";24.75;0.0
"G00078";226;"2026-06-22";"Paid";0.0;0.0
"G00079";531;"2026-01-11";"Paid";0.0;0.0
"G00080";403;"2026-05-03";"Paid";0.0;0.0
"G00081";517;"2026-01-30";"Paid";0.0;0.0
"G00082";418;"2026-04-27";"Paid";0.0;0.0
"G00083";405;"2026-01-27";"Paid";0.0;0.0
"G00084";430;"2026-06-09";"Paid";0.0;0.0
"G00085";120;"2026-04-01";"Paid";0.0;0.0
"G00086";120;"2026-06-11";"Paid";0.0;0.0
"G00087";433;"2026-03-23";"Unpaid";86.37;0.0
"G00088";220;"2026-06-08";"Paid";0.0;0.0
"G00089";332;"2026-02-02";"Paid";0.0;0.0
"G00090";321;"2026-06-07";"Paid";0.0;0.0
"G00091";210;"2026-01-28";"Unpaid";24.04;0.0
"G00092";120;"2026-04-09";"Paid";0.0;0.0
"G00093";103;"2026-04-06";"Paid";0.0;0.0
"G00094";526;"2026-06-03";"Paid";0.0;0.0
"G00095";527;"2026-05-10";"Paid";0.0;0.0
"G00096";431;"2026-03-11";"Unpaid";37.2;0.0
"G00097";102;"2026-06-29";"Paid";0.0;0.0
"G00098";232;"2026-01-15";"Paid";0.0;0.0
"G00099";530;"2026-04-05";"Paid";0.0;0.0
"G00100";329;"2026-05-19";"Paid";0.0;0.0
"G00101";427;"2026-01-26";"Paid";0.0;0.0
"G00102";503;"2026-05-12";"Paid";0.0;0.0
"G00103";423;"2026-03-20";"Paid";0.0;0.0
"G00104";402;"2026-05-18";"Paid";0.0;0.0
"G00105";533;"2026-06-14";"Paid";0.0;0.0
"G00106";305;"2026-06-30";"Paid";0.0;0.0
"G00107";325;"2026-02-12";"Disputed";55.39;55.39
"G00108";333;"2026-05-01";"Paid";0.0;0.0
"G00109";431;"2026-01-31";"Paid";0.0;0.0
"G00110";129;"2026-05-19";"Unpaid";34.0;0.0
"G00111";320;"2026-03-25";"Paid";0.0;0.0
"G00112";502;"2026-01-29";"Disputed";89.52;89.52
"G00113";421;"2026-06-20";"Paid";0.0;0.0
"G00114";128;"2026-02-20";"Paid";0.0;0.0
"G00115";114;"2026-01-13";"Unpaid";15.4;0.0
"G00116";428;"2026-01-22";"Paid";0.0;0.0
"G00117";231;"2026-01-08";"Paid";0.0;0.0
"G00118";316;"2026-06-29";"Paid";0.0;0.0
"G00119";328;"2026-01-11";"Paid";0.0;0.0
"G00120";127;"2026-06-25";"Paid";0.0;0.0
"G00121";526;"2026-06-29";"Paid";0.0;0.0
"G00122";101;"2026-05-05";"Paid";0.0;0.0
"G00123";328;"2026-06-25";"Paid";0.0;0.0
"G00124";504;"2026-05-27";"Paid";0.0;0.0
"G00125";214;"2026-04-26";"Paid";0.0;0.0
"G00126";414;"2026-05-09";"Paid";0.0;0.0
"G00127";415;"2026-06-24";"Disputed";141.1;141.1
"G00128";207;"2026-05-26";"Paid";0.0;0.0
"G00129";530;"2026-04-18";"Paid";0.0;0.0
"G00130";104;"2026-06-27";"Unpaid";98.12;0.0
"G00131";226;"2026-03-08";"Paid";0.0;0.0
"G00132";306;"2026-01-30";"Paid";0.0;0.0
"G00133";228;"2026-02-14";"Paid";0.0;0.0
"G00134";531;"2026-03-31";"Paid";0.0;0.0
"G00135";315;"2026-02-18";"Paid";0.0;0.0
"G00136";501;"2026-06-13";"Paid";0.0;0.0
"G00137";107;"2026-02-14";"Paid";0.0;0.0
"G00138";301;"2026-04-15";"Paid";0.0;0.0
"G00139";416;"2026-05-14";"Paid";0.0;0.0
"G00140";224;"2026-01-14";"Paid";0.0;0.0
"G00141";307;"2026-02-24";"Paid";0.0;0.0
"G00142";107;"2026-05-03";"Paid";0.0;0.0
"G00143";122;"2026-06-29";"Paid";0.0;0.0
"G00144";307;"2026-05-14";"Paid";0.0;0.0
"G00145";234;"2026-01-29";"Paid";0.0;0.0
"G00146";214;"2026-05-15";"Paid";0.0;0.0
"G00147";416;"2026-03-17";"Unpaid";20.39;0.0
"G00148";114;"2026-01-24";"Paid";0.0;0.0
"G00149";530;"2026-03-19";"Paid";0.0;0.0
"G00150";232;"2026-01-04";"Paid";0.0;0.0
"G00151";133;"2026-01-14";"Paid";0.0;0.0
"G00152";420;"2026-04-14";"Paid";0.0;0.0
"G00153";325;"2026-01-20";"Paid";0.0;0.0
"G00154";425;"2026-02-25";"Paid";0.0;0.0
"G00155";225;"2026-02-02";"Paid";0.0;0.0
"G00156";221;"2026-05-03";"Paid";0.0;0.0
"G00157";328;"2026-02-05";"Paid";0.0;0.0
"G00158";214;"2026-03-07";"Paid";0.0;0.0
"G00159";503;"2026-04-16";"Paid";0.0;0.0
"G00160";423;"2026-04-23";"Paid";0.0;0.0
"G00161";107;"2026-04-18";"Paid";0.0;0.0
"G00162";234;"2026-04-17";"Paid";0.0;0.0
"G00163";417;"2026-03-13";"Paid";0.0;0.0
"G00164";203;"2026-05-08";"Paid";0.0;0.0
"G00165";103;"2026-04-13";"Paid";0.0;0.0
"G00166";212;"2026-05-07";"Paid";0.0;0.0
"G00167";431;"2026-05-27";"Paid";0.0;0.0
"G00168";419;"2026-05-17";"Paid";0.0;0.0
"G00169";419;"2026-04-03";"Unpaid";10.12;0.0
"G00170";205;"2026-01-31";"Paid";0.0;0.0
"G00171";504;"2026-04-28";"Paid";0.0;0.0
"G00172";312;"2026-04-06";"Unpaid";33.82;0.0
"G00173";414;"2026-03-22";"Paid";0.0;0.0
"G00174";312;"2026-03-18";"Paid";0.0;0.0
"G00175";527;"2026-04-03";"Paid";0.0;0.0
"G00176";533;"2026-02-19";"Paid";0.0;0.0
"G00177";403;"2026-03-20";"Paid";0.0;0.0
"G00178";324;"2026-06-10";"Paid";0.0;0.0
"G00179";317;"2026-02-15";"Paid";0.0;0.0
"G00180";411;"2026-03-05";"Paid";0.0;0.0
"G00181";330;"2026-04-23";"Paid";0.0;0.0
"G00182";533;"2026-03-09";"Paid";0.0;0.0
"G00183";102;"2026-02-05";"Paid";0.0;0.0
"G00184";419;"2026-02-14";"Paid";0.0;0.0
"G00185";412;"2026-06-30";"Paid";0.0;0.0
"G00186";118;"2026-03-25";"Paid";0.0;0.0
"G00187";510;"2026-06-17";"Paid";0.0;0.0
"G00188";231;"2026-03-11";"Paid";0.0;0.0
"G00189";421;"2026-06-23";"Unpaid";146.09;0.0
"G00190";108;"2026-06-26";"Disputed";70.33;70.33
"G00191";409;"2026-03-03";"Disputed";0.0;111.53
"G00192";421;"2026-04-28";"Paid";0.0;0.0
"G00193";234;"2026-03-27";"Paid";0.0;0.0
"G00194";401;"2026-02-07";"Paid";0.0;0.0
"G00195";309;"2026-05-17";"Paid";0.0;0.0
"G00196";209;"2026-04-20";"Paid";0.0;0.0
"G00197";507;"2026-01-09";"Paid";0.0;0.0
"G00198";422;"2026-02-27";"Paid";0.0;0.0
"G00199";505;"2026-03-19";"Paid";0.0;0.0
"G00200";215;"2026-03-19";"Paid";0.0;0.0
"G00201";511;"2026-01-07";"Paid";0.0;0.0
"G00202";404;"2026-01-23";"Paid";0.0;0.0
"G00203";114;"2026-04-17";"Unpaid";12.2;0.0
"G00204";410;"2026-03-03";"Paid";0.0;0.0
"G00205";532;"2026-04-13";"Unpaid";23.41;0.0
"G00206";513;"2026-04-15";"Paid";0.0;0.0
"G00207";314;"2026-04-02";"Paid";0.0;0.0
"G00208";222;"2026-01-08";"Unpaid";21.04;0.0
"G00209";417;"2026-04-23";"Unpaid";38.57;0.0
"G00210";312;"2026-06-30";"Paid";0.0;0.0
"G00211";432;"2026-06-16";"Paid";0.0;0.0
"G00212";412;"2026-03-16";"Paid";0.0;0.0
"G00213";125;"2026-01-11";"Paid";0.0;0.0
"G00214";502;"2026-04-14";"Paid";0.0;0.0
"G00215";523;"2026-02-25";"Paid";0.0;0.0
"G00216";503;"2026-02-21";"Disputed";94.14;94.14
"G00217";418;"2026-05-07";"Paid";0.0;0.0
"G00218";119;"2026-06-25";"Paid";0.0;0.0
"G00219";509;"2026-05-11";"Paid";0.0;0.0
"G00220";429;"2026-06-17";"Unpaid";164.27;0.0
"G00221";226;"2026-06-02";"Paid";0.0;0.0
"G00222";207;"2026-03-24";"Paid";0.0;0.0
"G00223";330;"2026-02-03";"Unpaid";49.33;0.0
"G00224";122;"2026-06-30";"Paid";0.0;0.0
"G00225";221;"2026-02-13";"Paid";0.0;0.0
"G00226";405;"2026-04-20";"Disputed";19.36;19.36
"G00227";333;"2026-02-10";"Paid";0.0;0.0
"G00228";429;"2026-04-07";"Paid";0.0;0.0
"G00229";429;"2026-05-28";"Paid";0.0;0.0
"G00230";303;"2026-01-17";"Paid";0.0;0.0
"G00231";134;"2026-03-13";"Paid";0.0;0.0
"G00232";215;"2026-02-25";"Paid";0.0;0.0
"G00233";213;"2026-02-24";"Paid";0.0;0.0
"G00234";128;"2026-03-17";"Paid";0.0;0.0
"G00235";202;"2026-01-27";"Paid";0.0;0.0
"G00236";422;"2026-03-22";"Paid";0.0;0.0
"G00237";405;"2026-01-12";"Paid";0.0;0.0
"G00238";511;"2026-02-28";"Paid";0.0;0.0
"G00239";208;"2026-06-30";"Paid";0.0;0.0
"G00240";106;"2026-06-04";"Paid";0.0;0.0
"G00241";122;"2026-06-26";"Paid";0.0;0.0
"G00242";312;"2026-02-09";"Paid";0.0;0.0
"G00243";228;"2026-06-04";"Paid";0.0;0.0
"G00244";226;"2026-02-04";"Paid";0.0;0.0
"G00245";133;"2026-05-26";"Unpaid";91.54;0.0
"G00246";405;"2026-05-17";"Paid";0.0;0.0
"G00247";524;"2026-04-25";"Paid";0.0;0.0
"G00248";208;"2026-02-12";"Paid";0.0;0.0
"G00249";531;"2026-03-23";"Paid";0.0;0.0
"G00250";131;"2026-01-10";"Paid";0.0;0.0
"G00251";302;"2026-02-15";"Paid";0.0;0.0
"G00252";226;"2026-01-26";"Unpaid";99.87;0.0
"G00253";512;"2026-04-11";"Paid";0.0;0.0
"G00254";203;"2026-05-13";"Paid";0.0;0.0
"G00255";102;"2026-03-10";"Paid";0.0;0.0
"G00256";308;"2026-04-19";"Paid";0.0;0.0
"G00257";303;"2026-06-05";"Paid";0.0;0.0
"G00258";217;"2026-06-16";"Paid";0.0;0.0
"G00259";431;"2026-03-28";"Paid";0.0;0.0
"G00260";527;"2026-02-18";"Paid";0.0;0.0
"G00261";514;"2026-04-20";"Paid";0.0;0.0
"G00262";429;"2026-01-20";"Paid";0.0;0.0
"G00263";207;"2026-05-16";"Paid";0.0;0.0
"G00264";401;"2026-04-05";"Paid";0.0;0.0
"G00265";423;"2026-03-06";"Paid";0.0;0.0
"G00266";413;"2026-06-22";"Paid";0.0;0.0
"G00267";305;"2026-03-10";"Paid";0.0;0.0
"G00268";102;"2026-05-13";"Paid";0.0;0.0
"G00269";232;"2026-03-18";"Paid";0.0;0.0
"G00270";205;"2026-03-21";"Paid";0.0;0.0
"G00271";412;"2026-05-24";"Paid";0.0;0.0
"G00272";220;"2026-06-07";"Paid";0.0;0.0
"G00273";403;"2026-03-27";"Paid";0.0;0.0
"G00274";508;"2026-05-24";"Paid";0.0;0.0
"G00275";107;"2026-01-28";"Disputed";36.09;36.09
"G00276";512;"2026-04-30";"Paid";0.0;0.0
"G00277";307;"2026-01-08";"Paid";0.0;0.0
"G00278";323;"2026-01-13";"Paid";0.0;0.0
"G00279";329;"2026-05-28";"Paid";0.0;0.0
"G00280";423;"2026-02-25";"Paid";0.0;0.0
"G00281";110;"2026-05-10";"Paid";0.0;0.0
"G00282";303;"2026-06-03";"Paid";0.0;0.0
"G00283";207;"2026-01-21";"Unpaid";37.27;0.0
"G00284";514;"2026-03-18";"Paid";0.0;0.0
"G00285";302;"2026-01-22";"Paid";0.0;0.0
"G00286";417;"2026-03-02";"Paid";0.0;0.0
"G00287";416;"2026-04-24";"Unpaid";10.78;0.0
"G00288";123;"2026-05-23";"Paid";0.0;0.0
"G00289";404;"2026-05-13";"Paid";0.0;0.0
"G00290";220;"2026-04-22";"Paid";0.0;0.0
"G00291";408;"2026-04-15";"Paid";0.0;0.0
"G00292";510;"2026-06-28";"Paid";0.0;0.0
"G00293";519;"2026-06-14";"Paid";0.0;0.0
"G00294";216;"2026-06-25";"Unpaid";61.65;0.0
"G00295";110;"2026-01-10";"Unpaid";10.5;0.0
"G00296";114;"2026-05-06";"Paid";0.0;0.0
"G00297";414;"2026-05-27";"Paid";0.0;0.0
"G00298";129;"2026-02-02";"Paid";0.0;0.0
"G00299";518;"2026-03-20";"Paid";0.0;0.0
"G00300";416;"2026-05-07";"Unpaid";61.37;0.0
"G00301";421;"2026-04-16";"Paid";0.0;0.0
"G00302";529;"2026-02-23";"Paid";0.0;0.0
"G00303";225;"2026-03-27";"Paid";0.0;0.0
"G00304";202;"2026-06-16";"Paid";0.0;0.0
"G00305";104;"2026-02-20";"Paid";0.0;0.0
"G00306";228;"2026-04-27";"Paid";0.0;0.0
"G00307";312;"2026-01-16";"Paid";0.0;0.0
"G00308";323;"2026-06-10";"Paid";0.0;0.0
"G00309";511;"2026-01-15";"Unpaid";45.23;0.0
"G00310";503;"2026-03-08";"Paid";0.0;0.0
"G00311";324;"2026-01-16";"Paid";0.0;0.0
"G00312";301;"2026-03-04";"Disputed";75.51;75.51
"G00313";428;"2026-06-22";"Paid";0.0;0.0
"G00314";430;"2026-05-24";"Paid";0.0;0.0
"G00315";334;"2026-01-06";"Paid";0.0;0.0
"G00316";109;"2026-01-31";"Paid";0.0;0.0
"G00317";516;"2026-03-13";"Unpaid";161.09;0.0
"G00318";524;"2026-06-18";"Disputed";49.57;49.57
"G00319";312;"2026-05-05";"Disputed";165.67;165.67
"G00320";424;"2026-06-04";"Paid";0.0;0.0
"G00321";211;"2026-01-19";"Paid";0.0;0.0
"G00322";425;"2026-02-17";"Paid";0.0;0.0
"G00323";306;"2026-06-21";"Paid";0.0;0.0
"G00324";522;"2026-06-09";"Unpaid";64.86;0.0
"G00325";132;"2026-05-13";"Paid";0.0;0.0
"G00326";123;"2026-02-26";"Paid";0.0;0.0
"G00327";102;"2026-01-27";"Unpaid";51.73;0.0
"G00328";101;"2026-05-02";"Paid";0.0;0.0
"G00329";527;"2026-05-24";"Paid";0.0;0.0
"G00330";132;"2026-02-08";"Paid";0.0;0.0
"G00331";405;"2026-03-21";"Paid";0.0;0.0
"G00332";411;"2026-03-21";"Paid";0.0;0.0
"G00333";315;"2026-03-21";"Paid";0.0;0.0
"G00334";419;"2026-03-28";"Unpaid";125.49;0.0
"G00335";220;"2026-05-16";"Paid";0.0;0.0
"G00336";409;"2026-01-25";"Paid";0.0;0.0
"G00337";205;"2026-03-18";"Paid";0.0;0.0
"G00338";308;"2026-02-16";"Unpaid";21.74;0.0
"G00339";326;"2026-04-06";"Paid";0.0;0.0
"G00340";407;"2026-03-21";"Paid";0.0;0.0
"G00341";228;"2026-04-24";"Paid";0.0;0.0
"G00342";319;"2026-06-23";"Paid";0.0;0.0
"G00343";233;"2026-02-13";"Paid";0.0;0.0
"G00344";205;"2026-04-04";"Paid";0.0;0.0
"G00345";127;"2026-05-05";"Paid";0.0;0.0
"G00346";313;"2026-02-25";"Paid";0.0;0.0
"G00347";516;"2026-02-11";"Unpaid";65.86;0.0
"G00348";429;"2026-01-25";"Paid";0.0;0.0
"G00349";307;"2026-05-23";"Paid";0.0;0.0
"G00350";432;"2026-04-05";"Disputed";0.0;39.16
"G00351";301;"2026-05-18";"Paid";0.0;0.0
"G00352";302;"2026-01-27";"Disputed";103.44;103.44
"G00353";125;"2026-05-10";"Paid";0.0;0.0
"G00354";110;"2026-03-26";"Paid";0.0;0.0
"G00355";103;"2026-02-01";"Paid";0.0;0.0
"G00356";201;"2026-05-20";"Paid";0.0;0.0
"G00357";508;"2026-03-14";"Paid";0.0;0.0
"G00358";511;"2026-05-04";"Disputed";68.55;68.55
"G00359";422;"2026-06-30";"Paid";0.0;0.0
"G00360";303;"2026-03-02";"Paid";0.0;0.0
"G00361";314;"2026-03-07";"Paid";0.0;0.0
"G00362";231;"2026-05-01";"Paid";0.0;0.0
"G00363";129;"2026-05-12";"Paid";0.0;0.0
"G00364";329;"2026-02-15";"Paid";0.0;0.0
"G00365";414;"2026-03-05";"Unpaid";136.62;0.0
"G00366";424;"2026-05-26";"Paid";0.0;0.0
"G00367";514;"2026-01-26";"Paid";0.0;0.0
"G00368";224;"2026-03-03";"Paid";0.0;0.0
"G00369";431;"2026-06-27";"Paid";0.0;0.0
"G00370";207;"2026-04-22";"Unpaid";98.13;0.0
"G00371";225;"2026-03-10";"Paid";0.0;0.0
"G00372";203;"2026-05-04";"Paid";0.0;0.0
"G00373";312;"2026-03-10";"Unpaid";67.75;0.0
"G00374";228;"2026-01-23";"Paid";0.0;0.0
"G00375";123;"2026-04-25";"Paid";0.0;0.0
"G00376";314;"2026-04-19";"Paid";0.0;0.0
"G00377";512;"2026-01-13";"Paid";0.0;0.0
"G00378";510;"2026-04-30";"Paid";0.0;0.0
"G00379";211;"2026-06-04";"Unpaid";47.81;0.0
"G00380";421;"2026-01-12";"Paid";0.0;0.0
"G00381";115;"2026-06-26";"Paid";0.0;0.0
"G00382";215;"2026-01-18";"Paid";0.0;0.0
"G00383";525;"2026-02-20";"Paid";0.0;0.0
"G00384";114;"2026-03-10";"Paid";0.0;0.0
"G00385";512;"2026-03-17";"Paid";0.0;0.0
"G00386";501;"2026-03-04";"Unpaid";52.91;0.0
"G00387";125;"2026-06-18";"Paid";0.0;0.0
"G00388";423;"2026-03-14";"Paid";0.0;0.0
"G00389";310;"2026-06-04";"Paid";0.0;0.0
"G00390";516;"2026-04-04";"Paid";0.0;0.0
"G00391";128;"2026-03-28";"Paid";0.0;0.0
"G00392";533;"2026-05-03";"Paid";0.0;0.0
"G00393";520;"2026-05-24";"Paid";0.0;0.0
"G00394";223;"2026-03-31";"Paid";0.0;0.0
"G00395";329;"2026-05-21";"Paid";0.0;0.0
"G00396";308;"2026-04-26";"Paid";0.0;0.0
"G00397";227;"2026-04-25";"Paid";0.0;0.0
"G00398";520;"2026-01-29";"Paid";0.0;0.0
"G00399";130;"2026-02-03";"Paid";0.0;0.0
"G00400";408;"2026-04-16";"Paid";0.0;0.0
"G00401";427;"2026-05-06";"Unpaid";85.72;0.0
"G00402";206;"2026-02-23";"Paid";0.0;0.0
"G00403";313;"2026-02-20";"Paid";0.0;0.0
"G00404";421;"2026-01-05";"Paid";0.0;0.0
"G00405";514;"2026-02-11";"Paid";0.0;0.0
"G00406";121;"2026-03-04";"Paid";0.0;0.0
"G00407";214;"2026-04-04";"Unpaid";151.9;0.0
"G00408";411;"2026-05-17";"Paid";0.0;0.0
"G00409";102;"2026-05-11";"Disputed";0.0;17.35
"G00410";115;"2026-04-14";"Paid";0.0;0.0
"G00411";225;"2026-02-14";"Paid";0.0;0.0
"G00412";504;"2026-05-04";"Paid";0.0;0.0
"G00413";228;"2026-03-18";"Paid";0.0;0.0
"G00414";310;"2026-05-21";"Paid";0.0;0.0
"G00415";502;"2026-02-08";"Unpaid";22.84;0.0
"G00416";505;"2026-03-20";"Paid";0.0;0.0
"G00417";205;"2026-02-10";"Paid";0.0;0.0
"G00418";527;"2026-05-25";"Paid";0.0;0.0
"G00419";115;"2026-04-04";"Paid";0.0;0.0
"G00420";202;"2026-06-20";"Paid";0.0;0.0
"G00421";514;"2026-01-17";"Paid";0.0;0.0
"G00422";232;"2026-01-21";"Paid";0.0;0.0
"G00423";323;"2026-01-15";"Paid";0.0;0.0
"G00424";119;"2026-02-02";"Paid";0.0;0.0
"G00425";128;"2026-05-27";"Paid";0.0;0.0
"G00426";532;"2026-05-05";"Paid";0.0;0.0
"G00427";421;"2026-04-29";"Paid";0.0;0.0
"G00428";506;"2026-03-28";"Paid";0.0;0.0
"G00429";215;"2026-04-01";"Paid";0.0;0.0
"G00430";112;"2026-04-08";"Paid";0.0;0.0
"G00431";422;"2026-05-13";"Disputed";141.1;141.1
"G00432";223;"2026-02-15";"Paid";0.0;0.0
"G00433";512;"2026-05-12";"Paid";0.0;0.0
"G00434";422;"2026-02-23";"Paid";0.0;0.0
"G00435";203;"2026-05-13";"Paid";0.0;0.0
"G00436";306;"2026-06-21";"Paid";0.0;0.0
"G00437";211;"2026-03-27";"Paid";0.0;0.0
"G00438";334;"2026-04-06";"Paid";0.0;0.0
"G00439";315;"2026-06-07";"Paid";0.0;0.0
"G00440";206;"2026-02-18";"Disputed";0.0;47.0
"G00441";333;"2026-04-09";"Paid";0.0;0.0
"G00442";234;"2026-04-24";"Disputed";0.0;25.73
"G00443";427;"2026-05-28";"Paid";0.0;0.0
"G00444";431;"2026-04-03";"Unpaid";25.02;0.0
"G00445";501;"2026-06-18";"Paid";0.0;0.0
"G00446";410;"2026-03-22";"Paid";0.0;0.0
"G00447";504;"2026-01-04";"Disputed";113.89;113.89
"G00448";412;"2026-05-09";"Paid";0.0;0.0
"G00449";533;"2026-05-14";"Paid";0.0;0.0
"G00450";108;"2026-05-27";"Paid";0.0;0.0
"G00451";106;"2026-06-20";"Paid";0.0;0.0
"G00452";102;"2026-02-16";"Paid";0.0;0.0
"G00453";421;"2026-04-25";"Paid";0.0;0.0
"G00454";120;"2026-01-11";"Paid";0.0;0.0
"G00455";509;"2026-03-13";"Paid";0.0;0.0
"G00456";130;"2026-02-08";"Paid";0.0;0.0
"G00457";328;"2026-06-07";"Paid";0.0;0.0
"G00458";430;"2026-06-23";"Disputed";105.39;105.39
"G00459";522;"2026-02-21";"Paid";0.0;0.0
"G00460";527;"2026-06-05";"Unpaid";136.77;0.0
"G00461";420;"2026-03-16";"Disputed";0.0;41.43
"G00462";116;"2026-01-05";"Paid";0.0;0.0
"G00463";317;"2026-05-10";"Paid";0.0;0.0
"G00464";310;"2026-03-23";"Paid";0.0;0.0
"G00465";201;"2026-06-20";"Paid";0.0;0.0
"G00466";202;"2026-03-28";"Paid";0.0;0.0
"G00467";231;"2026-01-20";"Paid";0.0;0.0
"G00468";416;"2026-06-21";"Paid";0.0;0.0
"G00469";131;"2026-03-29";"Paid";0.0;0.0
"G00470";523;"2026-01-10";"Paid";0.0;0.0
"G00471";334;"2026-01-26";"Paid";0.0;0.0
"G00472";515;"2026-05-14";"Paid";0.0;0.0
"G00473";221;"2026-02-12";"Paid";0.0;0.0
"G00474";203;"2026-02-22";"Paid";0.0;0.0
"G00475";103;"2026-03-15";"Paid";0.0;0.0
"G00476";205;"2026-04-16";"Paid";0.0;0.0
"G00477";412;"2026-02-05";"Paid";0.0;0.0
"G00478";528;"2026-05-04";"Paid";0.0;0.0
"G00479";423;"2026-05-26";"Paid";0.0;0.0
"G00480";520;"2026-05-26";"Paid";0.0;0.0
"G00481";326;"2026-03-10";"Paid";0.0;0.0
"G00482";307;"2026-04-30";"Paid";0.0;0.0
"G00483";233;"2026-03-25";"Paid";0.0;0.0
"G00484";323;"2026-06-02";"Paid";0.0;0.0
"G00485";301;"2026-06-25";"Paid";0.0;0.0
"G00486";203;"2026-05-18";"Paid";0.0;0.0
"G00487";522;"2026-05-13";"Paid";0.0;0.0
"G00488";201;"2026-03-10";"Disputed";0.0;26.38
"G00489";403;"2026-03-16";"Paid";0.0;0.0
"G00490";134;"2026-04-10";"Paid";0.0;0.0
"G00491";411;"2026-04-11";"Paid";0.0;0.0
"G00492";123;"2026-06-03";"Paid";0.0;0.0
"G00493";325;"2026-05-30";"Paid";0.0;0.0
"G00494";201;"2026-03-14";"Paid";0.0;0.0
"G00495";126;"2026-05-16";"Paid";0.0;0.0
"G00496";105;"2026-06-27";"Paid";0.0;0.0
"G00497";206;"2026-02-26";"Paid";0.0;0.0
"G00498";408;"2026-04-09";"Unpaid";82.4;0.0
"G00499";315;"2026-02-05";"Paid";0.0;0.0
"G00500";320;"2026-01-25";"Paid";0.0;0.0
"G00501";217;"2026-06-04";"Paid";0.0;0.0
"G00502";516;"2026-05-23";"Disputed";152.19;152.19
"G00503";333;"2026-05-17";"Paid";0.0;0.0
"G00504";310;"2026-01-31";"Paid";0.0;0.0
"G00505";312;"2026-01-18";"Paid";0.0;0.0
"G00506";217;"2026-06-11";"Paid";0.0;0.0
"G00507";103;"2026-03-15";"Paid";0.0;0.0
"G00508";227;"2026-04-28";"Paid";0.0;0.0
"G00509";308;"2026-02-07";"Unpaid";99.9;0.0
"G00510";230;"2026-04-23";"Paid";0.0;0.0
"G00511";504;"2026-05-12";"Paid";0.0;0.0
"G00512";434;"2026-05-06";"Paid";0.0;0.0
"G00513";229;"2026-06-28";"Paid";0.0;0.0
"G00514";230;"2026-02-12";"Paid";0.0;0.0
"G00515";222;"2026-06-15";"Paid";0.0;0.0
"G00516";204;"2026-02-07";"Paid";0.0;0.0
"G00517";515;"2026-02-22";"Disputed";66.16;66.16
"G00518";333;"2026-05-05";"Paid";0.0;0.0
"G00519";114;"2026-02-12";"Paid";0.0;0.0
"G00520";529;"2026-04-11";"Paid";0.0;0.0
"G00521";410;"2026-06-27";"Paid";0.0;0.0
"G00522";328;"2026-05-18";"Paid";0.0;0.0
"G00523";120;"2026-03-30";"Disputed";16.61;16.61
"G00524";306;"2026-03-27";"Paid";0.0;0.0
"G00525";421;"2026-02-17";"Disputed";0.0;57.89
"G00526";422;"2026-02-16";"Paid";0.0;0.0
"G00527";211;"2026-03-04";"Paid";0.0;0.0
"G00528";524;"2026-04-01";"Paid";0.0;0.0
"G00529";310;"2026-05-02";"Disputed";62.06;62.06
"G00530";512;"2026-03-24";"Disputed";25.81;25.81
"G00531";424;"2026-01-26";"Paid";0.0;0.0
"G00532";325;"2026-05-14";"Paid";0.0;0.0
"G00533";225;"2026-04-09";"Unpaid";17.42;0.0
"G00534";333;"2026-05-08";"Paid";0.0;0.0
"G00535";431;"2026-06-26";"Paid";0.0;0.0
"G00536";118;"2026-03-11";"Paid";0.0;0.0
"G00537";426;"2026-05-31";"Disputed";113.57;113.57
"G00538";517;"2026-06-24";"Paid";0.0;0.0
"G00539";413;"2026-02-11";"Paid";0.0;0.0
"G00540";221;"2026-04-09";"Disputed";111.76;111.76
"G00541";519;"2026-06-30";"Paid";0.0;0.0
"G00542";330;"2026-05-18";"Paid";0.0;0.0
"G00543";522;"2026-03-27";"Paid";0.0;0.0
"G00544";324;"2026-06-24";"Paid";0.0;0.0
"G00545";323;"2026-06-08";"Paid";0.0;0.0
"G00546";432;"2026-04-21";"Paid";0.0;0.0
"G00547";503;"2026-01-06";"Disputed";104.03;104.03
"G00548";134;"2026-03-08";"Paid";0.0;0.0
"G00549";227;"2026-05-10";"Unpaid";58.81;0.0
"G00550";524;"2026-06-02";"Paid";0.0;0.0
"G00551";425;"2026-02-20";"Paid";0.0;0.0
"G00552";324;"2026-03-04";"Paid";0.0;0.0
"G00553";526;"2026-02-23";"Paid";0.0;0.0
"G00554";401;"2026-06-23";"Unpaid";217.86;0.0
"G00555";401;"2026-01-20";"Unpaid";140.85;0.0
"G00556";311;"2026-03-18";"Paid";0.0;0.0
"G00557";504;"2026-01-28";"Unpaid";17.4;0.0
"G00558";425;"2026-06-14";"Paid";0.0;0.0
"G00559";520;"2026-06-30";"Paid";0.0;0.0
"G00560";519;"2026-05-04";"Paid";0.0;0.0
"G00561";402;"2026-05-30";"Paid";0.0;0.0
"G00562";305;"2026-05-08";"Paid";0.0;0.0
"G00563";225;"2026-04-29";"Paid";0.0;0.0
"G00564";319;"2026-02-11";"Unpaid";77.33;0.0
"G00565";414;"2026-04-08";"Paid";0.0;0.0
"G00566";411;"2026-03-18";"Paid";0.0;0.0
"G00567";522;"2026-04-06";"Paid";0.0;0.0
"G00568";109;"2026-02-25";"Paid";0.0;0.0
"G00569";134;"2026-01-20";"Paid";0.0;0.0
"G00570";218;"2026-06-02";"Paid";0.0;0.0
"G00571";420;"2026-06-21";"Paid";0.0;0.0
"G00572";530;"2026-04-02";"Paid";0.0;0.0
"G00573";123;"2026-04-01";"Paid";0.0;0.0
"G00574";129;"2026-03-12";"Paid";0.0;0.0
"G00575";331;"2026-03-30";"Paid";0.0;0.0
"G00576";532;"2026-02-02";"Paid";0.0;0.0
"G00577";229;"2026-06-30";"Paid";0.0;0.0
"G00578";232;"2026-04-22";"Paid";0.0;0.0
"G00579";429;"2026-02-02";"Paid";0.0;0.0
"G00580";129;"2026-04-05";"Unpaid";273.97;0.0
"G00581";229;"2026-05-06";"Disputed";28.76;28.76
"G00582";421;"2026-01-19";"Paid";0.0;0.0
"G00583";429;"2026-03-31";"Disputed";87.95;87.95
"G00584";329;"2026-03-28";"Paid";0.0;0.0
"G00585";433;"2026-02-20";"Paid";0.0;0.0
"G00586";118;"2026-01-06";"Paid";0.0;0.0
"G00587";108;"2026-03-15";"Paid";0.0;0.0
"G00588";108;"2026-01-09";"Paid";0.0;0.0
"G00589";122;"2026-02-25";"Paid";0.0;0.0
"G00590";229;"2026-03-18";"Paid";0.0;0.0
"G00591";321;"2026-01-19";"Paid";0.0;0.0
"G00592";225;"2026-03-31";"Disputed";0.0;20.59
"G00593";114;"2026-03-13";"Paid";0.0;0.0
"G00594";310;"2026-06-30";"Paid";0.0;0.0
"G00595";202;"2026-01-25";"Paid";0.0;0.0
"G00596";315;"2026-06-19";"Paid";0.0;0.0
"G00597";510;"2026-04-28";"Paid";0.0;0.0
"G00598";527;"2026-03-02";"Paid";0.0;0.0
"G00599";134;"2026-01-17";"Paid";0.0;0.0
"G00600";319;"2026-04-26";"Paid";0.0;0.0
"G00601";409;"2026-01-24";"Paid";0.0;0.0
"G00602";524;"2026-01-14";"Paid";0.0;0.0
"G00603";516;"2026-01-13";"Paid";0.0;0.0
"G00604";110;"2026-05-03";"Paid";0.0;0.0
"G00605";516;"2026-04-10";"Unpaid";11.36;0.0
"G00606";505;"2026-01-11";"Paid";0.0;0.0
"G00607";121;"2026-02-22";"Paid";0.0;0.0
"G00608";425;"2026-03-17";"Paid";0.0;0.0
"G00609";511;"2026-05-01";"Paid";0.0;0.0
"G00610";428;"2026-02-12";"Paid";0.0;0.0
"G00611";520;"2026-06-11";"Unpaid";20.3;0.0
"G00612";233;"2026-01-14";"Paid";0.0;0.0
"G00613";125;"2026-05-30";"Paid";0.0;0.0
"G00614";306;"2026-03-05";"Unpaid";20.25;0.0
"G00615";307;"2026-05-16";"Paid";0.0;0.0
"G00616";515;"2026-06-19";"Disputed";34.99;34.99
"G00617";105;"2026-01-21";"Disputed";115.55;115.55
"G00618";416;"2026-04-05";"Paid";0.0;0.0
"G00619";533;"2026-04-19";"Unpaid";175.51;0.0
"G00620";415;"2026-05-28";"Paid";0.0;0.0
"G00621";509;"2026-06-09";"Paid";0.0;0.0
"G00622";321;"2026-02-12";"Disputed";0.0;45.57
"G00623";124;"2026-06-12";"Paid";0.0;0.0
"G00624";121;"2026-04-02";"Paid";0.0;0.0
"G00625";318;"2026-03-14";"Paid";0.0;0.0
"G00626";406;"2026-05-04";"Paid";0.0;0.0
"G00627";401;"2026-01-12";"Paid";0.0;0.0
"G00628";514;"2026-06-29";"Paid";0.0;0.0
"G00629";411;"2026-06-12";"Unpaid";49.95;0.0
"G00630";412;"2026-02-02";"Paid";0.0;0.0
"G00631";403;"2026-01-30";"Paid";0.0;0.0
"G00632";427;"2026-02-04";"Unpaid";39.7;0.0
"G00633";516;"2026-03-18";"Paid";0.0;0.0
"G00634";428;"2026-06-22";"Paid";0.0;0.0
"G00635";331;"2026-01-02";"Paid";0.0;0.0
"G00636";221;"2026-04-13";"Paid";0.0;0.0
"G00637";111;"2026-03-12";"Paid";0.0;0.0
"G00638";114;"2026-04-17";"Paid";0.0;0.0
"G00639";531;"2026-02-27";"Paid";0.0;0.0
"G00640";527;"2026-01-20";"Paid";0.0;0.0
"G00641";301;"2026-03-17";"Paid";0.0;0.0
"G00642";209;"2026-04-04";"Paid";0.0;0.0
"G00643";320;"2026-02-06";"Paid";0.0;0.0
"G00644";124;"2026-02-23";"Unpaid";49.35;0.0
"G00645";122;"2026-01-15";"Paid";0.0;0.0
"G00646";223;"2026-05-19";"Paid";0.0;0.0
"G00647";418;"2026-04-21";"Paid";0.0;0.0
"G00648";521;"2026-04-13";"Paid";0.0;0.0
"G00649";413;"2026-01-21";"Paid";0.0;0.0
"G00650";421;"2026-02-14";"Disputed";162.39;162.39
"G00651";108;"2026-02-15";"Disputed";26.48;26.48
"G00652";309;"2026-01-08";"Paid";0.0;0.0
"G00653";417;"2026-02-05";"Paid";0.0;0.0
"G00654";223;"2026-05-03";"Paid";0.0;0.0
"G00655";434;"2026-03-23";"Paid";0.0;0.0
"G00656";320;"2026-01-05";"Paid";0.0;0.0
"G00657";312;"2026-04-11";"Paid";0.0;0.0
"G00658";508;"2026-06-27";"Paid";0.0;0.0
"G00659";104;"2026-01-10";"Paid";0.0;0.0
"G00660";434;"2026-03-30";"Paid";0.0;0.0
"G00661";421;"2026-04-01";"Paid";0.0;0.0
"G00662";109;"2026-05-01";"Paid";0.0;0.0
"G00663";206;"2026-06-26";"Paid";0.0;0.0
"G00664";124;"2026-06-14";"Paid";0.0;0.0
"G00665";319;"2026-02-03";"Paid";0.0;0.0
"G00666";302;"2026-03-14";"Paid";0.0;0.0
"G00667";502;"2026-01-30";"Paid";0.0;0.0
"G00668";208;"2026-05-21";"Disputed";107.99;107.99
"G00669";106;"2026-04-28";"Paid";0.0;0.0
"G00670";505;"2026-05-27";"Paid";0.0;0.0
"G00671";214;"2026-04-02";"Paid";0.0;0.0
"G00672";323;"2026-01-26";"Paid";0.0;0.0
"G00673";207;"2026-06-29";"Paid";0.0;0.0
"G00674";134;"2026-04-03";"Paid";0.0;0.0
"G00675";216;"2026-01-25";"Paid";0.0;0.0
"G00676";520;"2026-04-17";"Paid";0.0;0.0
"G00677";331;"2026-06-24";"Paid";0.0;0.0
"G00678";417;"2026-01-03";"Paid";0.0;0.0
"G00679";520;"2026-06-29";"Paid";0.0;0.0
"G00680";404;"2026-03-09";"Disputed";75.46;75.46
"G00681";203;"2026-01-15";"Unpaid";128.53;0.0
"G00682";215;"2026-02-16";"Paid";0.0;0.0
"G00683";530;"2026-06-12";"Paid";0.0;0.0
"G00684";224;"2026-06-13";"Paid";0.0;0.0
"G00685";530;"2026-04-15";"Paid";0.0;0.0
"G00686";321;"2026-04-06";"Paid";0.0;0.0
"G00687";218;"2026-04-12";"Paid";0.0;0.0
"G00688";121;"2026-06-15";"Paid";0.0;0.0
"G00689";122;"2026-02-24";"Paid";0.0;0.0
"G00690";229;"2026-02-01";"Paid";0.0;0.0
"G00691";102;"2026-02-12";"Paid";0.0;0.0
"G00692";316;"2026-03-01";"Paid";0.0;0.0
"G00693";204;"2026-03-28";"Paid";0.0;0.0
"G00694";406;"2026-04-15";"Paid";0.0;0.0
"G00695";209;"2026-01-29";"Paid";0.0;0.0
"G00696";513;"2026-02-22";"Unpaid";15.53;0.0
"G00697";316;"2026-03-12";"Paid";0.0;0.0
"G00698";434;"2026-01-26";"Paid";0.0;0.0
"G00699";124;"2026-06-12";"Unpaid";143.32;0.0
"G00700";515;"2026-05-09";"Paid";0.0;0.0
"G00701";423;"2026-03-09";"Paid";0.0;0.0
"G00702";118;"2026-02-04";"Paid";0.0;0.0
"G00703";126;"2026-02-05";"Paid";0.0;0.0
"G00704";432;"2026-01-03";"Paid";0.0;0.0
"G00705";123;"2026-03-04";"Paid";0.0;0.0
"G00706";527;"2026-05-23";"Paid";0.0;0.0
"G00707";420;"2026-03-12";"Paid";0.0;0.0
"G00708";108;"2026-04-22";"Paid";0.0;0.0
"G00709";207;"2026-02-17";"Paid";0.0;0.0
"G00710";329;"2026-03-06";"Paid";0.0;0.0
"G00711";116;"2026-06-30";"Paid";0.0;0.0
"G00712";324;"2026-05-09";"Paid";0.0;0.0
"G00713";126;"2026-05-28";"Unpaid";32.35;0.0
"G00714";307;"2026-06-08";"Paid";0.0;0.0
"G00715";102;"2026-05-08";"Unpaid";143.1;0.0
"G00716";308;"2026-03-24";"Disputed";61.88;61.88
"G00717";218;"2026-03-08";"Paid";0.0;0.0
"G00718";321;"2026-06-14";"Paid";0.0;0.0
"G00719";313;"2026-05-22";"Paid";0.0;0.0
"G00720";525;"2026-06-09";"Paid";0.0;0.0
"G00721";214;"2026-05-29";"Paid";0.0;0.0
"G00722";321;"2026-02-03";"Paid";0.0;0.0
"G00723";129;"2026-05-17";"Paid";0.0;0.0
"G00724";525;"2026-03-13";"Disputed";40.62;40.62
"G00725";527;"2026-03-25";"Paid";0.0;0.0
"G00726";533;"2026-06-21";"Paid";0.0;0.0
"G00727";219;"2026-06-05";"Paid";0.0;0.0
"G00728";502;"2026-04-26";"Paid";0.0;0.0
"G00729";224;"2026-06-04";"Paid";0.0;0.0
"G00730";225;"2026-06-02";"Paid";0.0;0.0
"G00731";411;"2026-06-06";"Paid";0.0;0.0
"G00732";527;"2026-04-18";"Paid";0.0;0.0
"G00733";206;"2026-02-14";"Paid";0.0;0.0
"G00734";401;"2026-04-22";"Paid";0.0;0.0
"G00735";506;"2026-04-25";"Paid";0.0;0.0
"G00736";501;"2026-05-28";"Paid";0.0;0.0
"G00737";326;"2026-01-30";"Paid";0.0;0.0
"G00738";501;"2026-06-05";"Disputed";0.0;17.43
"G00739";421;"2026-03-27";"Unpaid";10.3;0.0
"G00740";515;"2026-06-29";"Paid";0.0;0.0
"G00741";528;"2026-04-18";"Paid";0.0;0.0
"G00742";106;"2026-01-22";"Paid";0.0;0.0
"G00743";411;"2026-04-29";"Paid";0.0;0.0
"G00744";502;"2026-03-22";"Paid";0.0;0.0
"G00745";110;"2026-05-15";"Paid";0.0;0.0
"G00746";411;"2026-03-05";"Paid";0.0;0.0
"G00747";503;"2026-05-15";"Paid";0.0;0.0
"G00748";403;"2026-03-27";"Paid";0.0;0.0
"G00749";532;"2026-06-30";"Paid";0.0;0.0
"G00750";412;"2026-06-14";"Paid";0.0;0.0
"G00751";131;"2026-06-20";"Paid";0.0;0.0
"G00752";204;"2026-01-07";"Paid";0.0;0.0
"G00753";305;"2026-05-07";"Unpaid";11.13;0.0
"G00754";313;"2026-03-11";"Unpaid";11.31;0.0
"G00755";215;"2026-02-17";"Paid";0.0;0.0
"G00756";501;"2026-02-04";"Paid";0.0;0.0
"G00757";122;"2026-01-07";"Unpaid";126.02;0.0
"G00758";410;"2026-03-06";"Paid";0.0;0.0
"G00759";101;"2026-06-09";"Paid";0.0;0.0
"G00760";132;"2026-06-05";"Paid";0.0;0.0
"G00761";409;"2026-02-09";"Paid";0.0;0.0
"G00762";231;"2026-05-07";"Unpaid";46.07;0.0
"G00763";207;"2026-02-13";"Paid";0.0;0.0
"G00764";126;"2026-02-08";"Paid";0.0;0.0
"G00765";104;"2026-02-24";"Paid";0.0;0.0
"G00766";221;"2026-02-13";"Paid";0.0;0.0
"G00767";310;"2026-03-15";"Unpaid";52.3;0.0
"G00768";532;"2026-03-03";"Paid";0.0;0.0
"G00769";302;"2026-06-15";"Paid";0.0;0.0
"G00770";217;"2026-03-09";"Paid";0.0;0.0
"G00771";218;"2026-02-11";"Paid";0.0;0.0
"G00772";134;"2026-03-30";"Paid";0.0;0.0
"G00773";416;"2026-03-14";"Paid";0.0;0.0
"G00774";320;"2026-04-22";"Paid";0.0;0.0
"G00775";422;"2026-04-02";"Paid";0.0;0.0
"G00776";428;"2026-04-15";"Unpaid";142.03;0.0
"G00777";425;"2026-06-13";"Paid";0.0;0.0
"G00778";133;"2026-01-16";"Paid";0.0;0.0
"G00779";208;"2026-03-09";"Paid";0.0;0.0
"G00780";307;"2026-06-06";"Paid";0.0;0.0
"G00781";212;"2026-05-27";"Paid";0.0;0.0
"G00782";104;"2026-06-30";"Paid";0.0;0.0
"G00783";408;"2026-02-27";"Paid";0.0;0.0
"G00784";231;"2026-01-16";"Paid";0.0;0.0
"G00785";410;"2026-04-07";"Paid";0.0;0.0
"G00786";216;"2026-04-27";"Paid";0.0;0.0
"G00787";124;"2026-04-20";"Disputed";26.67;26.67
"G00788";106;"2026-02-21";"Paid";0.0;0.0
"G00789";109;"2026-02-14";"Paid";0.0;0.0
"G00790";520;"2026-05-15";"Unpaid";35.0;0.0
"G00791";428;"2026-01-11";"Paid";0.0;0.0
"G00792";132;"2026-02-26";"Paid";0.0;0.0
"G00793";424;"2026-03-23";"Paid";0.0;0.0
"G00794";504;"2026-03-26";"Paid";0.0;0.0
"G00795";433;"2026-03-01";"Paid";0.0;0.0
"G00796";313;"2026-02-12";"Paid";0.0;0.0
"G00797";415;"2026-04-05";"Paid";0.0;0.0
"G00798";118;"2026-01-24";"Paid";0.0;0.0
"G00799";129;"2026-01-20";"Paid";0.0;0.0
"G00800";105;"2026-04-14";"Paid";0.0;0.0
"G00801";201;"2026-03-08";"Paid";0.0;0.0
"G00802";317;"2026-06-05";"Paid";0.0;0.0
"G00803";520;"2026-04-14";"Paid";0.0;0.0
"G00804";134;"2026-04-24";"Paid";0.0;0.0
"G00805";132;"2026-02-10";"Paid";0.0;0.0
"G00806";534;"2026-05-25";"Paid";0.0;0.0
"G00807";421;"2026-05-20";"Paid";0.0;0.0
"G00808";417;"2026-05-19";"Paid";0.0;0.0
"G00809";425;"2026-06-04";"Paid";0.0;0.0
"G00810";515;"2026-04-11";"Paid";0.0;0.0
"G00811";521;"2026-05-02";"Paid";0.0;0.0
"G00812";301;"2026-01-07";"Paid";0.0;0.0
"G00813";402;"2026-01-12";"Paid";0.0;0.0
"G00814";414;"2026-03-31";"Paid";0.0;0.0
"G00815";306;"2026-01-30";"Paid";0.0;0.0
"G00816";502;"2026-05-07";"Paid";0.0;0.0
"G00817";523;"2026-04-27";"Paid";0.0;0.0
"G00818";415;"2026-02-17";"Unpaid";76.24;0.0
"G00819";304;"2026-06-30";"Paid";0.0;0.0
"G00820";405;"2026-05-28";"Unpaid";24.51;0.0
"G00821";332;"2026-05-10";"Paid";0.0;0.0
"G00822";111;"2026-05-06";"Paid";0.0;0.0
"G00823";316;"2026-01-08";"Disputed";71.12;71.12
"G00824";419;"2026-06-16";"Paid";0.0;0.0
"G00825";428;"2026-05-04";"Paid";0.0;0.0
"G00826";423;"2026-02-18";"Paid";0.0;0.0
"G00827";425;"2026-02-03";"Paid";0.0;0.0
"G00828";111;"2026-01-07";"Paid";0.0;0.0
"G00829";505;"2026-03-06";"Paid";0.0;0.0
"G00830";534;"2026-06-13";"Paid";0.0;0.0
"G00831";427;"2026-01-10";"Paid";0.0;0.0
"G00832";112;"2026-03-07";"Paid";0.0;0.0
"G00833";407;"2026-06-19";"Paid";0.0;0.0
"G00834";528;"2026-01-25";"Paid";0.0;0.0
"G00835";332;"2026-06-15";"Paid";0.0;0.0
"G00836";208;"2026-02-02";"Paid";0.0;0.0
"G00837";303;"2026-03-01";"Disputed";241.36;241.36
"G00838";428;"2026-04-06";"Paid";0.0;0.0
"G00839";431;"2026-06-09";"Paid";0.0;0.0
"G00840";427;"2026-05-15";"Unpaid";32.52;0.0
"G00841";416;"2026-05-28";"Paid";0.0;0.0
"G00842";532;"2026-05-25";"Paid";0.0;0.0
"G00843";102;"2026-05-04";"Paid";0.0;0.0
"G00844";316;"2026-01-29";"Paid";0.0;0.0
"G00845";234;"2026-05-03";"Paid";0.0;0.0
"G00846";206;"2026-04-22";"Paid";0.0;0.0
"G00847";209;"2026-03-28";"Paid";0.0;0.0
"G00848";127;"2026-03-20";"Paid";0.0;0.0
"G00849";527;"2026-04-02";"Paid";0.0;0.0
"G00850";326;"2026-06-30";"Paid";0.0;0.0
"G00851";318;"2026-03-23";"Paid";0.0;0.0
"G00852";406;"2026-04-20";"Paid";0.0;0.0
"G00853";523;"2026-04-21";"Paid";0.0;0.0
"G00854";423;"2026-02-03";"Paid";0.0;0.0
"G00855";401;"2026-05-05";"Paid";0.0;0.0
"G00856";401;"2026-01-10";"Disputed";0.0;103.9
"G00857";110;"2026-01-30";"Paid";0.0;0.0
"G00858";119;"2026-04-17";"Paid";0.0;0.0
"G00859";225;"2026-03-23";"Paid";0.0;0.0
"G00860";522;"2026-04-01";"Paid";0.0;0.0
"G00861";511;"2026-04-05";"Paid";0.0;0.0
"G00862";429;"2026-06-30";"Paid";0.0;0.0
"G00863";217;"2026-06-01";"Paid";0.0;0.0
"G00864";311;"2026-03-08";"Paid";0.0;0.0
"G00865";124;"2026-01-11";"Paid";0.0;0.0
"G00866";207;"2026-06-23";"Paid";0.0;0.0
"G00867";306;"2026-04-03";"Paid";0.0;0.0
"G00868";323;"2026-03-19";"Paid";0.0;0.0
"G00869";431;"2026-05-11";"Paid";0.0;0.0
"G00870";426;"2026-05-18";"Disputed";30.36;30.36
"G00871";104;"2026-01-21";"Paid";0.0;0.0
"G00872";208;"2026-05-13";"Paid";0.0;0.0
"G00873";530;"2026-06-30";"Paid";0.0;0.0
"G00874";218;"2026-06-06";"Paid";0.0;0.0
"G00875";133;"2026-04-20";"Paid";0.0;0.0
"G00876";204;"2026-03-23";"Paid";0.0;0.0
"G00877";412;"2026-06-25";"Paid";0.0;0.0
"G00878";124;"2026-01-16";"Paid";0.0;0.0
"G00879";106;"2026-02-09";"Paid";0.0;0.0
"G00880";309;"2026-06-02";"Paid";0.0;0.0
"G00881";302;"2026-05-25";"Paid";0.0;0.0
"G00882";431;"2026-06-28";"Paid";0.0;0.0
"G00883";313;"2026-02-15";"Paid";0.0;0.0
"G00884";402;"2026-03-01";"Paid";0.0;0.0
"G00885";215;"2026-02-23";"Paid";0.0;0.0
"G00886";310;"2026-03-03";"Paid";0.0;0.0
"G00887";110;"2026-02-28";"Paid";0.0;0.0
"G00888";215;"2026-04-11";"Paid";0.0;0.0
"G00889";525;"2026-03-06";"Paid";0.0;0.0
"G00890";322;"2026-06-22";"Paid";0.0;0.0
"G00891";321;"2026-02-22";"Paid";0.0;0.0
"G00892";211;"2026-04-02";"Paid";0.0;0.0
"G00893";206;"2026-03-08";"Unpaid";21.35;0.0
"G00894";303;"2026-01-30";"Paid";0.0;0.0
"G00895";209;"2026-05-11";"Paid";0.0;0.0
"G00896";127;"2026-01-06";"Paid";0.0;0.0
"G00897";404;"2026-01-18";"Paid";0.0;0.0
"G00898";403;"2026-02-27";"Paid";0.0;0.0
"G00899";304;"2026-01-20";"Paid";0.0;0.0
"G00900";405;"2026-05-09";"Paid";0.0;0.0
"G00901";407;"2026-01-04";"Paid";0.0;0.0
"G00902";213;"2026-01-24";"Paid";0.0;0.0
"G00903";225;"2026-04-24";"Paid";0.0;0.0
"G00904";308;"2026-03-23";"Paid";0.0;0.0
"G00905";310;"2026-05-06";"Paid";0.0;0.0
"G00906";507;"2026-03-29";"Paid";0.0;0.0
"G00907";432;"2026-02-15";"Unpaid";18.4;0.0
"G00908";403;"2026-06-25";"Unpaid";44.49;0.0
"G00909";216;"2026-01-29";"Paid";0.0;0.0
"G00910";327;"2026-02-13";"Paid";0.0;0.0
"G00911";420;"2026-06-20";"Paid";0.0;0.0
"G00912";228;"2026-01-15";"Disputed";0.0;15.42
"G00913";310;"2026-03-28";"Paid";0.0;0.0
"G00914";220;"2026-02-19";"Paid";0.0;0.0
"G00915";430;"2026-04-07";"Paid";0.0;0.0
"G00916";115;"2026-03-18";"Disputed";48.74;48.74
"G00917";503;"2026-04-15";"Unpaid";24.35;0.0
"G00918";427;"2026-03-13";"Paid";0.0;0.0
"G00919";222;"2026-04-21";"Paid";0.0;0.0
"G00920";231;"2026-02-06";"Paid";0.0;0.0
"G00921";424;"2026-05-02";"Paid";0.0;0.0
"G00922";218;"2026-05-15";"Paid";0.0;0.0
"G00923";518;"2026-01-15";"Paid";0.0;0.0
"G00924";525;"2026-06-07";"Disputed";129.49;129.49
"G00925";319;"2026-06-06";"Paid";0.0;0.0
"G00926";407;"2026-06-17";"Paid";0.0;0.0
"G00927";431;"2026-01-21";"Paid";0.0;0.0
"G00928";516;"2026-05-01";"Paid";0.0;0.0
"G00929";503;"2026-04-13";"Paid";0.0;0.0
"G00930";513;"2026-02-28";"Paid";0.0;0.0
"G00931";128;"2026-01-07";"Paid";0.0;0.0
"G00932";309;"2026-02-20";"Paid";0.0;0.0
"G00933";418;"2026-05-05";"Paid";0.0;0.0
"G00934";514;"2026-06-27";"Unpaid";138.53;0.0
"G00935";121;"2026-01-06";"Paid";0.0;0.0
"G00936";427;"2026-04-26";"Disputed";41.56;41.56
"G00937";411;"2026-05-20";"Paid";0.0;0.0
"G00938";225;"2026-04-15";"Paid";0.0;0.0
"G00939";226;"2026-03-08";"Unpaid";10.16;0.0
"G00940";525;"2026-06-19";"Paid";0.0;0.0
"G00941";410;"2026-02-24";"Disputed";0.0;17.03
"G00942";406;"2026-04-06";"Paid";0.0;0.0
"G00943";409;"2026-04-15";"Paid";0.0;0.0
"G00944";324;"2026-03-09";"Paid";0.0;0.0
"G00945";434;"2026-03-21";"Paid";0.0;0.0
"G00946";332;"2026-01-24";"Paid";0.0;0.0
"G00947";228;"2026-05-15";"Paid";0.0;0.0
"G00948";203;"2026-05-21";"Unpaid";13.25;0.0
"G00949";230;"2026-05-21";"Paid";0.0;0.0
"G00950";304;"2026-06-15";"Paid";0.0;0.0
"G00951";514;"2026-02-20";"Paid";0.0;0.0
"G00952";321;"2026-02-17";"Paid";0.0;0.0
"G00953";402;"2026-01-26";"Paid";0.0;0.0
"G00954";111;"2026-06-20";"Paid";0.0;0.0
"G00955";107;"2026-03-02";"Paid";0.0;0.0
"G00956";533;"2026-04-10";"Paid";0.0;0.0
"G00957";423;"2026-03-19";"Paid";0.0;0.0
"G00958";502;"2026-04-25";"Paid";0.0;0.0
"G00959";517;"2026-02-13";"Unpaid";17.1;0.0
"G00960";411;"2026-04-30";"Paid";0.0;0.0
"G00961";329;"2026-06-12";"Paid";0.0;0.0
"G00962";502;"2026-06-03";"Paid";0.0;0.0
"G00963";205;"2026-03-27";"Disputed";69.17;69.17
"G00964";213;"2026-03-26";"Paid";0.0;0.0
"G00965";214;"2026-05-15";"Paid";0.0;0.0
"G00966";406;"2026-04-02";"Unpaid";103.08;0.0
"G00967";118;"2026-01-04";"Paid";0.0;0.0
"G00968";104;"2026-02-08";"Paid";0.0;0.0
"G00969";504;"2026-04-08";"Disputed";0.0;21.29
"G00970";420;"2026-01-28";"Paid";0.0;0.0
"G00971";229;"2026-05-17";"Paid";0.0;0.0
"G00972";526;"2026-05-19";"Unpaid";61.14;0.0
"G00973";513;"2026-06-25";"Paid";0.0;0.0
"G00974";303;"2026-01-31";"Unpaid";37.98;0.0
"G00975";429;"2026-03-26";"Unpaid";55.92;0.0
"G00976";511;"2026-04-24";"Paid";0.0;0.0
"G00977";430;"2026-06-01";"Paid";0.0;0.0
"G00978";314;"2026-04-25";"Paid";0.0;0.0
"G00979";515;"2026-06-24";"Paid";0.0;0.0
"G00980";515;"2026-05-09";"Unpaid";33.58;0.0
"G00981";408;"2026-03-23";"Paid";0.0;0.0
"G00982";412;"2026-06-11";"Paid";0.0;0.0
"G00983";228;"2026-02-06";"Paid";0.0;0.0
"G00984";413;"2026-02-01";"Paid";0.0;0.0
"G00985";413;"2026-04-12";"Unpaid";12.51;0.0
"G00986";119;"2026-03-26";"Paid";0.0;0.0
"G00987";118;"2026-04-16";"Paid";0.0;0.0
"G00988";423;"2026-04-23";"Paid";0.0;0.0
"G00989";512;"2026-05-22";"Paid";0.0;0.0
"G00990";106;"2026-06-17";"Unpaid";18.09;0.0
"G00991";501;"2026-03-01";"Disputed";81.17;81.17
"G00992";402;"2026-02-28";"Paid";0.0;0.0
"G00993";209;"2026-01-10";"Paid";0.0;0.0
"G00994";133;"2026-01-28";"Paid";0.0;0.0
"G00995";117;"2026-04-14";"Paid";0.0;0.0
"G00996";413;"2026-06-15";"Paid";0.0;0.0
"G00997";503;"2026-03-19";"Paid";0.0;0.0
"G00998";405;"2026-03-12";"Unpaid";129.83;0.0
"G00999";316;"2026-05-15";"Paid";0.0;0.0
"G01000";329;"2026-06-11";"Paid";0.0;0.0
"G01001";328;"2026-06-16";"Paid";0.0;0.0
"G01002";324;"2026-03-31";"Paid";0.0;0.0
"G01003";103;"2026-02-01";"Paid";0.0;0.0
"G01004";222;"2026-04-20";"Paid";0.0;0.0
"G01005";515;"2026-05-24";"Paid";0.0;0.0
"G01006";219;"2026-04-24";"Paid";0.0;0.0
"G01007";130;"2026-01-09";"Paid";0.0;0.0
"G01008";225;"2026-05-25";"Paid";0.0;0.0
"G01009";229;"2026-06-02";"Paid";0.0;0.0
"G01010";103;"2026-02-26";"Paid";0.0;0.0
"G01011";201;"2026-02-16";"Paid";0.0;0.0
"G01012";506;"2026-03-24";"Paid";0.0;0.0
"G01013";221;"2026-05-16";"Paid";0.0;0.0
"G01014";429;"2026-02-15";"Paid";0.0;0.0
"G01015";101;"2026-02-03";"Paid";0.0;0.0
"G01016";314;"2026-03-13";"Paid";0.0;0.0
"G01017";416;"2026-06-08";"Unpaid";10.02;0.0
"G01018";223;"2026-06-18";"Paid";0.0;0.0
"G01019";216;"2026-02-03";"Paid";0.0;0.0
"G01020";503;"2026-02-07";"Paid";0.0;0.0
"G01021";521;"2026-05-03";"Paid";0.0;0.0
"G01022";101;"2026-05-11";"Paid";0.0;0.0
"G01023";113;"2026-03-25";"Paid";0.0;0.0
"G01024";129;"2026-04-11";"Unpaid";52.16;0.0
"G01025";533;"2026-05-27";"Disputed";96.73;96.73
"G01026";408;"2026-04-07";"Unpaid";50.33;0.0
"G01027";201;"2026-01-28";"Paid";0.0;0.0
"G01028";215;"2026-06-08";"Paid";0.0;0.0
"G01029";217;"2026-01-06";"Paid";0.0;0.0
"G01030";222;"2026-03-25";"Paid";0.0;0.0
"G01031";120;"2026-06-25";"Paid";0.0;0.0
"G01032";122;"2026-03-17";"Paid";0.0;0.0
"G01033";326;"2026-05-24";"Paid";0.0;0.0
"G01034";331;"2026-06-05";"Paid";0.0;0.0
"G01035";502;"2026-05-14";"Paid";0.0;0.0
"G01036";520;"2026-03-05";"Paid";0.0;0.0
"G01037";522;"2026-06-22";"Paid";0.0;0.0
"G01038";401;"2026-01-27";"Paid";0.0;0.0
"G01039";129;"2026-05-17";"Paid";0.0;0.0
"G01040";115;"2026-03-29";"Paid";0.0;0.0
"G01041";419;"2026-03-29";"Unpaid";48.83;0.0
"G01042";107;"2026-05-08";"Paid";0.0;0.0
"G01043";420;"2026-06-26";"Paid";0.0;0.0
"G01044";313;"2026-06-14";"Paid";0.0;0.0
"G01045";517;"2026-05-25";"Paid";0.0;0.0
"G01046";312;"2026-06-28";"Paid";0.0;0.0
"G01047";430;"2026-05-16";"Paid";0.0;0.0
"G01048";207;"2026-03-18";"Paid";0.0;0.0
"G01049";323;"2026-02-08";"Paid";0.0;0.0
"G01050";329;"2026-06-22";"Disputed";20.92;20.92
"G01051";531;"2026-05-23";"Paid";0.0;0.0
"G01052";226;"2026-05-06";"Paid";0.0;0.0
"G01053";520;"2026-05-07";"Disputed";67.23;67.23
"G01054";202;"2026-06-12";"Paid";0.0;0.0
"G01055";403;"2026-05-13";"Paid";0.0;0.0
"G01056";219;"2026-02-14";"Paid";0.0;0.0
"G01057";206;"2026-04-12";"Paid";0.0;0.0
"G01058";211;"2026-01-02";"Paid";0.0;0.0
"G01059";329;"2026-05-28";"Unpaid";16.35;0.0
"G01060";330;"2026-02-17";"Paid";0.0;0.0
"G01061";319;"2026-03-30";"Paid";0.0;0.0
"G01062";301;"2026-04-08";"Unpaid";54.94;0.0
"G01063";511;"2026-03-21";"Disputed";0.0;67.89
"G01064";125;"2026-04-13";"Paid";0.0;0.0
"G01065";102;"2026-04-09";"Paid";0.0;0.0
"G01066";305;"2026-04-06";"Paid";0.0;0.0
"G01067";430;"2026-02-28";"Paid";0.0;0.0
"G01068";426;"2026-02-05";"Paid";0.0;0.0
"G01069";426;"2026-03-23";"Paid";0.0;0.0
"G01070";122;"2026-02-06";"Disputed";58.75;58.75
"G01071";123;"2026-06-23";"Paid";0.0;0.0
"G01072";119;"2026-03-28";"Paid";0.0;0.0
"G01073";522;"2026-02-28";"Paid";0.0;0.0
"G01074";105;"2026-02-06";"Paid";0.0;0.0
"G01075";329;"2026-03-19";"Paid";0.0;0.0
"G01076";128;"2026-03-03";"Paid";0.0;0.0
"G01077";423;"2026-06-03";"Unpaid";16.95;0.0
"G01078";509;"2026-01-16";"Paid";0.0;0.0
"G01079";119;"2026-02-04";"Paid";0.0;0.0
"G01080";403;"2026-03-16";"Paid";0.0;0.0
"G01081";330;"2026-01-04";"Paid";0.0;0.0
"G01082";304;"2026-05-01";"Paid";0.0;0.0
"G01083";113;"2026-06-24";"Paid";0.0;0.0
"G01084";107;"2026-06-03";"Paid";0.0;0.0
"G01085";233;"2026-01-28";"Paid";0.0;0.0
"G01086";323;"2026-03-14";"Paid";0.0;0.0
"G01087";306;"2026-05-15";"Paid";0.0;0.0
"G01088";508;"2026-04-12";"Paid";0.0;0.0
"G01089";115;"2026-03-19";"Paid";0.0;0.0
"G01090";524;"2026-01-07";"Paid";0.0;0.0
"G01091";317;"2026-01-28";"Paid";0.0;0.0
"G01092";215;"2026-02-17";"Paid";0.0;0.0
"G01093";519;"2026-02-01";"Paid";0.0;0.0
"G01094";329;"2026-02-12";"Paid";0.0;0.0
"G01095";209;"2026-03-19";"Paid";0.0;0.0
"G01096";417;"2026-01-12";"Unpaid";60.0;0.0
"G01097";322;"2026-04-23";"Paid";0.0;0.0
"G01098";228;"2026-01-27";"Unpaid";11.41;0.0
"G01099";403;"2026-06-24";"Unpaid";176.73;0.0
"G01100";431;"2026-02-14";"Paid";0.0;0.0
"G01101";411;"2026-03-20";"Paid";0.0;0.0
"G01102";414;"2026-06-02";"Paid";0.0;0.0
"G01103";207;"2026-03-08";"Unpaid";47.44;0.0
"G01104";330;"2026-06-30";"Paid";0.0;0.0
"G01105";123;"2026-02-05";"Paid";0.0;0.0
"G01106";102;"2026-04-23";"Disputed";54.67;54.67
"G01107";402;"2026-06-20";"Paid";0.0;0.0
"G01108";111;"2026-03-04";"Paid";0.0;0.0
"G01109";112;"2026-04-01";"Paid";0.0;0.0
"G01110";504;"2026-03-15";"Paid";0.0;0.0
"G01111";223;"2026-01-13";"Paid";0.0;0.0
"G01112";519;"2026-04-18";"Paid";0.0;0.0
"G01113";110;"2026-01-22";"Paid";0.0;0.0
"G01114";520;"2026-05-11";"Paid";0.0;0.0
"G01115";112;"2026-02-27";"Paid";0.0;0.0
"G01116";512;"2026-05-21";"Paid";0.0;0.0
"G01117";317;"2026-05-04";"Paid";0.0;0.0
"G01118";215;"2026-03-12";"Paid";0.0;0.0
"G01119";421;"2026-05-28";"Paid";0.0;0.0
"G01120";129;"2026-04-14";"Paid";0.0;0.0
"G01121";402;"2026-01-13";"Paid";0.0;0.0
"G01122";328;"2026-03-24";"Paid";0.0;0.0
"G01123";110;"2026-01-06";"Paid";0.0;0.0
"G01124";411;"2026-03-06";"Paid";0.0;0.0
"G01125";514;"2026-03-30";"Paid";0.0;0.0
"G01126";511;"2026-04-20";"Unpaid";53.87;0.0
"G01127";530;"2026-01-12";"Unpaid";16.29;0.0
"G01128";128;"2026-06-24";"Paid";0.0;0.0
"G01129";201;"2026-01-15";"Paid";0.0;0.0
"G01130";314;"2026-02-25";"Unpaid";87.35;0.0
"G01131";219;"2026-06-18";"Unpaid";78.88;0.0
"G01132";225;"2026-04-01";"Paid";0.0;0.0
"G01133";522;"2026-03-05";"Paid";0.0;0.0
"G01134";133;"2026-06-10";"Paid";0.0;0.0
"G01135";432;"2026-05-14";"Paid";0.0;0.0
"G01136";415;"2026-03-25";"Paid";0.0;0.0
"G01137";313;"2026-02-21";"Paid";0.0;0.0
"G01138";124;"2026-01-09";"Paid";0.0;0.0
"G01139";427;"2026-02-06";"Paid";0.0;0.0
"G01140";308;"2026-06-23";"Paid";0.0;0.0
"G01141";429;"2026-04-11";"Paid";0.0;0.0
"G01142";512;"2026-03-20";"Paid";0.0;0.0
"G01143";334;"2026-04-02";"Paid";0.0;0.0
"G01144";124;"2026-01-30";"Paid";0.0;0.0
"G01145";525;"2026-01-14";"Paid";0.0;0.0
"G01146";232;"2026-04-23";"Paid";0.0;0.0
"G01147";208;"2026-05-24";"Paid";0.0;0.0
"G01148";527;"2026-05-06";"Paid";0.0;0.0
"G01149";324;"2026-06-08";"Paid";0.0;0.0
"G01150";106;"2026-05-06";"Paid";0.0;0.0
"G01151";225;"2026-06-11";"Paid";0.0;0.0
"G01152";407;"2026-01-04";"Paid";0.0;0.0
"G01153";526;"2026-01-03";"Paid";0.0;0.0
"G01154";209;"2026-01-26";"Paid";0.0;0.0
"G01155";331;"2026-01-29";"Paid";0.0;0.0
"G01156";204;"2026-05-07";"Paid";0.0;0.0
"G01157";206;"2026-04-17";"Paid";0.0;0.0
"G01158";403;"2026-01-21";"Paid";0.0;0.0
"G01159";217;"2026-05-16";"Unpaid";178.47;0.0
"G01160";106;"2026-05-14";"Disputed";0.0;21.6
"G01161";115;"2026-06-24";"Paid";0.0;0.0
"G01162";230;"2026-05-24";"Paid";0.0;0.0
"G01163";410;"2026-03-27";"Paid";0.0;0.0
"G01164";126;"2026-06-26";"Paid";0.0;0.0
"G01165";322;"2026-01-30";"Paid";0.0;0.0
"G01166";210;"2026-06-10";"Paid";0.0;0.0
"G01167";221;"2026-02-24";"Paid";0.0;0.0
"G01168";120;"2026-06-21";"Unpaid";179.53;0.0
"G01169";203;"2026-04-16";"Paid";0.0;0.0
"G01170";421;"2026-06-19";"Paid";0.0;0.0
"G01171";306;"2026-06-30";"Paid";0.0;0.0
"G01172";330;"2026-01-31";"Paid";0.0;0.0
"G01173";323;"2026-04-02";"Paid";0.0;0.0
"G01174";319;"2026-05-17";"Paid";0.0;0.0
"G01175";314;"2026-02-22";"Unpaid";22.54;0.0
"G01176";130;"2026-01-10";"Paid";0.0;0.0
"G01177";412;"2026-06-20";"Paid";0.0;0.0
"G01178";116;"2026-02-22";"Paid";0.0;0.0
"G01179";117;"2026-06-28";"Unpaid";17.12;0.0
"G01180";522;"2026-05-29";"Paid";0.0;0.0
"G01181";105;"2026-05-18";"Paid";0.0;0.0
"G01182";218;"2026-03-26";"Disputed";86.29;86.29
"G01183";508;"2026-05-14";"Paid";0.0;0.0
"G01184";215;"2026-01-19";"Paid";0.0;0.0
"G01185";327;"2026-05-21";"Paid";0.0;0.0
"G01186";214;"2026-04-30";"Paid";0.0;0.0
"G01187";307;"2026-01-12";"Paid";0.0;0.0
"G01188";531;"2026-02-05";"Paid";0.0;0.0
"G01189";109;"2026-06-13";"Paid";0.0;0.0
"G01190";128;"2026-01-31";"Paid";0.0;0.0
"G01191";505;"2026-01-26";"Paid";0.0;0.0
"G01192";304;"2026-04-21";"Paid";0.0;0.0
"G01193";212;"2026-03-24";"Paid";0.0;0.0
"G01194";504;"2026-05-28";"Paid";0.0;0.0
"G01195";411;"2026-03-29";"Paid";0.0;0.0
"G01196";107;"2026-02-05";"Disputed";71.92;71.92
"G01197";318;"2026-04-27";"Paid";0.0;0.0
"G01198";214;"2026-03-14";"Paid";0.0;0.0
"G01199";310;"2026-04-06";"Paid";0.0;0.0
"G01200";308;"2026-02-16";"Paid";0.0;0.0
"G01201";406;"2026-01-16";"Paid";0.0;0.0
"G01202";128;"2026-05-16";"Unpaid";11.54;0.0
"G01203";513;"2026-01-07";"Paid";0.0;0.0
"G01204";133;"2026-01-29";"Paid";0.0;0.0
"G01205";412;"2026-06-05";"Unpaid";132.72;0.0
"G01206";114;"2026-03-30";"Paid";0.0;0.0
"G01207";118;"2026-03-22";"Paid";0.0;0.0
"G01208";334;"2026-06-09";"Paid";0.0;0.0
"G01209";411;"2026-06-14";"Paid";0.0;0.0
"G01210";511;"2026-05-10";"Paid";0.0;0.0
"G01211";325;"2026-01-11";"Paid";0.0;0.0
"G01212";327;"2026-06-18";"Paid";0.0;0.0
"G01213";406;"2026-04-22";"Paid";0.0;0.0
"G01214";230;"2026-04-09";"Paid";0.0;0.0
"G01215";112;"2026-02-22";"Paid";0.0;0.0
"G01216";519;"2026-06-05";"Unpaid";45.01;0.0
"G01217";521;"2026-06-25";"Paid";0.0;0.0
"G01218";428;"2026-06-04";"Paid";0.0;0.0
"G01219";101;"2026-05-18";"Paid";0.0;0.0
"G01220";212;"2026-05-19";"Disputed";115.99;115.99
"G01221";529;"2026-04-06";"Paid";0.0;0.0
"G01222";425;"2026-04-05";"Paid";0.0;0.0
"G01223";107;"2026-02-08";"Disputed";171.55;171.55
"G01224";304;"2026-02-16";"Paid";0.0;0.0
"G01225";227;"2026-04-28";"Paid";0.0;0.0
"G01226";110;"2026-06-30";"Paid";0.0;0.0
"G01227";322;"2026-01-29";"Paid";0.0;0.0
"G01228";216;"2026-04-11";"Paid";0.0;0.0
"G01229";403;"2026-05-01";"Unpaid";54.81;0.0
"G01230";226;"2026-03-01";"Disputed";0.0;112.74
"G01231";110;"2026-05-08";"Paid";0.0;0.0
"G01232";403;"2026-03-02";"Paid";0.0;0.0
"G01233";222;"2026-05-22";"Paid";0.0;0.0
"G01234";505;"2026-04-17";"Paid";0.0;0.0
"G01235";402;"2026-04-05";"Paid";0.0;0.0
"G01236";322;"2026-03-16";"Paid";0.0;0.0
"G01237";412;"2026-06-02";"Paid";0.0;0.0
"G01238";517;"2026-02-12";"Paid";0.0;0.0
"G01239";329;"2026-05-06";"Paid";0.0;0.0
"G01240";207;"2026-01-11";"Paid";0.0;0.0
"G01241";210;"2026-05-05";"Paid";0.0;0.0
"G01242";310;"2026-02-06";"Paid";0.0;0.0
"G01243";228;"2026-03-30";"Paid";0.0;0.0
"G01244";305;"2026-05-30";"Paid";0.0;0.0
"G01245";328;"2026-03-09";"Paid";0.0;0.0
"G01246";134;"2026-03-09";"Paid";0.0;0.0
"G01247";123;"2026-02-24";"Paid";0.0;0.0
"G01248";217;"2026-06-04";"Paid";0.0;0.0
"G01249";121;"2026-02-25";"Paid";0.0;0.0
"G01250";319;"2026-02-13";"Paid";0.0;0.0
"G01251";419;"2026-05-29";"Paid";0.0;0.0
"G01252";412;"2026-02-07";"Disputed";36.63;36.63
"G01253";320;"2026-06-24";"Paid";0.0;0.0
"G01254";327;"2026-04-03";"Paid";0.0;0.0
"G01255";209;"2026-04-06";"Paid";0.0;0.0
"G01256";218;"2026-01-22";"Paid";0.0;0.0
"G01257";311;"2026-06-28";"Paid";0.0;0.0
"G01258";402;"2026-05-02";"Unpaid";84.26;0.0
"G01259";422;"2026-02-07";"Paid";0.0;0.0
"G01260";229;"2026-01-31";"Disputed";70.2;70.2
"G01261";315;"2026-04-05";"Paid";0.0;0.0
"G01262";332;"2026-01-10";"Paid";0.0;0.0
"G01263";532;"2026-05-21";"Unpaid";32.58;0.0
"G01264";109;"2026-02-08";"Paid";0.0;0.0
"G01265";431;"2026-02-27";"Paid";0.0;0.0
"G01266";116;"2026-03-26";"Paid";0.0;0.0
"G01267";519;"2026-02-23";"Paid";0.0;0.0
"G01268";201;"2026-04-05";"Paid";0.0;0.0
"G01269";303;"2026-01-10";"Paid";0.0;0.0
"G01270";303;"2026-06-01";"Disputed";135.58;135.58
"G01271";323;"2026-06-23";"Paid";0.0;0.0
"G01272";112;"2026-02-21";"Paid";0.0;0.0
"G01273";402;"2026-03-29";"Paid";0.0;0.0
"G01274";514;"2026-03-14";"Paid";0.0;0.0
"G01275";218;"2026-01-21";"Paid";0.0;0.0
"G01276";533;"2026-05-31";"Paid";0.0;0.0
"G01277";318;"2026-06-21";"Paid";0.0;0.0
"G01278";203;"2026-06-12";"Paid";0.0;0.0
"G01279";426;"2026-05-12";"Paid";0.0;0.0
"G01280";405;"2026-06-30";"Paid";0.0;0.0
"G01281";121;"2026-03-09";"Paid";0.0;0.0
"G01282";102;"2026-06-24";"Paid";0.0;0.0
"G01283";405;"2026-02-13";"Paid";0.0;0.0
"G01284";520;"2026-02-03";"Paid";0.0;0.0
"G01285";312;"2026-04-16";"Paid";0.0;0.0
"G01286";133;"2026-06-06";"Unpaid";55.85;0.0
"G01287";117;"2026-04-10";"Paid";0.0;0.0
"G01288";423;"2026-03-16";"Paid";0.0;0.0
"G01289";227;"2026-03-26";"Paid";0.0;0.0
"G01290";313;"2026-01-26";"Paid";0.0;0.0
"G01291";518;"2026-02-10";"Paid";0.0;0.0
"G01292";414;"2026-05-10";"Paid";0.0;0.0
"G01293";319;"2026-02-08";"Paid";0.0;0.0
"G01294";402;"2026-04-15";"Paid";0.0;0.0
"G01295";311;"2026-01-26";"Paid";0.0;0.0
"G01296";115;"2026-06-21";"Unpaid";17.12;0.0
"G01297";301;"2026-03-21";"Unpaid";32.02;0.0
"G01298";501;"2026-06-02";"Paid";0.0;0.0
"G01299";232;"2026-06-03";"Paid";0.0;0.0
"G01300";222;"2026-01-27";"Paid";0.0;0.0
"G01301";117;"2026-05-12";"Paid";0.0;0.0
"G01302";332;"2026-05-24";"Paid";0.0;0.0
"G01303";430;"2026-05-06";"Paid";0.0;0.0
"G01304";131;"2026-02-17";"Paid";0.0;0.0
"G01305";127;"2026-03-14";"Paid";0.0;0.0
"G01306";323;"2026-06-26";"Paid";0.0;0.0
"G01307";104;"2026-04-29";"Unpaid";43.49;0.0
"G01308";318;"2026-02-27";"Paid";0.0;0.0
"G01309";234;"2026-03-17";"Paid";0.0;0.0
"G01310";513;"2026-05-04";"Paid";0.0;0.0
"G01311";524;"2026-01-27";"Paid";0.0;0.0
"G01312";530;"2026-04-04";"Paid";0.0;0.0
"G01313";425;"2026-03-03";"Paid";0.0;0.0
"G01314";403;"2026-06-27";"Paid";0.0;0.0
"G01315";229;"2026-04-30";"Paid";0.0;0.0
"G01316";318;"2026-01-22";"Paid";0.0;0.0
"G01317";518;"2026-03-02";"Paid";0.0;0.0
"G01318";519;"2026-06-20";"Paid";0.0;0.0
"G01319";328;"2026-02-26";"Paid";0.0;0.0
"G01320";433;"2026-01-11";"Paid";0.0;0.0
"G01321";319;"2026-04-12";"Paid";0.0;0.0
"G01322";222;"2026-04-04";"Paid";0.0;0.0
"G01323";219;"2026-04-02";"Paid";0.0;0.0
"G01324";419;"2026-05-31";"Unpaid";34.93;0.0
"G01325";509;"2026-05-18";"Paid";0.0;0.0
"G01326";510;"2026-06-02";"Paid";0.0;0.0
"G01327";111;"2026-03-27";"Paid";0.0;0.0
"G01328";222;"2026-06-20";"Paid";0.0;0.0
"G01329";328;"2026-05-02";"Paid";0.0;0.0
"G01330";224;"2026-02-22";"Unpaid";14.89;0.0
"G01331";525;"2026-04-19";"Paid";0.0;0.0
"G01332";515;"2026-06-06";"Disputed";65.37;65.37
"G01333";225;"2026-06-30";"Paid";0.0;0.0
"G01334";218;"2026-06-03";"Paid";0.0;0.0
"G01335";518;"2026-04-30";"Paid";0.0;0.0
"G01336";411;"2026-01-17";"Paid";0.0;0.0
"G01337";505;"2026-01-12";"Paid";0.0;0.0
"G01338";332;"2026-06-03";"Disputed";35.7;35.7
"G01339";419;"2026-01-14";"Unpaid";10.9;0.0
"G01340";518;"2026-04-01";"Paid";0.0;0.0
"G01341";434;"2026-03-29";"Paid";0.0;0.0
"G01342";424;"2026-03-29";"Paid";0.0;0.0
"G01343";316;"2026-01-20";"Unpaid";76.67;0.0
"G01344";418;"2026-02-03";"Unpaid";89.81;0.0
"G01345";129;"2026-06-18";"Paid";0.0;0.0
"G01346";413;"2026-06-09";"Paid";0.0;0.0
"G01347";509;"2026-04-23";"Unpaid";22.74;0.0
"G01348";117;"2026-06-13";"Paid";0.0;0.0
"G01349";304;"2026-01-29";"Paid";0.0;0.0
"G01350";517;"2026-02-27";"Paid";0.0;0.0
"G01351";330;"2026-05-20";"Paid";0.0;0.0
"G01352";228;"2026-02-12";"Paid";0.0;0.0
"G01353";432;"2026-03-18";"Paid";0.0;0.0
"G01354";223;"2026-03-19";"Paid";0.0;0.0
"G01355";302;"2026-06-08";"Paid";0.0;0.0
"G01356";334;"2026-04-30";"Paid";0.0;0.0
"G01357";307;"2026-04-01";"Disputed";24.09;24.09
"G01358";516;"2026-03-21";"Paid";0.0;0.0
"G01359";514;"2026-04-01";"Paid";0.0;0.0
"G01360";327;"2026-03-04";"Paid";0.0;0.0
"G01361";121;"2026-03-04";"Paid";0.0;0.0
"G01362";503;"2026-06-10";"Paid";0.0;0.0
"G01363";223;"2026-05-26";"Paid";0.0;0.0
"G01364";219;"2026-06-17";"Paid";0.0;0.0
"G01365";212;"2026-04-20";"Paid";0.0;0.0
"G01366";511;"2026-05-30";"Paid";0.0;0.0
"G01367";209;"2026-03-29";"Unpaid";64.79;0.0
"G01368";115;"2026-03-31";"Paid";0.0;0.0
"G01369";215;"2026-02-12";"Unpaid";45.11;0.0
"G01370";202;"2026-05-02";"Unpaid";63.11;0.0
"G01371";531;"2026-02-25";"Paid";0.0;0.0
"G01372";528;"2026-06-30";"Paid";0.0;0.0
"G01373";217;"2026-06-03";"Paid";0.0;0.0
"G01374";112;"2026-05-15";"Paid";0.0;0.0
"G01375";416;"2026-02-13";"Paid";0.0;0.0
"G01376";524;"2026-02-25";"Paid";0.0;0.0
"G01377";203;"2026-02-01";"Paid";0.0;0.0
"G01378";423;"2026-02-01";"Paid";0.0;0.0
"G01379";101;"2026-01-05";"Disputed";0.0;66.77
"G01380";402;"2026-06-24";"Paid";0.0;0.0
"G01381";505;"2026-06-13";"Paid";0.0;0.0
"G01382";506;"2026-04-10";"Paid";0.0;0.0
"G01383";403;"2026-06-02";"Paid";0.0;0.0
"G01384";213;"2026-03-08";"Paid";0.0;0.0
"G01385";333;"2026-01-30";"Disputed";17.61;17.61
"G01386";130;"2026-06-15";"Paid";0.0;0.0
"G01387";326;"2026-01-26";"Paid";0.0;0.0
"G01388";521;"2026-02-28";"Paid";0.0;0.0
"G01389";212;"2026-02-12";"Paid";0.0;0.0
"G01390";531;"2026-06-03";"Paid";0.0;0.0
"G01391";111;"2026-05-01";"Paid";0.0;0.0
"G01392";328;"2026-05-06";"Disputed";0.0;122.62
"G01393";512;"2026-01-11";"Paid";0.0;0.0
"G01394";522;"2026-03-27";"Disputed";32.81;32.81
"G01395";502;"2026-06-27";"Paid";0.0;0.0
"G01396";112;"2026-05-01";"Paid";0.0;0.0
"G01397";132;"2026-04-24";"Unpaid";110.61;0.0
"G01398";412;"2026-05-18";"Paid";0.0;0.0
"G01399";225;"2026-04-10";"Paid";0.0;0.0
"G01400";310;"2026-05-22";"Paid";0.0;0.0
"G01401";413;"2026-06-14";"Paid";0.0;0.0
"G01402";402;"2026-05-04";"Unpaid";95.38;0.0
"G01403";207;"2026-03-13";"Paid";0.0;0.0
"G01404";122;"2026-03-24";"Paid";0.0;0.0
"G01405";310;"2026-05-11";"Paid";0.0;0.0
"G01406";122;"2026-01-11";"Paid";0.0;0.0
"G01407";333;"2026-04-04";"Paid";0.0;0.0
"G01408";422;"2026-04-30";"Paid";0.0;0.0
"G01409";408;"2026-04-27";"Paid";0.0;0.0
"G01410";514;"2026-01-05";"Paid";0.0;0.0
"G01411";306;"2026-02-09";"Paid";0.0;0.0
"G01412";332;"2026-01-07";"Paid";0.0;0.0
"G01413";520;"2026-06-30";"Disputed";18.89;18.89
"G01414";210;"2026-03-17";"Paid";0.0;0.0
"G01415";427;"2026-04-05";"Paid";0.0;0.0
"G01416";434;"2026-03-03";"Paid";0.0;0.0
"G01417";202;"2026-03-27";"Paid";0.0;0.0
"G01418";131;"2026-03-28";"Disputed";88.37;88.37
"G01419";113;"2026-05-23";"Paid";0.0;0.0
"G01420";402;"2026-04-02";"Paid";0.0;0.0
"G01421";507;"2026-06-12";"Paid";0.0;0.0
"G01422";330;"2026-02-11";"Paid";0.0;0.0
"G01423";516;"2026-05-12";"Disputed";24.05;24.05
"G01424";422;"2026-02-20";"Paid";0.0;0.0
"G01425";311;"2026-02-02";"Paid";0.0;0.0
"G01426";324;"2026-03-26";"Paid";0.0;0.0
"G01427";122;"2026-01-19";"Paid";0.0;0.0
"G01428";206;"2026-01-08";"Paid";0.0;0.0
"G01429";321;"2026-05-08";"Paid";0.0;0.0
"G01430";234;"2026-01-29";"Paid";0.0;0.0
"G01431";317;"2026-01-28";"Paid";0.0;0.0
"G01432";301;"2026-06-17";"Paid";0.0;0.0
"G01433";109;"2026-06-30";"Paid";0.0;0.0
"G01434";117;"2026-05-11";"Paid";0.0;0.0
"G01435";225;"2026-06-08";"Paid";0.0;0.0
"G01436";334;"2026-02-08";"Paid";0.0;0.0
"G01437";521;"2026-04-04";"Paid";0.0;0.0
"G01438";325;"2026-01-14";"Paid";0.0;0.0
"G01439";323;"2026-03-23";"Paid";0.0;0.0
"G01440";519;"2026-01-14";"Paid";0.0;0.0
"G01441";108;"2026-03-18";"Paid";0.0;0.0
"G01442";109;"2026-06-18";"Unpaid";48.62;0.0
"G01443";207;"2026-06-30";"Paid";0.0;0.0
"G01444";423;"2026-02-07";"Paid";0.0;0.0
"G01445";526;"2026-02-01";"Unpaid";59.73;0.0
"G01446";123;"2026-04-14";"Paid";0.0;0.0
"G01447";325;"2026-02-28";"Unpaid";50.5;0.0
"G01448";125;"2026-02-18";"Paid";0.0;0.0
"G01449";107;"2026-03-04";"Paid";0.0;0.0
"G01450";532;"2026-06-13";"Unpaid";48.22;0.0
"G01451";432;"2026-02-27";"Paid";0.0;0.0
"G01452";312;"2026-05-02";"Paid";0.0;0.0
"G01453";431;"2026-05-12";"Paid";0.0;0.0
"G01454";413;"2026-05-12";"Paid";0.0;0.0
"G01455";226;"2026-04-10";"Paid";0.0;0.0
"G01456";417;"2026-06-25";"Paid";0.0;0.0
"G01457";503;"2026-04-27";"Paid";0.0;0.0
"G01458";303;"2026-01-08";"Paid";0.0;0.0
"G01459";515;"2026-06-09";"Paid";0.0;0.0
"G01460";414;"2026-05-13";"Paid";0.0;0.0
"G01461";107;"2026-03-17";"Paid";0.0;0.0
"G01462";302;"2026-01-13";"Paid";0.0;0.0
"G01463";222;"2026-03-28";"Paid";0.0;0.0
"G01464";324;"2026-06-28";"Paid";0.0;0.0
"G01465";313;"2026-03-08";"Paid";0.0;0.0
"G01466";331;"2026-05-26";"Paid";0.0;0.0
"G01467";327;"2026-04-25";"Paid";0.0;0.0
"G01468";134;"2026-02-20";"Paid";0.0;0.0
"G01469";502;"2026-01-19";"Paid";0.0;0.0
"G01470";328;"2026-06-30";"Paid";0.0;0.0
"G01471";308;"2026-05-30";"Paid";0.0;0.0
"G01472";509;"2026-01-06";"Paid";0.0;0.0
"G01473";103;"2026-05-10";"Paid";0.0;0.0
"G01474";308;"2026-04-25";"Paid";0.0;0.0
"G01475";507;"2026-01-22";"Paid";0.0;0.0
"G01476";420;"2026-01-14";"Disputed";15.34;15.34
"G01477";405;"2026-06-30";"Paid";0.0;0.0
"G01478";231;"2026-01-22";"Paid";0.0;0.0
"G01479";433;"2026-03-17";"Unpaid";64.85;0.0
"G01480";503;"2026-01-20";"Paid";0.0;0.0
"G01481";101;"2026-06-02";"Paid";0.0;0.0
"G01482";533;"2026-03-01";"Paid";0.0;0.0
"G01483";533;"2026-02-24";"Paid";0.0;0.0
"G01484";407;"2026-06-09";"Paid";0.0;0.0
"G01485";316;"2026-03-07";"Paid";0.0;0.0
"G01486";210;"2026-05-16";"Paid";0.0;0.0
"G01487";507;"2026-03-08";"Paid";0.0;0.0
"G01488";232;"2026-02-23";"Paid";0.0;0.0
"G01489";111;"2026-04-04";"Paid";0.0;0.0
"G01490";129;"2026-05-14";"Paid";0.0;0.0
"G01491";408;"2026-03-01";"Paid";0.0;0.0
"G01492";506;"2026-04-11";"Disputed";54.97;54.97
"G01493";529;"2026-01-27";"Paid";0.0;0.0
"G01494";234;"2026-02-10";"Paid";0.0;0.0
"G01495";411;"2026-06-17";"Paid";0.0;0.0
"G01496";107;"2026-02-16";"Paid";0.0;0.0
"G01497";331;"2026-05-26";"Paid";0.0;0.0
"G01498";428;"2026-01-22";"Paid";0.0;0.0
"G01499";329;"2026-06-09";"Paid";0.0;0.0
"G01500";227;"2026-03-03";"Unpaid";67.54;0.0
"G01501";221;"2026-02-13";"Unpaid";104.69;0.0
"G01502";312;"2026-06-04";"Paid";0.0;0.0
"G01503";226;"2026-01-26";"Paid";0.0;0.0
"G01504";528;"2026-06-25";"Paid";0.0;0.0
"G01505";114;"2026-04-07";"Paid";0.0;0.0
"G01506";434;"2026-03-10";"Paid";0.0;0.0
"G01507";332;"2026-04-24";"Paid";0.0;0.0
"G01508";215;"2026-04-18";"Paid";0.0;0.0
"G01509";412;"2026-03-22";"Paid";0.0;0.0
"G01510";207;"2026-06-05";"Unpaid";20.9;0.0
"G01511";227;"2026-03-29";"Paid";0.0;0.0
"G01512";121;"2026-03-09";"Paid";0.0;0.0
"G01513";517;"2026-05-08";"Paid";0.0;0.0
"G01514";131;"2026-03-17";"Paid";0.0;0.0
"G01515";424;"2026-02-23";"Paid";0.0;0.0
"G01516";224;"2026-02-03";"Paid";0.0;0.0
"G01517";303;"2026-06-13";"Paid";0.0;0.0
"G01518";414;"2026-01-14";"Paid";0.0;0.0
"G01519";206;"2026-01-17";"Paid";0.0;0.0
"G01520";108;"2026-01-10";"Unpaid";14.51;0.0
"G01521";332;"2026-04-30";"Unpaid";15.32;0.0
"G01522";533;"2026-04-04";"Paid";0.0;0.0
"G01523";505;"2026-01-04";"Paid";0.0;0.0
"G01524";421;"2026-02-09";"Paid";0.0;0.0
"G01525";308;"2026-03-03";"Unpaid";135.81;0.0
"G01526";415;"2026-03-25";"Paid";0.0;0.0
"G01527";320;"2026-03-03";"Paid";0.0;0.0
"G01528";128;"2026-01-20";"Paid";0.0;0.0
"G01529";315;"2026-01-25";"Paid";0.0;0.0
"G01530";518;"2026-05-24";"Paid";0.0;0.0
"G01531";321;"2026-02-18";"Disputed";61.97;61.97
"G01532";416;"2026-04-18";"Paid";0.0;0.0
"G01533";413;"2026-04-03";"Paid";0.0;0.0
"G01534";526;"2026-03-05";"Paid";0.0;0.0
"G01535";423;"2026-05-03";"Paid";0.0;0.0
"G01536";214;"2026-02-24";"Paid";0.0;0.0
"G01537";205;"2026-06-21";"Paid";0.0;0.0
"G01538";506;"2026-01-17";"Paid";0.0;0.0
"G01539";226;"2026-04-03";"Paid";0.0;0.0
"G01540";401;"2026-01-11";"Paid";0.0;0.0
"G01541";504;"2026-06-21";"Paid";0.0;0.0
"G01542";534;"2026-04-29";"Paid";0.0;0.0
"G01543";511;"2026-03-06";"Paid";0.0;0.0
"G01544";204;"2026-05-12";"Unpaid";43.59;0.0
"G01545";115;"2026-06-03";"Paid";0.0;0.0
"G01546";403;"2026-06-24";"Paid";0.0;0.0
"G01547";204;"2026-06-26";"Paid";0.0;0.0
"G01548";111;"2026-04-08";"Paid";0.0;0.0
"G01549";308;"2026-04-21";"Paid";0.0;0.0
"G01550";134;"2026-06-04";"Paid";0.0;0.0
"G01551";103;"2026-01-27";"Paid";0.0;0.0
"G01552";209;"2026-02-18";"Paid";0.0;0.0
"G01553";524;"2026-02-02";"Paid";0.0;0.0
"G01554";404;"2026-05-11";"Paid";0.0;0.0
"G01555";321;"2026-01-12";"Paid";0.0;0.0
"G01556";321;"2026-06-13";"Paid";0.0;0.0
"G01557";330;"2026-04-29";"Paid";0.0;0.0
"G01558";421;"2026-02-03";"Paid";0.0;0.0
"G01559";325;"2026-01-31";"Paid";0.0;0.0
"G01560";207;"2026-06-30";"Paid";0.0;0.0
"G01561";415;"2026-02-05";"Paid";0.0;0.0
"G01562";205;"2026-05-30";"Paid";0.0;0.0
"G01563";108;"2026-03-19";"Paid";0.0;0.0
"G01564";310;"2026-02-17";"Paid";0.0;0.0
"G01565";332;"2026-03-11";"Paid";0.0;0.0
"G01566";127;"2026-02-27";"Disputed";31.81;31.81
"G01567";312;"2026-02-28";"Unpaid";32.43;0.0
"G01568";118;"2026-03-22";"Paid";0.0;0.0
"G01569";233;"2026-04-11";"Paid";0.0;0.0
"G01570";331;"2026-03-22";"Disputed";46.93;46.93
"G01571";407;"2026-01-16";"Paid";0.0;0.0
"G01572";516;"2026-06-01";"Paid";0.0;0.0
"G01573";201;"2026-03-25";"Paid";0.0;0.0
"G01574";112;"2026-06-19";"Paid";0.0;0.0
"G01575";207;"2026-05-15";"Paid";0.0;0.0
"G01576";516;"2026-03-27";"Paid";0.0;0.0
"G01577";231;"2026-01-09";"Paid";0.0;0.0
"G01578";406;"2026-02-17";"Paid";0.0;0.0
"G01579";522;"2026-01-31";"Paid";0.0;0.0
"G01580";507;"2026-04-25";"Paid";0.0;0.0
"G01581";313;"2026-05-12";"Paid";0.0;0.0
"G01582";530;"2026-06-08";"Paid";0.0;0.0
"G01583";227;"2026-06-09";"Paid";0.0;0.0
"G01584";314;"2026-06-09";"Paid";0.0;0.0
"G01585";215;"2026-01-30";"Paid";0.0;0.0
"G01586";514;"2026-04-17";"Paid";0.0;0.0
"G01587";520;"2026-06-09";"Paid";0.0;0.0
"G01588";224;"2026-02-06";"Disputed";18.56;18.56
"G01589";512;"2026-04-30";"Paid";0.0;0.0
"G01590";311;"2026-03-19";"Paid";0.0;0.0
"G01591";303;"2026-05-02";"Unpaid";15.12;0.0
"G01592";233;"2026-02-16";"Paid";0.0;0.0
"G01593";316;"2026-06-30";"Paid";0.0;0.0
"G01594";211;"2026-03-24";"Paid";0.0;0.0
"G01595";529;"2026-04-08";"Paid";0.0;0.0
"G01596";530;"2026-02-21";"Paid";0.0;0.0
"G01597";417;"2026-03-07";"Paid";0.0;0.0
"G01598";331;"2026-02-12";"Unpaid";52.7;0.0
"G01599";524;"2026-02-26";"Paid";0.0;0.0
"G01600";220;"2026-01-19";"Disputed";103.21;103.21
"G01601";522;"2026-01-08";"Paid";0.0;0.0
"G01602";529;"2026-03-01";"Paid";0.0;0.0
"G01603";415;"2026-03-20";"Disputed";0.0;21.49
"G01604";212;"2026-05-29";"Paid";0.0;0.0
"G01605";123;"2026-03-10";"Paid";0.0;0.0
"G01606";109;"2026-06-18";"Paid";0.0;0.0
"G01607";432;"2026-03-29";"Paid";0.0;0.0
"G01608";111;"2026-05-09";"Paid";0.0;0.0
"G01609";532;"2026-05-05";"Paid";0.0;0.0
"G01610";512;"2026-02-18";"Paid";0.0;0.0
"G01611";301;"2026-06-27";"Paid";0.0;0.0
"G01612";208;"2026-03-03";"Paid";0.0;0.0
"G01613";311;"2026-05-05";"Paid";0.0;0.0
"G01614";201;"2026-05-23";"Paid";0.0;0.0
"G01615";327;"2026-03-18";"Disputed";103.47;103.47
"G01616";516;"2026-05-27";"Paid";0.0;0.0
"G01617";532;"2026-01-17";"Paid";0.0;0.0
"G01618";427;"2026-02-28";"Paid";0.0;0.0
"G01619";102;"2026-04-08";"Paid";0.0;0.0
"G01620";103;"2026-06-23";"Paid";0.0;0.0
"G01621";507;"2026-05-12";"Paid";0.0;0.0
"G01622";203;"2026-02-20";"Paid";0.0;0.0
"G01623";323;"2026-01-04";"Paid";0.0;0.0
"G01624";505;"2026-03-08";"Paid";0.0;0.0
"G01625";518;"2026-05-10";"Paid";0.0;0.0
"G01626";102;"2026-06-26";"Paid";0.0;0.0
"G01627";428;"2026-03-19";"Paid";0.0;0.0
"G01628";120;"2026-05-22";"Paid";0.0;0.0
"G01629";421;"2026-01-17";"Paid";0.0;0.0
"G01630";122;"2026-05-12";"Paid";0.0;0.0
"G01631";403;"2026-03-18";"Paid";0.0;0.0
"G01632";228;"2026-04-10";"Paid";0.0;0.0
"G01633";112;"2026-04-27";"Paid";0.0;0.0
"G01634";425;"2026-01-15";"Disputed";113.98;113.98
"G01635";408;"2026-01-11";"Paid";0.0;0.0
"G01636";331;"2026-02-13";"Paid";0.0;0.0
"G01637";206;"2026-02-17";"Paid";0.0;0.0
"G01638";226;"2026-02-14";"Unpaid";18.41;0.0
"G01639";527;"2026-03-04";"Paid";0.0;0.0
"G01640";411;"2026-04-06";"Paid";0.0;0.0
"G01641";309;"2026-04-20";"Paid";0.0;0.0
"G01642";509;"2026-06-22";"Paid";0.0;0.0
"G01643";330;"2026-03-22";"Paid";0.0;0.0
"G01644";327;"2026-06-14";"Paid";0.0;0.0
"G01645";302;"2026-03-30";"Paid";0.0;0.0
"G01646";230;"2026-04-24";"Unpaid";44.27;0.0
"G01647";101;"2026-03-29";"Paid";0.0;0.0
"G01648";118;"2026-02-22";"Disputed";46.1;46.1
"G01649";113;"2026-06-04";"Paid";0.0;0.0
"G01650";402;"2026-06-02";"Paid";0.0;0.0
"G01651";508;"2026-06-10";"Paid";0.0;0.0
"G01652";505;"2026-03-18";"Paid";0.0;0.0
"G01653";432;"2026-04-26";"Disputed";0.0;34.01
"G01654";533;"2026-01-27";"Paid";0.0;0.0
"G01655";120;"2026-01-17";"Paid";0.0;0.0
"G01656";114;"2026-03-20";"Unpaid";47.99;0.0
"G01657";102;"2026-01-21";"Paid";0.0;0.0
"G01658";101;"2026-03-01";"Paid";0.0;0.0
"G01659";434;"2026-06-30";"Paid";0.0;0.0
"G01660";233;"2026-06-15";"Paid";0.0;0.0
"G01661";430;"2026-05-10";"Paid";0.0;0.0
"G01662";201;"2026-05-07";"Paid";0.0;0.0
"G01663";408;"2026-06-02";"Paid";0.0;0.0
"G01664";219;"2026-02-22";"Paid";0.0;0.0
"G01665";127;"2026-03-25";"Paid";0.0;0.0
"G01666";120;"2026-05-14";"Paid";0.0;0.0
"G01667";324;"2026-04-17";"Paid";0.0;0.0
"G01668";121;"2026-01-29";"Paid";0.0;0.0
"G01669";512;"2026-06-19";"Paid";0.0;0.0
"G01670";505;"2026-01-26";"Paid";0.0;0.0
"G01671";201;"2026-03-06";"Paid";0.0;0.0
"G01672";429;"2026-04-04";"Unpaid";33.52;0.0
"G01673";511;"2026-04-10";"Paid";0.0;0.0
"G01674";222;"2026-05-10";"Paid";0.0;0.0
"G01675";217;"2026-06-30";"Paid";0.0;0.0
"G01676";427;"2026-01-11";"Paid";0.0;0.0
"G01677";413;"2026-02-09";"Paid";0.0;0.0
"G01678";125;"2026-03-10";"Paid";0.0;0.0
"G01679";304;"2026-02-14";"Unpaid";71.36;0.0
"G01680";130;"2026-03-18";"Paid";0.0;0.0
"G01681";423;"2026-03-23";"Paid";0.0;0.0
"G01682";514;"2026-04-09";"Paid";0.0;0.0
"G01683";415;"2026-02-27";"Paid";0.0;0.0
"G01684";405;"2026-02-17";"Unpaid";77.38;0.0
"G01685";534;"2026-05-05";"Paid";0.0;0.0
"G01686";225;"2026-06-11";"Paid";0.0;0.0
"G01687";323;"2026-03-14";"Paid";0.0;0.0
"G01688";519;"2026-03-01";"Paid";0.0;0.0
"G01689";205;"2026-04-12";"Paid";0.0;0.0
"G01690";401;"2026-06-26";"Unpaid";25.07;0.0
"G01691";215;"2026-01-15";"Paid";0.0;0.0
"G01692";204;"2026-05-14";"Paid";0.0;0.0
"G01693";420;"2026-03-30";"Paid";0.0;0.0
"G01694";114;"2026-04-21";"Unpaid";312.35;0.0
"G01695";410;"2026-04-16";"Paid";0.0;0.0
"G01696";513;"2026-02-08";"Paid";0.0;0.0
"G01697";215;"2026-01-23";"Paid";0.0;0.0
"G01698";413;"2026-06-16";"Unpaid";141.63;0.0
"G01699";505;"2026-05-09";"Paid";0.0;0.0
"G01700";234;"2026-03-08";"Paid";0.0;0.0
"G01701";127;"2026-06-16";"Paid";0.0;0.0
"G01702";218;"2026-05-22";"Paid";0.0;0.0
"G01703";106;"2026-03-09";"Paid";0.0;0.0
"G01704";128;"2026-02-06";"Paid";0.0;0.0
"G01705";327;"2026-01-11";"Paid";0.0;0.0
"G01706";511;"2026-05-15";"Paid";0.0;0.0
"G01707";129;"2026-05-25";"Paid";0.0;0.0
"G01708";202;"2026-06-05";"Paid";0.0;0.0
"G01709";211;"2026-06-11";"Paid";0.0;0.0
"G01710";507;"2026-02-07";"Paid";0.0;0.0
"G01711";420;"2026-02-12";"Disputed";81.58;81.58
"G01712";122;"2026-04-19";"Paid";0.0;0.0
"G01713";509;"2026-01-18";"Paid";0.0;0.0
"G01714";501;"2026-01-25";"Unpaid";139.94;0.0
"G01715";121;"2026-05-28";"Paid";0.0;0.0
"G01716";412;"2026-02-22";"Paid";0.0;0.0
"G01717";402;"2026-04-25";"Paid";0.0;0.0
"G01718";522;"2026-03-08";"Paid";0.0;0.0
"G01719";501;"2026-01-10";"Paid";0.0;0.0
"G01720";113;"2026-06-17";"Paid";0.0;0.0
"G01721";126;"2026-05-24";"Paid";0.0;0.0
"G01722";124;"2026-03-31";"Paid";0.0;0.0
"G01723";317;"2026-02-09";"Paid";0.0;0.0
"G01724";408;"2026-05-29";"Unpaid";72.59;0.0
"G01725";409;"2026-04-06";"Paid";0.0;0.0
"G01726";107;"2026-02-10";"Disputed";82.37;82.37
"G01727";110;"2026-05-20";"Paid";0.0;0.0
"G01728";111;"2026-01-29";"Paid";0.0;0.0
"G01729";229;"2026-03-22";"Paid";0.0;0.0
"G01730";221;"2026-02-24";"Unpaid";313.66;0.0
"G01731";509;"2026-02-18";"Paid";0.0;0.0
"G01732";309;"2026-05-12";"Paid";0.0;0.0
"G01733";220;"2026-01-15";"Paid";0.0;0.0
"G01734";133;"2026-06-30";"Paid";0.0;0.0
"G01735";131;"2026-05-17";"Paid";0.0;0.0
"G01736";308;"2026-04-06";"Paid";0.0;0.0
"G01737";505;"2026-04-12";"Paid";0.0;0.0
"G01738";506;"2026-05-19";"Paid";0.0;0.0
"G01739";432;"2026-06-27";"Paid";0.0;0.0
"G01740";415;"2026-05-21";"Paid";0.0;0.0
"G01741";119;"2026-01-26";"Paid";0.0;0.0
"G01742";512;"2026-02-23";"Paid";0.0;0.0
"G01743";515;"2026-06-30";"Unpaid";24.07;0.0
"G01744";533;"2026-06-30";"Paid";0.0;0.0
"G01745";432;"2026-01-31";"Paid";0.0;0.0
"G01746";324;"2026-04-15";"Paid";0.0;0.0
"G01747";525;"2026-04-26";"Paid";0.0;0.0
"G01748";120;"2026-06-17";"Paid";0.0;0.0
"G01749";106;"2026-03-04";"Paid";0.0;0.0
"G01750";508;"2026-03-22";"Paid";0.0;0.0
"G01751";309;"2026-06-30";"Paid";0.0;0.0
"G01752";306;"2026-04-13";"Disputed";54.73;54.73
"G01753";204;"2026-06-08";"Paid";0.0;0.0
"G01754";119;"2026-06-18";"Paid";0.0;0.0
"G01755";528;"2026-05-21";"Paid";0.0;0.0
"G01756";405;"2026-02-20";"Paid";0.0;0.0
"G01757";407;"2026-02-05";"Unpaid";73.61;0.0
"G01758";213;"2026-06-02";"Paid";0.0;0.0
"G01759";515;"2026-01-17";"Paid";0.0;0.0
"G01760";317;"2026-03-16";"Paid";0.0;0.0
"G01761";103;"2026-05-31";"Paid";0.0;0.0
"G01762";401;"2026-05-19";"Paid";0.0;0.0
"G01763";110;"2026-05-15";"Paid";0.0;0.0
"G01764";226;"2026-03-12";"Disputed";55.07;55.07
"G01765";212;"2026-01-10";"Paid";0.0;0.0
"G01766";303;"2026-01-11";"Paid";0.0;0.0
"G01767";216;"2026-06-22";"Paid";0.0;0.0
"G01768";516;"2026-04-25";"Paid";0.0;0.0
"G01769";118;"2026-06-04";"Paid";0.0;0.0
"G01770";510;"2026-01-27";"Unpaid";39.06;0.0
"G01771";408;"2026-03-20";"Paid";0.0;0.0
"G01772";522;"2026-05-22";"Paid";0.0;0.0
"G01773";404;"2026-03-01";"Paid";0.0;0.0
"G01774";127;"2026-06-24";"Unpaid";20.1;0.0
"G01775";211;"2026-03-13";"Paid";0.0;0.0
"G01776";521;"2026-04-10";"Paid";0.0;0.0
"G01777";411;"2026-01-19";"Paid";0.0;0.0
"G01778";125;"2026-02-21";"Paid";0.0;0.0
"G01779";415;"2026-02-19";"Paid";0.0;0.0
"G01780";419;"2026-01-19";"Paid";0.0;0.0
"G01781";126;"2026-06-24";"Unpaid";17.46;0.0
"G01782";325;"2026-03-22";"Paid";0.0;0.0
"G01783";314;"2026-01-08";"Paid";0.0;0.0
"G01784";402;"2026-05-18";"Paid";0.0;0.0
"G01785";203;"2026-02-21";"Disputed";0.0;58.73
"G01786";414;"2026-03-15";"Paid";0.0;0.0
"G01787";127;"2026-05-21";"Paid";0.0;0.0
"G01788";231;"2026-06-05";"Disputed";98.27;98.27
"G01789";122;"2026-04-26";"Paid";0.0;0.0
"G01790";511;"2026-03-19";"Unpaid";43.97;0.0
"G01791";527;"2026-06-25";"Paid";0.0;0.0
"G01792";309;"2026-02-10";"Unpaid";12.78;0.0
"G01793";107;"2026-02-08";"Disputed";20.32;20.32
"G01794";133;"2026-06-25";"Paid";0.0;0.0
"G01795";105;"2026-03-18";"Paid";0.0;0.0
"G01796";217;"2026-02-14";"Paid";0.0;0.0
"G01797";422;"2026-03-27";"Paid";0.0;0.0
"G01798";217;"2026-02-20";"Paid";0.0;0.0
"G01799";316;"2026-03-11";"Disputed";26.58;26.58
"G01800";512;"2026-02-07";"Paid";0.0;0.0
"G01801";102;"2026-06-30";"Paid";0.0;0.0
"G01802";206;"2026-06-08";"Paid";0.0;0.0
"G01803";305;"2026-05-02";"Paid";0.0;0.0
"G01804";431;"2026-01-11";"Paid";0.0;0.0
"G01805";326;"2026-03-05";"Paid";0.0;0.0
"G01806";104;"2026-01-27";"Paid";0.0;0.0
"G01807";330;"2026-06-07";"Paid";0.0;0.0
"G01808";231;"2026-06-24";"Paid";0.0;0.0
"G01809";231;"2026-03-16";"Paid";0.0;0.0
"G01810";518;"2026-05-26";"Paid";0.0;0.0
"G01811";327;"2026-05-20";"Paid";0.0;0.0
"G01812";410;"2026-02-07";"Paid";0.0;0.0
"G01813";512;"2026-05-02";"Paid";0.0;0.0
"G01814";526;"2026-02-06";"Paid";0.0;0.0
"G01815";205;"2026-05-14";"Paid";0.0;0.0
"G01816";514;"2026-02-21";"Paid";0.0;0.0
"G01817";415;"2026-02-09";"Paid";0.0;0.0
"G01818";312;"2026-01-10";"Unpaid";34.54;0.0
"G01819";108;"2026-04-20";"Paid";0.0;0.0
"G01820";511;"2026-03-02";"Paid";0.0;0.0
"G01821";421;"2026-04-20";"Paid";0.0;0.0
"G01822";508;"2026-02-21";"Paid";0.0;0.0
"G01823";203;"2026-04-24";"Paid";0.0;0.0
"G01824";434;"2026-03-11";"Paid";0.0;0.0
"G01825";532;"2026-06-22";"Paid";0.0;0.0
"G01826";421;"2026-06-17";"Paid";0.0;0.0
"G01827";127;"2026-05-21";"Paid";0.0;0.0
"G01828";128;"2026-05-23";"Paid";0.0;0.0
"G01829";416;"2026-02-22";"Paid";0.0;0.0
"G01830";434;"2026-03-09";"Paid";0.0;0.0
"G01831";315;"2026-04-06";"Paid";0.0;0.0
"G01832";124;"2026-04-22";"Paid";0.0;0.0
"G01833";416;"2026-01-09";"Paid";0.0;0.0
"G01834";407;"2026-06-24";"Paid";0.0;0.0
"G01835";306;"2026-01-30";"Unpaid";85.53;0.0
"G01836";203;"2026-03-31";"Paid";0.0;0.0
"G01837";233;"2026-02-07";"Paid";0.0;0.0
"G01838";315;"2026-04-19";"Paid";0.0;0.0
"G01839";307;"2026-04-16";"Paid";0.0;0.0
"G01840";409;"2026-01-23";"Unpaid";25.14;0.0
"G01841";519;"2026-04-28";"Paid";0.0;0.0
"G01842";501;"2026-05-21";"Unpaid";51.93;0.0
"G01843";309;"2026-01-09";"Paid";0.0;0.0
"G01844";431;"2026-06-30";"Paid";0.0;0.0
"G01845";133;"2026-05-20";"Paid";0.0;0.0
"G01846";227;"2026-03-27";"Disputed";35.14;35.14
"G01847";516;"2026-06-09";"Paid";0.0;0.0
"G01848";423;"2026-03-19";"Paid";0.0;0.0
"G01849";416;"2026-01-25";"Paid";0.0;0.0
"G01850";301;"2026-05-18";"Disputed";26.19;26.19
"G01851";223;"2026-01-16";"Paid";0.0;0.0
"G01852";118;"2026-04-24";"Paid";0.0;0.0
"G01853";310;"2026-01-30";"Paid";0.0;0.0
"G01854";407;"2026-01-27";"Paid";0.0;0.0
"G01855";306;"2026-02-02";"Unpaid";19.73;0.0
"G01856";218;"2026-05-04";"Paid";0.0;0.0
"G01857";225;"2026-01-19";"Paid";0.0;0.0
"G01858";429;"2026-05-26";"Paid";0.0;0.0
"G01859";415;"2026-02-23";"Paid";0.0;0.0
"G01860";518;"2026-06-27";"Paid";0.0;0.0
"G01861";222;"2026-05-12";"Paid";0.0;0.0
"G01862";118;"2026-01-27";"Paid";0.0;0.0
"G01863";309;"2026-05-19";"Paid";0.0;0.0
"G01864";114;"2026-06-28";"Unpaid";60.67;0.0
"G01865";323;"2026-01-29";"Paid";0.0;0.0
"G01866";323;"2026-02-13";"Paid";0.0;0.0
"G01867";229;"2026-01-12";"Paid";0.0;0.0
"G01868";323;"2026-04-19";"Paid";0.0;0.0
"G01869";105;"2026-04-22";"Paid";0.0;0.0
"G01870";134;"2026-04-07";"Paid";0.0;0.0
"G01871";415;"2026-04-08";"Paid";0.0;0.0
"G01872";515;"2026-05-27";"Paid";0.0;0.0
"G01873";128;"2026-03-03";"Paid";0.0;0.0
"G01874";510;"2026-04-11";"Paid";0.0;0.0
"G01875";426;"2026-02-14";"Paid";0.0;0.0
"G01876";505;"2026-06-25";"Paid";0.0;0.0
"G01877";203;"2026-04-14";"Paid";0.0;0.0
"G01878";526;"2026-06-13";"Unpaid";66.36;0.0
"G01879";320;"2026-01-26";"Paid";0.0;0.0
"G01880";314;"2026-03-17";"Paid";0.0;0.0
"G01881";407;"2026-04-08";"Paid";0.0;0.0
"G01882";115;"2026-01-07";"Paid";0.0;0.0
"G01883";113;"2026-06-21";"Paid";0.0;0.0
"G01884";514;"2026-03-25";"Paid";0.0;0.0
"G01885";523;"2026-03-05";"Disputed";72.05;72.05
"G01886";323;"2026-05-09";"Paid";0.0;0.0
"G01887";323;"2026-05-22";"Paid";0.0;0.0
"G01888";329;"2026-01-13";"Paid";0.0;0.0
"G01889";131;"2026-02-05";"Paid";0.0;0.0
"G01890";234;"2026-06-22";"Paid";0.0;0.0
"G01891";308;"2026-04-03";"Paid";0.0;0.0
"G01892";315;"2026-06-01";"Disputed";0.0;10.36
"G01893";510;"2026-04-11";"Paid";0.0;0.0
"G01894";329;"2026-05-20";"Paid";0.0;0.0
"G01895";112;"2026-01-07";"Disputed";79.94;79.94
"G01896";319;"2026-05-31";"Paid";0.0;0.0
"G01897";405;"2026-05-20";"Paid";0.0;0.0
"G01898";405;"2026-05-16";"Paid";0.0;0.0
"G01899";320;"2026-02-15";"Paid";0.0;0.0
"G01900";302;"2026-02-22";"Paid";0.0;0.0
"G01901";114;"2026-04-12";"Unpaid";18.39;0.0
"G01902";126;"2026-06-04";"Paid";0.0;0.0
"G01903";123;"2026-03-23";"Paid";0.0;0.0
"G01904";109;"2026-06-30";"Paid";0.0;0.0
"G01905";421;"2026-03-23";"Paid";0.0;0.0
"G01906";304;"2026-06-16";"Disputed";25.71;25.71
"G01907";132;"2026-06-30";"Paid";0.0;0.0
"G01908";419;"2026-01-12";"Paid";0.0;0.0
"G01909";409;"2026-03-14";"Paid";0.0;0.0
"G01910";326;"2026-04-14";"Paid";0.0;0.0
"G01911";223;"2026-04-05";"Paid";0.0;0.0
"G01912";419;"2026-05-17";"Paid";0.0;0.0
"G01913";123;"2026-06-07";"Paid";0.0;0.0
"G01914";228;"2026-05-13";"Paid";0.0;0.0
"G01915";521;"2026-05-06";"Paid";0.0;0.0
"G01916";229;"2026-04-26";"Paid";0.0;0.0
"G01917";204;"2026-04-13";"Paid";0.0;0.0
"G01918";424;"2026-05-10";"Paid";0.0;0.0
"G01919";218;"2026-06-01";"Paid";0.0;0.0
"G01920";102;"2026-06-18";"Paid";0.0;0.0
"G01921";424;"2026-05-24";"Paid";0.0;0.0
"G01922";409;"2026-01-26";"Unpaid";12.84;0.0
"G01923";515;"2026-03-11";"Paid";0.0;0.0
"G01924";223;"2026-03-31";"Paid";0.0;0.0
"G01925";529;"2026-03-16";"Paid";0.0;0.0
"G01926";105;"2026-04-17";"Paid";0.0;0.0
"G01927";422;"2026-06-12";"Unpaid";223.0;0.0
"G01928";313;"2026-01-03";"Paid";0.0;0.0
"G01929";426;"2026-05-17";"Paid";0.0;0.0
"G01930";413;"2026-03-13";"Paid";0.0;0.0
"G01931";506;"2026-06-29";"Unpaid";53.25;0.0
"G01932";503;"2026-04-18";"Paid";0.0;0.0
"G01933";117;"2026-04-10";"Paid";0.0;0.0
"G01934";523;"2026-04-13";"Paid";0.0;0.0
"G01935";215;"2026-06-29";"Paid";0.0;0.0
"G01936";503;"2026-02-21";"Paid";0.0;0.0
"G01937";309;"2026-02-07";"Paid";0.0;0.0
"G01938";225;"2026-02-22";"Paid";0.0;0.0
"G01939";324;"2026-02-02";"Paid";0.0;0.0
"G01940";513;"2026-06-25";"Paid";0.0;0.0
"G01941";229;"2026-03-22";"Paid";0.0;0.0
"G01942";512;"2026-06-24";"Paid";0.0;0.0
"G01943";224;"2026-05-29";"Paid";0.0;0.0
"G01944";226;"2026-05-06";"Paid";0.0;0.0
"G01945";322;"2026-03-10";"Paid";0.0;0.0
"G01946";234;"2026-03-20";"Paid";0.0;0.0
"G01947";107;"2026-06-05";"Unpaid";34.3;0.0
"G01948";221;"2026-01-10";"Unpaid";181.78;0.0
"G01949";415;"2026-04-01";"Paid";0.0;0.0
"G01950";422;"2026-04-05";"Paid";0.0;0.0
"G01951";324;"2026-01-25";"Paid";0.0;0.0
"G01952";213;"2026-02-17";"Paid";0.0;0.0
"G01953";427;"2026-03-25";"Paid";0.0;0.0
"G01954";217;"2026-04-01";"Paid";0.0;0.0
"G01955";130;"2026-02-10";"Paid";0.0;0.0
"G01956";418;"2026-02-24";"Paid";0.0;0.0
"G01957";412;"2026-03-25";"Paid";0.0;0.0
"G01958";223;"2026-01-11";"Paid";0.0;0.0
"G01959";523;"2026-05-11";"Paid";0.0;0.0
"G01960";119;"2026-06-11";"Paid";0.0;0.0
"G01961";423;"2026-03-30";"Paid";0.0;0.0
"G01962";213;"2026-03-05";"Paid";0.0;0.0
"G01963";218;"2026-03-26";"Paid";0.0;0.0
"G01964";232;"2026-06-26";"Paid";0.0;0.0
"G01965";109;"2026-03-10";"Paid";0.0;0.0
"G01966";213;"2026-01-22";"Paid";0.0;0.0
"G01967";515;"2026-05-06";"Paid";0.0;0.0
"G01968";523;"2026-04-13";"Paid";0.0;0.0
"G01969";227;"2026-05-26";"Unpaid";22.19;0.0
"G01970";421;"2026-01-04";"Paid";0.0;0.0
"G01971";211;"2026-04-18";"Paid";0.0;0.0
"G01972";205;"2026-02-28";"Paid";0.0;0.0
"G01973";110;"2026-06-11";"Paid";0.0;0.0
"G01974";108;"2026-04-25";"Paid";0.0;0.0
"G01975";522;"2026-03-22";"Paid";0.0;0.0
"G01976";129;"2026-06-20";"Paid";0.0;0.0
"G01977";318;"2026-05-28";"Paid";0.0;0.0
"G01978";110;"2026-05-25";"Paid";0.0;0.0
"G01979";230;"2026-03-29";"Unpaid";14.63;0.0
"G01980";116;"2026-03-25";"Paid";0.0;0.0
"G01981";225;"2026-05-09";"Unpaid";24.83;0.0
"G01982";226;"2026-05-11";"Paid";0.0;0.0
"G01983";320;"2026-04-26";"Paid";0.0;0.0
"G01984";523;"2026-04-28";"Paid";0.0;0.0
"G01985";316;"2026-02-05";"Paid";0.0;0.0
"G01986";116;"2026-05-14";"Paid";0.0;0.0
"G01987";431;"2026-02-10";"Paid";0.0;0.0
"G01988";112;"2026-04-28";"Paid";0.0;0.0
"G01989";327;"2026-03-10";"Paid";0.0;0.0
"G01990";215;"2026-06-18";"Paid";0.0;0.0
"G01991";330;"2026-06-10";"Paid";0.0;0.0
"G01992";427;"2026-02-08";"Disputed";64.64;64.64
"G01993";528;"2026-02-21";"Paid";0.0;0.0
"G01994";410;"2026-03-30";"Paid";0.0;0.0
"G01995";313;"2026-04-13";"Paid";0.0;0.0
"G01996";330;"2026-01-23";"Unpaid";32.13;0.0
"G01997";332;"2026-01-21";"Paid";0.0;0.0
"G01998";520;"2026-05-06";"Paid";0.0;0.0
"G01999";517;"2026-02-08";"Disputed";28.48;28.48
"G02000";533;"2026-06-02";"Paid";0.0;0.0
"G02001";501;"2026-03-16";"Paid";0.0;0.0
"G02002";101;"2026-02-07";"Paid";0.0;0.0
"G02003";214;"2026-05-31";"Paid";0.0;0.0
"G02004";511;"2026-01-11";"Paid";0.0;0.0
"G02005";214;"2026-05-12";"Disputed";127.23;127.23
"G02006";429;"2026-06-26";"Paid";0.0;0.0
"G02007";315;"2026-05-22";"Paid";0.0;0.0
"G02008";425;"2026-05-07";"Unpaid";21.74;0.0
"G02009";117;"2026-05-14";"Paid";0.0;0.0
"G02010";114;"2026-03-08";"Paid";0.0;0.0
"G02011";110;"2026-03-06";"Paid";0.0;0.0
"G02012";116;"2026-03-19";"Paid";0.0;0.0
"G02013";314;"2026-01-25";"Unpaid";49.68;0.0
"G02014";425;"2026-03-29";"Paid";0.0;0.0
"G02015";431;"2026-03-03";"Paid";0.0;0.0
"G02016";319;"2026-01-26";"Paid";0.0;0.0
"G02017";532;"2026-01-23";"Disputed";129.2;129.2
"G02018";416;"2026-05-15";"Paid";0.0;0.0
"G02019";204;"2026-04-19";"Paid";0.0;0.0
"G02020";230;"2026-02-07";"Unpaid";12.45;0.0
"G02021";517;"2026-02-22";"Paid";0.0;0.0
"G02022";425;"2026-03-06";"Paid";0.0;0.0
"G02023";518;"2026-06-18";"Paid";0.0;0.0
"G02024";321;"2026-06-11";"Paid";0.0;0.0
"G02025";230;"2026-04-13";"Paid";0.0;0.0
"G02026";117;"2026-05-01";"Paid";0.0;0.0
"G02027";332;"2026-01-22";"Paid";0.0;0.0
"G02028";313;"2026-03-16";"Disputed";56.65;56.65
"G02029";325;"2026-05-30";"Paid";0.0;0.0
"G02030";101;"2026-02-04";"Paid";0.0;0.0
"G02031";404;"2026-01-27";"Paid";0.0;0.0
"G02032";434;"2026-06-19";"Disputed";29.98;29.98
"G02033";414;"2026-03-18";"Paid";0.0;0.0
"G02034";405;"2026-06-04";"Paid";0.0;0.0
"G02035";404;"2026-05-18";"Paid";0.0;0.0
"G02036";427;"2026-06-21";"Paid";0.0;0.0
"G02037";334;"2026-05-24";"Paid";0.0;0.0
"G02038";224;"2026-05-08";"Paid";0.0;0.0
"G02039";203;"2026-05-19";"Paid";0.0;0.0
"G02040";433;"2026-01-17";"Paid";0.0;0.0
"G02041";211;"2026-05-19";"Unpaid";150.0;0.0
"G02042";206;"2026-02-12";"Unpaid";174.62;0.0
"G02043";309;"2026-02-01";"Paid";0.0;0.0
"G02044";425;"2026-03-19";"Paid";0.0;0.0
"G02045";113;"2026-02-20";"Paid";0.0;0.0
"G02046";409;"2026-04-25";"Paid";0.0;0.0
"G02047";405;"2026-04-15";"Paid";0.0;0.0
"G02048";403;"2026-03-10";"Paid";0.0;0.0
"G02049";407;"2026-01-29";"Paid";0.0;0.0
"G02050";303;"2026-02-20";"Paid";0.0;0.0
"G02051";512;"2026-05-02";"Paid";0.0;0.0
"G02052";408;"2026-03-10";"Paid";0.0;0.0
"G02053";230;"2026-04-20";"Unpaid";39.67;0.0
"G02054";407;"2026-02-11";"Paid";0.0;0.0
"G02055";426;"2026-01-29";"Paid";0.0;0.0
"G02056";202;"2026-02-10";"Paid";0.0;0.0
"G02057";432;"2026-02-10";"Paid";0.0;0.0
"G02058";418;"2026-03-29";"Paid";0.0;0.0
"G02059";504;"2026-01-08";"Paid";0.0;0.0
"G02060";122;"2026-03-22";"Disputed";186.04;186.04
"G02061";333;"2026-06-25";"Paid";0.0;0.0
"G02062";426;"2026-02-23";"Paid";0.0;0.0
"G02063";430;"2026-06-23";"Unpaid";19.53;0.0
"G02064";325;"2026-02-18";"Paid";0.0;0.0
"G02065";519;"2026-01-25";"Paid";0.0;0.0
"G02066";318;"2026-02-21";"Paid";0.0;0.0
"G02067";107;"2026-04-08";"Paid";0.0;0.0
"G02068";317;"2026-04-02";"Unpaid";31.34;0.0
"G02069";425;"2026-05-09";"Paid";0.0;0.0
"G02070";417;"2026-01-24";"Paid";0.0;0.0
"G02071";129;"2026-05-29";"Paid";0.0;0.0
"G02072";121;"2026-04-06";"Paid";0.0;0.0
"G02073";501;"2026-01-14";"Paid";0.0;0.0
"G02074";115;"2026-04-04";"Paid";0.0;0.0
"G02075";504;"2026-03-29";"Paid";0.0;0.0
"G02076";114;"2026-05-07";"Unpaid";47.15;0.0
"G02077";306;"2026-06-07";"Paid";0.0;0.0
"G02078";405;"2026-06-22";"Paid";0.0;0.0
"G02079";120;"2026-04-13";"Paid";0.0;0.0
"G02080";121;"2026-05-19";"Unpaid";60.89;0.0
"G02081";130;"2026-05-12";"Paid";0.0;0.0
"G02082";523;"2026-04-25";"Paid";0.0;0.0
"G02083";201;"2026-06-30";"Paid";0.0;0.0
"G02084";330;"2026-02-11";"Paid";0.0;0.0
"G02085";229;"2026-01-25";"Paid";0.0;0.0
"G02086";215;"2026-02-27";"Paid";0.0;0.0
"G02087";414;"2026-04-11";"Paid";0.0;0.0
"G02088";111;"2026-05-25";"Paid";0.0;0.0
"G02089";410;"2026-05-02";"Paid";0.0;0.0
"G02090";517;"2026-06-11";"Paid";0.0;0.0
"G02091";430;"2026-02-11";"Paid";0.0;0.0
"G02092";527;"2026-04-05";"Paid";0.0;0.0
"G02093";412;"2026-06-02";"Paid";0.0;0.0
"G02094";419;"2026-04-12";"Paid";0.0;0.0
"G02095";515;"2026-01-20";"Paid";0.0;0.0
"G02096";109;"2026-01-05";"Paid";0.0;0.0
"G02097";202;"2026-05-18";"Disputed";78.57;78.57
"G02098";207;"2026-05-03";"Paid";0.0;0.0
"G02099";320;"2026-04-26";"Paid";0.0;0.0
"G02100";422;"2026-02-10";"Unpaid";219.58;0.0
"G02101";312;"2026-05-22";"Paid";0.0;0.0
"G02102";320;"2026-06-11";"Paid";0.0;0.0
"G02103";528;"2026-01-14";"Paid";0.0;0.0
"G02104";507;"2026-03-04";"Paid";0.0;0.0
"G02105";115;"2026-06-09";"Paid";0.0;0.0
"G02106";126;"2026-02-06";"Paid";0.0;0.0
"G02107";412;"2026-05-21";"Paid";0.0;0.0
"G02108";407;"2026-02-04";"Paid";0.0;0.0
"G02109";324;"2026-06-09";"Paid";0.0;0.0
"G02110";212;"2026-01-20";"Paid";0.0;0.0
"G02111";124;"2026-05-26";"Paid";0.0;0.0
"G02112";433;"2026-04-02";"Paid";0.0;0.0
"G02113";222;"2026-04-12";"Paid";0.0;0.0
"G02114";533;"2026-04-12";"Disputed";94.42;94.42
"G02115";326;"2026-05-23";"Paid";0.0;0.0
"G02116";207;"2026-06-16";"Paid";0.0;0.0
"G02117";231;"2026-01-05";"Paid";0.0;0.0
"G02118";122;"2026-04-20";"Unpaid";73.74;0.0
"G02119";404;"2026-06-28";"Paid";0.0;0.0
"G02120";432;"2026-05-17";"Paid";0.0;0.0
"G02121";132;"2026-05-23";"Paid";0.0;0.0
"G02122";120;"2026-04-09";"Paid";0.0;0.0
"G02123";333;"2026-01-16";"Paid";0.0;0.0
"G02124";115;"2026-03-29";"Paid";0.0;0.0
"G02125";126;"2026-06-21";"Paid";0.0;0.0
"G02126";203;"2026-01-13";"Paid";0.0;0.0
"G02127";119;"2026-04-05";"Disputed";109.14;109.14
"G02128";110;"2026-02-11";"Unpaid";19.84;0.0
"G02129";120;"2026-02-10";"Paid";0.0;0.0
"G02130";428;"2026-02-20";"Paid";0.0;0.0
"G02131";226;"2026-05-30";"Paid";0.0;0.0
"G02132";521;"2026-05-30";"Paid";0.0;0.0
"G02133";428;"2026-01-29";"Unpaid";78.69;0.0
"G02134";207;"2026-03-14";"Paid";0.0;0.0
"G02135";524;"2026-04-07";"Paid";0.0;0.0
"G02136";202;"2026-03-16";"Paid";0.0;0.0
"G02137";217;"2026-06-23";"Paid";0.0;0.0
"G02138";214;"2026-03-07";"Unpaid";28.63;0.0
"G02139";211;"2026-01-12";"Paid";0.0;0.0
"G02140";111;"2026-06-07";"Unpaid";15.81;0.0
"G02141";517;"2026-05-28";"Paid";0.0;0.0
"G02142";408;"2026-06-24";"Paid";0.0;0.0
"G02143";214;"2026-05-19";"Paid";0.0;0.0
"G02144";121;"2026-04-20";"Paid";0.0;0.0
"G02145";419;"2026-05-03";"Paid";0.0;0.0
"G02146";431;"2026-05-25";"Paid";0.0;0.0
"G02147";411;"2026-02-26";"Unpaid";108.65;0.0
"G02148";218;"2026-02-24";"Paid";0.0;0.0
"G02149";312;"2026-04-01";"Paid";0.0;0.0
"G02150";134;"2026-04-14";"Disputed";0.0;150.33
"G02151";502;"2026-05-27";"Paid";0.0;0.0
"G02152";424;"2026-04-29";"Paid";0.0;0.0
"G02153";318;"2026-02-18";"Paid";0.0;0.0
"G02154";102;"2026-06-09";"Paid";0.0;0.0
"G02155";319;"2026-05-23";"Paid";0.0;0.0
"G02156";133;"2026-02-01";"Paid";0.0;0.0
"G02157";106;"2026-02-23";"Paid";0.0;0.0
"G02158";120;"2026-04-18";"Paid";0.0;0.0
"G02159";116;"2026-06-19";"Disputed";39.73;39.73
"G02160";215;"2026-03-15";"Paid";0.0;0.0
"G02161";401;"2026-01-26";"Disputed";108.0;108.0
"G02162";211;"2026-06-29";"Paid";0.0;0.0
"G02163";228;"2026-02-01";"Paid";0.0;0.0
"G02164";127;"2026-05-20";"Paid";0.0;0.0
"G02165";111;"2026-05-29";"Paid";0.0;0.0
"G02166";528;"2026-05-26";"Paid";0.0;0.0
"G02167";430;"2026-01-07";"Paid";0.0;0.0
"G02168";311;"2026-04-22";"Paid";0.0;0.0
"G02169";101;"2026-04-22";"Paid";0.0;0.0
"G02170";112;"2026-05-17";"Disputed";0.0;24.15
"G02171";520;"2026-03-01";"Paid";0.0;0.0
"G02172";504;"2026-03-02";"Paid";0.0;0.0
"G02173";304;"2026-01-27";"Paid";0.0;0.0
"G02174";330;"2026-03-27";"Paid";0.0;0.0
"G02175";209;"2026-01-03";"Paid";0.0;0.0
"G02176";129;"2026-03-18";"Unpaid";106.61;0.0
"G02177";225;"2026-01-29";"Paid";0.0;0.0
"G02178";304;"2026-01-08";"Paid";0.0;0.0
"G02179";324;"2026-06-03";"Paid";0.0;0.0
"G02180";222;"2026-03-05";"Paid";0.0;0.0
"G02181";427;"2026-04-03";"Paid";0.0;0.0
"G02182";514;"2026-05-26";"Paid";0.0;0.0
"G02183";125;"2026-02-28";"Paid";0.0;0.0
"G02184";131;"2026-05-18";"Paid";0.0;0.0
"G02185";405;"2026-06-08";"Paid";0.0;0.0
"G02186";220;"2026-02-03";"Paid";0.0;0.0
"G02187";314;"2026-06-13";"Paid";0.0;0.0
"G02188";513;"2026-04-19";"Paid";0.0;0.0
"G02189";303;"2026-06-06";"Disputed";0.0;196.82
"G02190";313;"2026-05-20";"Paid";0.0;0.0
"G02191";318;"2026-01-12";"Paid";0.0;0.0
"G02192";402;"2026-02-21";"Disputed";36.77;36.77
"G02193";326;"2026-03-31";"Paid";0.0;0.0
"G02194";410;"2026-03-26";"Paid";0.0;0.0
"G02195";325;"2026-06-17";"Paid";0.0;0.0
"G02196";409;"2026-05-01";"Unpaid";12.0;0.0
"G02197";505;"2026-06-03";"Paid";0.0;0.0
"G02198";523;"2026-06-02";"Paid";0.0;0.0
"G02199";217;"2026-01-19";"Paid";0.0;0.0
"G02200";204;"2026-04-21";"Paid";0.0;0.0
"G02201";206;"2026-03-13";"Paid";0.0;0.0
"G02202";406;"2026-03-19";"Paid";0.0;0.0
"G02203";421;"2026-06-15";"Paid";0.0;0.0
"G02204";322;"2026-01-24";"Paid";0.0;0.0
"G02205";529;"2026-03-23";"Paid";0.0;0.0
"G02206";520;"2026-02-06";"Paid";0.0;0.0
"G02207";117;"2026-06-24";"Paid";0.0;0.0
"G02208";101;"2026-05-13";"Disputed";28.51;28.51
"G02209";102;"2026-05-05";"Paid";0.0;0.0
"G02210";410;"2026-01-15";"Paid";0.0;0.0
"G02211";333;"2026-02-15";"Paid";0.0;0.0
"G02212";408;"2026-05-08";"Paid";0.0;0.0
"G02213";329;"2026-04-15";"Paid";0.0;0.0
"G02214";407;"2026-06-01";"Unpaid";77.48;0.0
"G02215";133;"2026-06-09";"Paid";0.0;0.0
"G02216";116;"2026-05-12";"Paid";0.0;0.0
"G02217";101;"2026-04-05";"Paid";0.0;0.0
"G02218";227;"2026-04-30";"Paid";0.0;0.0
"G02219";506;"2026-01-03";"Unpaid";24.51;0.0
"G02220";125;"2026-05-30";"Unpaid";34.08;0.0
"G02221";311;"2026-01-30";"Paid";0.0;0.0
"G02222";317;"2026-02-03";"Paid";0.0;0.0
"G02223";234;"2026-05-03";"Paid";0.0;0.0
"G02224";311;"2026-01-31";"Paid";0.0;0.0
"G02225";203;"2026-05-04";"Paid";0.0;0.0
"G02226";219;"2026-03-30";"Paid";0.0;0.0
"G02227";314;"2026-06-23";"Paid";0.0;0.0
"G02228";324;"2026-04-29";"Paid";0.0;0.0
"G02229";126;"2026-02-01";"Unpaid";142.66;0.0
"G02230";322;"2026-06-08";"Unpaid";24.58;0.0
"G02231";420;"2026-05-02";"Paid";0.0;0.0
"G02232";302;"2026-04-15";"Paid";0.0;0.0
"G02233";306;"2026-04-05";"Paid";0.0;0.0
"G02234";527;"2026-03-03";"Paid";0.0;0.0
"G02235";232;"2026-02-27";"Paid";0.0;0.0
"G02236";404;"2026-04-07";"Paid";0.0;0.0
"G02237";127;"2026-02-27";"Disputed";40.89;40.89
"G02238";309;"2026-04-14";"Paid";0.0;0.0
"G02239";507;"2026-04-05";"Paid";0.0;0.0
"G02240";134;"2026-05-08";"Paid";0.0;0.0
"G02241";229;"2026-01-17";"Paid";0.0;0.0
"G02242";334;"2026-02-18";"Paid";0.0;0.0
"G02243";415;"2026-05-28";"Paid";0.0;0.0
"G02244";120;"2026-04-06";"Unpaid";18.81;0.0
"G02245";113;"2026-04-10";"Paid";0.0;0.0
"G02246";233;"2026-04-24";"Paid";0.0;0.0
"G02247";406;"2026-04-17";"Paid";0.0;0.0
"G02248";405;"2026-05-27";"Paid";0.0;0.0
"G02249";132;"2026-05-20";"Paid";0.0;0.0
"G02250";106;"2026-02-17";"Paid";0.0;0.0
"G02251";313;"2026-06-07";"Paid";0.0;0.0
"G02252";302;"2026-02-18";"Paid";0.0;0.0
"G02253";123;"2026-02-24";"Paid";0.0;0.0
"G02254";329;"2026-03-31";"Paid";0.0;0.0
"G02255";432;"2026-06-18";"Paid";0.0;0.0
"G02256";308;"2026-01-08";"Paid";0.0;0.0
"G02257";309;"2026-03-21";"Paid";0.0;0.0
"G02258";303;"2026-02-23";"Unpaid";46.29;0.0
"G02259";129;"2026-06-16";"Paid";0.0;0.0
"G02260";120;"2026-03-16";"Disputed";125.48;125.48
"G02261";114;"2026-06-30";"Paid";0.0;0.0
"G02262";327;"2026-05-27";"Paid";0.0;0.0
"G02263";414;"2026-06-05";"Paid";0.0;0.0
"G02264";508;"2026-04-28";"Paid";0.0;0.0
"G02265";216;"2026-02-21";"Paid";0.0;0.0
"G02266";111;"2026-03-07";"Paid";0.0;0.0
"G02267";529;"2026-03-19";"Paid";0.0;0.0
"G02268";532;"2026-01-08";"Paid";0.0;0.0
"G02269";513;"2026-03-22";"Paid";0.0;0.0
"G02270";527;"2026-06-25";"Paid";0.0;0.0
"G02271";129;"2026-02-08";"Paid";0.0;0.0
"G02272";407;"2026-03-25";"Paid";0.0;0.0
"G02273";117;"2026-05-10";"Paid";0.0;0.0
"G02274";209;"2026-06-14";"Paid";0.0;0.0
"G02275";508;"2026-03-19";"Paid";0.0;0.0
"G02276";109;"2026-04-04";"Unpaid";24.21;0.0
"G02277";117;"2026-05-20";"Paid";0.0;0.0
"G02278";213;"2026-04-18";"Disputed";66.71;66.71
"G02279";323;"2026-05-16";"Paid";0.0;0.0
"G02280";410;"2026-04-14";"Paid";0.0;0.0
"G02281";334;"2026-05-04";"Paid";0.0;0.0
"G02282";230;"2026-01-24";"Paid";0.0;0.0
"G02283";506;"2026-01-10";"Paid";0.0;0.0
"G02284";319;"2026-05-06";"Paid";0.0;0.0
"G02285";532;"2026-05-25";"Paid";0.0;0.0
"G02286";104;"2026-03-26";"Paid";0.0;0.0
"G02287";116;"2026-05-28";"Paid";0.0;0.0
"G02288";113;"2026-02-19";"Paid";0.0;0.0
"G02289";303;"2026-04-05";"Paid";0.0;0.0
"G02290";308;"2026-05-28";"Paid";0.0;0.0
"G02291";504;"2026-06-16";"Paid";0.0;0.0
"G02292";407;"2026-06-15";"Paid";0.0;0.0
"G02293";425;"2026-05-01";"Unpaid";35.96;0.0
"G02294";529;"2026-03-27";"Paid";0.0;0.0
"G02295";508;"2026-05-02";"Paid";0.0;0.0
"G02296";504;"2026-05-04";"Paid";0.0;0.0
"G02297";318;"2026-01-15";"Unpaid";34.52;0.0
"G02298";322;"2026-06-11";"Paid";0.0;0.0
"G02299";128;"2026-04-23";"Disputed";17.95;17.95
"G02300";501;"2026-02-25";"Paid";0.0;0.0
"G02301";231;"2026-04-18";"Paid";0.0;0.0
"G02302";301;"2026-02-18";"Paid";0.0;0.0
"G02303";432;"2026-03-16";"Disputed";23.74;23.74
"G02304";207;"2026-04-02";"Paid";0.0;0.0
"G02305";425;"2026-04-24";"Paid";0.0;0.0
"G02306";229;"2026-05-07";"Disputed";0.0;56.53
"G02307";329;"2026-05-11";"Paid";0.0;0.0
"G02308";202;"2026-03-12";"Paid";0.0;0.0
"G02309";527;"2026-02-14";"Paid";0.0;0.0
"G02310";202;"2026-04-03";"Paid";0.0;0.0
"G02311";327;"2026-05-04";"Paid";0.0;0.0
"G02312";131;"2026-05-11";"Paid";0.0;0.0
"G02313";407;"2026-03-14";"Unpaid";99.39;0.0
"G02314";125;"2026-03-05";"Paid";0.0;0.0
"G02315";334;"2026-05-11";"Paid";0.0;0.0
"G02316";221;"2026-04-22";"Paid";0.0;0.0
"G02317";122;"2026-01-05";"Paid";0.0;0.0
"G02318";406;"2026-01-05";"Paid";0.0;0.0
"G02319";426;"2026-01-05";"Paid";0.0;0.0
"G02320";305;"2026-06-30";"Paid";0.0;0.0
"G02321";104;"2026-03-14";"Paid";0.0;0.0
"G02322";312;"2026-02-08";"Paid";0.0;0.0
"G02323";221;"2026-04-23";"Unpaid";77.71;0.0
"G02324";229;"2026-03-30";"Paid";0.0;0.0
"G02325";212;"2026-01-30";"Disputed";17.71;17.71
"G02326";222;"2026-02-28";"Paid";0.0;0.0
"G02327";204;"2026-03-18";"Paid";0.0;0.0
"G02328";108;"2026-02-01";"Paid";0.0;0.0
"G02329";424;"2026-04-08";"Paid";0.0;0.0
"G02330";320;"2026-05-23";"Paid";0.0;0.0
"G02331";514;"2026-02-13";"Paid";0.0;0.0
"G02332";523;"2026-03-08";"Paid";0.0;0.0
"G02333";505;"2026-05-09";"Paid";0.0;0.0
"G02334";204;"2026-02-27";"Paid";0.0;0.0
"G02335";408;"2026-05-08";"Paid";0.0;0.0
"G02336";524;"2026-01-19";"Paid";0.0;0.0
"G02337";531;"2026-03-04";"Paid";0.0;0.0
"G02338";219;"2026-06-01";"Paid";0.0;0.0
"G02339";526;"2026-01-22";"Paid";0.0;0.0
"G02340";127;"2026-03-17";"Paid";0.0;0.0
"G02341";533;"2026-01-07";"Paid";0.0;0.0
"G02342";517;"2026-06-01";"Disputed";43.3;43.3
"G02343";422;"2026-01-22";"Unpaid";49.9;0.0
"G02344";228;"2026-01-04";"Paid";0.0;0.0
"G02345";508;"2026-02-03";"Paid";0.0;0.0
"G02346";227;"2026-02-12";"Paid";0.0;0.0
"G02347";428;"2026-05-03";"Paid";0.0;0.0
"G02348";433;"2026-02-03";"Paid";0.0;0.0
"G02349";212;"2026-01-28";"Paid";0.0;0.0
"G02350";229;"2026-03-27";"Paid";0.0;0.0
"G02351";218;"2026-03-28";"Paid";0.0;0.0
"G02352";132;"2026-02-15";"Paid";0.0;0.0
"G02353";209;"2026-06-16";"Paid";0.0;0.0
"G02354";319;"2026-01-26";"Paid";0.0;0.0
"G02355";320;"2026-03-04";"Paid";0.0;0.0
"G02356";429;"2026-04-04";"Paid";0.0;0.0
"G02357";114;"2026-05-17";"Paid";0.0;0.0
"G02358";513;"2026-04-07";"Disputed";70.66;70.66
"G02359";204;"2026-02-09";"Paid";0.0;0.0
"G02360";332;"2026-06-11";"Paid";0.0;0.0
"G02361";108;"2026-05-27";"Paid";0.0;0.0
"G02362";105;"2026-04-06";"Paid";0.0;0.0
"G02363";529;"2026-02-27";"Paid";0.0;0.0
"G02364";114;"2026-03-26";"Paid";0.0;0.0
"G02365";431;"2026-06-12";"Paid";0.0;0.0
"G02366";106;"2026-04-24";"Unpaid";67.7;0.0
"G02367";314;"2026-01-19";"Unpaid";220.23;0.0
"G02368";112;"2026-05-10";"Paid";0.0;0.0
"G02369";224;"2026-03-25";"Paid";0.0;0.0
"G02370";404;"2026-06-08";"Paid";0.0;0.0
"G02371";421;"2026-06-26";"Paid";0.0;0.0
"G02372";327;"2026-04-28";"Paid";0.0;0.0
"G02373";304;"2026-04-28";"Paid";0.0;0.0
"G02374";434;"2026-02-25";"Paid";0.0;0.0
"G02375";312;"2026-04-18";"Disputed";0.0;57.36
"G02376";511;"2026-02-16";"Paid";0.0;0.0
"G02377";520;"2026-01-08";"Unpaid";36.45;0.0
"G02378";127;"2026-04-30";"Paid";0.0;0.0
"G02379";314;"2026-04-20";"Paid";0.0;0.0
"G02380";227;"2026-05-28";"Paid";0.0;0.0
"G02381";424;"2026-03-15";"Paid";0.0;0.0
"G02382";201;"2026-05-06";"Paid";0.0;0.0
"G02383";325;"2026-04-16";"Paid";0.0;0.0
"G02384";517;"2026-04-30";"Paid";0.0;0.0
"G02385";222;"2026-03-25";"Paid";0.0;0.0
"G02386";532;"2026-05-31";"Disputed";66.89;66.89
"G02387";507;"2026-01-29";"Paid";0.0;0.0
"G02388";110;"2026-03-18";"Unpaid";102.78;0.0
"G02389";501;"2026-04-12";"Paid";0.0;0.0
"G02390";320;"2026-06-30";"Paid";0.0;0.0
"G02391";533;"2026-02-18";"Paid";0.0;0.0
"G02392";428;"2026-02-24";"Disputed";24.7;24.7
"G02393";227;"2026-06-25";"Paid";0.0;0.0
"G02394";109;"2026-01-17";"Paid";0.0;0.0
"G02395";321;"2026-01-16";"Unpaid";40.98;0.0
"G02396";227;"2026-02-08";"Paid";0.0;0.0
"G02397";508;"2026-02-12";"Paid";0.0;0.0
"G02398";429;"2026-03-29";"Paid";0.0;0.0
"G02399";423;"2026-06-30";"Paid";0.0;0.0
"G02400";218;"2026-02-03";"Paid";0.0;0.0
"G02401";519;"2026-05-21";"Paid";0.0;0.0
"G02402";327;"2026-02-20";"Paid";0.0;0.0
"G02403";204;"2026-04-09";"Paid";0.0;0.0
"G02404";203;"2026-02-24";"Paid";0.0;0.0
"G02405";227;"2026-03-07";"Unpaid";12.93;0.0
"G02406";112;"2026-06-02";"Unpaid";57.11;0.0
"G02407";117;"2026-03-20";"Paid";0.0;0.0
"G02408";216;"2026-05-30";"Paid";0.0;0.0
"G02409";508;"2026-03-24";"Paid";0.0;0.0
"G02410";406;"2026-04-09";"Paid";0.0;0.0
"G02411";213;"2026-02-23";"Paid";0.0;0.0
"G02412";417;"2026-02-18";"Paid";0.0;0.0
"G02413";234;"2026-04-15";"Paid";0.0;0.0
"G02414";307;"2026-05-02";"Paid";0.0;0.0
"G02415";133;"2026-04-15";"Paid";0.0;0.0
"G02416";208;"2026-01-30";"Paid";0.0;0.0
"G02417";107;"2026-01-17";"Paid";0.0;0.0
"G02418";217;"2026-04-20";"Paid";0.0;0.0
"G02419";217;"2026-05-12";"Disputed";18.76;18.76
"G02420";125;"2026-02-27";"Paid";0.0;0.0
"G02421";332;"2026-06-04";"Paid";0.0;0.0
"G02422";227;"2026-02-21";"Paid";0.0;0.0
"G02423";317;"2026-05-17";"Paid";0.0;0.0
"G02424";424;"2026-03-30";"Paid";0.0;0.0
"G02425";231;"2026-04-15";"Unpaid";56.05;0.0
"G02426";206;"2026-02-09";"Disputed";0.0;30.3
"G02427";421;"2026-06-02";"Paid";0.0;0.0
"G02428";201;"2026-01-11";"Paid";0.0;0.0
"G02429";524;"2026-03-23";"Paid";0.0;0.0
"G02430";105;"2026-01-07";"Paid";0.0;0.0
"G02431";110;"2026-03-28";"Paid";0.0;0.0
"G02432";430;"2026-01-21";"Paid";0.0;0.0
"G02433";524;"2026-04-08";"Paid";0.0;0.0
"G02434";508;"2026-06-12";"Paid";0.0;0.0
"G02435";306;"2026-05-27";"Paid";0.0;0.0
"G02436";212;"2026-05-13";"Paid";0.0;0.0
"G02437";332;"2026-04-19";"Paid";0.0;0.0
"G02438";513;"2026-03-16";"Disputed";0.0;35.59
"G02439";102;"2026-04-25";"Paid";0.0;0.0
"G02440";303;"2026-03-27";"Paid";0.0;0.0
"G02441";516;"2026-05-30";"Paid";0.0;0.0
"G02442";314;"2026-01-11";"Paid";0.0;0.0
"G02443";503;"2026-05-22";"Paid";0.0;0.0
"G02444";107;"2026-03-27";"Paid";0.0;0.0
"G02445";107;"2026-05-08";"Paid";0.0;0.0
"G02446";112;"2026-05-04";"Unpaid";227.86;0.0
"G02447";201;"2026-05-14";"Paid";0.0;0.0
"G02448";533;"2026-03-11";"Paid";0.0;0.0
"G02449";515;"2026-01-13";"Paid";0.0;0.0
"G02450";225;"2026-01-25";"Unpaid";21.73;0.0
"G02451";315;"2026-03-07";"Paid";0.0;0.0
"G02452";230;"2026-04-10";"Paid";0.0;0.0
"G02453";311;"2026-05-15";"Paid";0.0;0.0
"G02454";224;"2026-02-03";"Paid";0.0;0.0
"G02455";305;"2026-01-12";"Paid";0.0;0.0
"G02456";309;"2026-01-10";"Unpaid";13.55;0.0
"G02457";217;"2026-05-05";"Paid";0.0;0.0
"G02458";312;"2026-06-24";"Paid";0.0;0.0
"G02459";323;"2026-06-15";"Paid";0.0;0.0
"G02460";412;"2026-02-06";"Paid";0.0;0.0
"G02461";219;"2026-02-24";"Paid";0.0;0.0
"G02462";323;"2026-01-12";"Paid";0.0;0.0
"G02463";130;"2026-01-24";"Paid";0.0;0.0
"G02464";412;"2026-05-25";"Paid";0.0;0.0
"G02465";411;"2026-06-25";"Disputed";51.77;51.77
"G02466";121;"2026-02-15";"Paid";0.0;0.0
"G02467";131;"2026-01-13";"Paid";0.0;0.0
"G02468";222;"2026-01-11";"Paid";0.0;0.0
"G02469";226;"2026-03-09";"Paid";0.0;0.0
"G02470";214;"2026-04-27";"Paid";0.0;0.0
"G02471";221;"2026-04-22";"Paid";0.0;0.0
"G02472";402;"2026-05-05";"Unpaid";11.78;0.0
"G02473";105;"2026-02-23";"Paid";0.0;0.0
"G02474";528;"2026-02-05";"Paid";0.0;0.0
"G02475";333;"2026-01-19";"Paid";0.0;0.0
"G02476";108;"2026-01-23";"Paid";0.0;0.0
"G02477";309;"2026-02-21";"Paid";0.0;0.0
"G02478";504;"2026-01-29";"Paid";0.0;0.0
"G02479";204;"2026-04-21";"Paid";0.0;0.0
"G02480";527;"2026-01-18";"Paid";0.0;0.0
"G02481";108;"2026-04-20";"Paid";0.0;0.0
"G02482";421;"2026-02-20";"Paid";0.0;0.0
"G02483";118;"2026-02-28";"Paid";0.0;0.0
"G02484";316;"2026-06-01";"Disputed";63.83;63.83
"G02485";234;"2026-05-18";"Paid";0.0;0.0
"G02486";429;"2026-05-19";"Paid";0.0;0.0
"G02487";119;"2026-06-30";"Paid";0.0;0.0
"G02488";410;"2026-03-12";"Paid";0.0;0.0
"G02489";431;"2026-06-14";"Paid";0.0;0.0
"G02490";520;"2026-06-30";"Paid";0.0;0.0
"G02491";501;"2026-03-02";"Paid";0.0;0.0
"G02492";118;"2026-05-26";"Paid";0.0;0.0
"G02493";225;"2026-03-02";"Paid";0.0;0.0
"G02494";319;"2026-05-02";"Paid";0.0;0.0
"G02495";529;"2026-06-03";"Paid";0.0;0.0
"G02496";411;"2026-04-05";"Paid";0.0;0.0
"G02497";301;"2026-02-27";"Paid";0.0;0.0
"G02498";310;"2026-01-31";"Paid";0.0;0.0
"G02499";513;"2026-03-29";"Paid";0.0;0.0
"G02500";428;"2026-04-29";"Paid";0.0;0.0
"G02501";101;"2026-03-12";"Paid";0.0;0.0
"G02502";514;"2026-02-24";"Paid";0.0;0.0
"G02503";202;"2026-02-06";"Paid";0.0;0.0
"G02504";234;"2026-03-11";"Paid";0.0;0.0
"G02505";429;"2026-04-01";"Paid";0.0;0.0
"G02506";202;"2026-03-29";"Disputed";56.26;56.26
"G02507";125;"2026-06-03";"Paid";0.0;0.0
"G02508";219;"2026-05-15";"Paid";0.0;0.0
"G02509";313;"2026-04-06";"Unpaid";36.94;0.0
"G02510";213;"2026-02-05";"Unpaid";77.82;0.0
"G02511";429;"2026-05-14";"Paid";0.0;0.0
"G02512";209;"2026-05-10";"Paid";0.0;0.0
"G02513";425;"2026-06-20";"Paid";0.0;0.0
"G02514";119;"2026-06-05";"Paid";0.0;0.0
"G02515";227;"2026-06-26";"Paid";0.0;0.0
"G02516";211;"2026-01-19";"Unpaid";39.74;0.0
"G02517";414;"2026-01-29";"Paid";0.0;0.0
"G02518";215;"2026-03-31";"Disputed";0.0;51.51
"G02519";106;"2026-03-17";"Paid";0.0;0.0
"G02520";509;"2026-06-30";"Paid";0.0;0.0
"G02521";216;"2026-04-05";"Paid";0.0;0.0
"G02522";509;"2026-01-09";"Paid";0.0;0.0
"G02523";419;"2026-02-19";"Paid";0.0;0.0
"G02524";534;"2026-02-07";"Paid";0.0;0.0
"G02525";504;"2026-06-06";"Disputed";202.83;202.83
"G02526";421;"2026-01-14";"Paid";0.0;0.0
"G02527";518;"2026-03-06";"Paid";0.0;0.0
"G02528";504;"2026-04-16";"Paid";0.0;0.0
"G02529";315;"2026-01-14";"Paid";0.0;0.0
"G02530";210;"2026-06-15";"Paid";0.0;0.0
"G02531";314;"2026-06-23";"Paid";0.0;0.0
"G02532";304;"2026-02-24";"Paid";0.0;0.0
"G02533";120;"2026-04-27";"Paid";0.0;0.0
"G02534";211;"2026-03-22";"Paid";0.0;0.0
"G02535";218;"2026-01-22";"Paid";0.0;0.0
"G02536";529;"2026-05-21";"Paid";0.0;0.0
"G02537";214;"2026-06-27";"Paid";0.0;0.0
"G02538";123;"2026-04-27";"Paid";0.0;0.0
"G02539";330;"2026-01-06";"Paid";0.0;0.0
"G02540";525;"2026-04-21";"Paid";0.0;0.0
"G02541";517;"2026-04-01";"Disputed";0.0;71.09
"G02542";123;"2026-02-22";"Disputed";89.4;89.4
"G02543";110;"2026-06-15";"Disputed";25.41;25.41
"G02544";215;"2026-05-27";"Disputed";62.14;62.14
"G02545";534;"2026-01-22";"Paid";0.0;0.0
"G02546";205;"2026-03-19";"Paid";0.0;0.0
"G02547";132;"2026-02-12";"Paid";0.0;0.0
"G02548";201;"2026-02-05";"Unpaid";62.31;0.0
"G02549";526;"2026-05-31";"Paid";0.0;0.0
"G02550";507;"2026-04-02";"Paid";0.0;0.0
"G02551";329;"2026-01-07";"Unpaid";32.66;0.0
"G02552";103;"2026-04-26";"Paid";0.0;0.0
"G02553";421;"2026-04-21";"Paid";0.0;0.0
"G02554";325;"2026-02-08";"Paid";0.0;0.0
"G02555";331;"2026-04-29";"Paid";0.0;0.0
"G02556";313;"2026-04-19";"Paid";0.0;0.0
"G02557";417;"2026-04-15";"Paid";0.0;0.0
"G02558";315;"2026-05-15";"Paid";0.0;0.0
"G02559";316;"2026-02-09";"Paid";0.0;0.0
"G02560";434;"2026-03-27";"Paid";0.0;0.0
"G02561";427;"2026-06-01";"Paid";0.0;0.0
"G02562";201;"2026-04-22";"Paid";0.0;0.0
"G02563";122;"2026-05-22";"Paid";0.0;0.0
"G02564";434;"2026-04-30";"Paid";0.0;0.0
"G02565";106;"2026-05-10";"Paid";0.0;0.0
"G02566";210;"2026-02-09";"Paid";0.0;0.0
"G02567";134;"2026-03-17";"Paid";0.0;0.0
"G02568";225;"2026-04-16";"Unpaid";14.25;0.0
"G02569";212;"2026-05-14";"Paid";0.0;0.0
"G02570";416;"2026-04-26";"Paid";0.0;0.0
"G02571";314;"2026-03-13";"Paid";0.0;0.0
"G02572";530;"2026-03-05";"Paid";0.0;0.0
"G02573";412;"2026-05-21";"Disputed";76.6;76.6
"G02574";129;"2026-01-29";"Paid";0.0;0.0
"G02575";213;"2026-02-14";"Paid";0.0;0.0
"G02576";415;"2026-05-09";"Paid";0.0;0.0
"G02577";124;"2026-06-02";"Paid";0.0;0.0
"G02578";219;"2026-01-09";"Disputed";112.43;112.43
"G02579";105;"2026-06-03";"Paid";0.0;0.0
"G02580";516;"2026-04-12";"Paid";0.0;0.0
"G02581";104;"2026-02-05";"Paid";0.0;0.0
"G02582";324;"2026-02-25";"Paid";0.0;0.0
"G02583";520;"2026-02-01";"Paid";0.0;0.0
"G02584";334;"2026-03-08";"Paid";0.0;0.0
"G02585";534;"2026-04-01";"Paid";0.0;0.0
"G02586";117;"2026-05-14";"Paid";0.0;0.0
"G02587";214;"2026-06-09";"Paid";0.0;0.0
"G02588";522;"2026-02-09";"Paid";0.0;0.0
"G02589";421;"2026-04-10";"Paid";0.0;0.0
"G02590";326;"2026-02-11";"Unpaid";37.09;0.0
"G02591";220;"2026-06-01";"Unpaid";21.02;0.0
"G02592";113;"2026-06-12";"Paid";0.0;0.0
"G02593";332;"2026-06-28";"Paid";0.0;0.0
"G02594";124;"2026-04-07";"Unpaid";65.06;0.0
"G02595";305;"2026-06-30";"Unpaid";46.57;0.0
"G02596";314;"2026-02-15";"Paid";0.0;0.0
"G02597";406;"2026-03-06";"Paid";0.0;0.0
"G02598";515;"2026-03-29";"Paid";0.0;0.0
"G02599";502;"2026-06-19";"Unpaid";63.15;0.0
"G02600";418;"2026-05-17";"Paid";0.0;0.0
"G02601";125;"2026-03-04";"Paid";0.0;0.0
"G02602";207;"2026-05-21";"Paid";0.0;0.0
"G02603";210;"2026-01-07";"Paid";0.0;0.0
"G02604";521;"2026-06-30";"Paid";0.0;0.0
"G02605";521;"2026-03-01";"Paid";0.0;0.0
"G02606";510;"2026-03-18";"Paid";0.0;0.0
"G02607";228;"2026-05-06";"Unpaid";56.62;0.0
"G02608";107;"2026-02-20";"Paid";0.0;0.0
"G02609";117;"2026-01-13";"Paid";0.0;0.0
"G02610";328;"2026-01-21";"Unpaid";21.68;0.0
"G02611";408;"2026-04-15";"Paid";0.0;0.0
"G02612";216;"2026-05-14";"Paid";0.0;0.0
"G02613";104;"2026-02-15";"Paid";0.0;0.0
"G02614";522;"2026-06-01";"Paid";0.0;0.0
"G02615";317;"2026-01-31";"Paid";0.0;0.0
"G02616";316;"2026-02-12";"Paid";0.0;0.0
"G02617";501;"2026-01-08";"Paid";0.0;0.0
"G02618";214;"2026-05-03";"Paid";0.0;0.0
"G02619";128;"2026-03-17";"Paid";0.0;0.0
"G02620";119;"2026-04-10";"Paid";0.0;0.0
"G02621";333;"2026-01-05";"Paid";0.0;0.0
"G02622";410;"2026-03-12";"Unpaid";50.12;0.0
"G02623";113;"2026-04-06";"Paid";0.0;0.0
"G02624";332;"2026-06-19";"Paid";0.0;0.0
"G02625";528;"2026-02-13";"Paid";0.0;0.0
"G02626";109;"2026-06-08";"Paid";0.0;0.0
"G02627";506;"2026-05-21";"Paid";0.0;0.0
"G02628";109;"2026-02-04";"Paid";0.0;0.0
"G02629";421;"2026-05-30";"Paid";0.0;0.0
"G02630";403;"2026-05-28";"Unpaid";29.66;0.0
"G02631";422;"2026-01-29";"Paid";0.0;0.0
"G02632";515;"2026-01-06";"Paid";0.0;0.0
"G02633";233;"2026-03-05";"Paid";0.0;0.0
"G02634";227;"2026-02-08";"Paid";0.0;0.0
"G02635";434;"2026-04-24";"Paid";0.0;0.0
"G02636";523;"2026-06-03";"Paid";0.0;0.0
"G02637";507;"2026-04-18";"Paid";0.0;0.0
"G02638";514;"2026-04-17";"Disputed";0.0;37.62
"G02639";304;"2026-01-06";"Paid";0.0;0.0
"G02640";206;"2026-02-07";"Paid";0.0;0.0
"G02641";302;"2026-06-09";"Paid";0.0;0.0
"G02642";131;"2026-03-29";"Paid";0.0;0.0
"G02643";328;"2026-02-28";"Unpaid";31.36;0.0
"G02644";132;"2026-05-12";"Paid";0.0;0.0
"G02645";328;"2026-05-03";"Paid";0.0;0.0
"G02646";517;"2026-04-07";"Paid";0.0;0.0
"G02647";516;"2026-03-17";"Paid";0.0;0.0
"G02648";333;"2026-03-29";"Unpaid";22.79;0.0
"G02649";223;"2026-06-18";"Paid";0.0;0.0
"G02650";320;"2026-05-27";"Paid";0.0;0.0
"G02651";403;"2026-04-06";"Paid";0.0;0.0
"G02652";414;"2026-02-20";"Paid";0.0;0.0
"G02653";318;"2026-05-01";"Paid";0.0;0.0
"G02654";106;"2026-06-18";"Paid";0.0;0.0
"G02655";127;"2026-04-08";"Paid";0.0;0.0
"G02656";420;"2026-02-08";"Paid";0.0;0.0
"G02657";427;"2026-06-02";"Paid";0.0;0.0
"G02658";227;"2026-06-21";"Paid";0.0;0.0
"G02659";504;"2026-01-24";"Unpaid";42.96;0.0
"G02660";116;"2026-06-19";"Paid";0.0;0.0
"G02661";317;"2026-03-13";"Paid";0.0;0.0
"G02662";513;"2026-02-07";"Paid";0.0;0.0
"G02663";314;"2026-06-07";"Paid";0.0;0.0
"G02664";112;"2026-03-13";"Paid";0.0;0.0
"G02665";302;"2026-03-07";"Paid";0.0;0.0
"G02666";202;"2026-01-07";"Paid";0.0;0.0
"G02667";431;"2026-04-13";"Paid";0.0;0.0
"G02668";320;"2026-05-30";"Paid";0.0;0.0
"G02669";104;"2026-01-12";"Paid";0.0;0.0
"G02670";119;"2026-03-07";"Unpaid";126.41;0.0
"G02671";215;"2026-03-21";"Paid";0.0;0.0
"G02672";429;"2026-06-03";"Paid";0.0;0.0
"G02673";212;"2026-02-16";"Paid";0.0;0.0
"G02674";210;"2026-04-28";"Paid";0.0;0.0
"G02675";304;"2026-04-04";"Paid";0.0;0.0
"G02676";330;"2026-06-30";"Paid";0.0;0.0
"G02677";426;"2026-04-24";"Paid";0.0;0.0
"G02678";520;"2026-05-01";"Paid";0.0;0.0
"G02679";411;"2026-03-29";"Paid";0.0;0.0
"G02680";111;"2026-01-12";"Unpaid";15.56;0.0
"G02681";501;"2026-05-11";"Paid";0.0;0.0
"G02682";329;"2026-04-24";"Paid";0.0;0.0
"G02683";305;"2026-02-01";"Paid";0.0;0.0
"G02684";524;"2026-06-05";"Paid";0.0;0.0
"G02685";132;"2026-03-18";"Paid";0.0;0.0
"G02686";527;"2026-03-14";"Paid";0.0;0.0
"G02687";426;"2026-05-23";"Paid";0.0;0.0
"G02688";201;"2026-03-09";"Paid";0.0;0.0
"G02689";431;"2026-04-15";"Paid";0.0;0.0
"G02690";225;"2026-06-25";"Paid";0.0;0.0
"G02691";523;"2026-03-13";"Paid";0.0;0.0
"G02692";520;"2026-02-15";"Paid";0.0;0.0
"G02693";314;"2026-02-28";"Paid";0.0;0.0
"G02694";509;"2026-05-11";"Paid";0.0;0.0
"G02695";418;"2026-01-12";"Paid";0.0;0.0
"G02696";525;"2026-06-16";"Paid";0.0;0.0
"G02697";311;"2026-02-23";"Paid";0.0;0.0
"G02698";132;"2026-02-01";"Disputed";67.42;67.42
"G02699";233;"2026-05-30";"Paid";0.0;0.0
"G02700";310;"2026-04-17";"Paid";0.0;0.0
"G02701";229;"2026-04-02";"Paid";0.0;0.0
"G02702";422;"2026-01-24";"Paid";0.0;0.0
"G02703";201;"2026-04-13";"Paid";0.0;0.0
"G02704";131;"2026-05-19";"Unpaid";70.39;0.0
"G02705";108;"2026-01-28";"Paid";0.0;0.0
"G02706";432;"2026-06-12";"Paid";0.0;0.0
"G02707";129;"2026-04-07";"Paid";0.0;0.0
"G02708";333;"2026-04-23";"Paid";0.0;0.0
"G02709";516;"2026-06-27";"Paid";0.0;0.0
"G02710";405;"2026-06-21";"Paid";0.0;0.0
"G02711";121;"2026-02-24";"Paid";0.0;0.0
"G02712";219;"2026-06-16";"Paid";0.0;0.0
"G02713";514;"2026-04-25";"Paid";0.0;0.0
"G02714";223;"2026-02-19";"Paid";0.0;0.0
"G02715";223;"2026-05-30";"Paid";0.0;0.0
"G02716";209;"2026-02-03";"Paid";0.0;0.0
"G02717";428;"2026-03-26";"Paid";0.0;0.0
"G02718";231;"2026-02-21";"Paid";0.0;0.0
"G02719";430;"2026-01-06";"Paid";0.0;0.0
"G02720";129;"2026-06-15";"Paid";0.0;0.0
"G02721";226;"2026-01-07";"Paid";0.0;0.0
"G02722";233;"2026-05-19";"Unpaid";51.04;0.0
"G02723";216;"2026-03-26";"Paid";0.0;0.0
"G02724";234;"2026-03-15";"Paid";0.0;0.0
"G02725";505;"2026-05-10";"Paid";0.0;0.0
"G02726";417;"2026-03-10";"Paid";0.0;0.0
"G02727";123;"2026-05-17";"Paid";0.0;0.0
"G02728";415;"2026-04-24";"Paid";0.0;0.0
"G02729";425;"2026-04-04";"Paid";0.0;0.0
"G02730";410;"2026-05-03";"Paid";0.0;0.0
"G02731";510;"2026-06-03";"Paid";0.0;0.0
"G02732";514;"2026-02-17";"Unpaid";98.5;0.0
"G02733";120;"2026-04-13";"Paid";0.0;0.0
"G02734";327;"2026-01-29";"Paid";0.0;0.0
"G02735";214;"2026-02-08";"Paid";0.0;0.0
"G02736";132;"2026-05-08";"Unpaid";105.2;0.0
"G02737";416;"2026-04-25";"Paid";0.0;0.0
"G02738";418;"2026-02-23";"Disputed";28.37;28.37
"G02739";106;"2026-01-24";"Paid";0.0;0.0
"G02740";417;"2026-06-19";"Paid";0.0;0.0
"G02741";205;"2026-01-19";"Paid";0.0;0.0
"G02742";519;"2026-05-04";"Paid";0.0;0.0
"G02743";223;"2026-05-09";"Paid";0.0;0.0
"G02744";227;"2026-03-30";"Paid";0.0;0.0
"G02745";434;"2026-04-12";"Paid";0.0;0.0
"G02746";407;"2026-04-19";"Paid";0.0;0.0
"G02747";434;"2026-01-05";"Disputed";118.74;118.74
"G02748";127;"2026-06-28";"Paid";0.0;0.0
"G02749";419;"2026-01-07";"Paid";0.0;0.0
"G02750";131;"2026-06-07";"Disputed";52.1;52.1
"G02751";226;"2026-03-05";"Unpaid";21.73;0.0
"G02752";115;"2026-02-28";"Paid";0.0;0.0
"G02753";119;"2026-06-23";"Paid";0.0;0.0
"G02754";115;"2026-06-16";"Paid";0.0;0.0
"G02755";404;"2026-03-18";"Paid";0.0;0.0
"G02756";114;"2026-06-20";"Paid";0.0;0.0
"G02757";515;"2026-04-01";"Paid";0.0;0.0
"G02758";101;"2026-02-19";"Paid";0.0;0.0
"G02759";324;"2026-03-06";"Disputed";0.0;49.09
"G02760";320;"2026-05-08";"Paid";0.0;0.0
"G02761";516;"2026-04-28";"Paid";0.0;0.0
"G02762";122;"2026-02-10";"Unpaid";80.89;0.0
"G02763";529;"2026-03-17";"Paid";0.0;0.0
"G02764";314;"2026-06-17";"Paid";0.0;0.0
"G02765";327;"2026-01-15";"Paid";0.0;0.0
"G02766";119;"2026-04-09";"Disputed";36.38;36.38
"G02767";221;"2026-03-29";"Paid";0.0;0.0
"G02768";311;"2026-01-16";"Paid";0.0;0.0
"G02769";516;"2026-04-04";"Unpaid";60.93;0.0
"G02770";101;"2026-03-06";"Paid";0.0;0.0
"G02771";528;"2026-04-23";"Paid";0.0;0.0
"G02772";122;"2026-03-01";"Paid";0.0;0.0
"G02773";330;"2026-06-06";"Paid";0.0;0.0
"G02774";407;"2026-01-08";"Paid";0.0;0.0
"G02775";508;"2026-02-24";"Paid";0.0;0.0
"G02776";233;"2026-06-30";"Unpaid";21.8;0.0
"G02777";433;"2026-01-24";"Paid";0.0;0.0
"G02778";416;"2026-03-05";"Paid";0.0;0.0
"G02779";118;"2026-01-25";"Paid";0.0;0.0
"G02780";310;"2026-02-19";"Paid";0.0;0.0
"G02781";428;"2026-04-25";"Unpaid";10.44;0.0
"G02782";104;"2026-02-04";"Unpaid";49.39;0.0
"G02783";524;"2026-06-02";"Paid";0.0;0.0
"G02784";307;"2026-06-23";"Unpaid";22.29;0.0
"G02785";422;"2026-01-10";"Disputed";53.26;53.26
"G02786";112;"2026-05-22";"Paid";0.0;0.0
"G02787";415;"2026-04-20";"Paid";0.0;0.0
"G02788";225;"2026-05-08";"Paid";0.0;0.0
"G02789";411;"2026-01-08";"Paid";0.0;0.0
"G02790";320;"2026-06-12";"Paid";0.0;0.0
"G02791";511;"2026-01-21";"Paid";0.0;0.0
"G02792";127;"2026-03-24";"Paid";0.0;0.0
"G02793";523;"2026-05-08";"Unpaid";126.5;0.0
"G02794";522;"2026-02-11";"Unpaid";179.07;0.0
"G02795";323;"2026-01-26";"Paid";0.0;0.0
"G02796";114;"2026-03-11";"Paid";0.0;0.0
"G02797";404;"2026-01-26";"Paid";0.0;0.0
"G02798";110;"2026-04-17";"Paid";0.0;0.0
"G02799";131;"2026-02-07";"Paid";0.0;0.0
"G02800";124;"2026-03-28";"Unpaid";112.98;0.0
"G02801";102;"2026-02-01";"Paid";0.0;0.0
"G02802";524;"2026-06-14";"Paid";0.0;0.0
"G02803";122;"2026-03-11";"Paid";0.0;0.0
"G02804";134;"2026-06-16";"Paid";0.0;0.0
"G02805";434;"2026-04-12";"Paid";0.0;0.0
"G02806";224;"2026-03-21";"Paid";0.0;0.0
"G02807";228;"2026-02-15";"Paid";0.0;0.0
"G02808";103;"2026-06-19";"Paid";0.0;0.0
"G02809";526;"2026-06-24";"Paid";0.0;0.0
"G02810";122;"2026-05-29";"Disputed";0.0;36.04
"G02811";308;"2026-02-27";"Paid";0.0;0.0
"G02812";334;"2026-01-16";"Unpaid";95.46;0.0
"G02813";425;"2026-05-05";"Paid";0.0;0.0
"G02814";127;"2026-06-12";"Paid";0.0;0.0
"G02815";519;"2026-05-16";"Disputed";0.0;45.8
"G02816";508;"2026-05-04";"Paid";0.0;0.0
"G02817";223;"2026-01-28";"Paid";0.0;0.0
"G02818";505;"2026-03-29";"Paid";0.0;0.0
"G02819";118;"2026-04-12";"Paid";0.0;0.0
"G02820";515;"2026-03-15";"Paid";0.0;0.0
"G02821";526;"2026-02-12";"Unpaid";97.67;0.0
"G02822";218;"2026-05-07";"Unpaid";153.59;0.0
"G02823";519;"2026-05-03";"Paid";0.0;0.0
"G02824";301;"2026-05-16";"Paid";0.0;0.0
"G02825";401;"2026-06-07";"Paid";0.0;0.0
"G02826";420;"2026-04-13";"Paid";0.0;0.0
"G02827";214;"2026-01-19";"Paid";0.0;0.0
"G02828";331;"2026-06-01";"Disputed";76.63;76.63
"G02829";325;"2026-04-03";"Paid";0.0;0.0
"G02830";509;"2026-01-04";"Paid";0.0;0.0
"G02831";531;"2026-06-01";"Paid";0.0;0.0
"G02832";111;"2026-06-12";"Paid";0.0;0.0
"G02833";227;"2026-03-08";"Paid";0.0;0.0
"G02834";228;"2026-04-04";"Paid";0.0;0.0
"G02835";434;"2026-01-17";"Paid";0.0;0.0
"G02836";310;"2026-03-15";"Paid";0.0;0.0
"G02837";406;"2026-06-20";"Paid";0.0;0.0
"G02838";132;"2026-01-12";"Paid";0.0;0.0
"G02839";117;"2026-03-30";"Paid";0.0;0.0
"G02840";331;"2026-06-10";"Unpaid";84.93;0.0
"G02841";428;"2026-01-28";"Paid";0.0;0.0
"G02842";514;"2026-02-04";"Paid";0.0;0.0
"G02843";218;"2026-02-19";"Unpaid";11.92;0.0
"G02844";329;"2026-05-28";"Paid";0.0;0.0
"G02845";226;"2026-06-29";"Paid";0.0;0.0
"G02846";122;"2026-05-22";"Paid";0.0;0.0
"G02847";215;"2026-03-29";"Paid";0.0;0.0
"G02848";301;"2026-01-12";"Paid";0.0;0.0
"G02849";334;"2026-03-19";"Unpaid";17.16;0.0
"G02850";506;"2026-02-05";"Paid";0.0;0.0
"G02851";516;"2026-06-05";"Paid";0.0;0.0
"G02852";318;"2026-03-21";"Paid";0.0;0.0
"G02853";411;"2026-02-03";"Paid";0.0;0.0
"G02854";404;"2026-04-16";"Paid";0.0;0.0
"G02855";119;"2026-02-23";"Paid";0.0;0.0
"G02856";511;"2026-01-25";"Unpaid";16.18;0.0
"G02857";103;"2026-01-08";"Paid";0.0;0.0
"G02858";515;"2026-05-07";"Disputed";138.22;138.22
"G02859";109;"2026-01-04";"Disputed";57.5;57.5
"G02860";218;"2026-01-15";"Paid";0.0;0.0
"G02861";216;"2026-06-16";"Paid";0.0;0.0
"G02862";512;"2026-05-22";"Paid";0.0;0.0
"G02863";333;"2026-03-18";"Paid";0.0;0.0
"G02864";527;"2026-03-27";"Paid";0.0;0.0
"G02865";525;"2026-04-15";"Paid";0.0;0.0
"G02866";129;"2026-04-30";"Paid";0.0;0.0
"G02867";219;"2026-04-20";"Paid";0.0;0.0
"G02868";331;"2026-01-14";"Paid";0.0;0.0
"G02869";306;"2026-01-28";"Paid";0.0;0.0
"G02870";227;"2026-04-05";"Paid";0.0;0.0
"G02871";331;"2026-03-22";"Paid";0.0;0.0
"G02872";430;"2026-02-02";"Paid";0.0;0.0
"G02873";319;"2026-01-24";"Paid";0.0;0.0
"G02874";201;"2026-05-05";"Unpaid";65.14;0.0
"G02875";430;"2026-03-17";"Disputed";51.41;51.41
"G02876";429;"2026-06-05";"Paid";0.0;0.0
"G02877";323;"2026-03-13";"Paid";0.0;0.0
"G02878";412;"2026-06-04";"Paid";0.0;0.0
"G02879";319;"2026-02-23";"Paid";0.0;0.0
"G02880";110;"2026-06-14";"Paid";0.0;0.0
"G02881";411;"2026-03-11";"Paid";0.0;0.0
"G02882";320;"2026-01-10";"Paid";0.0;0.0
"G02883";403;"2026-03-30";"Paid";0.0;0.0
"G02884";414;"2026-04-25";"Paid";0.0;0.0
"G02885";434;"2026-02-26";"Unpaid";25.49;0.0
"G02886";134;"2026-04-10";"Unpaid";38.86;0.0
"G02887";419;"2026-04-01";"Paid";0.0;0.0
"G02888";120;"2026-01-04";"Paid";0.0;0.0
"G02889";133;"2026-06-12";"Unpaid";95.23;0.0
"G02890";429;"2026-04-28";"Paid";0.0;0.0
"G02891";509;"2026-01-30";"Unpaid";82.72;0.0
"G02892";528;"2026-01-29";"Paid";0.0;0.0
"G02893";322;"2026-04-05";"Unpaid";56.09;0.0
"G02894";132;"2026-06-19";"Paid";0.0;0.0
"G02895";425;"2026-04-17";"Paid";0.0;0.0
"G02896";402;"2026-05-09";"Paid";0.0;0.0
"G02897";420;"2026-05-09";"Paid";0.0;0.0
"G02898";411;"2026-04-15";"Paid";0.0;0.0
"G02899";225;"2026-03-24";"Paid";0.0;0.0
"G02900";411;"2026-04-16";"Paid";0.0;0.0
"G02901";434;"2026-02-28";"Paid";0.0;0.0
"G02902";127;"2026-05-14";"Paid";0.0;0.0
"G02903";226;"2026-03-01";"Paid";0.0;0.0
"G02904";308;"2026-04-21";"Paid";0.0;0.0
"G02905";118;"2026-03-23";"Paid";0.0;0.0
"G02906";221;"2026-02-24";"Disputed";97.39;97.39
"G02907";129;"2026-05-10";"Disputed";35.4;35.4
"G02908";428;"2026-05-29";"Disputed";41.11;41.11
"G02909";507;"2026-06-19";"Disputed";20.29;20.29
"G02910";428;"2026-05-18";"Unpaid";15.41;0.0
"G02911";528;"2026-02-21";"Paid";0.0;0.0
"G02912";517;"2026-05-13";"Paid";0.0;0.0
"G02913";532;"2026-02-16";"Paid";0.0;0.0
"G02914";510;"2026-01-04";"Paid";0.0;0.0
"G02915";524;"2026-05-12";"Paid";0.0;0.0
"G02916";115;"2026-03-25";"Paid";0.0;0.0
"G02917";416;"2026-04-27";"Paid";0.0;0.0
"G02918";529;"2026-03-07";"Paid";0.0;0.0
"G02919";501;"2026-01-12";"Paid";0.0;0.0
"G02920";423;"2026-04-28";"Paid";0.0;0.0
"G02921";219;"2026-01-16";"Paid";0.0;0.0
"G02922";314;"2026-06-18";"Paid";0.0;0.0
"G02923";225;"2026-06-23";"Paid";0.0;0.0
"G02924";529;"2026-04-07";"Paid";0.0;0.0
"G02925";315;"2026-05-03";"Unpaid";104.16;0.0
"G02926";409;"2026-03-03";"Unpaid";39.12;0.0
"G02927";516;"2026-05-29";"Paid";0.0;0.0
"G02928";527;"2026-06-08";"Paid";0.0;0.0
"G02929";229;"2026-05-07";"Paid";0.0;0.0
"G02930";133;"2026-04-13";"Unpaid";77.5;0.0
"G02931";328;"2026-01-30";"Paid";0.0;0.0
"G02932";305;"2026-05-21";"Paid";0.0;0.0
"G02933";504;"2026-04-25";"Paid";0.0;0.0
"G02934";121;"2026-01-10";"Unpaid";83.52;0.0
"G02935";404;"2026-01-03";"Paid";0.0;0.0
"G02936";308;"2026-06-15";"Paid";0.0;0.0
"G02937";201;"2026-03-25";"Paid";0.0;0.0
"G02938";421;"2026-01-30";"Paid";0.0;0.0
"G02939";413;"2026-04-18";"Paid";0.0;0.0
"G02940";134;"2026-01-22";"Paid";0.0;0.0
"G02941";516;"2026-02-28";"Paid";0.0;0.0
"G02942";419;"2026-04-23";"Paid";0.0;0.0
"G02943";119;"2026-03-29";"Paid";0.0;0.0
"G02944";234;"2026-05-18";"Paid";0.0;0.0
"G02945";221;"2026-05-16";"Paid";0.0;0.0
"G02946";320;"2026-01-16";"Paid";0.0;0.0
"G02947";230;"2026-01-29";"Paid";0.0;0.0
"G02948";528;"2026-04-11";"Paid";0.0;0.0
"G02949";513;"2026-06-22";"Paid";0.0;0.0
"G02950";134;"2026-01-30";"Paid";0.0;0.0
"G02951";306;"2026-01-15";"Paid";0.0;0.0
"G02952";120;"2026-04-10";"Paid";0.0;0.0
"G02953";306;"2026-04-09";"Paid";0.0;0.0
"G02954";425;"2026-04-15";"Unpaid";50.45;0.0
"G02955";408;"2026-05-20";"Paid";0.0;0.0
"G02956";208;"2026-05-20";"Paid";0.0;0.0
"G02957";317;"2026-05-21";"Paid";0.0;0.0
"G02958";522;"2026-03-20";"Paid";0.0;0.0
"G02959";315;"2026-06-29";"Paid";0.0;0.0
"G02960";310;"2026-05-01";"Paid";0.0;0.0
"G02961";219;"2026-03-23";"Paid";0.0;0.0
"G02962";401;"2026-01-13";"Paid";0.0;0.0
"G02963";224;"2026-05-16";"Unpaid";32.82;0.0
"G02964";104;"2026-04-06";"Paid";0.0;0.0
"G02965";327;"2026-02-09";"Paid";0.0;0.0
"G02966";104;"2026-06-16";"Paid";0.0;0.0
"G02967";328;"2026-06-26";"Paid";0.0;0.0
"G02968";325;"2026-03-19";"Paid";0.0;0.0
"G02969";220;"2026-04-25";"Paid";0.0;0.0
"G02970";519;"2026-03-16";"Paid";0.0;0.0
"G02971";130;"2026-05-07";"Unpaid";52.9;0.0
"G02972";118;"2026-06-28";"Paid";0.0;0.0
"G02973";117;"2026-04-23";"Paid";0.0;0.0
"G02974";226;"2026-03-12";"Paid";0.0;0.0
"G02975";310;"2026-04-08";"Paid";0.0;0.0
"G02976";332;"2026-03-05";"Paid";0.0;0.0
"G02977";321;"2026-02-02";"Disputed";101.43;101.43
"G02978";326;"2026-06-07";"Unpaid";15.18;0.0
"G02979";316;"2026-02-14";"Disputed";0.0;89.8
"G02980";411;"2026-04-22";"Paid";0.0;0.0
"G02981";225;"2026-02-09";"Disputed";35.33;35.33
"G02982";526;"2026-02-12";"Paid";0.0;0.0
"G02983";415;"2026-04-02";"Paid";0.0;0.0
"G02984";413;"2026-06-11";"Paid";0.0;0.0
"G02985";514;"2026-01-21";"Paid";0.0;0.0
"G02986";215;"2026-06-15";"Paid";0.0;0.0
"G02987";210;"2026-03-26";"Unpaid";39.1;0.0
"G02988";523;"2026-02-16";"Paid";0.0;0.0
"G02989";404;"2026-05-17";"Paid";0.0;0.0
"G02990";316;"2026-03-22";"Paid";0.0;0.0
"G02991";329;"2026-04-08";"Paid";0.0;0.0
"G02992";413;"2026-05-18";"Paid";0.0;0.0
"G02993";512;"2026-03-30";"Paid";0.0;0.0
"G02994";523;"2026-02-12";"Paid";0.0;0.0
"G02995";306;"2026-05-07";"Paid";0.0;0.0
"G02996";213;"2026-02-09";"Unpaid";33.85;0.0
"G02997";405;"2026-01-28";"Unpaid";67.92;0.0
"G02998";109;"2026-03-14";"Disputed";0.0;18.94
"G02999";201;"2026-02-19";"Unpaid";13.9;0.0
"G03000";129;"2026-05-23";"Paid";0.0;0.0
"G03001";411;"2026-05-04";"Paid";0.0;0.0
"G03002";427;"2026-01-06";"Disputed";60.41;60.41
"G03003";308;"2026-06-17";"Paid";0.0;0.0
"G03004";226;"2026-01-28";"Disputed";17.27;17.27
"G03005";517;"2026-06-26";"Paid";0.0;0.0
"G03006";506;"2026-04-05";"Paid";0.0;0.0
"G03007";218;"2026-02-16";"Paid";0.0;0.0
"G03008";429;"2026-01-10";"Paid";0.0;0.0
"G03009";230;"2026-04-22";"Paid";0.0;0.0
"G03010";417;"2026-02-12";"Paid";0.0;0.0
"G03011";509;"2026-03-02";"Paid";0.0;0.0
"G03012";130;"2026-05-13";"Paid";0.0;0.0
"G03013";323;"2026-06-06";"Paid";0.0;0.0
"G03014";322;"2026-03-18";"Paid";0.0;0.0
"G03015";104;"2026-01-04";"Paid";0.0;0.0
"G03016";120;"2026-04-15";"Paid";0.0;0.0
"G03017";403;"2026-01-18";"Unpaid";40.07;0.0
"G03018";526;"2026-06-04";"Paid";0.0;0.0
"G03019";509;"2026-01-17";"Paid";0.0;0.0
"G03020";402;"2026-05-06";"Paid";0.0;0.0
"G03021";515;"2026-05-02";"Paid";0.0;0.0
"G03022";508;"2026-06-16";"Paid";0.0;0.0
"G03023";133;"2026-06-27";"Paid";0.0;0.0
"G03024";207;"2026-03-09";"Paid";0.0;0.0
"G03025";326;"2026-02-06";"Paid";0.0;0.0
"G03026";403;"2026-03-12";"Paid";0.0;0.0
"G03027";127;"2026-02-13";"Paid";0.0;0.0
"G03028";119;"2026-05-01";"Paid";0.0;0.0
"G03029";427;"2026-01-05";"Paid";0.0;0.0
"G03030";110;"2026-04-21";"Paid";0.0;0.0
"G03031";329;"2026-03-27";"Paid";0.0;0.0
"G03032";308;"2026-06-29";"Paid";0.0;0.0
"G03033";511;"2026-05-11";"Paid";0.0;0.0
"G03034";112;"2026-06-27";"Paid";0.0;0.0
"G03035";418;"2026-04-06";"Disputed";0.0;125.18
"G03036";233;"2026-05-05";"Paid";0.0;0.0
"G03037";103;"2026-01-28";"Paid";0.0;0.0
"G03038";509;"2026-05-04";"Paid";0.0;0.0
"G03039";313;"2026-05-29";"Paid";0.0;0.0
"G03040";503;"2026-05-02";"Paid";0.0;0.0
"G03041";213;"2026-03-02";"Paid";0.0;0.0
"G03042";518;"2026-04-18";"Paid";0.0;0.0
"G03043";417;"2026-02-12";"Paid";0.0;0.0
"G03044";531;"2026-06-25";"Disputed";0.0;39.36
"G03045";304;"2026-04-10";"Paid";0.0;0.0
"G03046";328;"2026-01-21";"Paid";0.0;0.0
"G03047";228;"2026-01-28";"Paid";0.0;0.0
"G03048";118;"2026-02-27";"Paid";0.0;0.0
"G03049";503;"2026-04-26";"Paid";0.0;0.0
"G03050";430;"2026-04-29";"Paid";0.0;0.0
"G03051";307;"2026-03-22";"Unpaid";57.02;0.0
"G03052";411;"2026-02-24";"Paid";0.0;0.0
"G03053";129;"2026-03-22";"Paid";0.0;0.0
"G03054";201;"2026-02-20";"Paid";0.0;0.0
"G03055";133;"2026-01-20";"Unpaid";140.1;0.0
"G03056";105;"2026-02-15";"Paid";0.0;0.0
"G03057";426;"2026-06-14";"Paid";0.0;0.0
"G03058";203;"2026-01-27";"Unpaid";133.21;0.0
"G03059";134;"2026-02-21";"Paid";0.0;0.0
"G03060";220;"2026-06-22";"Paid";0.0;0.0
"G03061";529;"2026-01-08";"Paid";0.0;0.0
"G03062";524;"2026-03-08";"Paid";0.0;0.0
"G03063";227;"2026-01-29";"Unpaid";167.87;0.0
"G03064";131;"2026-06-06";"Disputed";28.94;28.94
"G03065";116;"2026-05-07";"Paid";0.0;0.0
"G03066";415;"2026-01-08";"Paid";0.0;0.0
"G03067";134;"2026-04-23";"Paid";0.0;0.0
"G03068";517;"2026-02-05";"Disputed";79.35;79.35
"G03069";301;"2026-05-14";"Paid";0.0;0.0
"G03070";119;"2026-03-11";"Unpaid";85.3;0.0
"G03071";410;"2026-04-22";"Paid";0.0;0.0
"G03072";126;"2026-04-04";"Paid";0.0;0.0
"G03073";129;"2026-04-06";"Unpaid";58.41;0.0
"G03074";533;"2026-04-19";"Paid";0.0;0.0
"G03075";108;"2026-06-12";"Paid";0.0;0.0
"G03076";217;"2026-03-19";"Paid";0.0;0.0
"G03077";322;"2026-03-25";"Paid";0.0;0.0
"G03078";205;"2026-05-11";"Paid";0.0;0.0
"G03079";232;"2026-06-05";"Paid";0.0;0.0
"G03080";534;"2026-02-02";"Paid";0.0;0.0
"G03081";319;"2026-01-03";"Paid";0.0;0.0
"G03082";309;"2026-01-04";"Paid";0.0;0.0
"G03083";222;"2026-02-05";"Paid";0.0;0.0
"G03084";329;"2026-02-09";"Paid";0.0;0.0
"G03085";131;"2026-05-06";"Paid";0.0;0.0
"G03086";206;"2026-04-06";"Paid";0.0;0.0
"G03087";113;"2026-04-05";"Paid";0.0;0.0
"G03088";402;"2026-05-10";"Paid";0.0;0.0
"G03089";222;"2026-05-10";"Unpaid";108.69;0.0
"G03090";412;"2026-05-21";"Paid";0.0;0.0
"G03091";201;"2026-04-08";"Paid";0.0;0.0
"G03092";416;"2026-06-01";"Paid";0.0;0.0
"G03093";134;"2026-06-20";"Paid";0.0;0.0
"G03094";514;"2026-06-20";"Paid";0.0;0.0
"G03095";325;"2026-05-04";"Paid";0.0;0.0
"G03096";210;"2026-03-04";"Unpaid";148.21;0.0
"G03097";216;"2026-04-21";"Paid";0.0;0.0
"G03098";229;"2026-05-07";"Paid";0.0;0.0
"G03099";320;"2026-02-12";"Paid";0.0;0.0
"G03100";212;"2026-03-06";"Paid";0.0;0.0
"G03101";433;"2026-01-06";"Paid";0.0;0.0
"G03102";413;"2026-04-08";"Paid";0.0;0.0
"G03103";418;"2026-03-01";"Paid";0.0;0.0
"G03104";512;"2026-04-03";"Paid";0.0;0.0
"G03105";116;"2026-01-12";"Paid";0.0;0.0
"G03106";230;"2026-06-17";"Paid";0.0;0.0
"G03107";105;"2026-05-24";"Paid";0.0;0.0
"G03108";514;"2026-06-25";"Unpaid";80.31;0.0
"G03109";324;"2026-04-20";"Paid";0.0;0.0
"G03110";403;"2026-06-25";"Paid";0.0;0.0
"G03111";433;"2026-03-08";"Paid";0.0;0.0
"G03112";215;"2026-05-11";"Unpaid";30.37;0.0
"G03113";334;"2026-03-08";"Paid";0.0;0.0
"G03114";520;"2026-05-16";"Disputed";66.22;66.22
"G03115";333;"2026-04-17";"Paid";0.0;0.0
"G03116";405;"2026-06-10";"Paid";0.0;0.0
"G03117";530;"2026-02-14";"Paid";0.0;0.0
"G03118";223;"2026-02-04";"Paid";0.0;0.0
"G03119";528;"2026-05-21";"Unpaid";59.71;0.0
"G03120";427;"2026-03-07";"Unpaid";234.22;0.0
"G03121";328;"2026-06-04";"Paid";0.0;0.0
"G03122";518;"2026-05-14";"Paid";0.0;0.0
"G03123";224;"2026-02-17";"Disputed";45.52;45.52
"G03124";419;"2026-01-05";"Paid";0.0;0.0
"G03125";110;"2026-03-22";"Paid";0.0;0.0
"G03126";312;"2026-04-25";"Paid";0.0;0.0
"G03127";221;"2026-05-31";"Paid";0.0;0.0
"G03128";431;"2026-02-03";"Paid";0.0;0.0
"G03129";228;"2026-03-01";"Paid";0.0;0.0
"G03130";321;"2026-05-19";"Paid";0.0;0.0
"G03131";118;"2026-03-02";"Paid";0.0;0.0
"G03132";234;"2026-05-09";"Paid";0.0;0.0
"G03133";102;"2026-06-03";"Paid";0.0;0.0
"G03134";308;"2026-04-17";"Paid";0.0;0.0
"G03135";531;"2026-02-25";"Paid";0.0;0.0
"G03136";509;"2026-01-14";"Paid";0.0;0.0
"G03137";404;"2026-04-23";"Paid";0.0;0.0
"G03138";313;"2026-02-15";"Paid";0.0;0.0
"G03139";326;"2026-01-18";"Disputed";83.73;83.73
"G03140";324;"2026-03-02";"Disputed";106.41;106.41
"G03141";107;"2026-04-04";"Paid";0.0;0.0
"G03142";120;"2026-02-03";"Paid";0.0;0.0
"G03143";413;"2026-04-07";"Paid";0.0;0.0
"G03144";410;"2026-05-21";"Paid";0.0;0.0
"G03145";107;"2026-06-07";"Paid";0.0;0.0
"G03146";534;"2026-06-25";"Paid";0.0;0.0
"G03147";408;"2026-03-11";"Paid";0.0;0.0
"G03148";205;"2026-04-26";"Paid";0.0;0.0
"G03149";316;"2026-03-19";"Unpaid";16.84;0.0
"G03150";227;"2026-01-06";"Paid";0.0;0.0
"G03151";209;"2026-02-04";"Paid";0.0;0.0
"G03152";332;"2026-01-08";"Paid";0.0;0.0
"G03153";111;"2026-02-25";"Paid";0.0;0.0
"G03154";317;"2026-01-06";"Paid";0.0;0.0
"G03155";301;"2026-02-23";"Paid";0.0;0.0
"G03156";216;"2026-06-26";"Paid";0.0;0.0
"G03157";415;"2026-05-28";"Paid";0.0;0.0
"G03158";223;"2026-06-16";"Unpaid";84.41;0.0
"G03159";425;"2026-01-04";"Paid";0.0;0.0
"G03160";201;"2026-05-12";"Paid";0.0;0.0
"G03161";311;"2026-04-30";"Paid";0.0;0.0
"G03162";507;"2026-03-24";"Paid";0.0;0.0
"G03163";131;"2026-03-04";"Paid";0.0;0.0
"G03164";512;"2026-04-01";"Paid";0.0;0.0
"G03165";328;"2026-06-21";"Paid";0.0;0.0
"G03166";317;"2026-06-05";"Paid";0.0;0.0
"G03167";108;"2026-01-15";"Unpaid";114.34;0.0
"G03168";104;"2026-06-22";"Paid";0.0;0.0
"G03169";127;"2026-04-13";"Paid";0.0;0.0
"G03170";406;"2026-06-22";"Paid";0.0;0.0
"G03171";127;"2026-03-10";"Paid";0.0;0.0
"G03172";509;"2026-02-14";"Paid";0.0;0.0
"G03173";333;"2026-02-25";"Paid";0.0;0.0
"G03174";520;"2026-06-30";"Unpaid";10.9;0.0
"G03175";225;"2026-05-13";"Paid";0.0;0.0
"G03176";525;"2026-06-13";"Paid";0.0;0.0
"G03177";134;"2026-06-30";"Paid";0.0;0.0
"G03178";310;"2026-05-18";"Paid";0.0;0.0
"G03179";209;"2026-01-25";"Unpaid";56.83;0.0
"G03180";228;"2026-03-30";"Disputed";33.75;33.75
"G03181";228;"2026-05-15";"Paid";0.0;0.0
"G03182";413;"2026-01-14";"Unpaid";53.05;0.0
"G03183";420;"2026-02-26";"Paid";0.0;0.0
"G03184";123;"2026-05-03";"Paid";0.0;0.0
"G03185";103;"2026-06-04";"Paid";0.0;0.0
"G03186";201;"2026-06-28";"Paid";0.0;0.0
"G03187";204;"2026-06-12";"Disputed";48.01;48.01
"G03188";113;"2026-06-01";"Paid";0.0;0.0
"G03189";529;"2026-06-11";"Paid";0.0;0.0
"G03190";104;"2026-01-07";"Paid";0.0;0.0
"G03191";234;"2026-02-09";"Paid";0.0;0.0
"G03192";301;"2026-06-22";"Paid";0.0;0.0
"G03193";105;"2026-03-23";"Paid";0.0;0.0
"G03194";211;"2026-06-15";"Unpaid";98.54;0.0
"G03195";132;"2026-06-29";"Paid";0.0;0.0
"G03196";533;"2026-03-26";"Paid";0.0;0.0
"G03197";232;"2026-03-25";"Paid";0.0;0.0
"G03198";310;"2026-03-14";"Unpaid";14.47;0.0
"G03199";512;"2026-02-02";"Paid";0.0;0.0
"G03200";533;"2026-02-17";"Paid";0.0;0.0
"G03201";212;"2026-05-20";"Paid";0.0;0.0
"G03202";524;"2026-06-29";"Paid";0.0;0.0
"G03203";505;"2026-02-12";"Unpaid";121.49;0.0
"G03204";109;"2026-01-20";"Paid";0.0;0.0
"G03205";216;"2026-05-21";"Paid";0.0;0.0
"G03206";312;"2026-05-29";"Paid";0.0;0.0
"G03207";414;"2026-01-02";"Paid";0.0;0.0
"G03208";114;"2026-04-29";"Paid";0.0;0.0
"G03209";228;"2026-06-18";"Paid";0.0;0.0
"G03210";214;"2026-02-17";"Paid";0.0;0.0
"G03211";202;"2026-06-24";"Paid";0.0;0.0
"G03212";530;"2026-03-26";"Paid";0.0;0.0
"G03213";403;"2026-01-05";"Disputed";54.01;54.01
"G03214";202;"2026-06-21";"Unpaid";81.11;0.0
"G03215";503;"2026-01-25";"Paid";0.0;0.0
"G03216";410;"2026-04-16";"Disputed";28.78;28.78
"G03217";508;"2026-01-08";"Paid";0.0;0.0
"G03218";430;"2026-04-04";"Paid";0.0;0.0
"G03219";314;"2026-02-10";"Paid";0.0;0.0
"G03220";412;"2026-03-22";"Paid";0.0;0.0
"G03221";115;"2026-06-19";"Paid";0.0;0.0
"G03222";515;"2026-02-13";"Paid";0.0;0.0
"G03223";319;"2026-04-02";"Paid";0.0;0.0
"G03224";434;"2026-05-26";"Paid";0.0;0.0
"G03225";517;"2026-01-21";"Unpaid";59.0;0.0
"G03226";229;"2026-03-12";"Paid";0.0;0.0
"G03227";211;"2026-01-15";"Disputed";0.0;71.83
"G03228";524;"2026-06-27";"Paid";0.0;0.0
"G03229";406;"2026-06-21";"Paid";0.0;0.0
"G03230";527;"2026-03-23";"Paid";0.0;0.0
"G03231";410;"2026-06-26";"Paid";0.0;0.0
"G03232";425;"2026-03-21";"Paid";0.0;0.0
"G03233";434;"2026-01-11";"Paid";0.0;0.0
"G03234";125;"2026-01-19";"Paid";0.0;0.0
"G03235";327;"2026-05-16";"Paid";0.0;0.0
"G03236";227;"2026-03-13";"Paid";0.0;0.0
"G03237";206;"2026-01-30";"Paid";0.0;0.0
"G03238";411;"2026-05-16";"Paid";0.0;0.0
"G03239";122;"2026-01-12";"Disputed";59.03;59.03
"G03240";226;"2026-02-21";"Paid";0.0;0.0
"G03241";522;"2026-03-16";"Paid";0.0;0.0
"G03242";223;"2026-03-01";"Paid";0.0;0.0
"G03243";124;"2026-03-05";"Paid";0.0;0.0
"G03244";322;"2026-05-10";"Paid";0.0;0.0
"G03245";303;"2026-06-16";"Paid";0.0;0.0
"G03246";102;"2026-06-25";"Unpaid";38.99;0.0
"G03247";307;"2026-03-13";"Paid";0.0;0.0
"G03248";505;"2026-03-09";"Unpaid";75.12;0.0
"G03249";412;"2026-05-22";"Paid";0.0;0.0
"G03250";534;"2026-06-02";"Paid";0.0;0.0
"G03251";517;"2026-03-28";"Paid";0.0;0.0
"G03252";128;"2026-03-15";"Paid";0.0;0.0
"G03253";221;"2026-02-18";"Paid";0.0;0.0
"G03254";316;"2026-02-18";"Paid";0.0;0.0
"G03255";421;"2026-03-14";"Paid";0.0;0.0
"G03256";221;"2026-03-16";"Paid";0.0;0.0
"G03257";518;"2026-05-09";"Paid";0.0;0.0
"G03258";204;"2026-06-19";"Disputed";26.05;26.05
"G03259";211;"2026-06-01";"Paid";0.0;0.0
"G03260";403;"2026-02-02";"Unpaid";118.61;0.0
"G03261";225;"2026-03-10";"Paid";0.0;0.0
"G03262";227;"2026-06-29";"Paid";0.0;0.0
"G03263";514;"2026-04-07";"Paid";0.0;0.0
"G03264";202;"2026-03-02";"Paid";0.0;0.0
"G03265";418;"2026-04-25";"Paid";0.0;0.0
"G03266";306;"2026-01-11";"Paid";0.0;0.0
"G03267";234;"2026-03-11";"Unpaid";60.48;0.0
"G03268";112;"2026-06-20";"Paid";0.0;0.0
"G03269";434;"2026-06-26";"Paid";0.0;0.0
"G03270";522;"2026-04-06";"Paid";0.0;0.0
"G03271";527;"2026-03-24";"Paid";0.0;0.0
"G03272";121;"2026-01-28";"Disputed";98.68;98.68
"G03273";305;"2026-06-27";"Paid";0.0;0.0
"G03274";131;"2026-04-27";"Paid";0.0;0.0
"G03275";512;"2026-06-09";"Disputed";54.22;54.22
"G03276";514;"2026-02-02";"Paid";0.0;0.0
"G03277";401;"2026-03-09";"Disputed";33.12;33.12
"G03278";207;"2026-01-19";"Paid";0.0;0.0
"G03279";229;"2026-06-02";"Paid";0.0;0.0
"G03280";427;"2026-02-04";"Disputed";71.81;71.81
"G03281";528;"2026-05-09";"Paid";0.0;0.0
"G03282";524;"2026-05-26";"Paid";0.0;0.0
"G03283";206;"2026-01-31";"Paid";0.0;0.0
"G03284";105;"2026-04-20";"Paid";0.0;0.0
"G03285";429;"2026-01-24";"Paid";0.0;0.0
"G03286";515;"2026-06-30";"Paid";0.0;0.0
"G03287";533;"2026-04-14";"Paid";0.0;0.0
"G03288";116;"2026-04-04";"Paid";0.0;0.0
"G03289";434;"2026-03-21";"Paid";0.0;0.0
"G03290";115;"2026-02-06";"Paid";0.0;0.0
"G03291";319;"2026-04-07";"Paid";0.0;0.0
"G03292";530;"2026-06-19";"Paid";0.0;0.0
"G03293";124;"2026-05-29";"Paid";0.0;0.0
"G03294";231;"2026-06-13";"Paid";0.0;0.0
"G03295";516;"2026-04-25";"Paid";0.0;0.0
"G03296";324;"2026-05-12";"Paid";0.0;0.0
"G03297";507;"2026-04-02";"Paid";0.0;0.0
"G03298";411;"2026-02-15";"Paid";0.0;0.0
"G03299";402;"2026-04-11";"Paid";0.0;0.0
"G03300";103;"2026-05-14";"Paid";0.0;0.0
"G03301";217;"2026-03-22";"Paid";0.0;0.0
"G03302";427;"2026-06-28";"Paid";0.0;0.0
"G03303";524;"2026-03-01";"Paid";0.0;0.0
"G03304";110;"2026-01-30";"Paid";0.0;0.0
"G03305";501;"2026-06-03";"Unpaid";31.84;0.0
"G03306";506;"2026-01-30";"Paid";0.0;0.0
"G03307";217;"2026-05-19";"Paid";0.0;0.0
"G03308";521;"2026-03-01";"Paid";0.0;0.0
"G03309";333;"2026-06-06";"Paid";0.0;0.0
"G03310";133;"2026-03-13";"Paid";0.0;0.0
"G03311";203;"2026-03-10";"Unpaid";53.92;0.0
"G03312";212;"2026-04-25";"Paid";0.0;0.0
"G03313";429;"2026-03-30";"Paid";0.0;0.0
"G03314";423;"2026-06-23";"Paid";0.0;0.0
"G03315";134;"2026-05-05";"Paid";0.0;0.0
"G03316";314;"2026-03-28";"Paid";0.0;0.0
"G03317";534;"2026-03-04";"Paid";0.0;0.0
"G03318";224;"2026-01-07";"Paid";0.0;0.0
"G03319";509;"2026-04-02";"Paid";0.0;0.0
"G03320";307;"2026-05-04";"Paid";0.0;0.0
"G03321";104;"2026-05-06";"Paid";0.0;0.0
"G03322";427;"2026-01-25";"Paid";0.0;0.0
"G03323";126;"2026-03-31";"Paid";0.0;0.0
"G03324";104;"2026-06-29";"Paid";0.0;0.0
"G03325";216;"2026-02-04";"Paid";0.0;0.0
"G03326";504;"2026-04-17";"Paid";0.0;0.0
"G03327";116;"2026-03-19";"Paid";0.0;0.0
"G03328";201;"2026-06-30";"Paid";0.0;0.0
"G03329";514;"2026-02-10";"Paid";0.0;0.0
"G03330";424;"2026-02-02";"Paid";0.0;0.0
"G03331";406;"2026-04-29";"Disputed";81.99;81.99
"G03332";504;"2026-04-20";"Paid";0.0;0.0
"G03333";514;"2026-05-01";"Paid";0.0;0.0
"G03334";326;"2026-01-07";"Paid";0.0;0.0
"G03335";420;"2026-02-19";"Paid";0.0;0.0
"G03336";111;"2026-05-18";"Paid";0.0;0.0
"G03337";108;"2026-04-23";"Paid";0.0;0.0
"G03338";125;"2026-05-30";"Paid";0.0;0.0
"G03339";520;"2026-05-04";"Paid";0.0;0.0
"G03340";418;"2026-04-13";"Paid";0.0;0.0
"G03341";317;"2026-04-20";"Paid";0.0;0.0
"G03342";305;"2026-01-11";"Paid";0.0;0.0
"G03343";530;"2026-03-15";"Paid";0.0;0.0
"G03344";208;"2026-04-06";"Paid";0.0;0.0
"G03345";110;"2026-05-12";"Disputed";60.26;60.26
"G03346";227;"2026-06-23";"Paid";0.0;0.0
"G03347";203;"2026-04-03";"Disputed";17.09;17.09
"G03348";129;"2026-06-21";"Paid";0.0;0.0
"G03349";406;"2026-06-13";"Paid";0.0;0.0
"G03350";523;"2026-01-27";"Paid";0.0;0.0
"G03351";508;"2026-01-10";"Paid";0.0;0.0
"G03352";405;"2026-03-22";"Paid";0.0;0.0
"G03353";307;"2026-02-03";"Paid";0.0;0.0
"G03354";321;"2026-01-17";"Paid";0.0;0.0
"G03355";415;"2026-03-07";"Paid";0.0;0.0
"G03356";131;"2026-01-13";"Paid";0.0;0.0
"G03357";103;"2026-01-27";"Paid";0.0;0.0
"G03358";218;"2026-04-07";"Paid";0.0;0.0
"G03359";328;"2026-01-28";"Paid";0.0;0.0
"G03360";233;"2026-06-26";"Paid";0.0;0.0
"G03361";414;"2026-05-10";"Paid";0.0;0.0
"G03362";210;"2026-05-19";"Unpaid";47.98;0.0
"G03363";231;"2026-05-13";"Paid";0.0;0.0
"G03364";226;"2026-04-02";"Paid";0.0;0.0
"G03365";525;"2026-06-06";"Disputed";124.28;124.28
"G03366";530;"2026-05-01";"Paid";0.0;0.0
"G03367";201;"2026-05-10";"Paid";0.0;0.0
"G03368";215;"2026-03-01";"Paid";0.0;0.0
"G03369";221;"2026-06-17";"Paid";0.0;0.0
"G03370";330;"2026-01-08";"Paid";0.0;0.0
"G03371";323;"2026-06-05";"Paid";0.0;0.0
"G03372";333;"2026-04-04";"Paid";0.0;0.0
"G03373";505;"2026-03-08";"Paid";0.0;0.0
"G03374";126;"2026-06-27";"Paid";0.0;0.0
"G03375";406;"2026-05-15";"Paid";0.0;0.0
"G03376";505;"2026-05-23";"Paid";0.0;0.0
"G03377";425;"2026-06-29";"Paid";0.0;0.0
"G03378";406;"2026-01-21";"Paid";0.0;0.0
"G03379";203;"2026-03-02";"Paid";0.0;0.0
"G03380";117;"2026-01-08";"Paid";0.0;0.0
"G03381";220;"2026-06-26";"Paid";0.0;0.0
"G03382";123;"2026-05-16";"Paid";0.0;0.0
"G03383";317;"2026-01-27";"Paid";0.0;0.0
"G03384";431;"2026-06-30";"Disputed";0.0;143.36
"G03385";526;"2026-02-17";"Paid";0.0;0.0
"G03386";429;"2026-04-10";"Paid";0.0;0.0
"G03387";213;"2026-04-03";"Paid";0.0;0.0
"G03388";113;"2026-01-14";"Paid";0.0;0.0
"G03389";301;"2026-04-27";"Paid";0.0;0.0
"G03390";119;"2026-03-26";"Paid";0.0;0.0
"G03391";130;"2026-05-29";"Paid";0.0;0.0
"G03392";425;"2026-06-25";"Paid";0.0;0.0
"G03393";331;"2026-03-21";"Paid";0.0;0.0
"G03394";116;"2026-01-15";"Disputed";0.0;30.75
"G03395";507;"2026-04-03";"Paid";0.0;0.0
"G03396";533;"2026-03-04";"Paid";0.0;0.0
"G03397";522;"2026-05-02";"Paid";0.0;0.0
"G03398";203;"2026-06-01";"Paid";0.0;0.0
"G03399";319;"2026-05-11";"Paid";0.0;0.0
"G03400";326;"2026-05-27";"Paid";0.0;0.0
"G03401";301;"2026-04-25";"Unpaid";101.05;0.0
"G03402";213;"2026-05-22";"Paid";0.0;0.0
"G03403";516;"2026-02-22";"Paid";0.0;0.0
"G03404";221;"2026-02-26";"Paid";0.0;0.0
"G03405";509;"2026-04-30";"Unpaid";168.33;0.0
"G03406";519;"2026-02-22";"Unpaid";100.79;0.0
"G03407";305;"2026-01-04";"Paid";0.0;0.0
"G03408";105;"2026-02-25";"Paid";0.0;0.0
"G03409";118;"2026-01-24";"Paid";0.0;0.0
"G03410";434;"2026-01-26";"Paid";0.0;0.0
"G03411";227;"2026-01-11";"Paid";0.0;0.0
"G03412";128;"2026-02-08";"Paid";0.0;0.0
"G03413";212;"2026-01-03";"Paid";0.0;0.0
"G03414";416;"2026-05-04";"Paid";0.0;0.0
"G03415";401;"2026-05-07";"Paid";0.0;0.0
"G03416";214;"2026-05-10";"Paid";0.0;0.0
"G03417";224;"2026-03-17";"Paid";0.0;0.0
"G03418";525;"2026-05-15";"Paid";0.0;0.0
"G03419";425;"2026-03-11";"Unpaid";44.56;0.0
"G03420";310;"2026-06-30";"Paid";0.0;0.0
"G03421";310;"2026-05-15";"Paid";0.0;0.0
"G03422";531;"2026-05-14";"Paid";0.0;0.0
"G03423";309;"2026-06-12";"Paid";0.0;0.0
"G03424";130;"2026-06-21";"Paid";0.0;0.0
"G03425";228;"2026-06-20";"Paid";0.0;0.0
"G03426";504;"2026-04-08";"Paid";0.0;0.0
"G03427";130;"2026-04-19";"Unpaid";24.67;0.0
"G03428";102;"2026-03-31";"Paid";0.0;0.0
"G03429";520;"2026-04-18";"Paid";0.0;0.0
"G03430";119;"2026-03-02";"Disputed";22.95;22.95
"G03431";227;"2026-04-09";"Paid";0.0;0.0
"G03432";421;"2026-05-23";"Paid";0.0;0.0
"G03433";134;"2026-04-19";"Paid";0.0;0.0
"G03434";404;"2026-01-07";"Paid";0.0;0.0
"G03435";117;"2026-05-29";"Paid";0.0;0.0
"G03436";329;"2026-01-14";"Paid";0.0;0.0
"G03437";316;"2026-02-16";"Paid";0.0;0.0
"G03438";418;"2026-05-26";"Paid";0.0;0.0
"G03439";423;"2026-06-05";"Paid";0.0;0.0
"G03440";425;"2026-05-06";"Paid";0.0;0.0
"G03441";224;"2026-03-09";"Paid";0.0;0.0
"G03442";104;"2026-06-16";"Paid";0.0;0.0
"G03443";503;"2026-03-10";"Unpaid";27.43;0.0
"G03444";213;"2026-03-12";"Paid";0.0;0.0
"G03445";220;"2026-02-07";"Paid";0.0;0.0
"G03446";527;"2026-06-19";"Paid";0.0;0.0
"G03447";514;"2026-06-30";"Paid";0.0;0.0
"G03448";121;"2026-01-08";"Paid";0.0;0.0
"G03449";512;"2026-03-01";"Paid";0.0;0.0
"G03450";132;"2026-04-22";"Paid";0.0;0.0
"G03451";433;"2026-05-03";"Paid";0.0;0.0
"G03452";328;"2026-06-12";"Paid";0.0;0.0
"G03453";531;"2026-01-20";"Paid";0.0;0.0
"G03454";515;"2026-05-22";"Unpaid";159.68;0.0
"G03455";419;"2026-04-10";"Paid";0.0;0.0
"G03456";113;"2026-04-11";"Paid";0.0;0.0
"G03457";508;"2026-02-10";"Paid";0.0;0.0
"G03458";410;"2026-03-16";"Paid";0.0;0.0
"G03459";222;"2026-04-14";"Paid";0.0;0.0
"G03460";429;"2026-01-26";"Paid";0.0;0.0
"G03461";132;"2026-01-10";"Unpaid";112.94;0.0
"G03462";516;"2026-04-20";"Paid";0.0;0.0
"G03463";531;"2026-06-16";"Paid";0.0;0.0
"G03464";426;"2026-06-25";"Paid";0.0;0.0
"G03465";217;"2026-03-30";"Paid";0.0;0.0
"G03466";205;"2026-03-07";"Paid";0.0;0.0
"G03467";132;"2026-04-26";"Paid";0.0;0.0
"G03468";432;"2026-01-08";"Paid";0.0;0.0
"G03469";403;"2026-04-06";"Disputed";52.59;52.59
"G03470";216;"2026-05-15";"Paid";0.0;0.0
"G03471";316;"2026-03-30";"Paid";0.0;0.0
"G03472";404;"2026-05-01";"Paid";0.0;0.0
"G03473";321;"2026-02-06";"Paid";0.0;0.0
"G03474";215;"2026-03-03";"Unpaid";11.28;0.0
"G03475";428;"2026-05-31";"Paid";0.0;0.0
"G03476";223;"2026-05-12";"Disputed";0.0;53.46
"G03477";229;"2026-04-08";"Paid";0.0;0.0
"G03478";302;"2026-03-19";"Paid";0.0;0.0
"G03479";301;"2026-03-18";"Paid";0.0;0.0
"G03480";507;"2026-06-15";"Paid";0.0;0.0
"G03481";116;"2026-03-10";"Paid";0.0;0.0
"G03482";108;"2026-05-21";"Paid";0.0;0.0
"G03483";307;"2026-06-16";"Paid";0.0;0.0
"G03484";224;"2026-04-10";"Paid";0.0;0.0
"G03485";517;"2026-04-30";"Unpaid";23.69;0.0
"G03486";319;"2026-02-04";"Paid";0.0;0.0
"G03487";315;"2026-02-01";"Paid";0.0;0.0
"G03488";333;"2026-02-18";"Paid";0.0;0.0
"G03489";119;"2026-04-16";"Paid";0.0;0.0
"G03490";118;"2026-05-25";"Paid";0.0;0.0
"G03491";517;"2026-05-22";"Paid";0.0;0.0
"G03492";325;"2026-03-05";"Paid";0.0;0.0
"G03493";131;"2026-01-21";"Disputed";0.0;114.75
"G03494";232;"2026-05-14";"Paid";0.0;0.0
"G03495";510;"2026-04-06";"Paid";0.0;0.0
"G03496";227;"2026-05-06";"Paid";0.0;0.0
"G03497";305;"2026-06-19";"Paid";0.0;0.0
"G03498";424;"2026-03-28";"Paid";0.0;0.0
"G03499";308;"2026-01-11";"Paid";0.0;0.0
"G03500";420;"2026-04-23";"Paid";0.0;0.0
"G03501";321;"2026-01-09";"Paid";0.0;0.0
"G03502";419;"2026-02-23";"Paid";0.0;0.0
"G03503";325;"2026-02-21";"Paid";0.0;0.0
"G03504";424;"2026-05-14";"Paid";0.0;0.0
"G03505";127;"2026-06-17";"Unpaid";29.73;0.0
"G03506";209;"2026-04-17";"Paid";0.0;0.0
"G03507";203;"2026-02-21";"Paid";0.0;0.0
"G03508";316;"2026-01-16";"Paid";0.0;0.0
"G03509";510;"2026-05-17";"Paid";0.0;0.0
"G03510";332;"2026-03-13";"Paid";0.0;0.0
"G03511";129;"2026-04-19";"Paid";0.0;0.0
"G03512";210;"2026-05-24";"Paid";0.0;0.0
"G03513";415;"2026-04-18";"Paid";0.0;0.0
"G03514";504;"2026-04-06";"Paid";0.0;0.0
"G03515";409;"2026-04-19";"Unpaid";56.58;0.0
"G03516";414;"2026-05-24";"Unpaid";67.31;0.0
"G03517";105;"2026-02-13";"Paid";0.0;0.0
"G03518";122;"2026-06-17";"Paid";0.0;0.0
"G03519";501;"2026-01-08";"Paid";0.0;0.0
"G03520";116;"2026-03-19";"Paid";0.0;0.0
"G03521";234;"2026-04-21";"Unpaid";91.73;0.0
"G03522";432;"2026-06-03";"Paid";0.0;0.0
"G03523";428;"2026-03-27";"Paid";0.0;0.0
"G03524";506;"2026-03-26";"Paid";0.0;0.0
"G03525";427;"2026-02-01";"Paid";0.0;0.0
"G03526";205;"2026-04-06";"Disputed";17.7;17.7
"G03527";530;"2026-04-15";"Paid";0.0;0.0
"G03528";319;"2026-01-08";"Paid";0.0;0.0
"G03529";325;"2026-06-03";"Paid";0.0;0.0
"G03530";502;"2026-03-15";"Paid";0.0;0.0
"G03531";116;"2026-03-29";"Paid";0.0;0.0
"G03532";506;"2026-02-18";"Paid";0.0;0.0
"G03533";408;"2026-06-21";"Paid";0.0;0.0
"G03534";227;"2026-04-11";"Disputed";20.09;20.09
"G03535";405;"2026-06-19";"Paid";0.0;0.0
"G03536";531;"2026-04-25";"Unpaid";23.42;0.0
"G03537";225;"2026-03-14";"Paid";0.0;0.0
"G03538";309;"2026-06-07";"Paid";0.0;0.0
"G03539";407;"2026-04-25";"Paid";0.0;0.0
"G03540";420;"2026-03-09";"Paid";0.0;0.0
"G03541";211;"2026-02-24";"Paid";0.0;0.0
"G03542";104;"2026-05-15";"Paid";0.0;0.0
"G03543";428;"2026-02-12";"Paid";0.0;0.0
"G03544";101;"2026-06-17";"Paid";0.0;0.0
"G03545";332;"2026-03-30";"Paid";0.0;0.0
"G03546";511;"2026-06-03";"Paid";0.0;0.0
"G03547";119;"2026-02-16";"Paid";0.0;0.0
"G03548";434;"2026-02-03";"Paid";0.0;0.0
"G03549";512;"2026-01-28";"Paid";0.0;0.0
"G03550";525;"2026-03-28";"Paid";0.0;0.0
"G03551";131;"2026-05-30";"Paid";0.0;0.0
"G03552";432;"2026-06-14";"Paid";0.0;0.0
"G03553";222;"2026-03-22";"Unpaid";36.54;0.0
"G03554";326;"2026-02-08";"Paid";0.0;0.0
"G03555";202;"2026-05-27";"Paid";0.0;0.0
"G03556";520;"2026-05-14";"Paid";0.0;0.0
"G03557";324;"2026-05-07";"Paid";0.0;0.0
"G03558";231;"2026-04-24";"Paid";0.0;0.0
"G03559";213;"2026-04-20";"Paid";0.0;0.0
"G03560";220;"2026-05-10";"Paid";0.0;0.0
"G03561";307;"2026-02-27";"Paid";0.0;0.0
"G03562";223;"2026-05-30";"Unpaid";137.69;0.0
"G03563";334;"2026-02-02";"Paid";0.0;0.0
"G03564";225;"2026-04-21";"Paid";0.0;0.0
"G03565";305;"2026-04-18";"Paid";0.0;0.0
"G03566";506;"2026-04-30";"Paid";0.0;0.0
"G03567";508;"2026-06-18";"Paid";0.0;0.0
"G03568";229;"2026-03-04";"Paid";0.0;0.0
"G03569";334;"2026-03-28";"Paid";0.0;0.0
"G03570";208;"2026-06-11";"Disputed";130.97;130.97
"G03571";423;"2026-02-17";"Disputed";21.03;21.03
"G03572";117;"2026-05-18";"Paid";0.0;0.0
"G03573";102;"2026-03-09";"Paid";0.0;0.0
"G03574";433;"2026-01-09";"Paid";0.0;0.0
"G03575";325;"2026-06-09";"Paid";0.0;0.0
"G03576";519;"2026-03-10";"Paid";0.0;0.0
"G03577";405;"2026-03-29";"Paid";0.0;0.0
"G03578";407;"2026-04-10";"Paid";0.0;0.0
"G03579";124;"2026-04-10";"Paid";0.0;0.0
"G03580";318;"2026-03-11";"Disputed";32.74;32.74
"G03581";219;"2026-04-28";"Paid";0.0;0.0
"G03582";426;"2026-06-13";"Paid";0.0;0.0
"G03583";230;"2026-02-09";"Paid";0.0;0.0
"G03584";224;"2026-04-20";"Paid";0.0;0.0
"G03585";325;"2026-01-22";"Paid";0.0;0.0
"G03586";119;"2026-02-04";"Paid";0.0;0.0
"G03587";207;"2026-01-13";"Paid";0.0;0.0
"G03588";520;"2026-04-07";"Paid";0.0;0.0
"G03589";121;"2026-01-08";"Unpaid";98.04;0.0
"G03590";319;"2026-02-24";"Paid";0.0;0.0
"G03591";122;"2026-01-28";"Paid";0.0;0.0
"G03592";323;"2026-02-12";"Paid";0.0;0.0
"G03593";310;"2026-03-04";"Paid";0.0;0.0
"G03594";527;"2026-05-08";"Paid";0.0;0.0
"G03595";229;"2026-03-09";"Paid";0.0;0.0
"G03596";209;"2026-06-22";"Paid";0.0;0.0
"G03597";426;"2026-02-01";"Paid";0.0;0.0
"G03598";318;"2026-01-11";"Paid";0.0;0.0
"G03599";229;"2026-02-13";"Paid";0.0;0.0
"G03600";408;"2026-05-08";"Paid";0.0;0.0
"G03601";230;"2026-05-15";"Paid";0.0;0.0
"G03602";129;"2026-01-14";"Paid";0.0;0.0
"G03603";419;"2026-04-10";"Unpaid";11.1;0.0
"G03604";531;"2026-02-04";"Paid";0.0;0.0
"G03605";302;"2026-03-25";"Paid";0.0;0.0
"G03606";533;"2026-06-05";"Paid";0.0;0.0
"G03607";203;"2026-06-09";"Unpaid";49.58;0.0
"G03608";225;"2026-06-26";"Paid";0.0;0.0
"G03609";408;"2026-04-27";"Paid";0.0;0.0
"G03610";423;"2026-01-23";"Paid";0.0;0.0
"G03611";503;"2026-02-12";"Paid";0.0;0.0
"G03612";204;"2026-05-29";"Paid";0.0;0.0
"G03613";503;"2026-04-24";"Paid";0.0;0.0
"G03614";322;"2026-06-30";"Paid";0.0;0.0
"G03615";108;"2026-02-21";"Paid";0.0;0.0
"G03616";432;"2026-02-02";"Paid";0.0;0.0
"G03617";505;"2026-05-12";"Paid";0.0;0.0
"G03618";413;"2026-03-11";"Unpaid";188.44;0.0
"G03619";310;"2026-01-23";"Paid";0.0;0.0
"G03620";530;"2026-04-10";"Paid";0.0;0.0
"G03621";216;"2026-03-29";"Paid";0.0;0.0
"G03622";521;"2026-03-18";"Disputed";18.49;18.49
"G03623";426;"2026-03-09";"Paid";0.0;0.0
"G03624";518;"2026-06-14";"Paid";0.0;0.0
"G03625";524;"2026-03-22";"Paid";0.0;0.0
"G03626";434;"2026-01-10";"Paid";0.0;0.0
"G03627";133;"2026-03-23";"Paid";0.0;0.0
"G03628";120;"2026-03-23";"Paid";0.0;0.0
"G03629";131;"2026-04-05";"Unpaid";16.45;0.0
"G03630";533;"2026-05-03";"Paid";0.0;0.0
"G03631";526;"2026-06-19";"Paid";0.0;0.0
"G03632";418;"2026-06-20";"Paid";0.0;0.0
"G03633";121;"2026-03-03";"Paid";0.0;0.0
"G03634";221;"2026-03-30";"Paid";0.0;0.0
"G03635";124;"2026-04-08";"Paid";0.0;0.0
"G03636";432;"2026-06-04";"Unpaid";64.49;0.0
"G03637";401;"2026-05-26";"Paid";0.0;0.0
"G03638";118;"2026-02-15";"Disputed";188.38;188.38
"G03639";326;"2026-02-07";"Paid";0.0;0.0
"G03640";109;"2026-01-28";"Unpaid";11.69;0.0
"G03641";114;"2026-06-03";"Paid";0.0;0.0
"G03642";301;"2026-01-24";"Disputed";63.54;63.54
"G03643";318;"2026-04-12";"Paid";0.0;0.0
"G03644";119;"2026-04-22";"Paid";0.0;0.0
"G03645";114;"2026-01-25";"Paid";0.0;0.0
"G03646";334;"2026-06-30";"Paid";0.0;0.0
"G03647";412;"2026-04-30";"Paid";0.0;0.0
"G03648";527;"2026-03-21";"Paid";0.0;0.0
"G03649";407;"2026-02-15";"Unpaid";13.76;0.0
"G03650";412;"2026-06-01";"Paid";0.0;0.0
"G03651";516;"2026-05-24";"Paid";0.0;0.0
"G03652";307;"2026-05-06";"Unpaid";71.31;0.0
"G03653";328;"2026-05-10";"Paid";0.0;0.0
"G03654";204;"2026-01-03";"Paid";0.0;0.0
"G03655";534;"2026-01-18";"Unpaid";171.34;0.0
"G03656";204;"2026-01-17";"Paid";0.0;0.0
"G03657";302;"2026-02-19";"Paid";0.0;0.0
"G03658";218;"2026-05-19";"Paid";0.0;0.0
"G03659";425;"2026-02-14";"Paid";0.0;0.0
"G03660";527;"2026-02-09";"Paid";0.0;0.0
"G03661";502;"2026-06-08";"Paid";0.0;0.0
"G03662";232;"2026-01-14";"Paid";0.0;0.0
"G03663";409;"2026-02-16";"Disputed";46.51;46.51
"G03664";233;"2026-02-06";"Paid";0.0;0.0
"G03665";210;"2026-06-27";"Paid";0.0;0.0
"G03666";404;"2026-06-20";"Unpaid";41.66;0.0
"G03667";512;"2026-01-04";"Paid";0.0;0.0
"G03668";416;"2026-05-30";"Paid";0.0;0.0
"G03669";501;"2026-03-07";"Paid";0.0;0.0
"G03670";528;"2026-05-19";"Paid";0.0;0.0
"G03671";117;"2026-01-25";"Paid";0.0;0.0
"G03672";308;"2026-01-17";"Paid";0.0;0.0
"G03673";418;"2026-03-06";"Paid";0.0;0.0
"G03674";214;"2026-02-14";"Paid";0.0;0.0
"G03675";407;"2026-02-27";"Paid";0.0;0.0
"G03676";317;"2026-02-19";"Paid";0.0;0.0
"G03677";527;"2026-03-01";"Paid";0.0;0.0
"G03678";315;"2026-06-04";"Paid";0.0;0.0
"G03679";312;"2026-03-23";"Paid";0.0;0.0
"G03680";507;"2026-05-30";"Paid";0.0;0.0
"G03681";102;"2026-01-23";"Paid";0.0;0.0
"G03682";102;"2026-06-30";"Unpaid";73.0;0.0
"G03683";130;"2026-05-08";"Paid";0.0;0.0
"G03684";402;"2026-04-25";"Paid";0.0;0.0
"G03685";205;"2026-06-30";"Unpaid";104.64;0.0
"G03686";406;"2026-03-30";"Paid";0.0;0.0
"G03687";431;"2026-03-30";"Paid";0.0;0.0
"G03688";228;"2026-05-08";"Disputed";0.0;63.08
"G03689";111;"2026-02-24";"Paid";0.0;0.0
"G03690";420;"2026-06-26";"Paid";0.0;0.0
"G03691";329;"2026-01-10";"Paid";0.0;0.0
"G03692";534;"2026-03-07";"Paid";0.0;0.0
"G03693";501;"2026-03-01";"Paid";0.0;0.0
"G03694";113;"2026-03-03";"Paid";0.0;0.0
"G03695";315;"2026-02-21";"Disputed";0.0;34.47
"G03696";308;"2026-03-07";"Paid";0.0;0.0
"G03697";409;"2026-06-26";"Paid";0.0;0.0
"G03698";329;"2026-01-15";"Unpaid";50.77;0.0
"G03699";513;"2026-06-08";"Paid";0.0;0.0
"G03700";226;"2026-06-01";"Paid";0.0;0.0
"G03701";210;"2026-03-02";"Disputed";114.33;114.33
"G03702";321;"2026-05-01";"Paid";0.0;0.0
"G03703";223;"2026-01-09";"Paid";0.0;0.0
"G03704";309;"2026-06-24";"Paid";0.0;0.0
"G03705";232;"2026-02-05";"Paid";0.0;0.0
"G03706";122;"2026-05-16";"Paid";0.0;0.0
"G03707";114;"2026-01-06";"Paid";0.0;0.0
"G03708";205;"2026-01-18";"Unpaid";52.05;0.0
"G03709";326;"2026-04-26";"Unpaid";39.64;0.0
"G03710";314;"2026-02-14";"Unpaid";135.3;0.0
"G03711";322;"2026-03-30";"Paid";0.0;0.0
"G03712";228;"2026-06-24";"Paid";0.0;0.0
"G03713";315;"2026-05-06";"Paid";0.0;0.0
"G03714";219;"2026-04-07";"Paid";0.0;0.0
"G03715";411;"2026-06-01";"Paid";0.0;0.0
"G03716";117;"2026-01-17";"Paid";0.0;0.0
"G03717";323;"2026-01-10";"Paid";0.0;0.0
"G03718";227;"2026-03-24";"Paid";0.0;0.0
"G03719";531;"2026-03-08";"Paid";0.0;0.0
"G03720";120;"2026-02-10";"Paid";0.0;0.0
"G03721";407;"2026-06-13";"Disputed";120.83;120.83
"G03722";122;"2026-02-06";"Paid";0.0;0.0
"G03723";530;"2026-05-05";"Disputed";62.63;62.63
"G03724";126;"2026-03-20";"Paid";0.0;0.0
"G03725";528;"2026-06-05";"Paid";0.0;0.0
"G03726";328;"2026-04-17";"Paid";0.0;0.0
"G03727";519;"2026-03-06";"Paid";0.0;0.0
"G03728";312;"2026-06-14";"Paid";0.0;0.0
"G03729";228;"2026-02-03";"Paid";0.0;0.0
"G03730";306;"2026-02-19";"Paid";0.0;0.0
"G03731";424;"2026-03-01";"Paid";0.0;0.0
"G03732";518;"2026-06-08";"Paid";0.0;0.0
"G03733";124;"2026-04-19";"Disputed";0.0;107.74
"G03734";132;"2026-06-21";"Paid";0.0;0.0
"G03735";205;"2026-02-03";"Paid";0.0;0.0
"G03736";403;"2026-06-13";"Paid";0.0;0.0
"G03737";534;"2026-06-11";"Disputed";0.0;112.47
"G03738";131;"2026-05-09";"Paid";0.0;0.0
"G03739";429;"2026-06-10";"Paid";0.0;0.0
"G03740";511;"2026-05-12";"Unpaid";13.66;0.0
"G03741";503;"2026-03-19";"Paid";0.0;0.0
"G03742";323;"2026-03-11";"Paid";0.0;0.0
"G03743";405;"2026-01-20";"Paid";0.0;0.0
"G03744";508;"2026-05-20";"Paid";0.0;0.0
"G03745";115;"2026-05-15";"Unpaid";22.73;0.0
"G03746";301;"2026-03-21";"Paid";0.0;0.0
"G03747";313;"2026-01-05";"Paid";0.0;0.0
"G03748";530;"2026-05-12";"Paid";0.0;0.0
"G03749";134;"2026-03-09";"Paid";0.0;0.0
"G03750";427;"2026-04-13";"Paid";0.0;0.0
"G03751";511;"2026-06-02";"Paid";0.0;0.0
"G03752";108;"2026-03-29";"Unpaid";23.13;0.0
"G03753";201;"2026-01-29";"Paid";0.0;0.0
"G03754";230;"2026-04-05";"Paid";0.0;0.0
"G03755";413;"2026-05-24";"Paid";0.0;0.0
"G03756";432;"2026-05-01";"Paid";0.0;0.0
"G03757";124;"2026-02-04";"Paid";0.0;0.0
"G03758";409;"2026-05-22";"Paid";0.0;0.0
"G03759";227;"2026-05-07";"Paid";0.0;0.0
"G03760";511;"2026-05-11";"Paid";0.0;0.0
"G03761";217;"2026-01-09";"Paid";0.0;0.0
"G03762";307;"2026-02-19";"Unpaid";79.1;0.0
"G03763";111;"2026-02-02";"Paid";0.0;0.0
"G03764";505;"2026-06-14";"Unpaid";48.15;0.0
"G03765";101;"2026-06-05";"Paid";0.0;0.0
"G03766";304;"2026-05-31";"Paid";0.0;0.0
"G03767";129;"2026-01-06";"Paid";0.0;0.0
"G03768";230;"2026-03-11";"Paid";0.0;0.0
"G03769";421;"2026-02-26";"Paid";0.0;0.0
"G03770";212;"2026-06-12";"Paid";0.0;0.0
"G03771";217;"2026-05-01";"Paid";0.0;0.0
"G03772";527;"2026-04-07";"Paid";0.0;0.0
"G03773";233;"2026-02-14";"Paid";0.0;0.0
"G03774";402;"2026-03-26";"Paid";0.0;0.0
"G03775";111;"2026-05-31";"Paid";0.0;0.0
"G03776";308;"2026-05-06";"Paid";0.0;0.0
"G03777";512;"2026-02-12";"Unpaid";73.1;0.0
"G03778";311;"2026-06-27";"Paid";0.0;0.0
"G03779";517;"2026-06-12";"Paid";0.0;0.0
"G03780";329;"2026-05-23";"Paid";0.0;0.0
"G03781";303;"2026-05-22";"Paid";0.0;0.0
"G03782";108;"2026-02-08";"Paid";0.0;0.0
"G03783";529;"2026-04-13";"Paid";0.0;0.0
"G03784";309;"2026-05-18";"Paid";0.0;0.0
"G03785";130;"2026-06-20";"Paid";0.0;0.0
"G03786";224;"2026-02-09";"Unpaid";18.03;0.0
"G03787";312;"2026-04-18";"Paid";0.0;0.0
"G03788";215;"2026-05-08";"Paid";0.0;0.0
"G03789";128;"2026-01-11";"Paid";0.0;0.0
"G03790";421;"2026-03-28";"Paid";0.0;0.0
"G03791";307;"2026-05-01";"Paid";0.0;0.0
"G03792";411;"2026-02-28";"Paid";0.0;0.0
"G03793";222;"2026-06-17";"Paid";0.0;0.0
"G03794";131;"2026-01-03";"Paid";0.0;0.0
"G03795";205;"2026-05-19";"Paid";0.0;0.0
"G03796";223;"2026-03-12";"Paid";0.0;0.0
"G03797";217;"2026-05-16";"Paid";0.0;0.0
"G03798";420;"2026-06-02";"Paid";0.0;0.0
"G03799";313;"2026-06-04";"Unpaid";69.58;0.0
"G03800";109;"2026-01-18";"Paid";0.0;0.0
"G03801";502;"2026-03-12";"Paid";0.0;0.0
"G03802";425;"2026-06-14";"Paid";0.0;0.0
"G03803";330;"2026-03-13";"Paid";0.0;0.0
"G03804";533;"2026-05-27";"Paid";0.0;0.0
"G03805";112;"2026-03-30";"Unpaid";105.18;0.0
"G03806";134;"2026-03-11";"Unpaid";91.02;0.0
"G03807";427;"2026-01-06";"Paid";0.0;0.0
"G03808";229;"2026-03-26";"Paid";0.0;0.0
"G03809";305;"2026-02-27";"Paid";0.0;0.0
"G03810";131;"2026-02-10";"Paid";0.0;0.0
"G03811";201;"2026-01-12";"Paid";0.0;0.0
"G03812";218;"2026-06-06";"Paid";0.0;0.0
"G03813";119;"2026-02-05";"Paid";0.0;0.0
"G03814";132;"2026-05-28";"Paid";0.0;0.0
"G03815";325;"2026-05-28";"Paid";0.0;0.0
"G03816";501;"2026-04-06";"Disputed";64.52;64.52
"G03817";504;"2026-03-04";"Paid";0.0;0.0
"G03818";210;"2026-03-03";"Unpaid";86.02;0.0
"G03819";422;"2026-02-21";"Paid";0.0;0.0
"G03820";110;"2026-02-25";"Paid";0.0;0.0
"G03821";307;"2026-02-01";"Paid";0.0;0.0
"G03822";507;"2026-01-16";"Paid";0.0;0.0
"G03823";101;"2026-04-14";"Paid";0.0;0.0
"G03824";410;"2026-06-19";"Paid";0.0;0.0
"G03825";332;"2026-03-24";"Paid";0.0;0.0
"G03826";233;"2026-01-16";"Paid";0.0;0.0
"G03827";109;"2026-05-05";"Paid";0.0;0.0
"G03828";102;"2026-03-15";"Unpaid";66.31;0.0
"G03829";116;"2026-06-05";"Paid";0.0;0.0
"G03830";220;"2026-03-28";"Paid";0.0;0.0
"G03831";128;"2026-02-25";"Paid";0.0;0.0
"G03832";132;"2026-01-21";"Paid";0.0;0.0
"G03833";317;"2026-02-22";"Disputed";114.71;114.71
"G03834";313;"2026-06-17";"Paid";0.0;0.0
"G03835";130;"2026-05-30";"Unpaid";115.67;0.0
"G03836";306;"2026-03-22";"Paid";0.0;0.0
"G03837";404;"2026-03-14";"Paid";0.0;0.0
"G03838";210;"2026-03-31";"Paid";0.0;0.0
"G03839";133;"2026-06-24";"Paid";0.0;0.0
"G03840";533;"2026-04-23";"Unpaid";105.55;0.0
"G03841";416;"2026-05-15";"Paid";0.0;0.0
"G03842";517;"2026-01-28";"Disputed";41.7;41.7
"G03843";324;"2026-04-25";"Disputed";178.25;178.25
"G03844";105;"2026-05-12";"Paid";0.0;0.0
"G03845";222;"2026-03-16";"Paid";0.0;0.0
"G03846";125;"2026-01-19";"Paid";0.0;0.0
"G03847";412;"2026-01-11";"Paid";0.0;0.0
"G03848";324;"2026-03-19";"Paid";0.0;0.0
"G03849";409;"2026-03-07";"Unpaid";63.1;0.0
"G03850";305;"2026-04-14";"Paid";0.0;0.0
"G03851";411;"2026-06-25";"Paid";0.0;0.0
"G03852";407;"2026-04-19";"Paid";0.0;0.0
"G03853";230;"2026-04-13";"Paid";0.0;0.0
"G03854";305;"2026-02-16";"Paid";0.0;0.0
"G03855";322;"2026-04-08";"Paid";0.0;0.0
"G03856";507;"2026-01-22";"Paid";0.0;0.0
"G03857";205;"2026-06-23";"Paid";0.0;0.0
"G03858";305;"2026-01-06";"Paid";0.0;0.0
"G03859";106;"2026-02-05";"Paid";0.0;0.0
"G03860";331;"2026-01-09";"Paid";0.0;0.0
"G03861";306;"2026-01-24";"Paid";0.0;0.0
"G03862";511;"2026-04-17";"Disputed";21.91;21.91
"G03863";329;"2026-04-12";"Paid";0.0;0.0
"G03864";407;"2026-02-24";"Unpaid";133.83;0.0
"G03865";208;"2026-03-09";"Paid";0.0;0.0
"G03866";410;"2026-04-10";"Paid";0.0;0.0
"G03867";117;"2026-03-23";"Paid";0.0;0.0
"G03868";522;"2026-01-13";"Unpaid";26.01;0.0
"G03869";317;"2026-04-16";"Paid";0.0;0.0
"G03870";520;"2026-04-23";"Unpaid";67.84;0.0
"G03871";406;"2026-02-19";"Paid";0.0;0.0
"G03872";212;"2026-02-01";"Paid";0.0;0.0
"G03873";401;"2026-06-28";"Paid";0.0;0.0
"G03874";530;"2026-06-02";"Paid";0.0;0.0
"G03875";525;"2026-02-19";"Paid";0.0;0.0
"G03876";122;"2026-01-08";"Paid";0.0;0.0
"G03877";126;"2026-06-18";"Paid";0.0;0.0
"G03878";502;"2026-05-13";"Paid";0.0;0.0
"G03879";409;"2026-06-05";"Paid";0.0;0.0
"G03880";223;"2026-01-07";"Paid";0.0;0.0
"G03881";412;"2026-04-11";"Paid";0.0;0.0
"G03882";319;"2026-01-31";"Unpaid";85.39;0.0
"G03883";201;"2026-04-09";"Paid";0.0;0.0
"G03884";305;"2026-05-03";"Paid";0.0;0.0
"G03885";505;"2026-01-30";"Disputed";44.61;44.61
"G03886";115;"2026-01-11";"Paid";0.0;0.0
"G03887";434;"2026-01-23";"Paid";0.0;0.0
"G03888";434;"2026-02-15";"Disputed";100.81;100.81
"G03889";429;"2026-03-07";"Paid";0.0;0.0
"G03890";431;"2026-06-05";"Paid";0.0;0.0
"G03891";126;"2026-05-03";"Paid";0.0;0.0
"G03892";503;"2026-01-10";"Paid";0.0;0.0
"G03893";319;"2026-04-07";"Paid";0.0;0.0
"G03894";127;"2026-01-05";"Paid";0.0;0.0
"G03895";514;"2026-05-17";"Paid";0.0;0.0
"G03896";502;"2026-01-14";"Paid";0.0;0.0
"G03897";231;"2026-03-26";"Paid";0.0;0.0
"G03898";429;"2026-02-03";"Paid";0.0;0.0
"G03899";324;"2026-01-28";"Paid";0.0;0.0
"G03900";224;"2026-03-25";"Unpaid";29.9;0.0
"G03901";517;"2026-02-10";"Paid";0.0;0.0
"G03902";513;"2026-03-06";"Paid";0.0;0.0
"G03903";334;"2026-05-29";"Paid";0.0;0.0
"G03904";105;"2026-01-19";"Paid";0.0;0.0
"G03905";433;"2026-03-19";"Paid";0.0;0.0
"G03906";403;"2026-02-04";"Paid";0.0;0.0
"G03907";423;"2026-02-24";"Paid";0.0;0.0
"G03908";103;"2026-04-10";"Paid";0.0;0.0
"G03909";327;"2026-02-28";"Paid";0.0;0.0
"G03910";102;"2026-03-30";"Unpaid";53.2;0.0
"G03911";208;"2026-02-11";"Paid";0.0;0.0
"G03912";319;"2026-05-15";"Paid";0.0;0.0
"G03913";119;"2026-01-25";"Paid";0.0;0.0
"G03914";234;"2026-03-06";"Paid";0.0;0.0
"G03915";425;"2026-06-19";"Paid";0.0;0.0
"G03916";113;"2026-02-05";"Paid";0.0;0.0
"G03917";307;"2026-02-19";"Paid";0.0;0.0
"G03918";301;"2026-01-22";"Paid";0.0;0.0
"G03919";425;"2026-04-07";"Paid";0.0;0.0
"G03920";424;"2026-06-22";"Paid";0.0;0.0
"G03921";526;"2026-02-01";"Disputed";44.4;44.4
"G03922";320;"2026-01-24";"Paid";0.0;0.0
"G03923";413;"2026-03-20";"Paid";0.0;0.0
"G03924";214;"2026-04-17";"Paid";0.0;0.0
"G03925";327;"2026-05-20";"Paid";0.0;0.0
"G03926";321;"2026-05-14";"Paid";0.0;0.0
"G03927";424;"2026-06-30";"Paid";0.0;0.0
"G03928";417;"2026-05-18";"Unpaid";74.75;0.0
"G03929";530;"2026-01-27";"Disputed";0.0;28.48
"G03930";126;"2026-02-12";"Paid";0.0;0.0
"G03931";216;"2026-04-27";"Unpaid";28.9;0.0
"G03932";422;"2026-06-20";"Paid";0.0;0.0
"G03933";505;"2026-05-08";"Paid";0.0;0.0
"G03934";418;"2026-01-04";"Paid";0.0;0.0
"G03935";208;"2026-03-01";"Paid";0.0;0.0
"G03936";406;"2026-04-20";"Paid";0.0;0.0
"G03937";330;"2026-01-27";"Paid";0.0;0.0
"G03938";105;"2026-06-03";"Paid";0.0;0.0
"G03939";201;"2026-04-04";"Unpaid";108.18;0.0
"G03940";233;"2026-04-02";"Paid";0.0;0.0
"G03941";404;"2026-04-25";"Paid";0.0;0.0
"G03942";334;"2026-06-05";"Unpaid";19.86;0.0
"G03943";213;"2026-05-21";"Paid";0.0;0.0
"G03944";205;"2026-05-30";"Paid";0.0;0.0
"G03945";407;"2026-05-02";"Paid";0.0;0.0
"G03946";107;"2026-02-15";"Paid";0.0;0.0
"G03947";111;"2026-06-06";"Paid";0.0;0.0
"G03948";415;"2026-05-15";"Unpaid";162.92;0.0
"G03949";418;"2026-01-26";"Paid";0.0;0.0
"G03950";216;"2026-01-15";"Paid";0.0;0.0
"G03951";203;"2026-03-04";"Paid";0.0;0.0
"G03952";329;"2026-03-23";"Paid";0.0;0.0
"G03953";415;"2026-06-27";"Paid";0.0;0.0
"G03954";414;"2026-06-09";"Paid";0.0;0.0
"G03955";426;"2026-04-21";"Paid";0.0;0.0
"G03956";403;"2026-01-20";"Paid";0.0;0.0
"G03957";408;"2026-05-22";"Unpaid";14.9;0.0
"G03958";107;"2026-02-10";"Disputed";45.15;45.15
"G03959";403;"2026-05-08";"Unpaid";44.88;0.0
"G03960";123;"2026-02-07";"Paid";0.0;0.0
"G03961";428;"2026-06-27";"Paid";0.0;0.0
"G03962";512;"2026-06-15";"Paid";0.0;0.0
"G03963";204;"2026-02-19";"Paid";0.0;0.0
"G03964";123;"2026-05-13";"Paid";0.0;0.0
"G03965";229;"2026-04-30";"Paid";0.0;0.0
"G03966";323;"2026-01-23";"Paid";0.0;0.0
"G03967";208;"2026-02-28";"Paid";0.0;0.0
"G03968";418;"2026-03-14";"Paid";0.0;0.0
"G03969";214;"2026-03-12";"Paid";0.0;0.0
"G03970";213;"2026-06-22";"Paid";0.0;0.0
"G03971";323;"2026-01-12";"Paid";0.0;0.0
"G03972";332;"2026-05-12";"Paid";0.0;0.0
"G03973";321;"2026-02-01";"Paid";0.0;0.0
"G03974";123;"2026-05-23";"Paid";0.0;0.0
"G03975";415;"2026-02-24";"Paid";0.0;0.0
"G03976";104;"2026-06-04";"Paid";0.0;0.0
"G03977";514;"2026-02-17";"Disputed";0.0;24.95
"G03978";404;"2026-02-07";"Paid";0.0;0.0
"G03979";418;"2026-03-15";"Paid";0.0;0.0
"G03980";203;"2026-05-10";"Paid";0.0;0.0
"G03981";420;"2026-02-24";"Paid";0.0;0.0
"G03982";320;"2026-02-27";"Paid";0.0;0.0
"G03983";521;"2026-06-11";"Paid";0.0;0.0
"G03984";419;"2026-02-26";"Paid";0.0;0.0
"G03985";315;"2026-05-25";"Paid";0.0;0.0
"G03986";115;"2026-02-08";"Disputed";109.61;109.61
"G03987";328;"2026-03-13";"Paid";0.0;0.0
"G03988";212;"2026-03-28";"Paid";0.0;0.0
"G03989";304;"2026-02-22";"Unpaid";10.43;0.0
"G03990";532;"2026-04-12";"Disputed";44.7;44.7
"G03991";411;"2026-04-24";"Paid";0.0;0.0
"G03992";420;"2026-02-03";"Paid";0.0;0.0
"G03993";407;"2026-06-30";"Paid";0.0;0.0
"G03994";504;"2026-03-29";"Paid";0.0;0.0
"G03995";523;"2026-06-19";"Paid";0.0;0.0
"G03996";212;"2026-02-08";"Paid";0.0;0.0
"G03997";301;"2026-05-03";"Paid";0.0;0.0
"G03998";401;"2026-06-16";"Paid";0.0;0.0
"G03999";320;"2026-01-11";"Paid";0.0;0.0
"G04000";403;"2026-02-25";"Paid";0.0;0.0
"G04001";508;"2026-01-30";"Unpaid";173.82;0.0
"G04002";203;"2026-06-14";"Paid";0.0;0.0
"G04003";521;"2026-06-09";"Paid";0.0;0.0
"G04004";325;"2026-02-05";"Paid";0.0;0.0
"G04005";419;"2026-06-05";"Paid";0.0;0.0
"G04006";412;"2026-01-08";"Paid";0.0;0.0
"G04007";525;"2026-06-07";"Paid";0.0;0.0
"G04008";509;"2026-04-21";"Unpaid";62.13;0.0
"G04009";333;"2026-03-17";"Paid";0.0;0.0
"G04010";525;"2026-04-28";"Paid";0.0;0.0
"G04011";306;"2026-01-26";"Paid";0.0;0.0
"G04012";233;"2026-03-14";"Paid";0.0;0.0
"G04013";132;"2026-04-22";"Paid";0.0;0.0
"G04014";332;"2026-03-15";"Paid";0.0;0.0
"G04015";418;"2026-01-31";"Paid";0.0;0.0
"G04016";228;"2026-03-22";"Paid";0.0;0.0
"G04017";328;"2026-05-17";"Paid";0.0;0.0
"G04018";212;"2026-06-27";"Disputed";0.0;173.21
"G04019";414;"2026-04-29";"Paid";0.0;0.0
"G04020";126;"2026-01-31";"Paid";0.0;0.0
"G04021";125;"2026-03-06";"Paid";0.0;0.0
"G04022";231;"2026-04-23";"Paid";0.0;0.0
"G04023";333;"2026-02-19";"Paid";0.0;0.0
"G04024";326;"2026-04-08";"Paid";0.0;0.0
"G04025";113;"2026-01-20";"Paid";0.0;0.0
"G04026";414;"2026-01-18";"Paid";0.0;0.0
"G04027";513;"2026-06-01";"Paid";0.0;0.0
"G04028";334;"2026-02-19";"Paid";0.0;0.0
"G04029";403;"2026-01-06";"Unpaid";25.39;0.0
"G04030";117;"2026-06-09";"Paid";0.0;0.0
"G04031";120;"2026-01-14";"Paid";0.0;0.0
"G04032";134;"2026-02-26";"Paid";0.0;0.0
"G04033";326;"2026-06-08";"Paid";0.0;0.0
"G04034";302;"2026-02-10";"Paid";0.0;0.0
"G04035";313;"2026-03-30";"Paid";0.0;0.0
"G04036";426;"2026-06-10";"Disputed";32.48;32.48
"G04037";202;"2026-04-28";"Paid";0.0;0.0
"G04038";209;"2026-04-13";"Paid";0.0;0.0
"G04039";306;"2026-05-28";"Paid";0.0;0.0
"G04040";518;"2026-05-29";"Paid";0.0;0.0
"G04041";110;"2026-02-14";"Paid";0.0;0.0
"G04042";109;"2026-02-13";"Paid";0.0;0.0
"G04043";316;"2026-01-23";"Paid";0.0;0.0
"G04044";419;"2026-06-26";"Paid";0.0;0.0
"G04045";101;"2026-01-27";"Paid";0.0;0.0
"G04046";510;"2026-05-13";"Unpaid";167.99;0.0
"G04047";321;"2026-04-12";"Paid";0.0;0.0
"G04048";505;"2026-03-30";"Unpaid";18.15;0.0
"G04049";109;"2026-05-17";"Paid";0.0;0.0
"G04050";534;"2026-05-12";"Paid";0.0;0.0
"G04051";517;"2026-03-17";"Paid";0.0;0.0
"G04052";523;"2026-05-21";"Paid";0.0;0.0
"G04053";509;"2026-06-09";"Unpaid";12.87;0.0
"G04054";311;"2026-01-05";"Paid";0.0;0.0
"G04055";513;"2026-03-22";"Paid";0.0;0.0
"G04056";106;"2026-02-20";"Paid";0.0;0.0
"G04057";431;"2026-05-02";"Paid";0.0;0.0
"G04058";214;"2026-03-29";"Paid";0.0;0.0
"G04059";434;"2026-02-07";"Paid";0.0;0.0
"G04060";217;"2026-03-22";"Paid";0.0;0.0
"G04061";212;"2026-06-27";"Paid";0.0;0.0
"G04062";133;"2026-06-11";"Paid";0.0;0.0
"G04063";426;"2026-01-16";"Paid";0.0;0.0
"G04064";402;"2026-04-07";"Unpaid";68.03;0.0
"G04065";234;"2026-04-10";"Paid";0.0;0.0
"G04066";219;"2026-03-17";"Paid";0.0;0.0
"G04067";408;"2026-01-27";"Unpaid";67.61;0.0
"G04068";412;"2026-05-09";"Unpaid";172.5;0.0
"G04069";426;"2026-03-24";"Unpaid";17.73;0.0
"G04070";118;"2026-05-14";"Paid";0.0;0.0
"G04071";129;"2026-05-08";"Unpaid";117.76;0.0
"G04072";534;"2026-06-07";"Paid";0.0;0.0
"G04073";427;"2026-01-07";"Paid";0.0;0.0
"G04074";232;"2026-01-05";"Paid";0.0;0.0
"G04075";132;"2026-02-26";"Paid";0.0;0.0
"G04076";128;"2026-05-22";"Paid";0.0;0.0
"G04077";422;"2026-06-27";"Paid";0.0;0.0
"G04078";302;"2026-03-18";"Paid";0.0;0.0
"G04079";221;"2026-02-26";"Disputed";70.65;70.65
"G04080";528;"2026-03-19";"Paid";0.0;0.0
"G04081";302;"2026-02-27";"Paid";0.0;0.0
"G04082";311;"2026-04-11";"Paid";0.0;0.0
"G04083";127;"2026-01-17";"Paid";0.0;0.0
"G04084";121;"2026-06-18";"Paid";0.0;0.0
"G04085";230;"2026-04-04";"Paid";0.0;0.0
"G04086";332;"2026-01-12";"Paid";0.0;0.0
"G04087";410;"2026-04-07";"Paid";0.0;0.0
"G04088";122;"2026-02-14";"Paid";0.0;0.0
"G04089";312;"2026-01-24";"Paid";0.0;0.0
"G04090";307;"2026-03-12";"Paid";0.0;0.0
"G04091";234;"2026-02-02";"Paid";0.0;0.0
"G04092";117;"2026-04-28";"Unpaid";32.11;0.0
"G04093";121;"2026-03-15";"Paid";0.0;0.0
"G04094";329;"2026-02-01";"Paid";0.0;0.0
"G04095";413;"2026-02-14";"Paid";0.0;0.0
"G04096";305;"2026-04-10";"Paid";0.0;0.0
"G04097";303;"2026-03-21";"Paid";0.0;0.0
"G04098";232;"2026-03-10";"Paid";0.0;0.0
"G04099";514;"2026-03-22";"Paid";0.0;0.0
"G04100";106;"2026-03-16";"Paid";0.0;0.0
"G04101";222;"2026-05-25";"Paid";0.0;0.0
"G04102";302;"2026-06-14";"Paid";0.0;0.0
"G04103";208;"2026-06-14";"Disputed";59.36;59.36
"G04104";122;"2026-04-03";"Disputed";51.12;51.12
"G04105";217;"2026-04-09";"Paid";0.0;0.0
"G04106";201;"2026-03-14";"Paid";0.0;0.0
"G04107";402;"2026-01-10";"Paid";0.0;0.0
"G04108";118;"2026-04-20";"Paid";0.0;0.0
"G04109";324;"2026-05-21";"Paid";0.0;0.0
"G04110";516;"2026-03-30";"Paid";0.0;0.0
"G04111";130;"2026-06-04";"Paid";0.0;0.0
"G04112";315;"2026-04-08";"Paid";0.0;0.0
"G04113";208;"2026-04-10";"Disputed";0.0;72.65
"G04114";307;"2026-01-06";"Paid";0.0;0.0
"G04115";504;"2026-03-13";"Paid";0.0;0.0
"G04116";330;"2026-05-10";"Paid";0.0;0.0
"G04117";509;"2026-04-17";"Paid";0.0;0.0
"G04118";321;"2026-04-18";"Paid";0.0;0.0
"G04119";106;"2026-06-21";"Paid";0.0;0.0
"G04120";518;"2026-01-07";"Paid";0.0;0.0
"G04121";516;"2026-04-02";"Paid";0.0;0.0
"G04122";124;"2026-01-26";"Unpaid";26.03;0.0
"G04123";501;"2026-02-04";"Paid";0.0;0.0
"G04124";232;"2026-01-05";"Unpaid";79.41;0.0
"G04125";505;"2026-02-03";"Unpaid";14.55;0.0
"G04126";520;"2026-04-18";"Paid";0.0;0.0
"G04127";533;"2026-06-14";"Paid";0.0;0.0
"G04128";204;"2026-03-14";"Unpaid";14.7;0.0
"G04129";532;"2026-04-11";"Paid";0.0;0.0
"G04130";213;"2026-03-18";"Paid";0.0;0.0
"G04131";227;"2026-02-27";"Disputed";47.14;47.14
"G04132";502;"2026-04-26";"Paid";0.0;0.0
"G04133";401;"2026-05-02";"Disputed";52.87;52.87
"G04134";329;"2026-05-19";"Paid";0.0;0.0
"G04135";524;"2026-02-12";"Paid";0.0;0.0
"G04136";108;"2026-05-14";"Unpaid";38.95;0.0
"G04137";225;"2026-04-19";"Paid";0.0;0.0
"G04138";422;"2026-05-27";"Paid";0.0;0.0
"G04139";211;"2026-02-27";"Paid";0.0;0.0
"G04140";113;"2026-03-16";"Paid";0.0;0.0
"G04141";228;"2026-02-22";"Paid";0.0;0.0
"G04142";103;"2026-03-15";"Paid";0.0;0.0
"G04143";215;"2026-05-27";"Paid";0.0;0.0
"G04144";401;"2026-01-18";"Unpaid";70.46;0.0
"G04145";332;"2026-05-06";"Paid";0.0;0.0
"G04146";115;"2026-01-06";"Paid";0.0;0.0
"G04147";420;"2026-05-15";"Paid";0.0;0.0
"G04148";214;"2026-05-03";"Paid";0.0;0.0
"G04149";433;"2026-01-18";"Paid";0.0;0.0
"G04150";315;"2026-04-13";"Paid";0.0;0.0
"G04151";201;"2026-05-18";"Paid";0.0;0.0
"G04152";130;"2026-04-17";"Paid";0.0;0.0
"G04153";514;"2026-03-27";"Paid";0.0;0.0
"G04154";325;"2026-05-01";"Disputed";0.0;149.37
"G04155";101;"2026-01-28";"Paid";0.0;0.0
"G04156";125;"2026-05-20";"Paid";0.0;0.0
"G04157";134;"2026-01-14";"Unpaid";54.59;0.0
"G04158";504;"2026-05-19";"Paid";0.0;0.0
"G04159";422;"2026-06-01";"Paid";0.0;0.0
"G04160";229;"2026-01-03";"Paid";0.0;0.0
"G04161";525;"2026-04-25";"Paid";0.0;0.0
"G04162";218;"2026-02-22";"Paid";0.0;0.0
"G04163";518;"2026-05-25";"Paid";0.0;0.0
"G04164";121;"2026-02-28";"Paid";0.0;0.0
"G04165";525;"2026-05-18";"Paid";0.0;0.0
"G04166";123;"2026-02-27";"Paid";0.0;0.0
"G04167";111;"2026-06-11";"Unpaid";167.18;0.0
"G04168";102;"2026-03-05";"Paid";0.0;0.0
"G04169";107;"2026-04-11";"Disputed";0.0;20.23
"G04170";221;"2026-02-25";"Paid";0.0;0.0
"G04171";114;"2026-05-26";"Paid";0.0;0.0
"G04172";531;"2026-02-18";"Paid";0.0;0.0
"G04173";128;"2026-03-21";"Paid";0.0;0.0
"G04174";124;"2026-05-07";"Paid";0.0;0.0
"G04175";434;"2026-03-08";"Paid";0.0;0.0
"G04176";533;"2026-01-17";"Paid";0.0;0.0
"G04177";333;"2026-06-14";"Paid";0.0;0.0
"G04178";224;"2026-04-12";"Paid";0.0;0.0
"G04179";211;"2026-06-04";"Paid";0.0;0.0
"G04180";326;"2026-02-02";"Paid";0.0;0.0
"G04181";209;"2026-04-19";"Paid";0.0;0.0
"G04182";402;"2026-01-10";"Paid";0.0;0.0
"G04183";328;"2026-01-08";"Paid";0.0;0.0
"G04184";114;"2026-06-16";"Paid";0.0;0.0
"G04185";310;"2026-06-19";"Paid";0.0;0.0
"G04186";304;"2026-01-21";"Paid";0.0;0.0
"G04187";319;"2026-04-11";"Paid";0.0;0.0
"G04188";117;"2026-06-21";"Paid";0.0;0.0
"G04189";328;"2026-06-07";"Unpaid";13.17;0.0
"G04190";506;"2026-03-13";"Paid";0.0;0.0
"G04191";404;"2026-04-19";"Unpaid";13.67;0.0
"G04192";424;"2026-02-22";"Paid";0.0;0.0
"G04193";526;"2026-03-10";"Paid";0.0;0.0
"G04194";103;"2026-02-07";"Paid";0.0;0.0
"G04195";118;"2026-05-29";"Paid";0.0;0.0
"G04196";106;"2026-04-24";"Paid";0.0;0.0
"G04197";108;"2026-04-09";"Paid";0.0;0.0
"G04198";307;"2026-05-26";"Paid";0.0;0.0
"G04199";413;"2026-06-02";"Paid";0.0;0.0
"G04200";404;"2026-04-30";"Paid";0.0;0.0
"G04201";202;"2026-06-09";"Paid";0.0;0.0
"G04202";428;"2026-04-29";"Paid";0.0;0.0
"G04203";305;"2026-06-07";"Paid";0.0;0.0
"G04204";308;"2026-05-03";"Paid";0.0;0.0
"G04205";202;"2026-06-13";"Paid";0.0;0.0
"G04206";307;"2026-03-03";"Paid";0.0;0.0
"G04207";304;"2026-03-04";"Unpaid";13.62;0.0
"G04208";102;"2026-03-24";"Paid";0.0;0.0
"G04209";504;"2026-03-17";"Paid";0.0;0.0
"G04210";113;"2026-06-07";"Paid";0.0;0.0
"G04211";403;"2026-04-07";"Unpaid";17.71;0.0
"G04212";532;"2026-06-27";"Paid";0.0;0.0
"G04213";423;"2026-04-08";"Paid";0.0;0.0
"G04214";131;"2026-04-10";"Paid";0.0;0.0
"G04215";516;"2026-05-14";"Paid";0.0;0.0
"G04216";114;"2026-03-03";"Paid";0.0;0.0
"G04217";507;"2026-04-03";"Paid";0.0;0.0
"G04218";228;"2026-06-28";"Paid";0.0;0.0
"G04219";133;"2026-06-30";"Paid";0.0;0.0
"G04220";301;"2026-05-05";"Paid";0.0;0.0
"G04221";220;"2026-03-24";"Paid";0.0;0.0
"G04222";307;"2026-05-07";"Paid";0.0;0.0
"G04223";317;"2026-04-22";"Paid";0.0;0.0
"G04224";332;"2026-02-12";"Disputed";16.7;16.7
"G04225";519;"2026-06-30";"Paid";0.0;0.0
"G04226";405;"2026-05-23";"Paid";0.0;0.0
"G04227";401;"2026-06-16";"Paid";0.0;0.0
"G04228";101;"2026-05-25";"Paid";0.0;0.0
"G04229";507;"2026-03-19";"Paid";0.0;0.0
"G04230";515;"2026-02-09";"Paid";0.0;0.0
"G04231";210;"2026-06-04";"Paid";0.0;0.0
"G04232";418;"2026-01-16";"Paid";0.0;0.0
"G04233";303;"2026-02-19";"Paid";0.0;0.0
"G04234";309;"2026-01-10";"Disputed";114.02;114.02
"G04235";234;"2026-05-16";"Paid";0.0;0.0
"G04236";106;"2026-03-13";"Paid";0.0;0.0
"G04237";412;"2026-05-22";"Paid";0.0;0.0
"G04238";228;"2026-02-16";"Paid";0.0;0.0
"G04239";518;"2026-06-18";"Paid";0.0;0.0
"G04240";433;"2026-01-14";"Paid";0.0;0.0
"G04241";331;"2026-02-20";"Paid";0.0;0.0
"G04242";233;"2026-03-04";"Paid";0.0;0.0
"G04243";502;"2026-03-09";"Paid";0.0;0.0
"G04244";217;"2026-02-25";"Paid";0.0;0.0
"G04245";327;"2026-03-21";"Unpaid";24.13;0.0
"G04246";213;"2026-02-16";"Paid";0.0;0.0
"G04247";324;"2026-05-23";"Paid";0.0;0.0
"G04248";407;"2026-02-10";"Paid";0.0;0.0
"G04249";318;"2026-05-23";"Paid";0.0;0.0
"G04250";213;"2026-04-27";"Paid";0.0;0.0
"G04251";428;"2026-03-15";"Paid";0.0;0.0
"G04252";203;"2026-01-25";"Paid";0.0;0.0
"G04253";127;"2026-01-28";"Paid";0.0;0.0
"G04254";321;"2026-03-12";"Paid";0.0;0.0
"G04255";111;"2026-05-31";"Paid";0.0;0.0
"G04256";319;"2026-01-23";"Paid";0.0;0.0
"G04257";323;"2026-04-29";"Paid";0.0;0.0
"G04258";129;"2026-01-17";"Paid";0.0;0.0
"G04259";528;"2026-04-17";"Paid";0.0;0.0
"G04260";432;"2026-01-11";"Unpaid";31.5;0.0
"G04261";232;"2026-04-23";"Unpaid";60.57;0.0
"G04262";233;"2026-03-13";"Unpaid";65.72;0.0
"G04263";404;"2026-05-17";"Paid";0.0;0.0
"G04264";514;"2026-01-19";"Paid";0.0;0.0
"G04265";527;"2026-05-10";"Paid";0.0;0.0
"G04266";414;"2026-02-20";"Paid";0.0;0.0
"G04267";224;"2026-02-06";"Paid";0.0;0.0
"G04268";512;"2026-03-09";"Unpaid";150.93;0.0
"G04269";426;"2026-05-16";"Paid";0.0;0.0
"G04270";515;"2026-06-30";"Paid";0.0;0.0
"G04271";131;"2026-03-20";"Paid";0.0;0.0
"G04272";109;"2026-06-26";"Unpaid";96.56;0.0
"G04273";102;"2026-03-03";"Paid";0.0;0.0
"G04274";512;"2026-02-08";"Paid";0.0;0.0
"G04275";321;"2026-04-01";"Paid";0.0;0.0
"G04276";525;"2026-03-20";"Paid";0.0;0.0
"G04277";415;"2026-04-25";"Paid";0.0;0.0
"G04278";314;"2026-02-18";"Paid";0.0;0.0
"G04279";431;"2026-01-24";"Unpaid";37.98;0.0
"G04280";226;"2026-04-14";"Paid";0.0;0.0
"G04281";432;"2026-04-16";"Paid";0.0;0.0
"G04282";434;"2026-06-06";"Paid";0.0;0.0
"G04283";205;"2026-06-09";"Paid";0.0;0.0
"G04284";504;"2026-03-05";"Disputed";16.97;16.97
"G04285";306;"2026-04-22";"Paid";0.0;0.0
"G04286";426;"2026-04-24";"Paid";0.0;0.0
"G04287";205;"2026-02-21";"Paid";0.0;0.0
"G04288";420;"2026-06-20";"Paid";0.0;0.0
"G04289";419;"2026-03-16";"Paid";0.0;0.0
"G04290";122;"2026-01-20";"Paid";0.0;0.0
"G04291";221;"2026-03-12";"Paid";0.0;0.0
"G04292";220;"2026-01-24";"Paid";0.0;0.0
"G04293";307;"2026-01-25";"Paid";0.0;0.0
"G04294";509;"2026-06-25";"Paid";0.0;0.0
"G04295";221;"2026-06-21";"Paid";0.0;0.0
"G04296";213;"2026-02-17";"Paid";0.0;0.0
"G04297";215;"2026-06-04";"Paid";0.0;0.0
"G04298";415;"2026-01-18";"Paid";0.0;0.0
"G04299";231;"2026-04-15";"Unpaid";42.55;0.0
"G04300";325;"2026-03-16";"Unpaid";22.72;0.0
"G04301";228;"2026-02-09";"Paid";0.0;0.0
"G04302";418;"2026-05-15";"Unpaid";82.17;0.0
"G04303";104;"2026-01-11";"Paid";0.0;0.0
"G04304";315;"2026-02-18";"Paid";0.0;0.0
"G04305";333;"2026-05-02";"Paid";0.0;0.0
"G04306";505;"2026-04-14";"Paid";0.0;0.0
"G04307";218;"2026-01-04";"Paid";0.0;0.0
"G04308";324;"2026-04-01";"Paid";0.0;0.0
"G04309";101;"2026-03-23";"Paid";0.0;0.0
"G04310";424;"2026-05-07";"Paid";0.0;0.0
"G04311";532;"2026-05-02";"Paid";0.0;0.0
"G04312";517;"2026-03-06";"Paid";0.0;0.0
"G04313";317;"2026-06-24";"Paid";0.0;0.0
"G04314";523;"2026-01-19";"Paid";0.0;0.0
"G04315";502;"2026-03-10";"Paid";0.0;0.0
"G04316";102;"2026-03-29";"Unpaid";85.62;0.0
"G04317";218;"2026-02-16";"Paid";0.0;0.0
"G04318";528;"2026-04-01";"Disputed";93.1;93.1
"G04319";401;"2026-06-16";"Paid";0.0;0.0
"G04320";426;"2026-03-09";"Paid";0.0;0.0
"G04321";225;"2026-03-31";"Paid";0.0;0.0
"G04322";125;"2026-04-24";"Paid";0.0;0.0
"G04323";103;"2026-01-10";"Paid";0.0;0.0
"G04324";120;"2026-03-29";"Paid";0.0;0.0
"G04325";318;"2026-05-23";"Unpaid";48.55;0.0
"G04326";213;"2026-04-23";"Paid";0.0;0.0
"G04327";320;"2026-02-26";"Disputed";0.0;26.86
"G04328";311;"2026-01-18";"Disputed";34.9;34.9
"G04329";215;"2026-02-25";"Unpaid";156.69;0.0
"G04330";209;"2026-04-02";"Paid";0.0;0.0
"G04331";431;"2026-05-20";"Paid";0.0;0.0
"G04332";307;"2026-01-19";"Paid";0.0;0.0
"G04333";221;"2026-04-22";"Unpaid";119.26;0.0
"G04334";211;"2026-02-26";"Paid";0.0;0.0
"G04335";514;"2026-04-25";"Paid";0.0;0.0
"G04336";215;"2026-02-08";"Paid";0.0;0.0
"G04337";518;"2026-01-28";"Paid";0.0;0.0
"G04338";128;"2026-05-16";"Paid";0.0;0.0
"G04339";126;"2026-05-29";"Paid";0.0;0.0
"G04340";408;"2026-03-15";"Paid";0.0;0.0
"G04341";212;"2026-03-02";"Paid";0.0;0.0
"G04342";101;"2026-04-19";"Paid";0.0;0.0
"G04343";504;"2026-06-19";"Paid";0.0;0.0
"G04344";404;"2026-03-05";"Disputed";34.78;34.78
"G04345";220;"2026-05-08";"Paid";0.0;0.0
"G04346";533;"2026-06-16";"Unpaid";72.94;0.0
"G04347";107;"2026-05-13";"Paid";0.0;0.0
"G04348";104;"2026-06-01";"Paid";0.0;0.0
"G04349";403;"2026-05-18";"Paid";0.0;0.0
"G04350";527;"2026-05-24";"Disputed";0.0;60.96
"G04351";534;"2026-03-04";"Paid";0.0;0.0
"G04352";327;"2026-02-26";"Disputed";15.26;15.26
"G04353";115;"2026-01-17";"Paid";0.0;0.0
"G04354";532;"2026-03-13";"Paid";0.0;0.0
"G04355";522;"2026-03-05";"Paid";0.0;0.0
"G04356";530;"2026-06-16";"Paid";0.0;0.0
"G04357";427;"2026-06-22";"Unpaid";88.05;0.0
"G04358";532;"2026-02-27";"Paid";0.0;0.0
"G04359";206;"2026-04-11";"Paid";0.0;0.0
"G04360";426;"2026-05-26";"Paid";0.0;0.0
"G04361";312;"2026-01-15";"Paid";0.0;0.0
"G04362";322;"2026-06-11";"Paid";0.0;0.0
"G04363";211;"2026-05-11";"Paid";0.0;0.0
"G04364";118;"2026-03-16";"Paid";0.0;0.0
"G04365";419;"2026-05-23";"Paid";0.0;0.0
"G04366";419;"2026-03-14";"Paid";0.0;0.0
"G04367";523;"2026-01-03";"Paid";0.0;0.0
"G04368";201;"2026-01-27";"Disputed";69.83;69.83
"G04369";432;"2026-05-08";"Paid";0.0;0.0
"G04370";403;"2026-01-08";"Paid";0.0;0.0
"G04371";223;"2026-03-03";"Paid";0.0;0.0
"G04372";503;"2026-06-19";"Paid";0.0;0.0
"G04373";520;"2026-05-19";"Paid";0.0;0.0
"G04374";318;"2026-02-08";"Unpaid";78.51;0.0
"G04375";518;"2026-03-22";"Paid";0.0;0.0
"G04376";210;"2026-05-17";"Paid";0.0;0.0
"G04377";124;"2026-01-03";"Paid";0.0;0.0
"G04378";508;"2026-01-07";"Paid";0.0;0.0
"G04379";201;"2026-05-10";"Paid";0.0;0.0
"G04380";527;"2026-02-12";"Paid";0.0;0.0
"G04381";216;"2026-04-10";"Paid";0.0;0.0
"G04382";107;"2026-04-05";"Disputed";48.14;48.14
"G04383";334;"2026-05-19";"Paid";0.0;0.0
"G04384";121;"2026-03-11";"Disputed";47.43;47.43
"G04385";208;"2026-04-02";"Unpaid";207.27;0.0
"G04386";520;"2026-01-12";"Paid";0.0;0.0
"G04387";430;"2026-03-08";"Paid";0.0;0.0
"G04388";413;"2026-02-11";"Paid";0.0;0.0
"G04389";112;"2026-04-08";"Paid";0.0;0.0
"G04390";311;"2026-04-25";"Paid";0.0;0.0
"G04391";529;"2026-04-07";"Paid";0.0;0.0
"G04392";511;"2026-05-08";"Paid";0.0;0.0
"G04393";112;"2026-04-26";"Paid";0.0;0.0
"G04394";304;"2026-01-28";"Paid";0.0;0.0
"G04395";526;"2026-04-04";"Unpaid";41.46;0.0
"G04396";423;"2026-03-26";"Paid";0.0;0.0
"G04397";206;"2026-03-29";"Paid";0.0;0.0
"G04398";328;"2026-06-27";"Paid";0.0;0.0
"G04399";127;"2026-05-11";"Paid";0.0;0.0
"G04400";105;"2026-06-20";"Disputed";113.89;113.89
"G04401";131;"2026-02-21";"Unpaid";18.34;0.0
"G04402";504;"2026-04-08";"Paid";0.0;0.0
"G04403";523;"2026-06-18";"Paid";0.0;0.0
"G04404";104;"2026-06-10";"Paid";0.0;0.0
"G04405";330;"2026-04-25";"Paid";0.0;0.0
"G04406";410;"2026-04-04";"Paid";0.0;0.0
"G04407";322;"2026-06-30";"Paid";0.0;0.0
"G04408";426;"2026-03-16";"Paid";0.0;0.0
"G04409";121;"2026-04-04";"Paid";0.0;0.0
"G04410";317;"2026-03-19";"Paid";0.0;0.0
"G04411";528;"2026-05-19";"Paid";0.0;0.0
"G04412";408;"2026-05-25";"Paid";0.0;0.0
"G04413";122;"2026-03-02";"Paid";0.0;0.0
"G04414";133;"2026-01-14";"Paid";0.0;0.0
"G04415";501;"2026-04-30";"Paid";0.0;0.0
"G04416";214;"2026-04-01";"Paid";0.0;0.0
"G04417";113;"2026-01-06";"Paid";0.0;0.0
"G04418";519;"2026-04-10";"Paid";0.0;0.0
"G04419";510;"2026-05-05";"Paid";0.0;0.0
"G04420";519;"2026-06-19";"Unpaid";82.76;0.0
"G04421";510;"2026-05-29";"Paid";0.0;0.0
"G04422";302;"2026-05-05";"Paid";0.0;0.0
"G04423";128;"2026-03-31";"Paid";0.0;0.0
"G04424";122;"2026-02-15";"Paid";0.0;0.0
"G04425";523;"2026-02-25";"Paid";0.0;0.0
"G04426";325;"2026-04-22";"Paid";0.0;0.0
"G04427";113;"2026-06-29";"Paid";0.0;0.0
"G04428";304;"2026-06-25";"Paid";0.0;0.0
"G04429";112;"2026-06-01";"Paid";0.0;0.0
"G04430";311;"2026-02-05";"Paid";0.0;0.0
"G04431";505;"2026-03-23";"Paid";0.0;0.0
"G04432";429;"2026-03-23";"Paid";0.0;0.0
"G04433";223;"2026-04-06";"Paid";0.0;0.0
"G04434";116;"2026-02-27";"Paid";0.0;0.0
"G04435";531;"2026-05-11";"Paid";0.0;0.0
"G04436";215;"2026-06-19";"Paid";0.0;0.0
"G04437";234;"2026-01-21";"Paid";0.0;0.0
"G04438";401;"2026-01-28";"Paid";0.0;0.0
"G04439";118;"2026-04-07";"Paid";0.0;0.0
"G04440";116;"2026-02-12";"Paid";0.0;0.0
"G04441";421;"2026-02-25";"Unpaid";74.74;0.0
"G04442";309;"2026-02-06";"Paid";0.0;0.0
"G04443";229;"2026-06-05";"Paid";0.0;0.0
"G04444";528;"2026-01-15";"Paid";0.0;0.0
"G04445";101;"2026-06-29";"Paid";0.0;0.0
"G04446";416;"2026-04-23";"Paid";0.0;0.0
"G04447";523;"2026-01-10";"Paid";0.0;0.0
"G04448";414;"2026-06-26";"Paid";0.0;0.0
"G04449";503;"2026-02-20";"Paid";0.0;0.0
"G04450";314;"2026-03-01";"Disputed";0.0;112.58
"G04451";104;"2026-04-13";"Unpaid";64.09;0.0
"G04452";416;"2026-03-05";"Paid";0.0;0.0
"G04453";431;"2026-06-10";"Paid";0.0;0.0
"G04454";526;"2026-04-30";"Unpaid";243.88;0.0
"G04455";418;"2026-01-14";"Paid";0.0;0.0
"G04456";309;"2026-04-10";"Paid";0.0;0.0
"G04457";116;"2026-04-11";"Paid";0.0;0.0
"G04458";434;"2026-04-20";"Paid";0.0;0.0
"G04459";518;"2026-04-26";"Paid";0.0;0.0
"G04460";321;"2026-02-11";"Paid";0.0;0.0
"G04461";219;"2026-04-28";"Paid";0.0;0.0
"G04462";534;"2026-05-18";"Paid";0.0;0.0
"G04463";309;"2026-06-05";"Disputed";38.97;38.97
"G04464";124;"2026-06-05";"Paid";0.0;0.0
"G04465";108;"2026-03-15";"Paid";0.0;0.0
"G04466";506;"2026-04-29";"Paid";0.0;0.0
"G04467";411;"2026-03-10";"Disputed";0.0;63.06
"G04468";127;"2026-05-11";"Paid";0.0;0.0
"G04469";531;"2026-05-04";"Paid";0.0;0.0
"G04470";334;"2026-02-01";"Paid";0.0;0.0
"G04471";315;"2026-03-27";"Paid";0.0;0.0
"G04472";424;"2026-02-16";"Paid";0.0;0.0
"G04473";203;"2026-04-09";"Disputed";28.69;28.69
"G04474";125;"2026-05-28";"Paid";0.0;0.0
"G04475";421;"2026-02-06";"Paid";0.0;0.0
"G04476";211;"2026-03-30";"Paid";0.0;0.0
"G04477";534;"2026-02-18";"Paid";0.0;0.0
"G04478";426;"2026-02-28";"Paid";0.0;0.0
"G04479";205;"2026-02-28";"Paid";0.0;0.0
"G04480";206;"2026-03-04";"Paid";0.0;0.0
"G04481";302;"2026-04-12";"Paid";0.0;0.0
"G04482";324;"2026-05-27";"Disputed";236.45;236.45
"G04483";326;"2026-02-16";"Paid";0.0;0.0
"G04484";119;"2026-03-25";"Paid";0.0;0.0
"G04485";403;"2026-02-27";"Paid";0.0;0.0
"G04486";413;"2026-05-30";"Paid";0.0;0.0
"G04487";208;"2026-03-20";"Paid";0.0;0.0
"G04488";328;"2026-03-01";"Unpaid";105.34;0.0
"G04489";410;"2026-05-09";"Paid";0.0;0.0
"G04490";120;"2026-01-25";"Disputed";60.42;60.42
"G04491";105;"2026-04-23";"Unpaid";15.85;0.0
"G04492";518;"2026-06-11";"Paid";0.0;0.0
"G04493";510;"2026-03-07";"Paid";0.0;0.0
"G04494";220;"2026-04-04";"Paid";0.0;0.0
"G04495";233;"2026-02-24";"Paid";0.0;0.0
"G04496";404;"2026-06-30";"Unpaid";100.28;0.0
"G04497";414;"2026-05-15";"Paid";0.0;0.0
"G04498";510;"2026-04-16";"Paid";0.0;0.0
"G04499";534;"2026-01-06";"Paid";0.0;0.0
"G04500";104;"2026-02-21";"Paid";0.0;0.0
"G04501";301;"2026-02-20";"Paid";0.0;0.0
"G04502";323;"2026-01-23";"Paid";0.0;0.0
"G04503";221;"2026-01-31";"Unpaid";60.3;0.0
"G04504";226;"2026-02-19";"Paid";0.0;0.0
"G04505";104;"2026-04-03";"Paid";0.0;0.0
"G04506";110;"2026-04-03";"Paid";0.0;0.0
"G04507";202;"2026-05-05";"Paid";0.0;0.0
"G04508";427;"2026-04-19";"Paid";0.0;0.0
"G04509";228;"2026-04-13";"Paid";0.0;0.0
"G04510";525;"2026-02-13";"Paid";0.0;0.0
"G04511";227;"2026-05-29";"Disputed";33.06;33.06
"G04512";412;"2026-04-29";"Paid";0.0;0.0
"G04513";305;"2026-01-16";"Disputed";146.26;146.26
"G04514";425;"2026-05-22";"Paid";0.0;0.0
"G04515";422;"2026-03-10";"Paid";0.0;0.0
"G04516";319;"2026-02-23";"Paid";0.0;0.0
"G04517";303;"2026-06-30";"Disputed";0.0;18.84
"G04518";208;"2026-05-01";"Paid";0.0;0.0
"G04519";415;"2026-05-04";"Paid";0.0;0.0
"G04520";415;"2026-02-14";"Paid";0.0;0.0
"G04521";130;"2026-04-26";"Paid";0.0;0.0
"G04522";525;"2026-06-04";"Unpaid";33.07;0.0
"G04523";124;"2026-02-11";"Unpaid";20.97;0.0
"G04524";310;"2026-01-23";"Paid";0.0;0.0
"G04525";115;"2026-05-13";"Paid";0.0;0.0
"G04526";421;"2026-03-05";"Paid";0.0;0.0
"G04527";217;"2026-02-03";"Paid";0.0;0.0
"G04528";203;"2026-01-18";"Paid";0.0;0.0
"G04529";214;"2026-06-25";"Paid";0.0;0.0
"G04530";330;"2026-05-28";"Disputed";77.66;77.66
"G04531";329;"2026-04-30";"Paid";0.0;0.0
"G04532";117;"2026-03-12";"Paid";0.0;0.0
"G04533";134;"2026-01-22";"Paid";0.0;0.0
"G04534";306;"2026-06-09";"Paid";0.0;0.0
"G04535";204;"2026-04-13";"Paid";0.0;0.0
"G04536";417;"2026-01-27";"Paid";0.0;0.0
"G04537";107;"2026-05-14";"Paid";0.0;0.0
"G04538";518;"2026-04-30";"Paid";0.0;0.0
"G04539";418;"2026-05-28";"Paid";0.0;0.0
"G04540";129;"2026-06-13";"Paid";0.0;0.0
"G04541";410;"2026-05-20";"Disputed";110.42;110.42
"G04542";214;"2026-06-19";"Paid";0.0;0.0
"G04543";119;"2026-02-13";"Paid";0.0;0.0
"G04544";229;"2026-06-05";"Paid";0.0;0.0
"G04545";209;"2026-06-24";"Paid";0.0;0.0
"G04546";216;"2026-01-12";"Paid";0.0;0.0
"G04547";203;"2026-03-12";"Paid";0.0;0.0
"G04548";522;"2026-03-10";"Paid";0.0;0.0
"G04549";221;"2026-03-16";"Paid";0.0;0.0
"G04550";426;"2026-02-14";"Unpaid";66.45;0.0
"G04551";210;"2026-05-27";"Paid";0.0;0.0
"G04552";515;"2026-02-04";"Unpaid";17.31;0.0
"G04553";210;"2026-02-10";"Paid";0.0;0.0
"G04554";325;"2026-01-19";"Paid";0.0;0.0
"G04555";306;"2026-06-21";"Paid";0.0;0.0
"G04556";231;"2026-03-21";"Paid";0.0;0.0
"G04557";210;"2026-06-18";"Disputed";67.96;67.96
"G04558";414;"2026-04-18";"Paid";0.0;0.0
"G04559";209;"2026-02-04";"Paid";0.0;0.0
"G04560";523;"2026-04-04";"Unpaid";69.21;0.0
"G04561";106;"2026-03-19";"Unpaid";43.13;0.0
"G04562";101;"2026-03-31";"Paid";0.0;0.0
"G04563";329;"2026-06-27";"Paid";0.0;0.0
"G04564";119;"2026-06-05";"Unpaid";81.5;0.0
"G04565";502;"2026-05-11";"Paid";0.0;0.0
"G04566";524;"2026-04-08";"Paid";0.0;0.0
"G04567";520;"2026-04-25";"Paid";0.0;0.0
"G04568";220;"2026-05-31";"Paid";0.0;0.0
"G04569";215;"2026-03-09";"Unpaid";20.36;0.0
"G04570";216;"2026-06-30";"Paid";0.0;0.0
"G04571";503;"2026-04-24";"Unpaid";71.23;0.0
"G04572";424;"2026-02-07";"Paid";0.0;0.0
"G04573";322;"2026-02-22";"Disputed";25.54;25.54
"G04574";310;"2026-05-21";"Disputed";49.31;49.31
"G04575";325;"2026-06-25";"Paid";0.0;0.0
"G04576";213;"2026-06-30";"Paid";0.0;0.0
"G04577";313;"2026-02-15";"Paid";0.0;0.0
"G04578";330;"2026-05-06";"Paid";0.0;0.0
"G04579";524;"2026-04-05";"Disputed";0.0;100.63
"G04580";519;"2026-03-16";"Paid";0.0;0.0
"G04581";506;"2026-02-14";"Paid";0.0;0.0
"G04582";534;"2026-06-21";"Paid";0.0;0.0
"G04583";234;"2026-03-05";"Paid";0.0;0.0
"G04584";214;"2026-06-08";"Paid";0.0;0.0
"G04585";334;"2026-03-18";"Paid";0.0;0.0
"G04586";203;"2026-04-13";"Paid";0.0;0.0
"G04587";306;"2026-01-07";"Disputed";71.2;71.2
"G04588";110;"2026-05-22";"Paid";0.0;0.0
"G04589";227;"2026-02-05";"Paid";0.0;0.0
"G04590";114;"2026-04-21";"Paid";0.0;0.0
"G04591";311;"2026-06-22";"Paid";0.0;0.0
"G04592";212;"2026-03-30";"Paid";0.0;0.0
"G04593";103;"2026-04-10";"Paid";0.0;0.0
"G04594";229;"2026-01-29";"Disputed";18.39;18.39
"G04595";526;"2026-05-16";"Paid";0.0;0.0
"G04596";528;"2026-05-12";"Unpaid";88.22;0.0
"G04597";217;"2026-03-31";"Disputed";0.0;47.88
"G04598";516;"2026-03-01";"Unpaid";48.26;0.0
"G04599";308;"2026-01-30";"Unpaid";21.89;0.0
"G04600";422;"2026-03-05";"Paid";0.0;0.0
"G04601";315;"2026-04-12";"Paid";0.0;0.0
"G04602";411;"2026-04-19";"Paid";0.0;0.0
"G04603";306;"2026-04-20";"Paid";0.0;0.0
"G04604";223;"2026-02-07";"Paid";0.0;0.0
"G04605";102;"2026-06-06";"Paid";0.0;0.0
"G04606";410;"2026-02-18";"Paid";0.0;0.0
"G04607";507;"2026-03-07";"Paid";0.0;0.0
"G04608";423;"2026-06-15";"Paid";0.0;0.0
"G04609";517;"2026-04-06";"Paid";0.0;0.0
"G04610";528;"2026-02-06";"Paid";0.0;0.0
"G04611";305;"2026-02-05";"Paid";0.0;0.0
"G04612";111;"2026-02-22";"Paid";0.0;0.0
"G04613";425;"2026-02-28";"Paid";0.0;0.0
"G04614";320;"2026-03-29";"Paid";0.0;0.0
"G04615";218;"2026-04-11";"Paid";0.0;0.0
"G04616";230;"2026-06-30";"Paid";0.0;0.0
"G04617";110;"2026-04-16";"Paid";0.0;0.0
"G04618";424;"2026-06-10";"Paid";0.0;0.0
"G04619";321;"2026-04-04";"Paid";0.0;0.0
"G04620";329;"2026-02-04";"Disputed";0.0;15.47
"G04621";231;"2026-05-29";"Paid";0.0;0.0
"G04622";303;"2026-03-16";"Paid";0.0;0.0
"G04623";524;"2026-02-27";"Paid";0.0;0.0
"G04624";434;"2026-05-24";"Paid";0.0;0.0
"G04625";432;"2026-03-01";"Paid";0.0;0.0
"G04626";130;"2026-01-27";"Unpaid";93.45;0.0
"G04627";210;"2026-05-19";"Paid";0.0;0.0
"G04628";124;"2026-02-03";"Paid";0.0;0.0
"G04629";503;"2026-02-04";"Paid";0.0;0.0
"G04630";412;"2026-04-29";"Paid";0.0;0.0
"G04631";403;"2026-05-10";"Unpaid";10.52;0.0
"G04632";221;"2026-04-23";"Paid";0.0;0.0
"G04633";225;"2026-01-14";"Unpaid";47.03;0.0
"G04634";516;"2026-02-01";"Paid";0.0;0.0
"G04635";108;"2026-02-01";"Paid";0.0;0.0
"G04636";434;"2026-02-16";"Disputed";165.63;165.63
"G04637";323;"2026-04-21";"Paid";0.0;0.0
"G04638";124;"2026-01-22";"Paid";0.0;0.0
"G04639";426;"2026-01-08";"Paid";0.0;0.0
"G04640";219;"2026-05-24";"Paid";0.0;0.0
"G04641";424;"2026-05-27";"Paid";0.0;0.0
"G04642";430;"2026-03-26";"Paid";0.0;0.0
"G04643";222;"2026-03-03";"Paid";0.0;0.0
"G04644";534;"2026-05-06";"Paid";0.0;0.0
"G04645";309;"2026-01-28";"Paid";0.0;0.0
"G04646";418;"2026-02-24";"Paid";0.0;0.0
"G04647";316;"2026-01-30";"Paid";0.0;0.0
"G04648";334;"2026-01-09";"Paid";0.0;0.0
"G04649";509;"2026-06-11";"Paid";0.0;0.0
"G04650";425;"2026-03-07";"Paid";0.0;0.0
"G04651";410;"2026-04-27";"Paid";0.0;0.0
"G04652";107;"2026-03-13";"Paid";0.0;0.0
"G04653";125;"2026-06-09";"Paid";0.0;0.0
"G04654";329;"2026-03-06";"Paid";0.0;0.0
"G04655";307;"2026-03-15";"Unpaid";10.36;0.0
"G04656";106;"2026-02-07";"Paid";0.0;0.0
"G04657";218;"2026-05-12";"Paid";0.0;0.0
"G04658";330;"2026-03-20";"Paid";0.0;0.0
"G04659";503;"2026-06-23";"Paid";0.0;0.0
"G04660";213;"2026-04-05";"Paid";0.0;0.0
"G04661";434;"2026-03-03";"Paid";0.0;0.0
"G04662";134;"2026-06-03";"Paid";0.0;0.0
"G04663";104;"2026-01-13";"Paid";0.0;0.0
"G04664";505;"2026-04-02";"Paid";0.0;0.0
"G04665";422;"2026-06-27";"Paid";0.0;0.0
"G04666";110;"2026-05-06";"Paid";0.0;0.0
"G04667";516;"2026-02-14";"Paid";0.0;0.0
"G04668";230;"2026-03-08";"Paid";0.0;0.0
"G04669";325;"2026-05-31";"Paid";0.0;0.0
"G04670";529;"2026-03-14";"Paid";0.0;0.0
"G04671";205;"2026-03-11";"Disputed";0.0;84.0
"G04672";406;"2026-01-06";"Paid";0.0;0.0
"G04673";321;"2026-02-11";"Paid";0.0;0.0
"G04674";334;"2026-05-24";"Paid";0.0;0.0
"G04675";209;"2026-04-06";"Paid";0.0;0.0
"G04676";225;"2026-03-12";"Paid";0.0;0.0
"G04677";506;"2026-06-11";"Paid";0.0;0.0
"G04678";211;"2026-02-15";"Paid";0.0;0.0
"G04679";213;"2026-04-28";"Disputed";0.0;13.04
"G04680";534;"2026-04-16";"Paid";0.0;0.0
"G04681";312;"2026-01-18";"Paid";0.0;0.0
"G04682";218;"2026-06-02";"Unpaid";23.72;0.0
"G04683";211;"2026-05-10";"Paid";0.0;0.0
"G04684";301;"2026-04-20";"Paid";0.0;0.0
"G04685";124;"2026-03-01";"Paid";0.0;0.0
"G04686";527;"2026-06-10";"Paid";0.0;0.0
"G04687";410;"2026-03-31";"Paid";0.0;0.0
"G04688";234;"2026-01-24";"Disputed";79.22;79.22
"G04689";434;"2026-05-07";"Paid";0.0;0.0
"G04690";414;"2026-04-08";"Paid";0.0;0.0
"G04691";423;"2026-05-19";"Paid";0.0;0.0
"G04692";302;"2026-01-22";"Paid";0.0;0.0
"G04693";431;"2026-06-13";"Paid";0.0;0.0
"G04694";319;"2026-06-14";"Paid";0.0;0.0
"G04695";119;"2026-06-24";"Paid";0.0;0.0
"G04696";512;"2026-02-01";"Paid";0.0;0.0
"G04697";421;"2026-05-08";"Disputed";0.0;72.63
"G04698";227;"2026-03-01";"Paid";0.0;0.0
"G04699";425;"2026-05-24";"Paid";0.0;0.0
"G04700";321;"2026-06-17";"Paid";0.0;0.0
"G04701";418;"2026-02-21";"Paid";0.0;0.0
"G04702";319;"2026-05-13";"Paid";0.0;0.0
"G04703";315;"2026-06-28";"Disputed";0.0;105.18
"G04704";107;"2026-01-24";"Unpaid";184.51;0.0
"G04705";421;"2026-05-05";"Paid";0.0;0.0
"G04706";223;"2026-06-06";"Disputed";18.11;18.11
"G04707";203;"2026-01-27";"Paid";0.0;0.0
"G04708";418;"2026-03-26";"Paid";0.0;0.0
"G04709";322;"2026-06-30";"Paid";0.0;0.0
"G04710";430;"2026-03-20";"Paid";0.0;0.0
"G04711";417;"2026-01-24";"Disputed";0.0;124.35
"G04712";330;"2026-05-05";"Paid";0.0;0.0
"G04713";509;"2026-04-10";"Paid";0.0;0.0
"G04714";134;"2026-05-14";"Paid";0.0;0.0
"G04715";526;"2026-04-05";"Paid";0.0;0.0
"G04716";420;"2026-03-20";"Paid";0.0;0.0
"G04717";523;"2026-03-19";"Paid";0.0;0.0
"G04718";217;"2026-05-09";"Paid";0.0;0.0
"G04719";308;"2026-01-20";"Disputed";0.0;36.93
"G04720";520;"2026-05-25";"Paid";0.0;0.0
"G04721";506;"2026-02-05";"Paid";0.0;0.0
"G04722";226;"2026-06-06";"Paid";0.0;0.0
"G04723";419;"2026-04-18";"Paid";0.0;0.0
"G04724";518;"2026-02-20";"Paid";0.0;0.0
"G04725";318;"2026-04-25";"Paid";0.0;0.0
"G04726";216;"2026-03-06";"Paid";0.0;0.0
"G04727";206;"2026-02-08";"Paid";0.0;0.0
"G04728";421;"2026-05-31";"Paid";0.0;0.0
"G04729";407;"2026-01-18";"Paid";0.0;0.0
"G04730";521;"2026-01-06";"Paid";0.0;0.0
"G04731";334;"2026-05-14";"Disputed";119.75;119.75
"G04732";133;"2026-06-07";"Disputed";60.44;60.44
"G04733";512;"2026-04-27";"Paid";0.0;0.0
"G04734";509;"2026-01-17";"Paid";0.0;0.0
"G04735";517;"2026-04-10";"Disputed";35.28;35.28
"G04736";316;"2026-04-20";"Paid";0.0;0.0
"G04737";225;"2026-06-22";"Paid";0.0;0.0
"G04738";202;"2026-03-31";"Paid";0.0;0.0
"G04739";428;"2026-03-12";"Unpaid";87.5;0.0
"G04740";434;"2026-02-26";"Paid";0.0;0.0
"G04741";112;"2026-04-05";"Paid";0.0;0.0
"G04742";410;"2026-05-16";"Paid";0.0;0.0
"G04743";430;"2026-02-24";"Paid";0.0;0.0
"G04744";301;"2026-05-27";"Paid";0.0;0.0
"G04745";206;"2026-05-22";"Paid";0.0;0.0
"G04746";533;"2026-06-16";"Paid";0.0;0.0
"G04747";111;"2026-03-04";"Paid";0.0;0.0
"G04748";333;"2026-05-26";"Paid";0.0;0.0
"G04749";334;"2026-04-28";"Paid";0.0;0.0
"G04750";313;"2026-03-06";"Unpaid";70.83;0.0
"G04751";121;"2026-04-17";"Unpaid";32.16;0.0
"G04752";526;"2026-05-12";"Paid";0.0;0.0
"G04753";104;"2026-05-07";"Paid";0.0;0.0
"G04754";108;"2026-01-31";"Unpaid";346.23;0.0
"G04755";427;"2026-03-04";"Paid";0.0;0.0
"G04756";128;"2026-06-11";"Paid";0.0;0.0
"G04757";206;"2026-03-04";"Paid";0.0;0.0
"G04758";117;"2026-01-23";"Paid";0.0;0.0
"G04759";115;"2026-01-30";"Paid";0.0;0.0
"G04760";503;"2026-03-30";"Paid";0.0;0.0
"G04761";426;"2026-02-22";"Paid";0.0;0.0
"G04762";431;"2026-01-23";"Paid";0.0;0.0
"G04763";414;"2026-02-11";"Unpaid";39.27;0.0
"G04764";114;"2026-04-24";"Paid";0.0;0.0
"G04765";217;"2026-02-27";"Paid";0.0;0.0
"G04766";315;"2026-05-04";"Paid";0.0;0.0
"G04767";330;"2026-01-25";"Unpaid";116.02;0.0
"G04768";319;"2026-01-07";"Paid";0.0;0.0
"G04769";306;"2026-03-10";"Paid";0.0;0.0
"G04770";309;"2026-06-13";"Unpaid";57.36;0.0
"G04771";311;"2026-01-10";"Disputed";143.08;143.08
"G04772";426;"2026-06-14";"Paid";0.0;0.0
"G04773";119;"2026-01-28";"Paid";0.0;0.0
"G04774";508;"2026-06-17";"Paid";0.0;0.0
"G04775";109;"2026-04-15";"Unpaid";24.87;0.0
"G04776";233;"2026-02-02";"Paid";0.0;0.0
"G04777";331;"2026-01-25";"Unpaid";29.84;0.0
"G04778";432;"2026-03-24";"Paid";0.0;0.0
"G04779";504;"2026-02-15";"Paid";0.0;0.0
"G04780";221;"2026-03-17";"Paid";0.0;0.0
"G04781";406;"2026-03-02";"Paid";0.0;0.0
"G04782";430;"2026-02-04";"Paid";0.0;0.0
"G04783";406;"2026-05-12";"Paid";0.0;0.0
"G04784";108;"2026-01-23";"Paid";0.0;0.0
"G04785";106;"2026-03-22";"Paid";0.0;0.0
"G04786";203;"2026-05-15";"Paid";0.0;0.0
"G04787";218;"2026-02-20";"Paid";0.0;0.0
"G04788";329;"2026-04-28";"Paid";0.0;0.0
"G04789";119;"2026-04-24";"Unpaid";58.06;0.0
"G04790";208;"2026-05-10";"Paid";0.0;0.0
"G04791";128;"2026-05-08";"Paid";0.0;0.0
"G04792";210;"2026-06-02";"Paid";0.0;0.0
"G04793";223;"2026-03-29";"Unpaid";26.75;0.0
"G04794";203;"2026-02-17";"Paid";0.0;0.0
"G04795";418;"2026-05-21";"Paid";0.0;0.0
"G04796";332;"2026-01-06";"Paid";0.0;0.0
"G04797";501;"2026-03-24";"Paid";0.0;0.0
"G04798";431;"2026-01-07";"Paid";0.0;0.0
"G04799";114;"2026-01-22";"Paid";0.0;0.0
"G04800";201;"2026-03-16";"Paid";0.0;0.0
"G04801";406;"2026-05-22";"Paid";0.0;0.0
"G04802";529;"2026-05-17";"Paid";0.0;0.0
"G04803";307;"2026-02-14";"Paid";0.0;0.0
"G04804";318;"2026-01-16";"Paid";0.0;0.0
"G04805";403;"2026-06-08";"Paid";0.0;0.0
"G04806";106;"2026-06-22";"Unpaid";27.27;0.0
"G04807";115;"2026-01-11";"Unpaid";48.83;0.0
"G04808";509;"2026-04-02";"Paid";0.0;0.0
"G04809";215;"2026-06-21";"Paid";0.0;0.0
"G04810";203;"2026-06-03";"Paid";0.0;0.0
"G04811";121;"2026-05-22";"Unpaid";40.72;0.0
"G04812";413;"2026-01-21";"Paid";0.0;0.0
"G04813";309;"2026-03-01";"Paid";0.0;0.0
"G04814";418;"2026-01-12";"Paid";0.0;0.0
"G04815";131;"2026-04-15";"Paid";0.0;0.0
"G04816";316;"2026-01-14";"Paid";0.0;0.0
"G04817";320;"2026-03-29";"Paid";0.0;0.0
"G04818";128;"2026-03-09";"Paid";0.0;0.0
"G04819";334;"2026-02-15";"Paid";0.0;0.0
"G04820";132;"2026-05-25";"Paid";0.0;0.0
"G04821";217;"2026-05-02";"Paid";0.0;0.0
"G04822";234;"2026-02-25";"Paid";0.0;0.0
"G04823";312;"2026-02-26";"Paid";0.0;0.0
"G04824";323;"2026-05-14";"Paid";0.0;0.0
"G04825";527;"2026-02-11";"Paid";0.0;0.0
"G04826";107;"2026-04-15";"Unpaid";64.88;0.0
"G04827";422;"2026-01-22";"Disputed";167.63;167.63
"G04828";513;"2026-04-21";"Paid";0.0;0.0
"G04829";205;"2026-03-20";"Paid";0.0;0.0
"G04830";132;"2026-02-24";"Disputed";17.64;17.64
"G04831";112;"2026-01-07";"Paid";0.0;0.0
"G04832";510;"2026-01-04";"Paid";0.0;0.0
"G04833";222;"2026-05-30";"Paid";0.0;0.0
"G04834";411;"2026-01-20";"Paid";0.0;0.0
"G04835";306;"2026-05-21";"Paid";0.0;0.0
"G04836";109;"2026-01-28";"Paid";0.0;0.0
"G04837";130;"2026-04-12";"Paid";0.0;0.0
"G04838";315;"2026-05-13";"Paid";0.0;0.0
"G04839";308;"2026-03-23";"Unpaid";49.26;0.0
"G04840";327;"2026-04-25";"Paid";0.0;0.0
"G04841";225;"2026-04-06";"Paid";0.0;0.0
"G04842";532;"2026-05-30";"Paid";0.0;0.0
"G04843";117;"2026-04-14";"Paid";0.0;0.0
"G04844";205;"2026-03-24";"Paid";0.0;0.0
"G04845";318;"2026-06-14";"Paid";0.0;0.0
"G04846";110;"2026-05-05";"Disputed";23.98;23.98
"G04847";403;"2026-03-07";"Unpaid";22.26;0.0
"G04848";213;"2026-03-22";"Paid";0.0;0.0
"G04849";108;"2026-03-02";"Paid";0.0;0.0
"G04850";320;"2026-06-01";"Paid";0.0;0.0
"G04851";333;"2026-01-27";"Paid";0.0;0.0
"G04852";110;"2026-06-23";"Paid";0.0;0.0
"G04853";526;"2026-06-24";"Paid";0.0;0.0
"G04854";407;"2026-05-08";"Paid";0.0;0.0
"G04855";127;"2026-05-26";"Paid";0.0;0.0
"G04856";134;"2026-06-26";"Paid";0.0;0.0
"G04857";215;"2026-06-18";"Paid";0.0;0.0
"G04858";210;"2026-03-12";"Paid";0.0;0.0
"G04859";434;"2026-02-24";"Paid";0.0;0.0
"G04860";334;"2026-05-30";"Paid";0.0;0.0
"G04861";113;"2026-01-05";"Unpaid";40.63;0.0
"G04862";415;"2026-05-08";"Paid";0.0;0.0
"G04863";432;"2026-02-14";"Paid";0.0;0.0
"G04864";125;"2026-04-02";"Paid";0.0;0.0
"G04865";218;"2026-03-13";"Unpaid";52.17;0.0
"G04866";201;"2026-05-11";"Paid";0.0;0.0
"G04867";303;"2026-05-16";"Paid";0.0;0.0
"G04868";203;"2026-06-03";"Paid";0.0;0.0
"G04869";420;"2026-02-06";"Paid";0.0;0.0
"G04870";210;"2026-01-06";"Paid";0.0;0.0
"G04871";322;"2026-06-16";"Paid";0.0;0.0
"G04872";130;"2026-05-27";"Paid";0.0;0.0
"G04873";426;"2026-02-28";"Paid";0.0;0.0
"G04874";201;"2026-03-10";"Disputed";60.81;60.81
"G04875";415;"2026-03-16";"Paid";0.0;0.0
"G04876";303;"2026-05-20";"Paid";0.0;0.0
"G04877";204;"2026-01-24";"Paid";0.0;0.0
"G04878";326;"2026-06-20";"Paid";0.0;0.0
"G04879";127;"2026-04-12";"Paid";0.0;0.0
"G04880";524;"2026-02-04";"Paid";0.0;0.0
"G04881";430;"2026-02-25";"Paid";0.0;0.0
"G04882";117;"2026-06-25";"Paid";0.0;0.0
"G04883";314;"2026-04-13";"Paid";0.0;0.0
"G04884";426;"2026-06-29";"Paid";0.0;0.0
"G04885";306;"2026-05-22";"Paid";0.0;0.0
"G04886";507;"2026-04-20";"Unpaid";19.32;0.0
"G04887";111;"2026-03-02";"Paid";0.0;0.0
"G04888";434;"2026-04-20";"Unpaid";76.71;0.0
"G04889";221;"2026-04-09";"Paid";0.0;0.0
"G04890";227;"2026-06-25";"Paid";0.0;0.0
"G04891";425;"2026-03-20";"Paid";0.0;0.0
"G04892";227;"2026-04-06";"Unpaid";53.3;0.0
"G04893";404;"2026-02-13";"Paid";0.0;0.0
"G04894";234;"2026-02-19";"Paid";0.0;0.0
"G04895";419;"2026-02-11";"Paid";0.0;0.0
"G04896";507;"2026-02-28";"Paid";0.0;0.0
"G04897";413;"2026-02-17";"Paid";0.0;0.0
"G04898";522;"2026-01-26";"Paid";0.0;0.0
"G04899";503;"2026-02-26";"Paid";0.0;0.0
"G04900";506;"2026-02-06";"Paid";0.0;0.0
"G04901";431;"2026-01-07";"Disputed";15.0;15.0
"G04902";129;"2026-05-12";"Paid";0.0;0.0
"G04903";316;"2026-02-01";"Paid";0.0;0.0
"G04904";525;"2026-05-31";"Paid";0.0;0.0
"G04905";406;"2026-01-26";"Paid";0.0;0.0
"G04906";404;"2026-01-08";"Paid";0.0;0.0
"G04907";514;"2026-06-05";"Unpaid";87.32;0.0
"G04908";316;"2026-06-04";"Paid";0.0;0.0
"G04909";504;"2026-04-08";"Paid";0.0;0.0
"G04910";327;"2026-04-24";"Disputed";26.78;26.78
"G04911";203;"2026-04-20";"Paid";0.0;0.0
"G04912";114;"2026-03-16";"Paid";0.0;0.0
"G04913";420;"2026-01-26";"Paid";0.0;0.0
"G04914";519;"2026-02-16";"Unpaid";24.55;0.0
"G04915";119;"2026-05-17";"Paid";0.0;0.0
"G04916";311;"2026-03-08";"Disputed";0.0;160.76
"G04917";306;"2026-04-29";"Paid";0.0;0.0
"G04918";131;"2026-06-11";"Paid";0.0;0.0
"G04919";106;"2026-04-02";"Paid";0.0;0.0
"G04920";525;"2026-06-09";"Disputed";71.57;71.57
"G04921";412;"2026-03-16";"Paid";0.0;0.0
"G04922";111;"2026-01-21";"Paid";0.0;0.0
"G04923";233;"2026-04-23";"Paid";0.0;0.0
"G04924";429;"2026-02-26";"Paid";0.0;0.0
"G04925";417;"2026-01-20";"Paid";0.0;0.0
"G04926";317;"2026-02-22";"Paid";0.0;0.0
"G04927";403;"2026-06-24";"Paid";0.0;0.0
"G04928";405;"2026-06-18";"Paid";0.0;0.0
"G04929";316;"2026-03-14";"Paid";0.0;0.0
"G04930";127;"2026-06-06";"Disputed";63.47;63.47
"G04931";405;"2026-06-14";"Paid";0.0;0.0
"G04932";403;"2026-05-07";"Paid";0.0;0.0
"G04933";304;"2026-06-13";"Paid";0.0;0.0
"G04934";520;"2026-06-01";"Paid";0.0;0.0
"G04935";303;"2026-02-15";"Unpaid";68.61;0.0
"G04936";406;"2026-05-07";"Disputed";0.0;89.89
"G04937";119;"2026-04-13";"Unpaid";93.2;0.0
"G04938";333;"2026-01-30";"Paid";0.0;0.0
"G04939";334;"2026-02-28";"Paid";0.0;0.0
"G04940";125;"2026-01-31";"Paid";0.0;0.0
"G04941";328;"2026-01-10";"Paid";0.0;0.0
"G04942";519;"2026-03-12";"Paid";0.0;0.0
"G04943";407;"2026-01-11";"Paid";0.0;0.0
"G04944";425;"2026-05-26";"Paid";0.0;0.0
"G04945";107;"2026-05-05";"Paid";0.0;0.0
"G04946";118;"2026-06-23";"Paid";0.0;0.0
"G04947";424;"2026-02-19";"Paid";0.0;0.0
"G04948";425;"2026-02-03";"Paid";0.0;0.0
"G04949";320;"2026-05-29";"Paid";0.0;0.0
"G04950";511;"2026-03-16";"Paid";0.0;0.0
"G04951";529;"2026-03-10";"Unpaid";98.85;0.0
"G04952";415;"2026-06-04";"Unpaid";85.35;0.0
"G04953";531;"2026-03-18";"Paid";0.0;0.0
"G04954";434;"2026-05-07";"Unpaid";36.33;0.0
"G04955";508;"2026-06-13";"Paid";0.0;0.0
"G04956";132;"2026-01-16";"Paid";0.0;0.0
"G04957";116;"2026-06-30";"Paid";0.0;0.0
"G04958";213;"2026-04-12";"Paid";0.0;0.0
"G04959";420;"2026-01-06";"Paid";0.0;0.0
"G04960";130;"2026-04-19";"Paid";0.0;0.0
"G04961";503;"2026-05-26";"Paid";0.0;0.0
"G04962";203;"2026-05-23";"Paid";0.0;0.0
"G04963";327;"2026-05-03";"Paid";0.0;0.0
"G04964";508;"2026-04-24";"Unpaid";63.62;0.0
"G04965";119;"2026-03-27";"Paid";0.0;0.0
"G04966";209;"2026-06-19";"Unpaid";30.56;0.0
"G04967";432;"2026-04-07";"Paid";0.0;0.0
"G04968";506;"2026-02-09";"Paid";0.0;0.0
"G04969";211;"2026-03-18";"Paid";0.0;0.0
"G04970";512;"2026-02-09";"Disputed";0.0;53.38
"G04971";418;"2026-02-16";"Paid";0.0;0.0
"G04972";209;"2026-04-12";"Disputed";94.25;94.25
"G04973";305;"2026-06-23";"Paid";0.0;0.0
"G04974";419;"2026-06-25";"Paid";0.0;0.0
"G04975";322;"2026-02-13";"Paid";0.0;0.0
"G04976";215;"2026-06-22";"Paid";0.0;0.0
"G04977";110;"2026-04-06";"Paid";0.0;0.0
"G04978";310;"2026-03-12";"Paid";0.0;0.0
"G04979";130;"2026-03-20";"Paid";0.0;0.0
"G04980";530;"2026-02-10";"Paid";0.0;0.0
"G04981";228;"2026-05-01";"Paid";0.0;0.0
"G04982";503;"2026-04-30";"Paid";0.0;0.0
"G04983";134;"2026-06-19";"Unpaid";32.13;0.0
"G04984";429;"2026-06-14";"Paid";0.0;0.0
"G04985";415;"2026-03-31";"Paid";0.0;0.0
"G04986";523;"2026-04-24";"Paid";0.0;0.0
"G04987";324;"2026-03-26";"Paid";0.0;0.0
"G04988";432;"2026-06-23";"Paid";0.0;0.0
"G04989";424;"2026-03-21";"Paid";0.0;0.0
"G04990";515;"2026-03-12";"Paid";0.0;0.0
"G04991";408;"2026-02-27";"Paid";0.0;0.0
"G04992";108;"2026-02-20";"Unpaid";41.21;0.0
"G04993";332;"2026-03-14";"Paid";0.0;0.0
"G04994";509;"2026-01-13";"Paid";0.0;0.0
"G04995";525;"2026-04-12";"Paid";0.0;0.0
"G04996";133;"2026-02-14";"Paid";0.0;0.0
"G04997";126;"2026-04-20";"Paid";0.0;0.0
"G04998";128;"2026-01-08";"Paid";0.0;0.0
"G04999";513;"2026-02-05";"Paid";0.0;0.0
"G05000";518;"2026-04-02";"Paid";0.0;0.0
"G05001";303;"2026-02-20";"Paid";0.0;0.0
"G05002";132;"2026-06-20";"Paid";0.0;0.0
"G05003";523;"2026-03-02";"Disputed";21.38;21.38
"G05004";404;"2026-06-30";"Paid";0.0;0.0
"G05005";512;"2026-04-30";"Paid";0.0;0.0
"G05006";521;"2026-06-22";"Disputed";30.83;30.83
"G05007";131;"2026-05-28";"Paid";0.0;0.0
"G05008";308;"2026-01-07";"Paid";0.0;0.0
"G05009";222;"2026-06-13";"Unpaid";131.33;0.0
"G05010";403;"2026-06-14";"Paid";0.0;0.0
"G05011";520;"2026-01-14";"Paid";0.0;0.0
"G05012";514;"2026-05-25";"Paid";0.0;0.0
"G05013";301;"2026-02-01";"Paid";0.0;0.0
"G05014";434;"2026-01-07";"Paid";0.0;0.0
"G05015";504;"2026-06-02";"Paid";0.0;0.0
"G05016";412;"2026-02-06";"Paid";0.0;0.0
"G05017";228;"2026-04-20";"Paid";0.0;0.0
"G05018";317;"2026-05-30";"Paid";0.0;0.0
"G05019";509;"2026-02-08";"Paid";0.0;0.0
"G05020";119;"2026-02-21";"Paid";0.0;0.0
"G05021";526;"2026-06-06";"Paid";0.0;0.0
"G05022";211;"2026-06-18";"Unpaid";35.75;0.0
"G05023";317;"2026-03-30";"Paid";0.0;0.0
"G05024";212;"2026-03-16";"Paid";0.0;0.0
"G05025";220;"2026-02-22";"Paid";0.0;0.0
"G05026";130;"2026-04-22";"Paid";0.0;0.0
"G05027";230;"2026-03-03";"Paid";0.0;0.0
"G05028";408;"2026-06-30";"Disputed";195.74;195.74
"G05029";230;"2026-03-26";"Paid";0.0;0.0
"G05030";101;"2026-03-04";"Paid";0.0;0.0
"G05031";229;"2026-04-08";"Paid";0.0;0.0
"G05032";305;"2026-03-24";"Paid";0.0;0.0
"G05033";422;"2026-05-22";"Paid";0.0;0.0
"G05034";106;"2026-02-24";"Paid";0.0;0.0
"G05035";208;"2026-03-10";"Paid";0.0;0.0
"G05036";534;"2026-04-18";"Paid";0.0;0.0
"G05037";116;"2026-01-19";"Unpaid";133.63;0.0
"G05038";125;"2026-06-14";"Paid";0.0;0.0
"G05039";316;"2026-01-29";"Paid";0.0;0.0
"G05040";302;"2026-04-01";"Unpaid";79.93;0.0
"G05041";518;"2026-03-27";"Paid";0.0;0.0
"G05042";402;"2026-04-25";"Paid";0.0;0.0
"G05043";502;"2026-03-22";"Unpaid";71.08;0.0
"G05044";416;"2026-06-12";"Disputed";0.0;84.17
"G05045";222;"2026-01-26";"Paid";0.0;0.0
"G05046";304;"2026-06-12";"Paid";0.0;0.0
"G05047";415;"2026-01-18";"Paid";0.0;0.0
"G05048";317;"2026-03-06";"Paid";0.0;0.0
"G05049";407;"2026-01-14";"Paid";0.0;0.0
"G05050";329;"2026-04-07";"Paid";0.0;0.0
"G05051";134;"2026-03-19";"Paid";0.0;0.0
"G05052";516;"2026-03-09";"Paid";0.0;0.0
"G05053";416;"2026-04-12";"Paid";0.0;0.0
"G05054";503;"2026-02-21";"Paid";0.0;0.0
"G05055";224;"2026-01-19";"Paid";0.0;0.0
"G05056";414;"2026-06-09";"Paid";0.0;0.0
"G05057";319;"2026-05-22";"Paid";0.0;0.0
"G05058";314;"2026-01-06";"Disputed";87.74;87.74
"G05059";302;"2026-04-03";"Paid";0.0;0.0
"G05060";504;"2026-01-18";"Paid";0.0;0.0
"G05061";521;"2026-06-01";"Paid";0.0;0.0
"G05062";505;"2026-01-23";"Paid";0.0;0.0
"G05063";331;"2026-02-03";"Disputed";0.0;30.44
"G05064";101;"2026-01-16";"Paid";0.0;0.0
"G05065";126;"2026-05-28";"Paid";0.0;0.0
"G05066";406;"2026-06-12";"Paid";0.0;0.0
"G05067";111;"2026-03-06";"Paid";0.0;0.0
"G05068";125;"2026-03-26";"Disputed";48.64;48.64
"G05069";515;"2026-05-23";"Paid";0.0;0.0
"G05070";409;"2026-02-26";"Paid";0.0;0.0
"G05071";331;"2026-04-01";"Paid";0.0;0.0
"G05072";504;"2026-01-31";"Paid";0.0;0.0
"G05073";530;"2026-06-15";"Paid";0.0;0.0
"G05074";113;"2026-06-22";"Paid";0.0;0.0
"G05075";315;"2026-01-13";"Paid";0.0;0.0
"G05076";509;"2026-02-23";"Paid";0.0;0.0
"G05077";218;"2026-05-04";"Paid";0.0;0.0
"G05078";318;"2026-02-01";"Paid";0.0;0.0
"G05079";421;"2026-06-23";"Unpaid";67.15;0.0
"G05080";116;"2026-03-23";"Paid";0.0;0.0
"G05081";118;"2026-04-12";"Paid";0.0;0.0
"G05082";310;"2026-05-13";"Paid";0.0;0.0
"G05083";118;"2026-06-05";"Paid";0.0;0.0
"G05084";402;"2026-04-27";"Paid";0.0;0.0
"G05085";218;"2026-06-22";"Unpaid";10.93;0.0
"G05086";134;"2026-01-06";"Paid";0.0;0.0
"G05087";314;"2026-03-20";"Unpaid";25.09;0.0
"G05088";101;"2026-01-09";"Disputed";66.34;66.34
"G05089";124;"2026-01-12";"Paid";0.0;0.0
"G05090";230;"2026-01-24";"Paid";0.0;0.0
"G05091";216;"2026-03-12";"Unpaid";150.89;0.0
"G05092";229;"2026-05-20";"Paid";0.0;0.0
"G05093";313;"2026-05-13";"Disputed";71.95;71.95
"G05094";308;"2026-01-25";"Paid";0.0;0.0
"G05095";528;"2026-06-09";"Paid";0.0;0.0
"G05096";217;"2026-01-24";"Paid";0.0;0.0
"G05097";117;"2026-03-11";"Paid";0.0;0.0
"G05098";101;"2026-01-25";"Paid";0.0;0.0
"G05099";215;"2026-01-16";"Paid";0.0;0.0
"G05100";319;"2026-04-25";"Unpaid";10.84;0.0
"G05101";534;"2026-02-14";"Paid";0.0;0.0
"G05102";116;"2026-05-10";"Paid";0.0;0.0
"G05103";214;"2026-05-23";"Paid";0.0;0.0
"G05104";331;"2026-03-08";"Unpaid";27.44;0.0
"G05105";525;"2026-01-16";"Paid";0.0;0.0
"G05106";124;"2026-05-05";"Paid";0.0;0.0
"G05107";434;"2026-01-30";"Paid";0.0;0.0
"G05108";211;"2026-06-06";"Paid";0.0;0.0
"G05109";306;"2026-01-29";"Paid";0.0;0.0
"G05110";405;"2026-05-09";"Paid";0.0;0.0
"G05111";405;"2026-01-19";"Paid";0.0;0.0
"G05112";422;"2026-06-27";"Disputed";36.57;36.57
"G05113";105;"2026-02-24";"Paid";0.0;0.0
"G05114";109;"2026-05-08";"Unpaid";46.69;0.0
"G05115";132;"2026-06-29";"Paid";0.0;0.0
"G05116";112;"2026-03-24";"Paid";0.0;0.0
"G05117";413;"2026-06-09";"Paid";0.0;0.0
"G05118";402;"2026-06-26";"Paid";0.0;0.0
"G05119";204;"2026-03-21";"Paid";0.0;0.0
"G05120";503;"2026-02-24";"Paid";0.0;0.0
"G05121";521;"2026-06-09";"Paid";0.0;0.0
"G05122";214;"2026-03-17";"Paid";0.0;0.0
"G05123";314;"2026-02-12";"Paid";0.0;0.0
"G05124";527;"2026-03-08";"Unpaid";15.69;0.0
"G05125";223;"2026-03-11";"Paid";0.0;0.0
"G05126";517;"2026-02-28";"Paid";0.0;0.0
"G05127";210;"2026-06-06";"Disputed";0.0;128.45
"G05128";417;"2026-04-07";"Paid";0.0;0.0
"G05129";507;"2026-01-03";"Unpaid";67.58;0.0
"G05130";505;"2026-04-01";"Paid";0.0;0.0
"G05131";122;"2026-01-13";"Unpaid";48.65;0.0
"G05132";401;"2026-05-13";"Paid";0.0;0.0
"G05133";222;"2026-03-01";"Paid";0.0;0.0
"G05134";128;"2026-01-24";"Paid";0.0;0.0
"G05135";307;"2026-04-03";"Paid";0.0;0.0
"G05136";209;"2026-04-15";"Paid";0.0;0.0
"G05137";513;"2026-05-30";"Paid";0.0;0.0
"G05138";317;"2026-05-12";"Unpaid";11.72;0.0
"G05139";116;"2026-01-26";"Paid";0.0;0.0
"G05140";320;"2026-03-17";"Paid";0.0;0.0
"G05141";517;"2026-06-07";"Paid";0.0;0.0
"G05142";513;"2026-02-03";"Paid";0.0;0.0
"G05143";417;"2026-02-11";"Unpaid";145.09;0.0
"G05144";125;"2026-01-23";"Paid";0.0;0.0
"G05145";501;"2026-05-19";"Paid";0.0;0.0
"G05146";221;"2026-01-03";"Unpaid";101.13;0.0
"G05147";102;"2026-03-09";"Paid";0.0;0.0
"G05148";329;"2026-04-30";"Paid";0.0;0.0
"G05149";120;"2026-05-01";"Paid";0.0;0.0
"G05150";223;"2026-06-06";"Paid";0.0;0.0
"G05151";226;"2026-04-10";"Paid";0.0;0.0
"G05152";201;"2026-01-06";"Paid";0.0;0.0
"G05153";103;"2026-06-08";"Paid";0.0;0.0
"G05154";508;"2026-06-21";"Paid";0.0;0.0
"G05155";112;"2026-04-28";"Paid";0.0;0.0
"G05156";110;"2026-03-15";"Paid";0.0;0.0
"G05157";433;"2026-04-06";"Disputed";32.53;32.53
"G05158";211;"2026-04-12";"Unpaid";23.75;0.0
"G05159";310;"2026-04-08";"Paid";0.0;0.0
"G05160";531;"2026-04-14";"Paid";0.0;0.0
"G05161";122;"2026-06-20";"Paid";0.0;0.0
"G05162";109;"2026-05-01";"Paid";0.0;0.0
"G05163";206;"2026-03-27";"Paid";0.0;0.0
"G05164";523;"2026-05-06";"Paid";0.0;0.0
"G05165";326;"2026-02-27";"Disputed";15.64;15.64
"G05166";108;"2026-03-27";"Paid";0.0;0.0
"G05167";310;"2026-05-15";"Paid";0.0;0.0
"G05168";225;"2026-05-03";"Paid";0.0;0.0
"G05169";401;"2026-01-06";"Paid";0.0;0.0
"G05170";517;"2026-01-13";"Disputed";50.0;50.0
"G05171";529;"2026-06-06";"Paid";0.0;0.0
"G05172";304;"2026-02-02";"Paid";0.0;0.0
"G05173";223;"2026-04-27";"Paid";0.0;0.0
"G05174";410;"2026-04-06";"Paid";0.0;0.0
"G05175";531;"2026-03-05";"Paid";0.0;0.0
"G05176";432;"2026-05-17";"Paid";0.0;0.0
"G05177";532;"2026-01-10";"Paid";0.0;0.0
"G05178";534;"2026-04-07";"Unpaid";199.63;0.0
"G05179";327;"2026-05-03";"Paid";0.0;0.0
"G05180";234;"2026-03-11";"Paid";0.0;0.0
"G05181";312;"2026-04-06";"Unpaid";98.87;0.0
"G05182";226;"2026-02-23";"Unpaid";64.1;0.0
"G05183";502;"2026-05-28";"Paid";0.0;0.0
"G05184";127;"2026-06-24";"Paid";0.0;0.0
"G05185";310;"2026-05-29";"Paid";0.0;0.0
"G05186";512;"2026-05-07";"Paid";0.0;0.0
"G05187";532;"2026-02-22";"Unpaid";55.76;0.0
"G05188";428;"2026-01-16";"Paid";0.0;0.0
"G05189";209;"2026-05-30";"Paid";0.0;0.0
"G05190";209;"2026-02-16";"Unpaid";59.13;0.0
"G05191";531;"2026-01-31";"Paid";0.0;0.0
"G05192";502;"2026-03-01";"Disputed";60.26;60.26
"G05193";423;"2026-03-19";"Unpaid";10.77;0.0
"G05194";409;"2026-03-04";"Paid";0.0;0.0
"G05195";334;"2026-05-21";"Paid";0.0;0.0
"G05196";133;"2026-05-24";"Unpaid";99.78;0.0
"G05197";411;"2026-05-19";"Paid";0.0;0.0
"G05198";131;"2026-05-23";"Paid";0.0;0.0
"G05199";109;"2026-01-29";"Paid";0.0;0.0
"G05200";126;"2026-06-17";"Disputed";18.43;18.43
"G05201";202;"2026-06-02";"Paid";0.0;0.0
"G05202";126;"2026-05-27";"Paid";0.0;0.0
"G05203";433;"2026-06-01";"Paid";0.0;0.0
"G05204";308;"2026-05-30";"Paid";0.0;0.0
"G05205";102;"2026-05-18";"Paid";0.0;0.0
"G05206";407;"2026-01-26";"Paid";0.0;0.0
"G05207";302;"2026-03-18";"Unpaid";40.45;0.0
"G05208";526;"2026-01-28";"Paid";0.0;0.0
"G05209";321;"2026-04-12";"Disputed";15.14;15.14
"G05210";509;"2026-02-27";"Paid";0.0;0.0
"G05211";221;"2026-04-30";"Paid";0.0;0.0
"G05212";215;"2026-03-28";"Paid";0.0;0.0
"G05213";534;"2026-05-09";"Paid";0.0;0.0
"G05214";310;"2026-03-07";"Disputed";0.0;136.65
"G05215";533;"2026-03-21";"Paid";0.0;0.0
"G05216";529;"2026-01-25";"Paid";0.0;0.0
"G05217";119;"2026-02-06";"Paid";0.0;0.0
"G05218";422;"2026-05-31";"Paid";0.0;0.0
"G05219";532;"2026-04-10";"Paid";0.0;0.0
"G05220";332;"2026-01-10";"Unpaid";48.27;0.0
"G05221";203;"2026-04-08";"Disputed";56.75;56.75
"G05222";501;"2026-02-10";"Paid";0.0;0.0
"G05223";501;"2026-02-17";"Paid";0.0;0.0
"G05224";226;"2026-05-21";"Paid";0.0;0.0
"G05225";121;"2026-03-08";"Unpaid";48.27;0.0
"G05226";104;"2026-06-16";"Paid";0.0;0.0
"G05227";209;"2026-05-29";"Disputed";25.08;25.08
"G05228";411;"2026-03-31";"Paid";0.0;0.0
"G05229";501;"2026-04-12";"Disputed";0.0;29.31
"G05230";233;"2026-05-06";"Paid";0.0;0.0
"G05231";433;"2026-01-27";"Paid";0.0;0.0
"G05232";129;"2026-03-30";"Paid";0.0;0.0
"G05233";423;"2026-01-30";"Paid";0.0;0.0
"G05234";523;"2026-03-27";"Paid";0.0;0.0
"G05235";117;"2026-02-02";"Paid";0.0;0.0
"G05236";319;"2026-03-24";"Unpaid";41.63;0.0
"G05237";132;"2026-04-08";"Paid";0.0;0.0
"G05238";227;"2026-02-23";"Paid";0.0;0.0
"G05239";210;"2026-04-12";"Paid";0.0;0.0
"G05240";129;"2026-06-24";"Paid";0.0;0.0
"G05241";427;"2026-03-17";"Paid";0.0;0.0
"G05242";221;"2026-05-01";"Paid";0.0;0.0
"G05243";501;"2026-02-26";"Disputed";61.79;61.79
"G05244";506;"2026-04-23";"Paid";0.0;0.0
"G05245";523;"2026-04-23";"Unpaid";42.47;0.0
"G05246";421;"2026-04-25";"Unpaid";19.59;0.0
"G05247";221;"2026-03-21";"Paid";0.0;0.0
"G05248";317;"2026-05-09";"Paid";0.0;0.0
"G05249";208;"2026-03-31";"Paid";0.0;0.0
"G05250";201;"2026-06-04";"Paid";0.0;0.0
