"transaction_id";"transaction_date";"guest_id";"room_number";"outlet";"charge_amount"
"FB000001";"2026-06-18";"G00001";307;"Restaurant & Bar";45.0
"FB000002";"2026-01-29";"G00002";102;"Restaurant & Bar";99.0
"FB000003";"2026-02-14";"G00003";530;"Room Service";27.0
"FB000004";"2026-04-10";"G00005";325;"Restaurant & Bar";27.0
"FB000005";"2026-02-07";"G00008";511;"Restaurant & Bar";40.0
"FB000006";"2026-02-10";"G00008";511;"Breakfast";25.0
"FB000007";"2026-02-07";"G00008";511;"Room Service";66.0
"FB000008";"2026-01-14";"G00009";104;"Restaurant & Bar";29.0
"FB000009";"2026-01-18";"G00009";104;"Room Service";48.0
"FB000010";"2026-05-26";"G00010";229;"Restaurant & Bar";64.0
"FB000011";"2026-03-10";"G00011";323;"Restaurant & Bar";19.0
"FB000012";"2026-03-09";"G00011";323;"Room Service";49.0
"FB000013";"2026-05-13";"G00012";306;"Restaurant & Bar";80.0
"FB000014";"2026-05-14";"G00012";306;"Room Service";39.0
"FB000015";"2026-03-16";"G00013";216;"Restaurant & Bar";54.0
"FB000016";"2026-02-21";"G00017";330;"Restaurant & Bar";88.0
"FB000017";"2026-03-01";"G00022";132;"Room Service";80.0
"FB000018";"2026-02-28";"G00022";132;"Restaurant & Bar";82.0
"FB000019";"2026-05-31";"G00024";226;"Breakfast";14.0
"FB000020";"2026-05-31";"G00024";226;"Room Service";82.0
"FB000021";"2026-04-18";"G00028";433;"Restaurant & Bar";51.0
"FB000022";"2026-04-19";"G00028";433;"Restaurant & Bar";39.0
"FB000023";"2026-05-10";"G00030";432;"Restaurant & Bar";54.0
"FB000024";"2026-05-11";"G00030";432;"Restaurant & Bar";43.0
"FB000025";"2026-01-03";"G00031";509;"Restaurant & Bar";38.0
"FB000026";"2026-01-02";"G00031";509;"Restaurant & Bar";62.0
"FB000027";"2026-01-01";"G00031";509;"Restaurant & Bar";102.0
"FB000028";"2026-05-05";"G00032";413;"Restaurant & Bar";84.0
"FB000029";"2026-06-24";"G00033";210;"Restaurant & Bar";111.0
"FB000030";"2026-06-21";"G00033";210;"Restaurant & Bar";53.0
"FB000031";"2026-06-24";"G00033";210;"Restaurant & Bar";38.0
"FB000032";"2026-06-22";"G00033";210;"Restaurant & Bar";82.0
"FB000033";"2026-05-06";"G00034";332;"Restaurant & Bar";33.0
"FB000034";"2026-05-06";"G00034";332;"Breakfast";18.0
"FB000035";"2026-05-08";"G00034";332;"Restaurant & Bar";115.0
"FB000036";"2026-05-08";"G00034";332;"Restaurant & Bar";66.0
"FB000037";"2026-03-25";"G00035";104;"Restaurant & Bar";106.0
"FB000038";"2026-03-24";"G00035";104;"Restaurant & Bar";56.0
"FB000039";"2026-03-25";"G00035";104;"Breakfast";16.0
"FB000040";"2026-06-13";"G00036";329;"Breakfast";27.0
"FB000041";"2026-06-13";"G00036";329;"Breakfast";30.0
"FB000042";"2026-06-13";"G00036";329;"Restaurant & Bar";111.0
"FB000043";"2026-05-07";"G00038";530;"Room Service";74.0
"FB000044";"2026-05-08";"G00038";530;"Restaurant & Bar";76.0
"FB000045";"2026-05-18";"G00040";405;"Restaurant & Bar";44.0
"FB000046";"2026-06-12";"G00041";530;"Room Service";21.0
"FB000047";"2026-06-10";"G00041";530;"Breakfast";35.0
"FB000048";"2026-06-12";"G00041";530;"Restaurant & Bar";114.0
"FB000049";"2026-01-06";"G00043";104;"Room Service";50.0
"FB000050";"2026-05-28";"G00044";420;"Restaurant & Bar";39.0
"FB000051";"2026-05-28";"G00044";420;"Restaurant & Bar";43.0
"FB000052";"2026-05-29";"G00044";420;"Restaurant & Bar";71.0
"FB000053";"2026-04-05";"G00046";217;"Restaurant & Bar";105.0
"FB000054";"2026-04-05";"G00046";217;"Restaurant & Bar";49.0
"FB000055";"2026-02-14";"G00048";131;"Restaurant & Bar";113.0
"FB000056";"2026-02-12";"G00048";131;"Restaurant & Bar";73.0
"FB000057";"2026-01-20";"G00049";232;"Breakfast";25.0
"FB000058";"2026-04-25";"G00052";227;"Restaurant & Bar";32.0
"FB000059";"2026-04-25";"G00052";227;"Restaurant & Bar";101.0
"FB000060";"2026-02-15";"G00053";210;"Restaurant & Bar";59.0
"FB000061";"2026-02-14";"G00053";210;"Restaurant & Bar";31.0
"FB000062";"2026-02-14";"G00053";210;"Restaurant & Bar";66.0
"FB000063";"2026-04-18";"G00054";125;"Room Service";51.0
"FB000064";"2026-04-19";"G00054";125;"Room Service";70.0
"FB000065";"2026-01-12";"G00055";530;"Restaurant & Bar";88.0
"FB000066";"2026-01-09";"G00055";530;"Restaurant & Bar";112.0
"FB000067";"2026-04-15";"G00056";227;"Breakfast";33.0
"FB000068";"2026-04-16";"G00056";227;"Room Service";77.0
"FB000069";"2026-02-18";"G00059";505;"Breakfast";28.0
"FB000070";"2026-02-17";"G00059";505;"Restaurant & Bar";102.0
"FB000071";"2026-01-30";"G00060";424;"Restaurant & Bar";64.0
"FB000072";"2026-01-31";"G00060";424;"Restaurant & Bar";111.0
"FB000073";"2026-01-30";"G00060";424;"Restaurant & Bar";57.0
"FB000074";"2026-06-24";"G00063";230;"Room Service";43.0
"FB000075";"2026-06-20";"G00063";230;"Restaurant & Bar";97.0
"FB000076";"2026-04-09";"G00064";114;"Restaurant & Bar";66.0
"FB000077";"2026-04-07";"G00064";114;"Breakfast";21.0
"FB000078";"2026-04-01";"G00065";405;"Restaurant & Bar";53.0
"FB000079";"2026-02-28";"G00067";131;"Restaurant & Bar";31.0
"FB000080";"2026-03-23";"G00068";530;"Room Service";29.0
"FB000081";"2026-03-07";"G00069";510;"Restaurant & Bar";72.0
"FB000082";"2026-03-09";"G00070";415;"Room Service";34.0
"FB000083";"2026-03-11";"G00070";415;"Breakfast";13.0
"FB000084";"2026-03-08";"G00070";415;"Restaurant & Bar";39.0
"FB000085";"2026-03-07";"G00070";415;"Room Service";49.0
"FB000086";"2026-03-07";"G00070";415;"Restaurant & Bar";46.0
"FB000087";"2026-01-22";"G00071";519;"Breakfast";31.0
"FB000088";"2026-01-21";"G00071";519;"Restaurant & Bar";42.0
"FB000089";"2026-04-11";"G00072";411;"Breakfast";15.0
"FB000090";"2026-04-11";"G00072";411;"Restaurant & Bar";47.0
"FB000091";"2026-04-12";"G00072";411;"Breakfast";17.0
"FB000092";"2026-05-28";"G00074";528;"Room Service";47.0
"FB000093";"2026-02-17";"G00075";303;"Restaurant & Bar";45.0
"FB000094";"2026-02-18";"G00075";303;"Room Service";65.0
"FB000095";"2026-04-09";"G00077";511;"Restaurant & Bar";109.0
"FB000096";"2026-06-21";"G00078";226;"Room Service";29.0
"FB000097";"2026-06-22";"G00078";226;"Room Service";71.0
"FB000098";"2026-06-22";"G00078";226;"Room Service";56.0
"FB000099";"2026-06-21";"G00078";226;"Breakfast";16.0
"FB000100";"2026-06-21";"G00078";226;"Breakfast";24.0
"FB000101";"2026-01-10";"G00079";531;"Breakfast";21.0
"FB000102";"2026-01-11";"G00079";531;"Restaurant & Bar";106.0
"FB000103";"2026-01-29";"G00081";517;"Restaurant & Bar";73.0
"FB000104";"2026-01-28";"G00081";517;"Restaurant & Bar";24.0
"FB000105";"2026-04-27";"G00082";418;"Breakfast";12.0
"FB000106";"2026-01-27";"G00083";405;"Restaurant & Bar";68.0
"FB000107";"2026-06-08";"G00084";430;"Breakfast";12.0
"FB000108";"2026-03-22";"G00087";433;"Room Service";72.0
"FB000109";"2026-03-22";"G00087";433;"Room Service";77.0
"FB000110";"2026-03-23";"G00087";433;"Restaurant & Bar";104.0
"FB000111";"2026-03-22";"G00087";433;"Restaurant & Bar";27.0
"FB000112";"2026-03-20";"G00087";433;"Breakfast";31.0
"FB000113";"2026-06-07";"G00088";220;"Breakfast";30.0
"FB000114";"2026-06-06";"G00088";220;"Restaurant & Bar";43.0
"FB000115";"2026-06-06";"G00088";220;"Room Service";45.0
"FB000116";"2026-06-06";"G00088";220;"Restaurant & Bar";34.0
"FB000117";"2026-01-24";"G00091";210;"Restaurant & Bar";60.0
"FB000118";"2026-04-06";"G00092";120;"Room Service";80.0
"FB000119";"2026-05-10";"G00095";527;"Breakfast";36.0
"FB000120";"2026-05-09";"G00095";527;"Breakfast";35.0
"FB000121";"2026-05-09";"G00095";527;"Restaurant & Bar";96.0
"FB000122";"2026-05-10";"G00095";527;"Breakfast";22.0
"FB000123";"2026-03-11";"G00096";431;"Breakfast";37.0
"FB000124";"2026-03-11";"G00096";431;"Breakfast";14.0
"FB000125";"2026-06-26";"G00097";102;"Breakfast";25.0
"FB000126";"2026-06-27";"G00097";102;"Breakfast";32.0
"FB000127";"2026-06-29";"G00097";102;"Breakfast";28.0
"FB000128";"2026-05-19";"G00100";329;"Room Service";19.0
"FB000129";"2026-05-17";"G00100";329;"Restaurant & Bar";38.0
"FB000130";"2026-01-22";"G00101";427;"Restaurant & Bar";87.0
"FB000131";"2026-01-22";"G00101";427;"Restaurant & Bar";40.0
"FB000132";"2026-01-21";"G00101";427;"Breakfast";22.0
"FB000133";"2026-01-24";"G00101";427;"Restaurant & Bar";78.0
"FB000134";"2026-05-17";"G00104";402;"Restaurant & Bar";114.0
"FB000135";"2026-06-14";"G00105";533;"Room Service";47.0
"FB000136";"2026-06-14";"G00105";533;"Breakfast";15.0
"FB000137";"2026-02-10";"G00107";325;"Restaurant & Bar";52.0
"FB000138";"2026-02-09";"G00107";325;"Room Service";60.0
"FB000139";"2026-01-31";"G00109";431;"Restaurant & Bar";78.0
"FB000140";"2026-05-19";"G00110";129;"Breakfast";35.0
"FB000141";"2026-01-29";"G00112";502;"Restaurant & Bar";101.0
"FB000142";"2026-01-29";"G00112";502;"Restaurant & Bar";78.0
"FB000143";"2026-01-13";"G00115";114;"Restaurant & Bar";43.0
"FB000144";"2026-01-11";"G00115";114;"Restaurant & Bar";27.0
"FB000145";"2026-01-12";"G00115";114;"Room Service";30.0
"FB000146";"2026-01-06";"G00117";231;"Restaurant & Bar";45.0
"FB000147";"2026-01-08";"G00117";231;"Restaurant & Bar";29.0
"FB000148";"2026-06-26";"G00121";526;"Restaurant & Bar";37.0
"FB000149";"2026-06-29";"G00121";526;"Breakfast";36.0
"FB000150";"2026-06-24";"G00121";526;"Room Service";45.0
"FB000151";"2026-06-27";"G00121";526;"Room Service";21.0
"FB000152";"2026-05-04";"G00122";101;"Restaurant & Bar";47.0
"FB000153";"2026-05-04";"G00122";101;"Room Service";27.0
"FB000154";"2026-05-05";"G00122";101;"Room Service";57.0
"FB000155";"2026-05-26";"G00124";504;"Breakfast";15.0
"FB000156";"2026-05-26";"G00124";504;"Breakfast";12.0
"FB000157";"2026-05-09";"G00126";414;"Room Service";59.0
"FB000158";"2026-05-07";"G00126";414;"Restaurant & Bar";26.0
"FB000159";"2026-05-09";"G00126";414;"Breakfast";29.0
"FB000160";"2026-06-23";"G00127";415;"Room Service";46.0
"FB000161";"2026-06-23";"G00127";415;"Restaurant & Bar";99.0
"FB000162";"2026-06-23";"G00127";415;"Room Service";39.0
"FB000163";"2026-06-23";"G00127";415;"Restaurant & Bar";90.0
"FB000164";"2026-05-23";"G00128";207;"Restaurant & Bar";23.0
"FB000165";"2026-06-25";"G00130";104;"Restaurant & Bar";113.0
"FB000166";"2026-01-29";"G00132";306;"Restaurant & Bar";100.0
"FB000167";"2026-02-11";"G00133";228;"Restaurant & Bar";102.0
"FB000168";"2026-02-16";"G00135";315;"Restaurant & Bar";23.0
"FB000169";"2026-06-13";"G00136";501;"Breakfast";34.0
"FB000170";"2026-02-14";"G00137";107;"Breakfast";38.0
"FB000171";"2026-02-13";"G00137";107;"Room Service";58.0
"FB000172";"2026-02-13";"G00137";107;"Breakfast";20.0
"FB000173";"2026-02-24";"G00141";307;"Room Service";62.0
"FB000174";"2026-02-24";"G00141";307;"Room Service";76.0
"FB000175";"2026-05-03";"G00142";107;"Restaurant & Bar";59.0
"FB000176";"2026-05-14";"G00144";307;"Breakfast";13.0
"FB000177";"2026-05-14";"G00144";307;"Restaurant & Bar";30.0
"FB000178";"2026-01-28";"G00145";234;"Restaurant & Bar";86.0
"FB000179";"2026-05-14";"G00146";214;"Room Service";59.0
"FB000180";"2026-05-11";"G00146";214;"Breakfast";28.0
"FB000181";"2026-05-12";"G00146";214;"Restaurant & Bar";28.0
"FB000182";"2026-03-13";"G00147";416;"Restaurant & Bar";67.0
"FB000183";"2026-03-15";"G00147";416;"Restaurant & Bar";89.0
"FB000184";"2026-01-23";"G00148";114;"Room Service";19.0
"FB000185";"2026-01-23";"G00148";114;"Restaurant & Bar";51.0
"FB000186";"2026-01-03";"G00150";232;"Restaurant & Bar";77.0
"FB000187";"2026-04-12";"G00152";420;"Restaurant & Bar";50.0
"FB000188";"2026-02-01";"G00155";225;"Breakfast";21.0
"FB000189";"2026-01-31";"G00155";225;"Restaurant & Bar";58.0
"FB000190";"2026-02-03";"G00157";328;"Room Service";38.0
"FB000191";"2026-02-03";"G00157";328;"Restaurant & Bar";75.0
"FB000192";"2026-02-03";"G00157";328;"Breakfast";27.0
"FB000193";"2026-03-07";"G00158";214;"Breakfast";19.0
"FB000194";"2026-04-21";"G00160";423;"Restaurant & Bar";58.0
"FB000195";"2026-04-20";"G00160";423;"Restaurant & Bar";54.0
"FB000196";"2026-04-20";"G00160";423;"Restaurant & Bar";43.0
"FB000197";"2026-04-15";"G00162";234;"Breakfast";32.0
"FB000198";"2026-05-06";"G00166";212;"Breakfast";12.0
"FB000199";"2026-05-04";"G00166";212;"Restaurant & Bar";94.0
"FB000200";"2026-05-07";"G00166";212;"Restaurant & Bar";105.0
"FB000201";"2026-05-25";"G00167";431;"Restaurant & Bar";80.0
"FB000202";"2026-04-02";"G00169";419;"Room Service";46.0
"FB000203";"2026-04-27";"G00171";504;"Breakfast";25.0
"FB000204";"2026-04-04";"G00172";312;"Breakfast";37.0
"FB000205";"2026-03-18";"G00177";403;"Breakfast";23.0
"FB000206";"2026-03-19";"G00177";403;"Restaurant & Bar";78.0
"FB000207";"2026-03-20";"G00177";403;"Restaurant & Bar";73.0
"FB000208";"2026-06-10";"G00178";324;"Room Service";70.0
"FB000209";"2026-06-09";"G00178";324;"Breakfast";28.0
"FB000210";"2026-06-10";"G00178";324;"Restaurant & Bar";53.0
"FB000211";"2026-06-09";"G00178";324;"Breakfast";21.0
"FB000212";"2026-03-02";"G00180";411;"Room Service";54.0
"FB000213";"2026-04-20";"G00181";330;"Restaurant & Bar";56.0
"FB000214";"2026-04-22";"G00181";330;"Restaurant & Bar";91.0
"FB000215";"2026-06-30";"G00185";412;"Restaurant & Bar";86.0
"FB000216";"2026-06-29";"G00185";412;"Restaurant & Bar";111.0
"FB000217";"2026-06-30";"G00185";412;"Restaurant & Bar";48.0
"FB000218";"2026-06-30";"G00185";412;"Restaurant & Bar";31.0
"FB000219";"2026-06-30";"G00185";412;"Restaurant & Bar";71.0
"FB000220";"2026-03-10";"G00188";231;"Restaurant & Bar";40.0
"FB000221";"2026-03-10";"G00188";231;"Restaurant & Bar";63.0
"FB000222";"2026-03-10";"G00188";231;"Restaurant & Bar";32.0
"FB000223";"2026-06-19";"G00189";421;"Breakfast";37.0
"FB000224";"2026-06-23";"G00189";421;"Restaurant & Bar";86.0
"FB000225";"2026-06-21";"G00189";421;"Restaurant & Bar";111.0
"FB000226";"2026-06-23";"G00190";108;"Breakfast";11.0
"FB000227";"2026-06-23";"G00190";108;"Room Service";35.0
"FB000228";"2026-06-24";"G00190";108;"Restaurant & Bar";59.0
"FB000229";"2026-03-01";"G00191";409;"Restaurant & Bar";94.0
"FB000230";"2026-02-28";"G00191";409;"Breakfast";35.0
"FB000231";"2026-03-27";"G00193";234;"Breakfast";15.0
"FB000232";"2026-05-16";"G00195";309;"Room Service";38.0
"FB000233";"2026-05-17";"G00195";309;"Restaurant & Bar";100.0
"FB000234";"2026-04-19";"G00196";209;"Restaurant & Bar";84.0
"FB000235";"2026-01-07";"G00197";507;"Breakfast";33.0
"FB000236";"2026-02-27";"G00198";422;"Restaurant & Bar";59.0
"FB000237";"2026-03-18";"G00199";505;"Room Service";84.0
"FB000238";"2026-03-19";"G00199";505;"Room Service";30.0
"FB000239";"2026-03-18";"G00199";505;"Restaurant & Bar";69.0
"FB000240";"2026-03-18";"G00200";215;"Breakfast";13.0
"FB000241";"2026-03-19";"G00200";215;"Restaurant & Bar";49.0
"FB000242";"2026-01-06";"G00201";511;"Restaurant & Bar";36.0
"FB000243";"2026-01-23";"G00202";404;"Breakfast";35.0
"FB000244";"2026-01-20";"G00202";404;"Restaurant & Bar";97.0
"FB000245";"2026-01-20";"G00202";404;"Restaurant & Bar";71.0
"FB000246";"2026-01-22";"G00202";404;"Breakfast";25.0
"FB000247";"2026-04-17";"G00203";114;"Breakfast";15.0
"FB000248";"2026-01-06";"G00208";222;"Restaurant & Bar";30.0
"FB000249";"2026-01-06";"G00208";222;"Room Service";27.0
"FB000250";"2026-01-07";"G00208";222;"Restaurant & Bar";21.0
"FB000251";"2026-04-20";"G00209";417;"Restaurant & Bar";27.0
"FB000252";"2026-04-22";"G00209";417;"Room Service";17.0
"FB000253";"2026-01-10";"G00213";125;"Restaurant & Bar";19.0
"FB000254";"2026-02-21";"G00216";503;"Breakfast";26.0
"FB000255";"2026-02-21";"G00216";503;"Restaurant & Bar";41.0
"FB000256";"2026-02-20";"G00216";503;"Restaurant & Bar";51.0
"FB000257";"2026-02-20";"G00216";503;"Restaurant & Bar";60.0
"FB000258";"2026-05-05";"G00217";418;"Restaurant & Bar";52.0
"FB000259";"2026-05-07";"G00219";509;"Breakfast";34.0
"FB000260";"2026-06-16";"G00220";429;"Restaurant & Bar";109.0
"FB000261";"2026-06-16";"G00220";429;"Restaurant & Bar";71.0
"FB000262";"2026-06-13";"G00220";429;"Restaurant & Bar";23.0
"FB000263";"2026-05-31";"G00221";226;"Restaurant & Bar";75.0
"FB000264";"2026-06-01";"G00221";226;"Restaurant & Bar";78.0
"FB000265";"2026-02-02";"G00223";330;"Breakfast";21.0
"FB000266";"2026-02-03";"G00223";330;"Room Service";18.0
"FB000267";"2026-02-03";"G00223";330;"Breakfast";11.0
"FB000268";"2026-02-02";"G00223";330;"Breakfast";34.0
"FB000269";"2026-06-30";"G00224";122;"Breakfast";27.0
"FB000270";"2026-04-18";"G00226";405;"Breakfast";30.0
"FB000271";"2026-02-10";"G00227";333;"Breakfast";30.0
"FB000272";"2026-04-06";"G00228";429;"Breakfast";33.0
"FB000273";"2026-04-06";"G00228";429;"Restaurant & Bar";90.0
"FB000274";"2026-04-07";"G00228";429;"Breakfast";23.0
"FB000275";"2026-05-27";"G00229";429;"Restaurant & Bar";76.0
"FB000276";"2026-05-27";"G00229";429;"Restaurant & Bar";76.0
"FB000277";"2026-03-11";"G00231";134;"Room Service";77.0
"FB000278";"2026-03-10";"G00231";134;"Restaurant & Bar";30.0
"FB000279";"2026-03-11";"G00231";134;"Restaurant & Bar";100.0
"FB000280";"2026-03-11";"G00231";134;"Breakfast";35.0
"FB000281";"2026-02-25";"G00232";215;"Room Service";21.0
"FB000282";"2026-02-24";"G00233";213;"Restaurant & Bar";49.0
"FB000283";"2026-02-24";"G00233";213;"Restaurant & Bar";55.0
"FB000284";"2026-02-24";"G00233";213;"Restaurant & Bar";60.0
"FB000285";"2026-03-15";"G00234";128;"Restaurant & Bar";68.0
"FB000286";"2026-03-17";"G00234";128;"Restaurant & Bar";110.0
"FB000287";"2026-03-21";"G00236";422;"Restaurant & Bar";81.0
"FB000288";"2026-03-22";"G00236";422;"Breakfast";33.0
"FB000289";"2026-02-26";"G00238";511;"Restaurant & Bar";85.0
"FB000290";"2026-02-28";"G00238";511;"Room Service";17.0
"FB000291";"2026-02-27";"G00238";511;"Breakfast";12.0
"FB000292";"2026-06-23";"G00241";122;"Restaurant & Bar";72.0
"FB000293";"2026-06-24";"G00241";122;"Breakfast";26.0
"FB000294";"2026-06-25";"G00241";122;"Restaurant & Bar";45.0
"FB000295";"2026-02-09";"G00242";312;"Breakfast";13.0
"FB000296";"2026-02-02";"G00244";226;"Restaurant & Bar";79.0
"FB000297";"2026-05-25";"G00245";133;"Room Service";37.0
"FB000298";"2026-05-25";"G00245";133;"Restaurant & Bar";28.0
"FB000299";"2026-05-26";"G00245";133;"Room Service";45.0
"FB000300";"2026-05-15";"G00246";405;"Restaurant & Bar";48.0
"FB000301";"2026-04-21";"G00247";524;"Restaurant & Bar";60.0
"FB000302";"2026-02-11";"G00248";208;"Restaurant & Bar";71.0
"FB000303";"2026-01-26";"G00252";226;"Restaurant & Bar";51.0
"FB000304";"2026-01-24";"G00252";226;"Restaurant & Bar";31.0
"FB000305";"2026-01-24";"G00252";226;"Breakfast";22.0
"FB000306";"2026-05-13";"G00254";203;"Restaurant & Bar";42.0
"FB000307";"2026-05-11";"G00254";203;"Restaurant & Bar";104.0
"FB000308";"2026-05-12";"G00254";203;"Breakfast";34.0
"FB000309";"2026-05-13";"G00254";203;"Breakfast";11.0
"FB000310";"2026-03-09";"G00255";102;"Breakfast";23.0
"FB000311";"2026-03-10";"G00255";102;"Breakfast";34.0
"FB000312";"2026-03-09";"G00255";102;"Room Service";55.0
"FB000313";"2026-06-05";"G00257";303;"Room Service";48.0
"FB000314";"2026-06-15";"G00258";217;"Restaurant & Bar";69.0
"FB000315";"2026-03-28";"G00259";431;"Room Service";81.0
"FB000316";"2026-02-18";"G00260";527;"Breakfast";30.0
"FB000317";"2026-02-16";"G00260";527;"Restaurant & Bar";22.0
"FB000318";"2026-02-18";"G00260";527;"Restaurant & Bar";36.0
"FB000319";"2026-04-15";"G00261";514;"Restaurant & Bar";41.0
"FB000320";"2026-01-18";"G00262";429;"Breakfast";37.0
"FB000321";"2026-05-15";"G00263";207;"Restaurant & Bar";19.0
"FB000322";"2026-05-16";"G00263";207;"Restaurant & Bar";92.0
"FB000323";"2026-05-16";"G00263";207;"Breakfast";27.0
"FB000324";"2026-05-16";"G00263";207;"Restaurant & Bar";25.0
"FB000325";"2026-04-03";"G00264";401;"Restaurant & Bar";56.0
"FB000326";"2026-04-05";"G00264";401;"Room Service";69.0
"FB000327";"2026-03-06";"G00265";423;"Restaurant & Bar";31.0
"FB000328";"2026-03-05";"G00265";423;"Restaurant & Bar";107.0
"FB000329";"2026-03-04";"G00265";423;"Restaurant & Bar";39.0
"FB000330";"2026-06-17";"G00266";413;"Room Service";83.0
"FB000331";"2026-06-19";"G00266";413;"Restaurant & Bar";38.0
"FB000332";"2026-06-21";"G00266";413;"Room Service";20.0
"FB000333";"2026-03-06";"G00267";305;"Restaurant & Bar";73.0
"FB000334";"2026-03-06";"G00267";305;"Restaurant & Bar";75.0
"FB000335";"2026-05-10";"G00268";102;"Breakfast";12.0
"FB000336";"2026-03-20";"G00270";205;"Breakfast";30.0
"FB000337";"2026-06-05";"G00272";220;"Restaurant & Bar";86.0
"FB000338";"2026-06-04";"G00272";220;"Restaurant & Bar";83.0
"FB000339";"2026-06-07";"G00272";220;"Room Service";18.0
"FB000340";"2026-03-23";"G00273";403;"Breakfast";31.0
"FB000341";"2026-03-24";"G00273";403;"Breakfast";38.0
"FB000342";"2026-05-22";"G00274";508;"Breakfast";18.0
"FB000343";"2026-05-23";"G00274";508;"Breakfast";38.0
"FB000344";"2026-01-28";"G00275";107;"Breakfast";28.0
"FB000345";"2026-01-27";"G00275";107;"Restaurant & Bar";96.0
"FB000346";"2026-04-29";"G00276";512;"Restaurant & Bar";112.0
"FB000347";"2026-04-26";"G00276";512;"Restaurant & Bar";66.0
"FB000348";"2026-01-08";"G00277";307;"Restaurant & Bar";91.0
"FB000349";"2026-01-12";"G00278";323;"Restaurant & Bar";79.0
"FB000350";"2026-01-11";"G00278";323;"Restaurant & Bar";84.0
"FB000351";"2026-01-11";"G00278";323;"Room Service";67.0
"FB000352";"2026-05-28";"G00279";329;"Restaurant & Bar";94.0
"FB000353";"2026-05-10";"G00281";110;"Room Service";70.0
"FB000354";"2026-01-21";"G00283";207;"Restaurant & Bar";51.0
"FB000355";"2026-01-21";"G00285";302;"Breakfast";36.0
"FB000356";"2026-01-19";"G00285";302;"Restaurant & Bar";25.0
"FB000357";"2026-01-21";"G00285";302;"Breakfast";26.0
"FB000358";"2026-04-23";"G00287";416;"Restaurant & Bar";73.0
"FB000359";"2026-05-12";"G00289";404;"Breakfast";29.0
"FB000360";"2026-04-15";"G00291";408;"Restaurant & Bar";98.0
"FB000361";"2026-06-26";"G00292";510;"Breakfast";32.0
"FB000362";"2026-06-28";"G00292";510;"Restaurant & Bar";77.0
"FB000363";"2026-06-13";"G00293";519;"Restaurant & Bar";79.0
"FB000364";"2026-06-25";"G00294";216;"Restaurant & Bar";51.0
"FB000365";"2026-06-25";"G00294";216;"Breakfast";15.0
"FB000366";"2026-06-24";"G00294";216;"Room Service";83.0
"FB000367";"2026-01-09";"G00295";110;"Breakfast";24.0
"FB000368";"2026-05-04";"G00296";114;"Restaurant & Bar";88.0
"FB000369";"2026-05-06";"G00296";114;"Breakfast";23.0
"FB000370";"2026-03-18";"G00299";518;"Restaurant & Bar";88.0
"FB000371";"2026-05-05";"G00300";416;"Restaurant & Bar";55.0
"FB000372";"2026-05-07";"G00300";416;"Breakfast";22.0
"FB000373";"2026-04-16";"G00301";421;"Restaurant & Bar";83.0
"FB000374";"2026-02-23";"G00302";529;"Restaurant & Bar";49.0
"FB000375";"2026-06-16";"G00304";202;"Restaurant & Bar";55.0
"FB000376";"2026-06-15";"G00304";202;"Restaurant & Bar";61.0
"FB000377";"2026-02-20";"G00305";104;"Room Service";68.0
"FB000378";"2026-02-20";"G00305";104;"Room Service";27.0
"FB000379";"2026-06-09";"G00308";323;"Restaurant & Bar";81.0
"FB000380";"2026-01-13";"G00309";511;"Breakfast";24.0
"FB000381";"2026-01-15";"G00309";511;"Restaurant & Bar";57.0
"FB000382";"2026-01-15";"G00309";511;"Restaurant & Bar";112.0
"FB000383";"2026-01-12";"G00311";324;"Restaurant & Bar";51.0
"FB000384";"2026-01-11";"G00311";324;"Restaurant & Bar";78.0
"FB000385";"2026-01-14";"G00311";324;"Restaurant & Bar";79.0
"FB000386";"2026-03-04";"G00312";301;"Restaurant & Bar";98.0
"FB000387";"2026-05-23";"G00314";430;"Restaurant & Bar";24.0
"FB000388";"2026-05-21";"G00314";430;"Restaurant & Bar";95.0
"FB000389";"2026-05-23";"G00314";430;"Breakfast";36.0
"FB000390";"2026-05-20";"G00314";430;"Restaurant & Bar";76.0
"FB000391";"2026-05-21";"G00314";430;"Restaurant & Bar";84.0
"FB000392";"2026-01-05";"G00315";334;"Restaurant & Bar";35.0
"FB000393";"2026-01-06";"G00315";334;"Room Service";44.0
"FB000394";"2026-03-11";"G00317";516;"Restaurant & Bar";103.0
"FB000395";"2026-03-11";"G00317";516;"Breakfast";32.0
"FB000396";"2026-03-12";"G00317";516;"Restaurant & Bar";46.0
"FB000397";"2026-06-16";"G00318";524;"Restaurant & Bar";70.0
"FB000398";"2026-05-05";"G00319";312;"Restaurant & Bar";74.0
"FB000399";"2026-05-05";"G00319";312;"Room Service";64.0
"FB000400";"2026-05-04";"G00319";312;"Restaurant & Bar";77.0
"FB000401";"2026-01-18";"G00321";211;"Breakfast";14.0
"FB000402";"2026-01-18";"G00321";211;"Restaurant & Bar";61.0
"FB000403";"2026-02-16";"G00322";425;"Restaurant & Bar";27.0
"FB000404";"2026-02-16";"G00322";425;"Restaurant & Bar";44.0
"FB000405";"2026-06-21";"G00323";306;"Breakfast";35.0
"FB000406";"2026-06-18";"G00323";306;"Restaurant & Bar";55.0
"FB000407";"2026-06-06";"G00324";522;"Room Service";84.0
"FB000408";"2026-06-08";"G00324";522;"Breakfast";36.0
"FB000409";"2026-06-07";"G00324";522;"Restaurant & Bar";84.0
"FB000410";"2026-01-24";"G00327";102;"Restaurant & Bar";65.0
"FB000411";"2026-05-02";"G00328";101;"Breakfast";34.0
"FB000412";"2026-03-20";"G00331";405;"Breakfast";18.0
"FB000413";"2026-03-20";"G00331";405;"Restaurant & Bar";90.0
"FB000414";"2026-03-21";"G00331";405;"Room Service";42.0
"FB000415";"2026-03-19";"G00333";315;"Restaurant & Bar";93.0
"FB000416";"2026-03-19";"G00333";315;"Room Service";47.0
"FB000417";"2026-03-20";"G00333";315;"Breakfast";12.0
"FB000418";"2026-03-27";"G00334";419;"Breakfast";36.0
"FB000419";"2026-03-28";"G00334";419;"Restaurant & Bar";70.0
"FB000420";"2026-03-28";"G00334";419;"Breakfast";37.0
"FB000421";"2026-03-26";"G00334";419;"Restaurant & Bar";50.0
"FB000422";"2026-05-16";"G00335";220;"Restaurant & Bar";82.0
"FB000423";"2026-03-17";"G00337";205;"Restaurant & Bar";50.0
"FB000424";"2026-03-18";"G00337";205;"Restaurant & Bar";84.0
"FB000425";"2026-02-16";"G00338";308;"Restaurant & Bar";64.0
"FB000426";"2026-02-13";"G00338";308;"Restaurant & Bar";95.0
"FB000427";"2026-02-14";"G00338";308;"Restaurant & Bar";50.0
"FB000428";"2026-04-04";"G00339";326;"Room Service";29.0
"FB000429";"2026-03-21";"G00340";407;"Restaurant & Bar";64.0
"FB000430";"2026-06-20";"G00342";319;"Room Service";37.0
"FB000431";"2026-06-19";"G00342";319;"Restaurant & Bar";63.0
"FB000432";"2026-06-21";"G00342";319;"Restaurant & Bar";35.0
"FB000433";"2026-02-12";"G00343";233;"Restaurant & Bar";92.0
"FB000434";"2026-02-13";"G00343";233;"Restaurant & Bar";92.0
"FB000435";"2026-02-13";"G00343";233;"Breakfast";16.0
"FB000436";"2026-04-02";"G00344";205;"Restaurant & Bar";54.0
"FB000437";"2026-04-04";"G00344";205;"Breakfast";25.0
"FB000438";"2026-04-03";"G00344";205;"Breakfast";27.0
"FB000439";"2026-02-10";"G00347";516;"Restaurant & Bar";110.0
"FB000440";"2026-02-10";"G00347";516;"Room Service";69.0
"FB000441";"2026-05-18";"G00349";307;"Room Service";76.0
"FB000442";"2026-03-31";"G00350";432;"Breakfast";27.0
"FB000443";"2026-04-01";"G00350";432;"Breakfast";35.0
"FB000444";"2026-01-27";"G00352";302;"Breakfast";10.0
"FB000445";"2026-01-25";"G00352";302;"Restaurant & Bar";54.0
"FB000446";"2026-01-25";"G00352";302;"Restaurant & Bar";32.0
"FB000447";"2026-01-25";"G00352";302;"Restaurant & Bar";28.0
"FB000448";"2026-01-26";"G00352";302;"Restaurant & Bar";86.0
"FB000449";"2026-05-08";"G00353";125;"Restaurant & Bar";48.0
"FB000450";"2026-05-05";"G00353";125;"Restaurant & Bar";21.0
"FB000451";"2026-05-06";"G00353";125;"Restaurant & Bar";34.0
"FB000452";"2026-03-25";"G00354";110;"Restaurant & Bar";74.0
"FB000453";"2026-01-31";"G00355";103;"Breakfast";30.0
"FB000454";"2026-01-31";"G00355";103;"Room Service";72.0
"FB000455";"2026-01-30";"G00355";103;"Restaurant & Bar";108.0
"FB000456";"2026-05-17";"G00356";201;"Restaurant & Bar";53.0
"FB000457";"2026-05-18";"G00356";201;"Room Service";56.0
"FB000458";"2026-05-20";"G00356";201;"Breakfast";32.0
"FB000459";"2026-03-13";"G00357";508;"Restaurant & Bar";25.0
"FB000460";"2026-05-01";"G00358";511;"Restaurant & Bar";57.0
"FB000461";"2026-05-03";"G00358";511;"Restaurant & Bar";29.0
"FB000462";"2026-05-01";"G00358";511;"Restaurant & Bar";70.0
"FB000463";"2026-05-01";"G00362";231;"Restaurant & Bar";67.0
"FB000464";"2026-04-30";"G00362";231;"Restaurant & Bar";76.0
"FB000465";"2026-02-14";"G00364";329;"Restaurant & Bar";95.0
"FB000466";"2026-03-02";"G00365";414;"Restaurant & Bar";66.0
"FB000467";"2026-03-03";"G00365";414;"Breakfast";18.0
"FB000468";"2026-03-05";"G00365";414;"Restaurant & Bar";114.0
"FB000469";"2026-05-26";"G00366";424;"Restaurant & Bar";20.0
"FB000470";"2026-01-26";"G00367";514;"Restaurant & Bar";21.0
"FB000471";"2026-03-02";"G00368";224;"Breakfast";30.0
"FB000472";"2026-04-21";"G00370";207;"Restaurant & Bar";113.0
"FB000473";"2026-03-07";"G00371";225;"Room Service";37.0
"FB000474";"2026-03-10";"G00371";225;"Restaurant & Bar";55.0
"FB000475";"2026-05-02";"G00372";203;"Room Service";82.0
"FB000476";"2026-05-01";"G00372";203;"Restaurant & Bar";32.0
"FB000477";"2026-05-02";"G00372";203;"Restaurant & Bar";40.0
"FB000478";"2026-05-02";"G00372";203;"Restaurant & Bar";60.0
"FB000479";"2026-05-04";"G00372";203;"Room Service";66.0
"FB000480";"2026-03-10";"G00373";312;"Breakfast";12.0
"FB000481";"2026-03-10";"G00373";312;"Room Service";46.0
"FB000482";"2026-03-10";"G00373";312;"Breakfast";22.0
"FB000483";"2026-04-19";"G00376";314;"Restaurant & Bar";43.0
"FB000484";"2026-04-16";"G00376";314;"Breakfast";35.0
"FB000485";"2026-04-16";"G00376";314;"Restaurant & Bar";97.0
"FB000486";"2026-04-28";"G00378";510;"Breakfast";35.0
"FB000487";"2026-06-03";"G00379";211;"Restaurant & Bar";40.0
"FB000488";"2026-06-04";"G00379";211;"Restaurant & Bar";101.0
"FB000489";"2026-01-17";"G00382";215;"Breakfast";32.0
"FB000490";"2026-01-16";"G00382";215;"Room Service";22.0
"FB000491";"2026-02-19";"G00383";525;"Restaurant & Bar";23.0
"FB000492";"2026-03-16";"G00385";512;"Breakfast";18.0
"FB000493";"2026-03-17";"G00385";512;"Restaurant & Bar";95.0
"FB000494";"2026-03-02";"G00386";501;"Breakfast";29.0
"FB000495";"2026-03-03";"G00386";501;"Restaurant & Bar";43.0
"FB000496";"2026-06-16";"G00387";125;"Breakfast";20.0
"FB000497";"2026-06-16";"G00387";125;"Room Service";67.0
"FB000498";"2026-06-17";"G00387";125;"Restaurant & Bar";67.0
"FB000499";"2026-06-16";"G00387";125;"Breakfast";25.0
"FB000500";"2026-03-13";"G00388";423;"Breakfast";33.0
"FB000501";"2026-06-04";"G00389";310;"Restaurant & Bar";59.0
"FB000502";"2026-06-02";"G00389";310;"Room Service";37.0
"FB000503";"2026-03-27";"G00391";128;"Breakfast";18.0
"FB000504";"2026-03-31";"G00394";223;"Restaurant & Bar";46.0
"FB000505";"2026-03-31";"G00394";223;"Room Service";18.0
"FB000506";"2026-05-21";"G00395";329;"Restaurant & Bar";51.0
"FB000507";"2026-04-25";"G00396";308;"Breakfast";22.0
"FB000508";"2026-02-02";"G00399";130;"Breakfast";29.0
"FB000509";"2026-02-03";"G00399";130;"Room Service";52.0
"FB000510";"2026-05-05";"G00401";427;"Breakfast";22.0
"FB000511";"2026-05-03";"G00401";427;"Room Service";30.0
"FB000512";"2026-05-02";"G00401";427;"Restaurant & Bar";46.0
"FB000513";"2026-02-22";"G00402";206;"Restaurant & Bar";38.0
"FB000514";"2026-04-01";"G00407";214;"Room Service";72.0
"FB000515";"2026-04-02";"G00407";214;"Breakfast";28.0
"FB000516";"2026-04-04";"G00407";214;"Room Service";76.0
"FB000517";"2026-04-04";"G00407";214;"Restaurant & Bar";44.0
"FB000518";"2026-05-11";"G00409";102;"Breakfast";19.0
"FB000519";"2026-02-11";"G00411";225;"Restaurant & Bar";22.0
"FB000520";"2026-02-11";"G00411";225;"Breakfast";16.0
"FB000521";"2026-02-13";"G00411";225;"Breakfast";29.0
"FB000522";"2026-02-14";"G00411";225;"Breakfast";13.0
"FB000523";"2026-05-20";"G00414";310;"Room Service";78.0
"FB000524";"2026-02-08";"G00415";502;"Restaurant & Bar";100.0
"FB000525";"2026-02-06";"G00415";502;"Breakfast";29.0
"FB000526";"2026-03-18";"G00416";505;"Restaurant & Bar";21.0
"FB000527";"2026-05-23";"G00418";527;"Breakfast";27.0
"FB000528";"2026-04-04";"G00419";115;"Breakfast";24.0
"FB000529";"2026-06-19";"G00420";202;"Restaurant & Bar";94.0
"FB000530";"2026-06-20";"G00420";202;"Restaurant & Bar";96.0
"FB000531";"2026-01-15";"G00421";514;"Room Service";80.0
"FB000532";"2026-01-16";"G00421";514;"Room Service";80.0
"FB000533";"2026-01-14";"G00423";323;"Breakfast";33.0
"FB000534";"2026-01-15";"G00423";323;"Room Service";72.0
"FB000535";"2026-01-14";"G00423";323;"Restaurant & Bar";68.0
"FB000536";"2026-05-24";"G00425";128;"Restaurant & Bar";79.0
"FB000537";"2026-05-24";"G00425";128;"Restaurant & Bar";112.0
"FB000538";"2026-05-26";"G00425";128;"Restaurant & Bar";53.0
"FB000539";"2026-05-04";"G00426";532;"Restaurant & Bar";58.0
"FB000540";"2026-03-31";"G00429";215;"Restaurant & Bar";28.0
"FB000541";"2026-05-12";"G00431";422;"Room Service";64.0
"FB000542";"2026-05-13";"G00431";422;"Restaurant & Bar";104.0
"FB000543";"2026-05-12";"G00431";422;"Restaurant & Bar";49.0
"FB000544";"2026-02-13";"G00432";223;"Restaurant & Bar";37.0
"FB000545";"2026-02-15";"G00432";223;"Restaurant & Bar";64.0
"FB000546";"2026-02-15";"G00432";223;"Restaurant & Bar";100.0
"FB000547";"2026-02-13";"G00432";223;"Breakfast";15.0
"FB000548";"2026-05-10";"G00433";512;"Breakfast";16.0
"FB000549";"2026-02-20";"G00434";422;"Restaurant & Bar";63.0
"FB000550";"2026-02-22";"G00434";422;"Restaurant & Bar";31.0
"FB000551";"2026-02-20";"G00434";422;"Restaurant & Bar";46.0
"FB000552";"2026-05-13";"G00435";203;"Room Service";71.0
"FB000553";"2026-05-12";"G00435";203;"Restaurant & Bar";100.0
"FB000554";"2026-05-13";"G00435";203;"Restaurant & Bar";98.0
"FB000555";"2026-06-18";"G00436";306;"Restaurant & Bar";31.0
"FB000556";"2026-06-21";"G00436";306;"Room Service";21.0
"FB000557";"2026-06-19";"G00436";306;"Restaurant & Bar";68.0
"FB000558";"2026-03-27";"G00437";211;"Breakfast";34.0
"FB000559";"2026-03-27";"G00437";211;"Restaurant & Bar";59.0
"FB000560";"2026-04-06";"G00438";334;"Restaurant & Bar";56.0
"FB000561";"2026-02-17";"G00440";206;"Restaurant & Bar";57.0
"FB000562";"2026-04-20";"G00442";234;"Breakfast";36.0
"FB000563";"2026-04-20";"G00442";234;"Breakfast";23.0
"FB000564";"2026-04-22";"G00442";234;"Restaurant & Bar";83.0
"FB000565";"2026-04-01";"G00444";431;"Restaurant & Bar";112.0
"FB000566";"2026-06-14";"G00445";501;"Restaurant & Bar";96.0
"FB000567";"2026-06-15";"G00445";501;"Breakfast";34.0
"FB000568";"2026-01-04";"G00447";504;"Breakfast";31.0
"FB000569";"2026-01-03";"G00447";504;"Restaurant & Bar";67.0
"FB000570";"2026-01-03";"G00447";504;"Restaurant & Bar";22.0
"FB000571";"2026-05-09";"G00448";412;"Room Service";51.0
"FB000572";"2026-05-14";"G00449";533;"Breakfast";35.0
"FB000573";"2026-05-13";"G00449";533;"Breakfast";25.0
"FB000574";"2026-05-13";"G00449";533;"Restaurant & Bar";99.0
"FB000575";"2026-05-13";"G00449";533;"Breakfast";28.0
"FB000576";"2026-05-13";"G00449";533;"Restaurant & Bar";77.0
"FB000577";"2026-01-10";"G00454";120;"Restaurant & Bar";29.0
"FB000578";"2026-01-11";"G00454";120;"Restaurant & Bar";108.0
"FB000579";"2026-02-04";"G00456";130;"Restaurant & Bar";113.0
"FB000580";"2026-06-20";"G00458";430;"Restaurant & Bar";36.0
"FB000581";"2026-06-22";"G00458";430;"Restaurant & Bar";67.0
"FB000582";"2026-06-20";"G00458";430;"Breakfast";32.0
"FB000583";"2026-02-20";"G00459";522;"Restaurant & Bar";55.0
"FB000584";"2026-06-05";"G00460";527;"Restaurant & Bar";62.0
"FB000585";"2026-06-02";"G00460";527;"Restaurant & Bar";80.0
"FB000586";"2026-06-02";"G00460";527;"Breakfast";37.0
"FB000587";"2026-03-16";"G00461";420;"Restaurant & Bar";50.0
"FB000588";"2026-03-15";"G00461";420;"Restaurant & Bar";27.0
"FB000589";"2026-03-13";"G00461";420;"Restaurant & Bar";49.0
"FB000590";"2026-01-03";"G00462";116;"Restaurant & Bar";61.0
"FB000591";"2026-01-03";"G00462";116;"Breakfast";15.0
"FB000592";"2026-01-04";"G00462";116;"Restaurant & Bar";84.0
"FB000593";"2026-05-09";"G00463";317;"Restaurant & Bar";79.0
"FB000594";"2026-03-21";"G00464";310;"Restaurant & Bar";53.0
"FB000595";"2026-03-23";"G00464";310;"Room Service";78.0
"FB000596";"2026-03-22";"G00464";310;"Breakfast";23.0
"FB000597";"2026-06-20";"G00465";201;"Restaurant & Bar";42.0
"FB000598";"2026-03-27";"G00466";202;"Restaurant & Bar";25.0
"FB000599";"2026-01-20";"G00467";231;"Room Service";22.0
"FB000600";"2026-01-08";"G00470";523;"Restaurant & Bar";90.0
"FB000601";"2026-01-25";"G00471";334;"Breakfast";32.0
"FB000602";"2026-01-26";"G00471";334;"Restaurant & Bar";49.0
"FB000603";"2026-01-23";"G00471";334;"Breakfast";12.0
"FB000604";"2026-01-25";"G00471";334;"Restaurant & Bar";41.0
"FB000605";"2026-01-26";"G00471";334;"Restaurant & Bar";65.0
"FB000606";"2026-05-14";"G00472";515;"Restaurant & Bar";57.0
"FB000607";"2026-02-11";"G00473";221;"Room Service";58.0
"FB000608";"2026-02-11";"G00473";221;"Restaurant & Bar";84.0
"FB000609";"2026-02-22";"G00474";203;"Restaurant & Bar";49.0
"FB000610";"2026-03-11";"G00475";103;"Breakfast";14.0
"FB000611";"2026-05-04";"G00478";528;"Restaurant & Bar";36.0
"FB000612";"2026-05-02";"G00478";528;"Restaurant & Bar";47.0
"FB000613";"2026-05-01";"G00478";528;"Room Service";23.0
"FB000614";"2026-05-01";"G00478";528;"Restaurant & Bar";102.0
"FB000615";"2026-03-25";"G00483";233;"Breakfast";31.0
"FB000616";"2026-03-24";"G00483";233;"Restaurant & Bar";41.0
"FB000617";"2026-06-23";"G00485";301;"Room Service";43.0
"FB000618";"2026-06-22";"G00485";301;"Restaurant & Bar";61.0
"FB000619";"2026-03-09";"G00488";201;"Restaurant & Bar";58.0
"FB000620";"2026-03-10";"G00488";201;"Breakfast";17.0
"FB000621";"2026-03-08";"G00488";201;"Restaurant & Bar";36.0
"FB000622";"2026-04-09";"G00490";134;"Restaurant & Bar";54.0
"FB000623";"2026-04-09";"G00490";134;"Breakfast";16.0
"FB000624";"2026-04-10";"G00490";134;"Restaurant & Bar";28.0
"FB000625";"2026-04-11";"G00491";411;"Restaurant & Bar";29.0
"FB000626";"2026-04-11";"G00491";411;"Breakfast";34.0
"FB000627";"2026-04-09";"G00491";411;"Restaurant & Bar";97.0
"FB000628";"2026-06-01";"G00492";123;"Room Service";40.0
"FB000629";"2026-05-16";"G00495";126;"Breakfast";38.0
"FB000630";"2026-05-15";"G00495";126;"Restaurant & Bar";101.0
"FB000631";"2026-04-09";"G00498";408;"Breakfast";24.0
"FB000632";"2026-04-06";"G00498";408;"Restaurant & Bar";51.0
"FB000633";"2026-04-08";"G00498";408;"Breakfast";24.0
"FB000634";"2026-01-24";"G00500";320;"Breakfast";30.0
"FB000635";"2026-01-24";"G00500";320;"Room Service";44.0
"FB000636";"2026-06-04";"G00501";217;"Room Service";33.0
"FB000637";"2026-06-03";"G00501";217;"Breakfast";14.0
"FB000638";"2026-05-23";"G00502";516;"Breakfast";10.0
"FB000639";"2026-05-21";"G00502";516;"Breakfast";16.0
"FB000640";"2026-05-23";"G00502";516;"Breakfast";38.0
"FB000641";"2026-05-22";"G00502";516;"Restaurant & Bar";92.0
"FB000642";"2026-01-26";"G00504";310;"Breakfast";34.0
"FB000643";"2026-01-30";"G00504";310;"Restaurant & Bar";68.0
"FB000644";"2026-01-17";"G00505";312;"Restaurant & Bar";44.0
"FB000645";"2026-01-14";"G00505";312;"Breakfast";28.0
"FB000646";"2026-01-15";"G00505";312;"Breakfast";22.0
"FB000647";"2026-01-18";"G00505";312;"Room Service";82.0
"FB000648";"2026-01-15";"G00505";312;"Restaurant & Bar";86.0
"FB000649";"2026-03-14";"G00507";103;"Breakfast";30.0
"FB000650";"2026-03-13";"G00507";103;"Breakfast";33.0
"FB000651";"2026-03-15";"G00507";103;"Room Service";67.0
"FB000652";"2026-04-28";"G00508";227;"Restaurant & Bar";109.0
"FB000653";"2026-04-27";"G00508";227;"Restaurant & Bar";23.0
"FB000654";"2026-02-06";"G00509";308;"Breakfast";18.0
"FB000655";"2026-02-02";"G00509";308;"Restaurant & Bar";111.0
"FB000656";"2026-05-11";"G00511";504;"Room Service";48.0
"FB000657";"2026-02-08";"G00514";230;"Restaurant & Bar";53.0
"FB000658";"2026-02-22";"G00517";515;"Breakfast";26.0
"FB000659";"2026-02-22";"G00517";515;"Room Service";80.0
"FB000660";"2026-02-21";"G00517";515;"Restaurant & Bar";37.0
"FB000661";"2026-02-11";"G00519";114;"Room Service";24.0
"FB000662";"2026-02-11";"G00519";114;"Breakfast";23.0
"FB000663";"2026-02-12";"G00519";114;"Breakfast";37.0
"FB000664";"2026-02-11";"G00519";114;"Restaurant & Bar";33.0
"FB000665";"2026-02-12";"G00519";114;"Room Service";20.0
"FB000666";"2026-04-07";"G00520";529;"Restaurant & Bar";23.0
"FB000667";"2026-06-22";"G00521";410;"Restaurant & Bar";92.0
"FB000668";"2026-06-26";"G00521";410;"Restaurant & Bar";88.0
"FB000669";"2026-06-22";"G00521";410;"Breakfast";16.0
"FB000670";"2026-06-26";"G00521";410;"Restaurant & Bar";66.0
"FB000671";"2026-05-17";"G00522";328;"Room Service";64.0
"FB000672";"2026-05-18";"G00522";328;"Room Service";29.0
"FB000673";"2026-03-25";"G00523";120;"Restaurant & Bar";22.0
"FB000674";"2026-03-26";"G00523";120;"Restaurant & Bar";25.0
"FB000675";"2026-03-28";"G00523";120;"Breakfast";13.0
"FB000676";"2026-03-28";"G00523";120;"Restaurant & Bar";60.0
"FB000677";"2026-03-23";"G00524";306;"Restaurant & Bar";83.0
"FB000678";"2026-03-25";"G00524";306;"Restaurant & Bar";109.0
"FB000679";"2026-02-17";"G00525";421;"Room Service";58.0
"FB000680";"2026-02-14";"G00525";421;"Restaurant & Bar";38.0
"FB000681";"2026-02-13";"G00526";422;"Restaurant & Bar";99.0
"FB000682";"2026-02-13";"G00526";422;"Breakfast";38.0
"FB000683";"2026-02-14";"G00526";422;"Restaurant & Bar";26.0
"FB000684";"2026-03-03";"G00527";211;"Restaurant & Bar";111.0
"FB000685";"2026-02-27";"G00527";211;"Breakfast";20.0
"FB000686";"2026-04-29";"G00529";310;"Room Service";30.0
"FB000687";"2026-04-28";"G00529";310;"Room Service";50.0
"FB000688";"2026-03-23";"G00530";512;"Restaurant & Bar";37.0
"FB000689";"2026-01-24";"G00531";424;"Room Service";50.0
"FB000690";"2026-05-13";"G00532";325;"Restaurant & Bar";68.0
"FB000691";"2026-05-13";"G00532";325;"Restaurant & Bar";107.0
"FB000692";"2026-05-13";"G00532";325;"Restaurant & Bar";96.0
"FB000693";"2026-04-09";"G00533";225;"Room Service";30.0
"FB000694";"2026-06-25";"G00535";431;"Room Service";70.0
"FB000695";"2026-03-09";"G00536";118;"Restaurant & Bar";72.0
"FB000696";"2026-03-11";"G00536";118;"Restaurant & Bar";109.0
"FB000697";"2026-03-11";"G00536";118;"Restaurant & Bar";88.0
"FB000698";"2026-03-10";"G00536";118;"Restaurant & Bar";32.0
"FB000699";"2026-05-30";"G00537";426;"Room Service";63.0
"FB000700";"2026-05-31";"G00537";426;"Restaurant & Bar";34.0
"FB000701";"2026-05-30";"G00537";426;"Room Service";80.0
"FB000702";"2026-06-21";"G00538";517;"Breakfast";35.0
"FB000703";"2026-06-24";"G00538";517;"Restaurant & Bar";33.0
"FB000704";"2026-02-10";"G00539";413;"Restaurant & Bar";39.0
"FB000705";"2026-02-10";"G00539";413;"Restaurant & Bar";26.0
"FB000706";"2026-04-08";"G00540";221;"Restaurant & Bar";112.0
"FB000707";"2026-06-26";"G00541";519;"Restaurant & Bar";88.0
"FB000708";"2026-06-29";"G00541";519;"Room Service";56.0
"FB000709";"2026-06-26";"G00541";519;"Restaurant & Bar";73.0
"FB000710";"2026-06-29";"G00541";519;"Breakfast";33.0
"FB000711";"2026-06-29";"G00541";519;"Breakfast";23.0
"FB000712";"2026-03-25";"G00543";522;"Restaurant & Bar";92.0
"FB000713";"2026-03-26";"G00543";522;"Restaurant & Bar";53.0
"FB000714";"2026-03-26";"G00543";522;"Restaurant & Bar";101.0
"FB000715";"2026-06-08";"G00545";323;"Breakfast";17.0
"FB000716";"2026-06-05";"G00545";323;"Room Service";21.0
"FB000717";"2026-04-20";"G00546";432;"Restaurant & Bar";28.0
"FB000718";"2026-04-17";"G00546";432;"Room Service";35.0
"FB000719";"2026-04-18";"G00546";432;"Restaurant & Bar";80.0
"FB000720";"2026-04-19";"G00546";432;"Restaurant & Bar";83.0
"FB000721";"2026-01-05";"G00547";503;"Restaurant & Bar";86.0
"FB000722";"2026-01-04";"G00547";503;"Room Service";74.0
"FB000723";"2026-05-06";"G00549";227;"Restaurant & Bar";60.0
"FB000724";"2026-03-03";"G00552";324;"Restaurant & Bar";87.0
"FB000725";"2026-03-03";"G00552";324;"Restaurant & Bar";38.0
"FB000726";"2026-02-22";"G00553";526;"Room Service";41.0
"FB000727";"2026-02-19";"G00553";526;"Breakfast";35.0
"FB000728";"2026-02-17";"G00553";526;"Room Service";47.0
"FB000729";"2026-02-21";"G00553";526;"Room Service";67.0
"FB000730";"2026-06-23";"G00554";401;"Restaurant & Bar";88.0
"FB000731";"2026-06-23";"G00554";401;"Restaurant & Bar";111.0
"FB000732";"2026-06-23";"G00554";401;"Restaurant & Bar";47.0
"FB000733";"2026-01-15";"G00555";401;"Breakfast";35.0
"FB000734";"2026-01-18";"G00555";401;"Restaurant & Bar";83.0
"FB000735";"2026-01-17";"G00555";401;"Restaurant & Bar";64.0
"FB000736";"2026-01-18";"G00555";401;"Restaurant & Bar";89.0
"FB000737";"2026-03-11";"G00556";311;"Restaurant & Bar";87.0
"FB000738";"2026-03-18";"G00556";311;"Restaurant & Bar";81.0
"FB000739";"2026-03-16";"G00556";311;"Restaurant & Bar";26.0
"FB000740";"2026-01-27";"G00557";504;"Restaurant & Bar";64.0
"FB000741";"2026-06-30";"G00559";520;"Restaurant & Bar";41.0
"FB000742";"2026-05-03";"G00560";519;"Restaurant & Bar";81.0
"FB000743";"2026-05-03";"G00560";519;"Restaurant & Bar";24.0
"FB000744";"2026-05-04";"G00560";519;"Room Service";30.0
"FB000745";"2026-05-29";"G00561";402;"Room Service";85.0
"FB000746";"2026-05-02";"G00562";305;"Restaurant & Bar";93.0
"FB000747";"2026-05-02";"G00562";305;"Room Service";62.0
"FB000748";"2026-05-05";"G00562";305;"Restaurant & Bar";23.0
"FB000749";"2026-05-07";"G00562";305;"Restaurant & Bar";96.0
"FB000750";"2026-04-28";"G00563";225;"Restaurant & Bar";74.0
"FB000751";"2026-04-26";"G00563";225;"Restaurant & Bar";21.0
"FB000752";"2026-02-10";"G00564";319;"Breakfast";13.0
"FB000753";"2026-02-11";"G00564";319;"Restaurant & Bar";71.0
"FB000754";"2026-04-07";"G00565";414;"Room Service";77.0
"FB000755";"2026-03-17";"G00566";411;"Room Service";27.0
"FB000756";"2026-03-17";"G00566";411;"Restaurant & Bar";112.0
"FB000757";"2026-04-05";"G00567";522;"Breakfast";12.0
"FB000758";"2026-04-06";"G00567";522;"Room Service";68.0
"FB000759";"2026-06-20";"G00571";420;"Breakfast";22.0
"FB000760";"2026-06-19";"G00571";420;"Breakfast";32.0
"FB000761";"2026-03-12";"G00574";129;"Restaurant & Bar";36.0
"FB000762";"2026-03-12";"G00574";129;"Breakfast";26.0
"FB000763";"2026-03-29";"G00575";331;"Breakfast";37.0
"FB000764";"2026-02-01";"G00576";532;"Restaurant & Bar";42.0
"FB000765";"2026-06-29";"G00577";229;"Room Service";57.0
"FB000766";"2026-06-30";"G00577";229;"Restaurant & Bar";110.0
"FB000767";"2026-04-20";"G00578";232;"Restaurant & Bar";25.0
"FB000768";"2026-04-05";"G00580";129;"Restaurant & Bar";81.0
"FB000769";"2026-04-03";"G00580";129;"Restaurant & Bar";46.0
"FB000770";"2026-04-04";"G00580";129;"Room Service";79.0
"FB000771";"2026-04-05";"G00580";129;"Restaurant & Bar";72.0
"FB000772";"2026-05-02";"G00581";229;"Breakfast";18.0
"FB000773";"2026-05-05";"G00581";229;"Breakfast";21.0
"FB000774";"2026-05-05";"G00581";229;"Restaurant & Bar";100.0
"FB000775";"2026-05-05";"G00581";229;"Breakfast";13.0
"FB000776";"2026-05-06";"G00581";229;"Restaurant & Bar";95.0
"FB000777";"2026-03-29";"G00583";429;"Restaurant & Bar";93.0
"FB000778";"2026-03-28";"G00583";429;"Restaurant & Bar";48.0
"FB000779";"2026-03-29";"G00583";429;"Restaurant & Bar";34.0
"FB000780";"2026-02-24";"G00589";122;"Restaurant & Bar";86.0
"FB000781";"2026-02-25";"G00589";122;"Room Service";36.0
"FB000782";"2026-02-24";"G00589";122;"Breakfast";19.0
"FB000783";"2026-03-15";"G00590";229;"Breakfast";20.0
"FB000784";"2026-03-16";"G00590";229;"Restaurant & Bar";33.0
"FB000785";"2026-01-18";"G00591";321;"Restaurant & Bar";27.0
"FB000786";"2026-03-30";"G00592";225;"Room Service";46.0
"FB000787";"2026-06-30";"G00594";310;"Restaurant & Bar";40.0
"FB000788";"2026-06-28";"G00594";310;"Breakfast";25.0
"FB000789";"2026-06-30";"G00594";310;"Room Service";37.0
"FB000790";"2026-02-28";"G00598";527;"Restaurant & Bar";47.0
"FB000791";"2026-01-20";"G00601";409;"Restaurant & Bar";53.0
"FB000792";"2026-01-12";"G00603";516;"Restaurant & Bar";32.0
"FB000793";"2026-05-03";"G00604";110;"Restaurant & Bar";77.0
"FB000794";"2026-05-03";"G00604";110;"Restaurant & Bar";107.0
"FB000795";"2026-05-02";"G00604";110;"Restaurant & Bar";38.0
"FB000796";"2026-04-09";"G00605";516;"Restaurant & Bar";48.0
"FB000797";"2026-04-09";"G00605";516;"Restaurant & Bar";81.0
"FB000798";"2026-02-19";"G00607";121;"Restaurant & Bar";103.0
"FB000799";"2026-06-11";"G00611";520;"Breakfast";22.0
"FB000800";"2026-01-14";"G00612";233;"Room Service";33.0
"FB000801";"2026-01-14";"G00612";233;"Restaurant & Bar";97.0
"FB000802";"2026-05-27";"G00613";125;"Restaurant & Bar";77.0
"FB000803";"2026-05-12";"G00615";307;"Room Service";66.0
"FB000804";"2026-05-15";"G00615";307;"Restaurant & Bar";97.0
"FB000805";"2026-06-19";"G00616";515;"Breakfast";35.0
"FB000806";"2026-06-17";"G00616";515;"Restaurant & Bar";92.0
"FB000807";"2026-01-19";"G00617";105;"Restaurant & Bar";23.0
"FB000808";"2026-01-21";"G00617";105;"Restaurant & Bar";51.0
"FB000809";"2026-01-21";"G00617";105;"Room Service";49.0
"FB000810";"2026-04-18";"G00619";533;"Restaurant & Bar";67.0
"FB000811";"2026-04-19";"G00619";533;"Restaurant & Bar";109.0
"FB000812";"2026-05-27";"G00620";415;"Breakfast";18.0
"FB000813";"2026-05-27";"G00620";415;"Room Service";83.0
"FB000814";"2026-05-26";"G00620";415;"Breakfast";22.0
"FB000815";"2026-05-27";"G00620";415;"Room Service";64.0
"FB000816";"2026-02-12";"G00622";321;"Room Service";65.0
"FB000817";"2026-04-02";"G00624";121;"Breakfast";19.0
"FB000818";"2026-04-01";"G00624";121;"Breakfast";36.0
"FB000819";"2026-06-27";"G00628";514;"Restaurant & Bar";75.0
"FB000820";"2026-06-11";"G00629";411;"Restaurant & Bar";31.0
"FB000821";"2026-06-11";"G00629";411;"Breakfast";20.0
"FB000822";"2026-01-31";"G00630";412;"Restaurant & Bar";58.0
"FB000823";"2026-03-10";"G00637";111;"Breakfast";33.0
"FB000824";"2026-03-11";"G00637";111;"Restaurant & Bar";22.0
"FB000825";"2026-01-17";"G00640";527;"Room Service";23.0
"FB000826";"2026-03-16";"G00641";301;"Breakfast";33.0
"FB000827";"2026-03-16";"G00641";301;"Restaurant & Bar";30.0
"FB000828";"2026-03-16";"G00641";301;"Breakfast";28.0
"FB000829";"2026-04-03";"G00642";209;"Breakfast";26.0
"FB000830";"2026-02-04";"G00643";320;"Restaurant & Bar";112.0
"FB000831";"2026-02-23";"G00644";124;"Restaurant & Bar";62.0
"FB000832";"2026-01-14";"G00645";122;"Room Service";65.0
"FB000833";"2026-05-18";"G00646";223;"Restaurant & Bar";65.0
"FB000834";"2026-04-20";"G00647";418;"Restaurant & Bar";76.0
"FB000835";"2026-04-21";"G00647";418;"Room Service";47.0
"FB000836";"2026-04-12";"G00648";521;"Breakfast";22.0
"FB000837";"2026-04-13";"G00648";521;"Restaurant & Bar";51.0
"FB000838";"2026-04-12";"G00648";521;"Breakfast";14.0
"FB000839";"2026-02-12";"G00650";421;"Room Service";57.0
"FB000840";"2026-02-12";"G00650";421;"Breakfast";13.0
"FB000841";"2026-02-13";"G00650";421;"Restaurant & Bar";26.0
"FB000842";"2026-02-13";"G00650";421;"Restaurant & Bar";79.0
"FB000843";"2026-02-14";"G00650";421;"Breakfast";16.0
"FB000844";"2026-02-13";"G00651";108;"Room Service";51.0
"FB000845";"2026-02-11";"G00651";108;"Breakfast";12.0
"FB000846";"2026-02-02";"G00653";417;"Breakfast";30.0
"FB000847";"2026-02-03";"G00653";417;"Breakfast";11.0
"FB000848";"2026-01-04";"G00656";320;"Room Service";52.0
"FB000849";"2026-01-05";"G00656";320;"Restaurant & Bar";70.0
"FB000850";"2026-01-05";"G00656";320;"Breakfast";15.0
"FB000851";"2026-01-04";"G00656";320;"Breakfast";23.0
"FB000852";"2026-01-10";"G00659";104;"Breakfast";36.0
"FB000853";"2026-01-07";"G00659";104;"Room Service";41.0
"FB000854";"2026-01-10";"G00659";104;"Room Service";34.0
"FB000855";"2026-01-08";"G00659";104;"Restaurant & Bar";48.0
"FB000856";"2026-03-27";"G00660";434;"Restaurant & Bar";23.0
"FB000857";"2026-03-28";"G00660";434;"Restaurant & Bar";41.0
"FB000858";"2026-03-29";"G00660";434;"Room Service";48.0
"FB000859";"2026-04-01";"G00661";421;"Room Service";74.0
"FB000860";"2026-05-01";"G00662";109;"Breakfast";22.0
"FB000861";"2026-06-09";"G00664";124;"Breakfast";28.0
"FB000862";"2026-06-10";"G00664";124;"Restaurant & Bar";68.0
"FB000863";"2026-06-13";"G00664";124;"Restaurant & Bar";47.0
"FB000864";"2026-01-30";"G00665";319;"Breakfast";26.0
"FB000865";"2026-01-30";"G00665";319;"Restaurant & Bar";75.0
"FB000866";"2026-01-31";"G00665";319;"Breakfast";14.0
"FB000867";"2026-02-03";"G00665";319;"Restaurant & Bar";82.0
"FB000868";"2026-02-03";"G00665";319;"Room Service";82.0
"FB000869";"2026-03-14";"G00666";302;"Restaurant & Bar";25.0
"FB000870";"2026-03-13";"G00666";302;"Breakfast";34.0
"FB000871";"2026-01-28";"G00667";502;"Restaurant & Bar";101.0
"FB000872";"2026-01-27";"G00667";502;"Restaurant & Bar";79.0
"FB000873";"2026-01-28";"G00667";502;"Breakfast";27.0
"FB000874";"2026-05-20";"G00668";208;"Restaurant & Bar";113.0
"FB000875";"2026-05-16";"G00668";208;"Room Service";23.0
"FB000876";"2026-04-25";"G00669";106;"Restaurant & Bar";83.0
"FB000877";"2026-05-26";"G00670";505;"Restaurant & Bar";89.0
"FB000878";"2026-04-02";"G00671";214;"Restaurant & Bar";22.0
"FB000879";"2026-01-26";"G00672";323;"Restaurant & Bar";26.0
"FB000880";"2026-01-26";"G00672";323;"Breakfast";20.0
"FB000881";"2026-06-28";"G00673";207;"Room Service";75.0
"FB000882";"2026-06-27";"G00673";207;"Restaurant & Bar";109.0
"FB000883";"2026-04-02";"G00674";134;"Restaurant & Bar";46.0
"FB000884";"2026-04-16";"G00676";520;"Breakfast";17.0
"FB000885";"2026-04-15";"G00676";520;"Restaurant & Bar";93.0
"FB000886";"2026-06-21";"G00677";331;"Restaurant & Bar";25.0
"FB000887";"2026-06-23";"G00677";331;"Breakfast";12.0
"FB000888";"2026-06-24";"G00677";331;"Restaurant & Bar";44.0
"FB000889";"2026-06-22";"G00677";331;"Room Service";75.0
"FB000890";"2026-06-23";"G00677";331;"Restaurant & Bar";85.0
"FB000891";"2026-01-03";"G00678";417;"Breakfast";30.0
"FB000892";"2026-01-01";"G00678";417;"Restaurant & Bar";79.0
"FB000893";"2026-06-28";"G00679";520;"Breakfast";28.0
"FB000894";"2026-06-28";"G00679";520;"Restaurant & Bar";40.0
"FB000895";"2026-03-07";"G00680";404;"Breakfast";16.0
"FB000896";"2026-03-08";"G00680";404;"Restaurant & Bar";48.0
"FB000897";"2026-03-09";"G00680";404;"Restaurant & Bar";73.0
"FB000898";"2026-01-14";"G00681";203;"Restaurant & Bar";93.0
"FB000899";"2026-01-15";"G00681";203;"Breakfast";23.0
"FB000900";"2026-01-13";"G00681";203;"Restaurant & Bar";24.0
"FB000901";"2026-01-15";"G00681";203;"Room Service";38.0
"FB000902";"2026-02-14";"G00682";215;"Restaurant & Bar";92.0
"FB000903";"2026-02-14";"G00682";215;"Restaurant & Bar";105.0
"FB000904";"2026-02-14";"G00682";215;"Restaurant & Bar";75.0
"FB000905";"2026-02-15";"G00682";215;"Breakfast";35.0
"FB000906";"2026-02-16";"G00682";215;"Restaurant & Bar";59.0
"FB000907";"2026-06-12";"G00684";224;"Room Service";40.0
"FB000908";"2026-04-13";"G00685";530;"Restaurant & Bar";50.0
"FB000909";"2026-04-10";"G00687";218;"Room Service";59.0
"FB000910";"2026-06-13";"G00688";121;"Restaurant & Bar";37.0
"FB000911";"2026-06-14";"G00688";121;"Restaurant & Bar";98.0
"FB000912";"2026-06-15";"G00688";121;"Restaurant & Bar";86.0
"FB000913";"2026-06-14";"G00688";121;"Room Service";40.0
"FB000914";"2026-01-31";"G00690";229;"Room Service";23.0
"FB000915";"2026-01-29";"G00690";229;"Restaurant & Bar";85.0
"FB000916";"2026-02-28";"G00692";316;"Breakfast";34.0
"FB000917";"2026-03-01";"G00692";316;"Breakfast";35.0
"FB000918";"2026-04-15";"G00694";406;"Restaurant & Bar";96.0
"FB000919";"2026-04-14";"G00694";406;"Restaurant & Bar";105.0
"FB000920";"2026-04-14";"G00694";406;"Breakfast";29.0
"FB000921";"2026-01-28";"G00695";209;"Restaurant & Bar";83.0
"FB000922";"2026-01-28";"G00695";209;"Restaurant & Bar";86.0
"FB000923";"2026-01-29";"G00695";209;"Restaurant & Bar";104.0
"FB000924";"2026-02-22";"G00696";513;"Restaurant & Bar";39.0
"FB000925";"2026-02-19";"G00696";513;"Breakfast";29.0
"FB000926";"2026-02-21";"G00696";513;"Restaurant & Bar";27.0
"FB000927";"2026-02-21";"G00696";513;"Restaurant & Bar";51.0
"FB000928";"2026-03-12";"G00697";316;"Restaurant & Bar";92.0
"FB000929";"2026-03-11";"G00697";316;"Breakfast";19.0
"FB000930";"2026-06-12";"G00699";124;"Restaurant & Bar";60.0
"FB000931";"2026-06-11";"G00699";124;"Restaurant & Bar";77.0
"FB000932";"2026-06-11";"G00699";124;"Restaurant & Bar";83.0
"FB000933";"2026-05-07";"G00700";515;"Breakfast";12.0
"FB000934";"2026-03-09";"G00701";423;"Restaurant & Bar";20.0
"FB000935";"2026-03-09";"G00701";423;"Restaurant & Bar";67.0
"FB000936";"2026-03-09";"G00701";423;"Restaurant & Bar";108.0
"FB000937";"2026-02-04";"G00703";126;"Restaurant & Bar";28.0
"FB000938";"2026-02-03";"G00703";126;"Breakfast";17.0
"FB000939";"2026-03-02";"G00705";123;"Restaurant & Bar";113.0
"FB000940";"2026-05-19";"G00706";527;"Restaurant & Bar";92.0
"FB000941";"2026-05-22";"G00706";527;"Room Service";15.0
"FB000942";"2026-04-20";"G00708";108;"Room Service";72.0
"FB000943";"2026-02-17";"G00709";207;"Room Service";31.0
"FB000944";"2026-06-30";"G00711";116;"Restaurant & Bar";88.0
"FB000945";"2026-06-29";"G00711";116;"Restaurant & Bar";114.0
"FB000946";"2026-05-08";"G00712";324;"Breakfast";16.0
"FB000947";"2026-05-28";"G00713";126;"Breakfast";35.0
"FB000948";"2026-05-07";"G00715";102;"Room Service";54.0
"FB000949";"2026-05-05";"G00715";102;"Restaurant & Bar";114.0
"FB000950";"2026-03-24";"G00716";308;"Restaurant & Bar";82.0
"FB000951";"2026-03-07";"G00717";218;"Restaurant & Bar";28.0
"FB000952";"2026-03-07";"G00717";218;"Restaurant & Bar";20.0
"FB000953";"2026-03-07";"G00717";218;"Breakfast";23.0
"FB000954";"2026-06-14";"G00718";321;"Room Service";24.0
"FB000955";"2026-05-19";"G00719";313;"Room Service";49.0
"FB000956";"2026-05-25";"G00721";214;"Restaurant & Bar";73.0
"FB000957";"2026-01-31";"G00722";321;"Room Service";71.0
"FB000958";"2026-03-10";"G00724";525;"Restaurant & Bar";113.0
"FB000959";"2026-03-10";"G00724";525;"Restaurant & Bar";21.0
"FB000960";"2026-03-12";"G00724";525;"Breakfast";25.0
"FB000961";"2026-03-12";"G00724";525;"Room Service";27.0
"FB000962";"2026-03-11";"G00724";525;"Breakfast";37.0
"FB000963";"2026-06-21";"G00726";533;"Restaurant & Bar";81.0
"FB000964";"2026-04-26";"G00728";502;"Restaurant & Bar";106.0
"FB000965";"2026-04-24";"G00728";502;"Restaurant & Bar";20.0
"FB000966";"2026-06-02";"G00730";225;"Restaurant & Bar";105.0
"FB000967";"2026-06-05";"G00731";411;"Restaurant & Bar";107.0
"FB000968";"2026-02-10";"G00733";206;"Restaurant & Bar";95.0
"FB000969";"2026-01-29";"G00737";326;"Breakfast";31.0
"FB000970";"2026-01-28";"G00737";326;"Restaurant & Bar";43.0
"FB000971";"2026-06-01";"G00738";501;"Breakfast";11.0
"FB000972";"2026-06-03";"G00738";501;"Breakfast";18.0
"FB000973";"2026-03-26";"G00739";421;"Restaurant & Bar";65.0
"FB000974";"2026-03-25";"G00739";421;"Room Service";68.0
"FB000975";"2026-04-17";"G00741";528;"Restaurant & Bar";41.0
"FB000976";"2026-03-22";"G00744";502;"Breakfast";18.0
"FB000977";"2026-03-21";"G00744";502;"Restaurant & Bar";58.0
"FB000978";"2026-03-04";"G00746";411;"Room Service";82.0
"FB000979";"2026-03-04";"G00746";411;"Restaurant & Bar";37.0
"FB000980";"2026-03-04";"G00746";411;"Restaurant & Bar";81.0
"FB000981";"2026-05-13";"G00747";503;"Breakfast";23.0
"FB000982";"2026-05-15";"G00747";503;"Restaurant & Bar";81.0
"FB000983";"2026-03-25";"G00748";403;"Restaurant & Bar";79.0
"FB000984";"2026-03-27";"G00748";403;"Breakfast";18.0
"FB000985";"2026-03-22";"G00748";403;"Breakfast";18.0
"FB000986";"2026-03-24";"G00748";403;"Restaurant & Bar";67.0
"FB000987";"2026-03-25";"G00748";403;"Breakfast";28.0
"FB000988";"2026-06-29";"G00749";532;"Restaurant & Bar";111.0
"FB000989";"2026-06-29";"G00749";532;"Restaurant & Bar";99.0
"FB000990";"2026-06-13";"G00750";412;"Restaurant & Bar";22.0
"FB000991";"2026-06-14";"G00750";412;"Breakfast";31.0
"FB000992";"2026-06-13";"G00750";412;"Restaurant & Bar";43.0
"FB000993";"2026-06-13";"G00750";412;"Room Service";69.0
"FB000994";"2026-06-20";"G00751";131;"Breakfast";31.0
"FB000995";"2026-06-19";"G00751";131;"Restaurant & Bar";98.0
"FB000996";"2026-01-05";"G00752";204;"Breakfast";16.0
"FB000997";"2026-01-04";"G00752";204;"Breakfast";24.0
"FB000998";"2026-05-04";"G00753";305;"Breakfast";15.0
"FB000999";"2026-03-10";"G00754";313;"Breakfast";12.0
"FB001000";"2026-02-15";"G00755";215;"Restaurant & Bar";77.0
"FB001001";"2026-01-07";"G00757";122;"Restaurant & Bar";26.0
"FB001002";"2026-01-05";"G00757";122;"Room Service";42.0
"FB001003";"2026-01-06";"G00757";122;"Restaurant & Bar";84.0
"FB001004";"2026-01-06";"G00757";122;"Restaurant & Bar";48.0
"FB001005";"2026-03-03";"G00758";410;"Restaurant & Bar";29.0
"FB001006";"2026-03-06";"G00758";410;"Restaurant & Bar";65.0
"FB001007";"2026-03-05";"G00758";410;"Restaurant & Bar";93.0
"FB001008";"2026-03-05";"G00758";410;"Restaurant & Bar";88.0
"FB001009";"2026-06-04";"G00760";132;"Restaurant & Bar";53.0
"FB001010";"2026-02-08";"G00761";409;"Breakfast";12.0
"FB001011";"2026-05-07";"G00762";231;"Breakfast";12.0
"FB001012";"2026-05-04";"G00762";231;"Room Service";85.0
"FB001013";"2026-05-06";"G00762";231;"Restaurant & Bar";62.0
"FB001014";"2026-05-06";"G00762";231;"Restaurant & Bar";91.0
"FB001015";"2026-05-07";"G00762";231;"Restaurant & Bar";97.0
"FB001016";"2026-02-22";"G00765";104;"Restaurant & Bar";41.0
"FB001017";"2026-02-22";"G00765";104;"Restaurant & Bar";92.0
"FB001018";"2026-02-23";"G00765";104;"Breakfast";18.0
"FB001019";"2026-02-22";"G00765";104;"Restaurant & Bar";49.0
"FB001020";"2026-02-24";"G00765";104;"Restaurant & Bar";73.0
"FB001021";"2026-02-13";"G00766";221;"Breakfast";23.0
"FB001022";"2026-02-11";"G00766";221;"Restaurant & Bar";47.0
"FB001023";"2026-02-11";"G00766";221;"Breakfast";33.0
"FB001024";"2026-03-15";"G00767";310;"Room Service";26.0
"FB001025";"2026-03-12";"G00767";310;"Room Service";77.0
"FB001026";"2026-03-15";"G00767";310;"Restaurant & Bar";19.0
"FB001027";"2026-02-25";"G00768";532;"Breakfast";24.0
"FB001028";"2026-02-25";"G00768";532;"Restaurant & Bar";92.0
"FB001029";"2026-03-09";"G00770";217;"Restaurant & Bar";78.0
"FB001030";"2026-03-09";"G00770";217;"Room Service";70.0
"FB001031";"2026-04-12";"G00776";428;"Room Service";79.0
"FB001032";"2026-04-11";"G00776";428;"Restaurant & Bar";84.0
"FB001033";"2026-04-13";"G00776";428;"Restaurant & Bar";18.0
"FB001034";"2026-03-09";"G00779";208;"Restaurant & Bar";67.0
"FB001035";"2026-06-04";"G00780";307;"Restaurant & Bar";101.0
"FB001036";"2026-06-05";"G00780";307;"Restaurant & Bar";70.0
"FB001037";"2026-06-06";"G00780";307;"Room Service";35.0
"FB001038";"2026-05-27";"G00781";212;"Room Service";42.0
"FB001039";"2026-05-24";"G00781";212;"Breakfast";13.0
"FB001040";"2026-01-11";"G00784";231;"Restaurant & Bar";91.0
"FB001041";"2026-04-05";"G00785";410;"Breakfast";15.0
"FB001042";"2026-04-18";"G00787";124;"Restaurant & Bar";111.0
"FB001043";"2026-02-21";"G00788";106;"Restaurant & Bar";62.0
"FB001044";"2026-02-19";"G00788";106;"Restaurant & Bar";61.0
"FB001045";"2026-02-13";"G00789";109;"Breakfast";12.0
"FB001046";"2026-05-14";"G00790";520;"Room Service";30.0
"FB001047";"2026-05-15";"G00790";520;"Breakfast";16.0
"FB001048";"2026-05-15";"G00790";520;"Breakfast";18.0
"FB001049";"2026-01-11";"G00791";428;"Restaurant & Bar";56.0
"FB001050";"2026-02-12";"G00796";313;"Room Service";74.0
"FB001051";"2026-02-10";"G00796";313;"Restaurant & Bar";36.0
"FB001052";"2026-04-04";"G00797";415;"Breakfast";25.0
"FB001053";"2026-04-04";"G00797";415;"Restaurant & Bar";79.0
"FB001054";"2026-04-01";"G00797";415;"Breakfast";26.0
"FB001055";"2026-03-31";"G00797";415;"Restaurant & Bar";102.0
"FB001056";"2026-01-22";"G00798";118;"Breakfast";21.0
"FB001057";"2026-04-13";"G00800";105;"Restaurant & Bar";61.0
"FB001058";"2026-03-07";"G00801";201;"Breakfast";20.0
"FB001059";"2026-03-06";"G00801";201;"Room Service";38.0
"FB001060";"2026-06-01";"G00802";317;"Restaurant & Bar";79.0
"FB001061";"2026-04-13";"G00803";520;"Restaurant & Bar";56.0
"FB001062";"2026-04-14";"G00803";520;"Restaurant & Bar";61.0
"FB001063";"2026-04-13";"G00803";520;"Restaurant & Bar";31.0
"FB001064";"2026-05-19";"G00807";421;"Room Service";49.0
"FB001065";"2026-05-20";"G00807";421;"Restaurant & Bar";87.0
"FB001066";"2026-06-02";"G00809";425;"Room Service";73.0
"FB001067";"2026-04-10";"G00810";515;"Breakfast";31.0
"FB001068";"2026-04-09";"G00810";515;"Restaurant & Bar";45.0
"FB001069";"2026-04-10";"G00810";515;"Breakfast";33.0
"FB001070";"2026-04-09";"G00810";515;"Restaurant & Bar";83.0
"FB001071";"2026-04-29";"G00811";521;"Room Service";72.0
"FB001072";"2026-04-30";"G00811";521;"Restaurant & Bar";91.0
"FB001073";"2026-04-30";"G00811";521;"Restaurant & Bar";26.0
"FB001074";"2026-03-26";"G00814";414;"Restaurant & Bar";115.0
"FB001075";"2026-01-27";"G00815";306;"Room Service";61.0
"FB001076";"2026-04-26";"G00817";523;"Breakfast";10.0
"FB001077";"2026-04-24";"G00817";523;"Breakfast";15.0
"FB001078";"2026-02-16";"G00818";415;"Restaurant & Bar";92.0
"FB001079";"2026-06-30";"G00819";304;"Restaurant & Bar";87.0
"FB001080";"2026-06-29";"G00819";304;"Restaurant & Bar";101.0
"FB001081";"2026-06-30";"G00819";304;"Restaurant & Bar";79.0
"FB001082";"2026-06-29";"G00819";304;"Breakfast";35.0
"FB001083";"2026-06-30";"G00819";304;"Breakfast";23.0
"FB001084";"2026-05-27";"G00820";405;"Restaurant & Bar";31.0
"FB001085";"2026-05-08";"G00821";332;"Restaurant & Bar";50.0
"FB001086";"2026-05-10";"G00821";332;"Restaurant & Bar";103.0
"FB001087";"2026-05-08";"G00821";332;"Breakfast";29.0
"FB001088";"2026-01-06";"G00823";316;"Restaurant & Bar";26.0
"FB001089";"2026-01-02";"G00823";316;"Restaurant & Bar";108.0
"FB001090";"2026-05-02";"G00825";428;"Restaurant & Bar";90.0
"FB001091";"2026-05-04";"G00825";428;"Room Service";61.0
"FB001092";"2026-02-18";"G00826";423;"Room Service";51.0
"FB001093";"2026-02-15";"G00826";423;"Breakfast";27.0
"FB001094";"2026-02-17";"G00826";423;"Room Service";78.0
"FB001095";"2026-02-02";"G00827";425;"Restaurant & Bar";95.0
"FB001096";"2026-06-12";"G00830";534;"Restaurant & Bar";22.0
"FB001097";"2026-03-04";"G00832";112;"Restaurant & Bar";94.0
"FB001098";"2026-03-06";"G00832";112;"Breakfast";11.0
"FB001099";"2026-03-04";"G00832";112;"Restaurant & Bar";113.0
"FB001100";"2026-03-07";"G00832";112;"Restaurant & Bar";39.0
"FB001101";"2026-02-01";"G00836";208;"Restaurant & Bar";25.0
"FB001102";"2026-02-26";"G00837";303;"Restaurant & Bar";74.0
"FB001103";"2026-03-01";"G00837";303;"Room Service";60.0
"FB001104";"2026-02-25";"G00837";303;"Restaurant & Bar";59.0
"FB001105";"2026-02-24";"G00837";303;"Restaurant & Bar";73.0
"FB001106";"2026-05-13";"G00840";427;"Breakfast";19.0
"FB001107";"2026-05-14";"G00840";427;"Restaurant & Bar";50.0
"FB001108";"2026-01-26";"G00844";316;"Breakfast";19.0
"FB001109";"2026-01-29";"G00844";316;"Breakfast";36.0
"FB001110";"2026-01-27";"G00844";316;"Restaurant & Bar";30.0
"FB001111";"2026-01-26";"G00844";316;"Room Service";60.0
"FB001112";"2026-04-19";"G00846";206;"Restaurant & Bar";96.0
"FB001113";"2026-04-20";"G00846";206;"Restaurant & Bar";31.0
"FB001114";"2026-03-28";"G00847";209;"Breakfast";37.0
"FB001115";"2026-03-27";"G00847";209;"Restaurant & Bar";57.0
"FB001116";"2026-03-29";"G00849";527;"Restaurant & Bar";32.0
"FB001117";"2026-06-28";"G00850";326;"Room Service";22.0
"FB001118";"2026-06-29";"G00850";326;"Restaurant & Bar";97.0
"FB001119";"2026-06-29";"G00850";326;"Breakfast";18.0
"FB001120";"2026-06-27";"G00850";326;"Room Service";68.0
"FB001121";"2026-04-20";"G00853";523;"Restaurant & Bar";74.0
"FB001122";"2026-04-20";"G00853";523;"Breakfast";22.0
"FB001123";"2026-04-20";"G00853";523;"Restaurant & Bar";26.0
"FB001124";"2026-04-20";"G00853";523;"Room Service";26.0
"FB001125";"2026-04-21";"G00853";523;"Breakfast";15.0
"FB001126";"2026-02-01";"G00854";423;"Restaurant & Bar";90.0
"FB001127";"2026-02-01";"G00854";423;"Restaurant & Bar";89.0
"FB001128";"2026-02-03";"G00854";423;"Restaurant & Bar";28.0
"FB001129";"2026-05-04";"G00855";401;"Restaurant & Bar";24.0
"FB001130";"2026-01-09";"G00856";401;"Restaurant & Bar";29.0
"FB001131";"2026-01-09";"G00856";401;"Restaurant & Bar";94.0
"FB001132";"2026-01-29";"G00857";110;"Breakfast";35.0
"FB001133";"2026-04-17";"G00858";119;"Room Service";53.0
"FB001134";"2026-04-15";"G00858";119;"Breakfast";37.0
"FB001135";"2026-04-17";"G00858";119;"Restaurant & Bar";32.0
"FB001136";"2026-03-23";"G00859";225;"Restaurant & Bar";60.0
"FB001137";"2026-03-23";"G00859";225;"Restaurant & Bar";110.0
"FB001138";"2026-03-23";"G00859";225;"Breakfast";34.0
"FB001139";"2026-03-23";"G00859";225;"Restaurant & Bar";82.0
"FB001140";"2026-03-31";"G00860";522;"Restaurant & Bar";74.0
"FB001141";"2026-04-03";"G00861";511;"Breakfast";23.0
"FB001142";"2026-04-03";"G00861";511;"Restaurant & Bar";106.0
"FB001143";"2026-04-01";"G00861";511;"Room Service";20.0
"FB001144";"2026-04-02";"G00861";511;"Breakfast";16.0
"FB001145";"2026-06-26";"G00862";429;"Breakfast";23.0
"FB001146";"2026-06-25";"G00862";429;"Breakfast";30.0
"FB001147";"2026-06-29";"G00862";429;"Restaurant & Bar";20.0
"FB001148";"2026-06-25";"G00862";429;"Restaurant & Bar";92.0
"FB001149";"2026-03-06";"G00864";311;"Breakfast";31.0
"FB001150";"2026-01-11";"G00865";124;"Restaurant & Bar";59.0
"FB001151";"2026-01-10";"G00865";124;"Restaurant & Bar";39.0
"FB001152";"2026-06-23";"G00866";207;"Room Service";79.0
"FB001153";"2026-04-02";"G00867";306;"Room Service";57.0
"FB001154";"2026-04-03";"G00867";306;"Restaurant & Bar";53.0
"FB001155";"2026-04-01";"G00867";306;"Restaurant & Bar";33.0
"FB001156";"2026-05-18";"G00870";426;"Restaurant & Bar";65.0
"FB001157";"2026-01-18";"G00871";104;"Restaurant & Bar";40.0
"FB001158";"2026-01-20";"G00871";104;"Breakfast";25.0
"FB001159";"2026-05-13";"G00872";208;"Restaurant & Bar";47.0
"FB001160";"2026-06-02";"G00874";218;"Breakfast";33.0
"FB001161";"2026-06-01";"G00874";218;"Restaurant & Bar";45.0
"FB001162";"2026-06-05";"G00874";218;"Room Service";66.0
"FB001163";"2026-06-02";"G00874";218;"Restaurant & Bar";54.0
"FB001164";"2026-06-05";"G00874";218;"Breakfast";13.0
"FB001165";"2026-04-20";"G00875";133;"Restaurant & Bar";104.0
"FB001166";"2026-04-20";"G00875";133;"Restaurant & Bar";45.0
"FB001167";"2026-04-18";"G00875";133;"Restaurant & Bar";25.0
"FB001168";"2026-03-21";"G00876";204;"Room Service";84.0
"FB001169";"2026-03-21";"G00876";204;"Breakfast";18.0
"FB001170";"2026-05-25";"G00881";302;"Room Service";77.0
"FB001171";"2026-05-25";"G00881";302;"Restaurant & Bar";37.0
"FB001172";"2026-02-20";"G00885";215;"Restaurant & Bar";63.0
"FB001173";"2026-02-21";"G00885";215;"Breakfast";34.0
"FB001174";"2026-02-21";"G00885";215;"Restaurant & Bar";68.0
"FB001175";"2026-02-27";"G00887";110;"Room Service";72.0
"FB001176";"2026-02-25";"G00887";110;"Restaurant & Bar";98.0
"FB001177";"2026-02-23";"G00887";110;"Room Service";27.0
"FB001178";"2026-02-23";"G00887";110;"Restaurant & Bar";82.0
"FB001179";"2026-02-23";"G00887";110;"Restaurant & Bar";68.0
"FB001180";"2026-04-09";"G00888";215;"Room Service";42.0
"FB001181";"2026-04-11";"G00888";215;"Breakfast";27.0
"FB001182";"2026-04-10";"G00888";215;"Restaurant & Bar";108.0
"FB001183";"2026-03-06";"G00889";525;"Restaurant & Bar";75.0
"FB001184";"2026-02-27";"G00889";525;"Room Service";64.0
"FB001185";"2026-06-21";"G00890";322;"Breakfast";27.0
"FB001186";"2026-06-21";"G00890";322;"Room Service";25.0
"FB001187";"2026-06-22";"G00890";322;"Restaurant & Bar";34.0
"FB001188";"2026-06-19";"G00890";322;"Room Service";58.0
"FB001189";"2026-06-20";"G00890";322;"Restaurant & Bar";34.0
"FB001190";"2026-02-21";"G00891";321;"Restaurant & Bar";111.0
"FB001191";"2026-02-22";"G00891";321;"Restaurant & Bar";57.0
"FB001192";"2026-02-21";"G00891";321;"Breakfast";28.0
"FB001193";"2026-02-21";"G00891";321;"Breakfast";17.0
"FB001194";"2026-03-30";"G00892";211;"Restaurant & Bar";92.0
"FB001195";"2026-03-30";"G00892";211;"Breakfast";33.0
"FB001196";"2026-04-02";"G00892";211;"Breakfast";12.0
"FB001197";"2026-03-06";"G00893";206;"Restaurant & Bar";42.0
"FB001198";"2026-03-06";"G00893";206;"Breakfast";15.0
"FB001199";"2026-01-28";"G00894";303;"Restaurant & Bar";59.0
"FB001200";"2026-01-24";"G00894";303;"Restaurant & Bar";82.0
"FB001201";"2026-01-25";"G00894";303;"Breakfast";13.0
"FB001202";"2026-05-09";"G00895";209;"Breakfast";25.0
"FB001203";"2026-05-09";"G00900";405;"Breakfast";35.0
"FB001204";"2026-01-20";"G00902";213;"Restaurant & Bar";66.0
"FB001205";"2026-01-23";"G00902";213;"Restaurant & Bar";88.0
"FB001206";"2026-01-20";"G00902";213;"Restaurant & Bar";98.0
"FB001207";"2026-04-22";"G00903";225;"Room Service";22.0
"FB001208";"2026-04-22";"G00903";225;"Restaurant & Bar";38.0
"FB001209";"2026-04-21";"G00903";225;"Restaurant & Bar";41.0
"FB001210";"2026-03-21";"G00904";308;"Room Service";40.0
"FB001211";"2026-03-23";"G00904";308;"Room Service";36.0
"FB001212";"2026-03-29";"G00906";507;"Restaurant & Bar";37.0
"FB001213";"2026-03-25";"G00906";507;"Restaurant & Bar";51.0
"FB001214";"2026-02-15";"G00907";432;"Restaurant & Bar";43.0
"FB001215";"2026-02-13";"G00910";327;"Breakfast";38.0
"FB001216";"2026-06-19";"G00911";420;"Breakfast";17.0
"FB001217";"2026-06-17";"G00911";420;"Restaurant & Bar";114.0
"FB001218";"2026-01-15";"G00912";228;"Room Service";21.0
"FB001219";"2026-03-21";"G00913";310;"Restaurant & Bar";43.0
"FB001220";"2026-04-07";"G00915";430;"Restaurant & Bar";28.0
"FB001221";"2026-03-15";"G00916";115;"Restaurant & Bar";86.0
"FB001222";"2026-04-15";"G00917";503;"Restaurant & Bar";45.0
"FB001223";"2026-03-12";"G00918";427;"Room Service";73.0
"FB001224";"2026-04-21";"G00919";222;"Restaurant & Bar";37.0
"FB001225";"2026-04-20";"G00919";222;"Room Service";67.0
"FB001226";"2026-02-06";"G00920";231;"Restaurant & Bar";19.0
"FB001227";"2026-05-10";"G00922";218;"Breakfast";17.0
"FB001228";"2026-06-04";"G00924";525;"Breakfast";31.0
"FB001229";"2026-06-05";"G00924";525;"Breakfast";21.0
"FB001230";"2026-06-04";"G00924";525;"Restaurant & Bar";87.0
"FB001231";"2026-06-04";"G00925";319;"Restaurant & Bar";71.0
"FB001232";"2026-06-05";"G00925";319;"Room Service";52.0
"FB001233";"2026-06-05";"G00925";319;"Restaurant & Bar";104.0
"FB001234";"2026-01-19";"G00927";431;"Restaurant & Bar";102.0
"FB001235";"2026-05-01";"G00928";516;"Breakfast";21.0
"FB001236";"2026-04-30";"G00928";516;"Room Service";55.0
"FB001237";"2026-04-30";"G00928";516;"Room Service";30.0
"FB001238";"2026-04-08";"G00929";503;"Breakfast";15.0
"FB001239";"2026-04-11";"G00929";503;"Restaurant & Bar";83.0
"FB001240";"2026-04-10";"G00929";503;"Breakfast";22.0
"FB001241";"2026-04-13";"G00929";503;"Breakfast";24.0
"FB001242";"2026-02-27";"G00930";513;"Breakfast";37.0
"FB001243";"2026-02-25";"G00930";513;"Restaurant & Bar";40.0
"FB001244";"2026-02-28";"G00930";513;"Restaurant & Bar";37.0
"FB001245";"2026-01-06";"G00931";128;"Restaurant & Bar";91.0
"FB001246";"2026-06-27";"G00934";514;"Restaurant & Bar";75.0
"FB001247";"2026-06-27";"G00934";514;"Room Service";73.0
"FB001248";"2026-01-03";"G00935";121;"Restaurant & Bar";79.0
"FB001249";"2026-01-05";"G00935";121;"Restaurant & Bar";89.0
"FB001250";"2026-04-24";"G00936";427;"Restaurant & Bar";90.0
"FB001251";"2026-05-18";"G00937";411;"Breakfast";29.0
"FB001252";"2026-03-06";"G00939";226;"Breakfast";13.0
"FB001253";"2026-02-24";"G00941";410;"Restaurant & Bar";75.0
"FB001254";"2026-03-09";"G00944";324;"Restaurant & Bar";82.0
"FB001255";"2026-03-21";"G00945";434;"Restaurant & Bar";26.0
"FB001256";"2026-03-20";"G00945";434;"Breakfast";30.0
"FB001257";"2026-03-19";"G00945";434;"Breakfast";18.0
"FB001258";"2026-03-21";"G00945";434;"Restaurant & Bar";35.0
"FB001259";"2026-05-20";"G00948";203;"Restaurant & Bar";35.0
"FB001260";"2026-05-20";"G00948";203;"Room Service";25.0
"FB001261";"2026-06-14";"G00950";304;"Restaurant & Bar";29.0
"FB001262";"2026-06-15";"G00950";304;"Breakfast";18.0
"FB001263";"2026-02-15";"G00952";321;"Restaurant & Bar";42.0
"FB001264";"2026-02-17";"G00952";321;"Restaurant & Bar";55.0
"FB001265";"2026-06-19";"G00954";111;"Breakfast";15.0
"FB001266";"2026-06-19";"G00954";111;"Breakfast";36.0
"FB001267";"2026-03-02";"G00955";107;"Restaurant & Bar";111.0
"FB001268";"2026-03-02";"G00955";107;"Breakfast";22.0
"FB001269";"2026-02-28";"G00955";107;"Restaurant & Bar";78.0
"FB001270";"2026-04-09";"G00956";533;"Restaurant & Bar";35.0
"FB001271";"2026-04-08";"G00956";533;"Breakfast";15.0
"FB001272";"2026-04-23";"G00958";502;"Breakfast";27.0
"FB001273";"2026-04-24";"G00958";502;"Breakfast";27.0
"FB001274";"2026-02-13";"G00959";517;"Restaurant & Bar";92.0
"FB001275";"2026-02-13";"G00959";517;"Breakfast";27.0
"FB001276";"2026-02-13";"G00959";517;"Restaurant & Bar";45.0
"FB001277";"2026-02-12";"G00959";517;"Restaurant & Bar";27.0
"FB001278";"2026-06-03";"G00962";502;"Restaurant & Bar";30.0
"FB001279";"2026-06-02";"G00962";502;"Restaurant & Bar";74.0
"FB001280";"2026-06-02";"G00962";502;"Breakfast";16.0
"FB001281";"2026-03-27";"G00963";205;"Breakfast";22.0
"FB001282";"2026-03-24";"G00963";205;"Restaurant & Bar";47.0
"FB001283";"2026-03-27";"G00963";205;"Restaurant & Bar";84.0
"FB001284";"2026-05-15";"G00965";214;"Room Service";63.0
"FB001285";"2026-05-14";"G00965";214;"Room Service";79.0
"FB001286";"2026-03-30";"G00966";406;"Breakfast";32.0
"FB001287";"2026-04-02";"G00966";406;"Restaurant & Bar";66.0
"FB001288";"2026-04-02";"G00966";406;"Breakfast";21.0
"FB001289";"2026-01-04";"G00967";118;"Room Service";23.0
"FB001290";"2026-01-03";"G00967";118;"Restaurant & Bar";61.0
"FB001291";"2026-01-03";"G00967";118;"Restaurant & Bar";42.0
"FB001292";"2026-02-08";"G00968";104;"Room Service";81.0
"FB001293";"2026-02-06";"G00968";104;"Room Service";67.0
"FB001294";"2026-04-04";"G00969";504;"Restaurant & Bar";72.0
"FB001295";"2026-05-17";"G00971";229;"Restaurant & Bar";88.0
"FB001296";"2026-05-17";"G00971";229;"Restaurant & Bar";104.0
"FB001297";"2026-05-17";"G00971";229;"Breakfast";17.0
"FB001298";"2026-05-19";"G00972";526;"Restaurant & Bar";23.0
"FB001299";"2026-05-16";"G00972";526;"Room Service";78.0
"FB001300";"2026-01-31";"G00974";303;"Restaurant & Bar";62.0
"FB001301";"2026-03-26";"G00975";429;"Restaurant & Bar";108.0
"FB001302";"2026-03-24";"G00975";429;"Breakfast";16.0
"FB001303";"2026-03-25";"G00975";429;"Room Service";55.0
"FB001304";"2026-04-24";"G00976";511;"Breakfast";14.0
"FB001305";"2026-04-25";"G00978";314;"Restaurant & Bar";106.0
"FB001306";"2026-04-25";"G00978";314;"Room Service";35.0
"FB001307";"2026-03-22";"G00981";408;"Restaurant & Bar";33.0
"FB001308";"2026-03-23";"G00981";408;"Breakfast";16.0
"FB001309";"2026-04-09";"G00985";413;"Breakfast";18.0
"FB001310";"2026-03-24";"G00986";119;"Breakfast";21.0
"FB001311";"2026-04-16";"G00987";118;"Restaurant & Bar";96.0
"FB001312";"2026-04-15";"G00987";118;"Restaurant & Bar";57.0
"FB001313";"2026-04-16";"G00987";118;"Restaurant & Bar";95.0
"FB001314";"2026-04-16";"G00987";118;"Breakfast";20.0
"FB001315";"2026-04-15";"G00987";118;"Restaurant & Bar";62.0
"FB001316";"2026-06-15";"G00990";106;"Breakfast";24.0
"FB001317";"2026-03-01";"G00991";501;"Breakfast";17.0
"FB001318";"2026-03-01";"G00991";501;"Restaurant & Bar";73.0
"FB001319";"2026-01-08";"G00993";209;"Room Service";42.0
"FB001320";"2026-01-09";"G00993";209;"Room Service";65.0
"FB001321";"2026-01-28";"G00994";133;"Breakfast";33.0
"FB001322";"2026-01-27";"G00994";133;"Restaurant & Bar";59.0
"FB001323";"2026-01-27";"G00994";133;"Restaurant & Bar";82.0
"FB001324";"2026-06-14";"G00996";413;"Room Service";20.0
"FB001325";"2026-03-11";"G00998";405;"Restaurant & Bar";37.0
"FB001326";"2026-03-12";"G00998";405;"Room Service";39.0
"FB001327";"2026-03-12";"G00998";405;"Breakfast";11.0
"FB001328";"2026-03-10";"G00998";405;"Restaurant & Bar";71.0
"FB001329";"2026-06-13";"G01001";328;"Restaurant & Bar";66.0
"FB001330";"2026-03-31";"G01002";324;"Breakfast";24.0
"FB001331";"2026-05-24";"G01005";515;"Restaurant & Bar";22.0
"FB001332";"2026-05-22";"G01005";515;"Restaurant & Bar";98.0
"FB001333";"2026-04-24";"G01006";219;"Breakfast";36.0
"FB001334";"2026-04-20";"G01006";219;"Breakfast";35.0
"FB001335";"2026-01-09";"G01007";130;"Breakfast";22.0
"FB001336";"2026-05-23";"G01008";225;"Breakfast";24.0
"FB001337";"2026-05-25";"G01008";225;"Room Service";77.0
"FB001338";"2026-05-23";"G01008";225;"Breakfast";29.0
"FB001339";"2026-05-30";"G01009";229;"Room Service";17.0
"FB001340";"2026-02-23";"G01010";103;"Restaurant & Bar";48.0
"FB001341";"2026-02-21";"G01010";103;"Restaurant & Bar";84.0
"FB001342";"2026-02-24";"G01010";103;"Restaurant & Bar";37.0
"FB001343";"2026-02-22";"G01010";103;"Room Service";38.0
"FB001344";"2026-02-25";"G01010";103;"Breakfast";28.0
"FB001345";"2026-02-13";"G01011";201;"Restaurant & Bar";37.0
"FB001346";"2026-02-15";"G01011";201;"Room Service";58.0
"FB001347";"2026-05-15";"G01013";221;"Restaurant & Bar";76.0
"FB001348";"2026-03-11";"G01016";314;"Breakfast";27.0
"FB001349";"2026-06-04";"G01017";416;"Room Service";40.0
"FB001350";"2026-02-02";"G01019";216;"Restaurant & Bar";38.0
"FB001351";"2026-02-07";"G01020";503;"Restaurant & Bar";97.0
"FB001352";"2026-02-06";"G01020";503;"Restaurant & Bar";104.0
"FB001353";"2026-02-06";"G01020";503;"Breakfast";30.0
"FB001354";"2026-03-23";"G01023";113;"Room Service";77.0
"FB001355";"2026-04-06";"G01024";129;"Restaurant & Bar";113.0
"FB001356";"2026-05-26";"G01025";533;"Restaurant & Bar";55.0
"FB001357";"2026-05-26";"G01025";533;"Restaurant & Bar";20.0
"FB001358";"2026-05-25";"G01025";533;"Restaurant & Bar";35.0
"FB001359";"2026-05-25";"G01025";533;"Breakfast";20.0
"FB001360";"2026-04-06";"G01026";408;"Restaurant & Bar";103.0
"FB001361";"2026-04-07";"G01026";408;"Breakfast";21.0
"FB001362";"2026-04-07";"G01026";408;"Breakfast";24.0
"FB001363";"2026-04-07";"G01026";408;"Restaurant & Bar";51.0
"FB001364";"2026-06-06";"G01028";215;"Restaurant & Bar";68.0
"FB001365";"2026-06-06";"G01028";215;"Restaurant & Bar";112.0
"FB001366";"2026-01-06";"G01029";217;"Restaurant & Bar";100.0
"FB001367";"2026-03-22";"G01030";222;"Room Service";56.0
"FB001368";"2026-03-22";"G01030";222;"Restaurant & Bar";30.0
"FB001369";"2026-03-17";"G01032";122;"Restaurant & Bar";35.0
"FB001370";"2026-03-14";"G01032";122;"Restaurant & Bar";84.0
"FB001371";"2026-03-15";"G01032";122;"Restaurant & Bar";74.0
"FB001372";"2026-03-16";"G01032";122;"Room Service";75.0
"FB001373";"2026-03-17";"G01032";122;"Breakfast";32.0
"FB001374";"2026-06-05";"G01034";331;"Breakfast";29.0
"FB001375";"2026-05-11";"G01035";502;"Restaurant & Bar";104.0
"FB001376";"2026-03-02";"G01036";520;"Room Service";76.0
"FB001377";"2026-03-05";"G01036";520;"Room Service";44.0
"FB001378";"2026-03-03";"G01036";520;"Breakfast";32.0
"FB001379";"2026-01-25";"G01038";401;"Room Service";60.0
"FB001380";"2026-01-26";"G01038";401;"Room Service";64.0
"FB001381";"2026-05-17";"G01039";129;"Restaurant & Bar";109.0
"FB001382";"2026-03-29";"G01040";115;"Breakfast";18.0
"FB001383";"2026-03-26";"G01041";419;"Room Service";61.0
"FB001384";"2026-03-26";"G01041";419;"Breakfast";27.0
"FB001385";"2026-06-25";"G01043";420;"Restaurant & Bar";66.0
"FB001386";"2026-06-24";"G01046";312;"Restaurant & Bar";87.0
"FB001387";"2026-05-15";"G01047";430;"Room Service";75.0
"FB001388";"2026-03-14";"G01048";207;"Breakfast";38.0
"FB001389";"2026-03-16";"G01048";207;"Breakfast";16.0
"FB001390";"2026-02-07";"G01049";323;"Restaurant & Bar";58.0
"FB001391";"2026-06-22";"G01050";329;"Room Service";37.0
"FB001392";"2026-05-19";"G01051";531;"Restaurant & Bar";76.0
"FB001393";"2026-05-05";"G01052";226;"Restaurant & Bar";96.0
"FB001394";"2026-05-07";"G01053";520;"Restaurant & Bar";43.0
"FB001395";"2026-05-07";"G01053";520;"Room Service";44.0
"FB001396";"2026-06-11";"G01054";202;"Restaurant & Bar";83.0
"FB001397";"2026-06-11";"G01054";202;"Restaurant & Bar";82.0
"FB001398";"2026-06-12";"G01054";202;"Restaurant & Bar";108.0
"FB001399";"2026-06-12";"G01054";202;"Restaurant & Bar";29.0
"FB001400";"2026-02-13";"G01056";219;"Restaurant & Bar";76.0
"FB001401";"2026-05-27";"G01059";329;"Breakfast";30.0
"FB001402";"2026-02-17";"G01060";330;"Restaurant & Bar";76.0
"FB001403";"2026-02-17";"G01060";330;"Restaurant & Bar";110.0
"FB001404";"2026-04-06";"G01062";301;"Restaurant & Bar";89.0
"FB001405";"2026-03-18";"G01063";511;"Breakfast";28.0
"FB001406";"2026-03-18";"G01063";511;"Restaurant & Bar";44.0
"FB001407";"2026-03-21";"G01063";511;"Breakfast";38.0
"FB001408";"2026-04-13";"G01064";125;"Restaurant & Bar";107.0
"FB001409";"2026-04-11";"G01064";125;"Room Service";64.0
"FB001410";"2026-04-11";"G01064";125;"Breakfast";10.0
"FB001411";"2026-04-07";"G01065";102;"Room Service";58.0
"FB001412";"2026-04-07";"G01065";102;"Restaurant & Bar";19.0
"FB001413";"2026-04-03";"G01066";305;"Breakfast";16.0
"FB001414";"2026-04-03";"G01066";305;"Restaurant & Bar";78.0
"FB001415";"2026-04-02";"G01066";305;"Restaurant & Bar";49.0
"FB001416";"2026-02-25";"G01067";430;"Restaurant & Bar";89.0
"FB001417";"2026-02-05";"G01068";426;"Breakfast";33.0
"FB001418";"2026-02-01";"G01068";426;"Restaurant & Bar";80.0
"FB001419";"2026-02-05";"G01070";122;"Room Service";55.0
"FB001420";"2026-02-05";"G01070";122;"Restaurant & Bar";74.0
"FB001421";"2026-02-04";"G01074";105;"Breakfast";33.0
"FB001422";"2026-02-03";"G01074";105;"Breakfast";31.0
"FB001423";"2026-03-16";"G01075";329;"Breakfast";15.0
"FB001424";"2026-03-02";"G01076";128;"Restaurant & Bar";113.0
"FB001425";"2026-03-03";"G01076";128;"Breakfast";33.0
"FB001426";"2026-06-03";"G01077";423;"Restaurant & Bar";42.0
"FB001427";"2026-01-15";"G01078";509;"Breakfast";14.0
"FB001428";"2026-03-14";"G01080";403;"Breakfast";23.0
"FB001429";"2026-01-02";"G01081";330;"Restaurant & Bar";26.0
"FB001430";"2026-01-02";"G01081";330;"Room Service";63.0
"FB001431";"2026-01-02";"G01081";330;"Breakfast";34.0
"FB001432";"2026-06-23";"G01083";113;"Breakfast";19.0
"FB001433";"2026-06-24";"G01083";113;"Restaurant & Bar";94.0
"FB001434";"2026-06-21";"G01083";113;"Breakfast";18.0
"FB001435";"2026-06-03";"G01084";107;"Restaurant & Bar";92.0
"FB001436";"2026-06-03";"G01084";107;"Restaurant & Bar";24.0
"FB001437";"2026-06-02";"G01084";107;"Room Service";81.0
"FB001438";"2026-05-15";"G01087";306;"Breakfast";33.0
"FB001439";"2026-05-15";"G01087";306;"Restaurant & Bar";73.0
"FB001440";"2026-05-15";"G01087";306;"Restaurant & Bar";36.0
"FB001441";"2026-05-14";"G01087";306;"Restaurant & Bar";68.0
"FB001442";"2026-03-18";"G01089";115;"Breakfast";20.0
"FB001443";"2026-03-19";"G01089";115;"Restaurant & Bar";54.0
"FB001444";"2026-01-07";"G01090";524;"Breakfast";37.0
"FB001445";"2026-01-05";"G01090";524;"Restaurant & Bar";94.0
"FB001446";"2026-01-25";"G01091";317;"Room Service";68.0
"FB001447";"2026-01-27";"G01091";317;"Restaurant & Bar";98.0
"FB001448";"2026-02-17";"G01092";215;"Room Service";68.0
"FB001449";"2026-01-12";"G01096";417;"Restaurant & Bar";52.0
"FB001450";"2026-01-08";"G01096";417;"Breakfast";23.0
"FB001451";"2026-01-27";"G01098";228;"Restaurant & Bar";33.0
"FB001452";"2026-06-22";"G01099";403;"Restaurant & Bar";64.0
"FB001453";"2026-06-23";"G01099";403;"Restaurant & Bar";86.0
"FB001454";"2026-06-24";"G01099";403;"Restaurant & Bar";103.0
"FB001455";"2026-06-24";"G01099";403;"Breakfast";22.0
"FB001456";"2026-02-13";"G01100";431;"Breakfast";20.0
"FB001457";"2026-02-13";"G01100";431;"Restaurant & Bar";111.0
"FB001458";"2026-06-01";"G01102";414;"Breakfast";36.0
"FB001459";"2026-05-29";"G01102";414;"Breakfast";35.0
"FB001460";"2026-03-05";"G01103";207;"Restaurant & Bar";31.0
"FB001461";"2026-03-04";"G01103";207;"Breakfast";32.0
"FB001462";"2026-03-05";"G01103";207;"Room Service";35.0
"FB001463";"2026-06-29";"G01104";330;"Restaurant & Bar";93.0
"FB001464";"2026-04-23";"G01106";102;"Restaurant & Bar";105.0
"FB001465";"2026-04-22";"G01106";102;"Restaurant & Bar";55.0
"FB001466";"2026-06-18";"G01107";402;"Restaurant & Bar";77.0
"FB001467";"2026-06-19";"G01107";402;"Restaurant & Bar";91.0
"FB001468";"2026-04-01";"G01109";112;"Restaurant & Bar";74.0
"FB001469";"2026-03-29";"G01109";112;"Room Service";40.0
"FB001470";"2026-03-12";"G01110";504;"Restaurant & Bar";94.0
"FB001471";"2026-03-14";"G01110";504;"Restaurant & Bar";82.0
"FB001472";"2026-03-13";"G01110";504;"Restaurant & Bar";107.0
"FB001473";"2026-03-14";"G01110";504;"Breakfast";30.0
"FB001474";"2026-03-15";"G01110";504;"Breakfast";26.0
"FB001475";"2026-01-11";"G01111";223;"Restaurant & Bar";56.0
"FB001476";"2026-01-19";"G01113";110;"Restaurant & Bar";36.0
"FB001477";"2026-01-21";"G01113";110;"Restaurant & Bar";35.0
"FB001478";"2026-02-24";"G01115";112;"Room Service";80.0
"FB001479";"2026-05-20";"G01116";512;"Restaurant & Bar";76.0
"FB001480";"2026-05-20";"G01116";512;"Restaurant & Bar";54.0
"FB001481";"2026-05-04";"G01117";317;"Restaurant & Bar";20.0
"FB001482";"2026-05-03";"G01117";317;"Restaurant & Bar";80.0
"FB001483";"2026-03-11";"G01118";215;"Room Service";47.0
"FB001484";"2026-03-10";"G01118";215;"Restaurant & Bar";31.0
"FB001485";"2026-03-05";"G01124";411;"Restaurant & Bar";67.0
"FB001486";"2026-04-18";"G01126";511;"Restaurant & Bar";33.0
"FB001487";"2026-04-19";"G01126";511;"Restaurant & Bar";83.0
"FB001488";"2026-04-18";"G01126";511;"Restaurant & Bar";67.0
"FB001489";"2026-04-18";"G01126";511;"Breakfast";32.0
"FB001490";"2026-01-10";"G01127";530;"Restaurant & Bar";19.0
"FB001491";"2026-01-11";"G01127";530;"Breakfast";34.0
"FB001492";"2026-01-14";"G01129";201;"Breakfast";27.0
"FB001493";"2026-01-14";"G01129";201;"Room Service";22.0
"FB001494";"2026-01-11";"G01129";201;"Restaurant & Bar";114.0
"FB001495";"2026-02-22";"G01130";314;"Restaurant & Bar";72.0
"FB001496";"2026-02-25";"G01130";314;"Room Service";53.0
"FB001497";"2026-02-23";"G01130";314;"Breakfast";35.0
"FB001498";"2026-06-18";"G01131";219;"Restaurant & Bar";82.0
"FB001499";"2026-06-17";"G01131";219;"Breakfast";20.0
"FB001500";"2026-03-01";"G01133";522;"Room Service";60.0
"FB001501";"2026-05-12";"G01135";432;"Breakfast";16.0
"FB001502";"2026-05-14";"G01135";432;"Restaurant & Bar";100.0
"FB001503";"2026-03-23";"G01136";415;"Room Service";65.0
"FB001504";"2026-03-23";"G01136";415;"Restaurant & Bar";67.0
"FB001505";"2026-03-24";"G01136";415;"Restaurant & Bar";112.0
"FB001506";"2026-02-17";"G01137";313;"Restaurant & Bar";99.0
"FB001507";"2026-02-21";"G01137";313;"Breakfast";17.0
"FB001508";"2026-02-19";"G01137";313;"Restaurant & Bar";61.0
"FB001509";"2026-06-20";"G01140";308;"Room Service";22.0
"FB001510";"2026-06-23";"G01140";308;"Breakfast";22.0
"FB001511";"2026-06-23";"G01140";308;"Restaurant & Bar";64.0
"FB001512";"2026-06-20";"G01140";308;"Restaurant & Bar";87.0
"FB001513";"2026-04-10";"G01141";429;"Restaurant & Bar";39.0
"FB001514";"2026-04-10";"G01141";429;"Restaurant & Bar";33.0
"FB001515";"2026-04-11";"G01141";429;"Breakfast";17.0
"FB001516";"2026-03-19";"G01142";512;"Restaurant & Bar";70.0
"FB001517";"2026-04-01";"G01143";334;"Restaurant & Bar";26.0
"FB001518";"2026-01-30";"G01144";124;"Room Service";54.0
"FB001519";"2026-04-20";"G01146";232;"Restaurant & Bar";38.0
"FB001520";"2026-04-21";"G01146";232;"Breakfast";21.0
"FB001521";"2026-04-22";"G01146";232;"Restaurant & Bar";43.0
"FB001522";"2026-05-02";"G01150";106;"Restaurant & Bar";87.0
"FB001523";"2026-01-03";"G01152";407;"Restaurant & Bar";49.0
"FB001524";"2026-01-03";"G01152";407;"Breakfast";35.0
"FB001525";"2026-01-01";"G01153";526;"Room Service";38.0
"FB001526";"2026-01-03";"G01153";526;"Restaurant & Bar";81.0
"FB001527";"2026-01-03";"G01153";526;"Restaurant & Bar";32.0
"FB001528";"2026-01-25";"G01155";331;"Room Service";43.0
"FB001529";"2026-01-26";"G01155";331;"Restaurant & Bar";68.0
"FB001530";"2026-01-27";"G01155";331;"Restaurant & Bar";37.0
"FB001531";"2026-05-16";"G01159";217;"Restaurant & Bar";27.0
"FB001532";"2026-05-13";"G01159";217;"Restaurant & Bar";35.0
"FB001533";"2026-05-13";"G01159";217;"Breakfast";34.0
"FB001534";"2026-05-14";"G01159";217;"Room Service";72.0
"FB001535";"2026-05-16";"G01159";217;"Room Service";18.0
"FB001536";"2026-05-14";"G01160";106;"Restaurant & Bar";87.0
"FB001537";"2026-05-13";"G01160";106;"Room Service";17.0
"FB001538";"2026-06-22";"G01161";115;"Room Service";30.0
"FB001539";"2026-05-24";"G01162";230;"Restaurant & Bar";35.0
"FB001540";"2026-05-20";"G01162";230;"Restaurant & Bar";58.0
"FB001541";"2026-03-25";"G01163";410;"Breakfast";17.0
"FB001542";"2026-06-25";"G01164";126;"Restaurant & Bar";69.0
"FB001543";"2026-01-28";"G01165";322;"Restaurant & Bar";26.0
"FB001544";"2026-06-09";"G01166";210;"Restaurant & Bar";102.0
"FB001545";"2026-02-24";"G01167";221;"Room Service";72.0
"FB001546";"2026-02-21";"G01167";221;"Restaurant & Bar";49.0
"FB001547";"2026-06-21";"G01168";120;"Restaurant & Bar";43.0
"FB001548";"2026-06-21";"G01168";120;"Restaurant & Bar";29.0
"FB001549";"2026-06-21";"G01168";120;"Breakfast";16.0
"FB001550";"2026-06-21";"G01168";120;"Restaurant & Bar";92.0
"FB001551";"2026-06-21";"G01168";120;"Restaurant & Bar";31.0
"FB001552";"2026-04-16";"G01169";203;"Room Service";38.0
"FB001553";"2026-06-29";"G01171";306;"Breakfast";18.0
"FB001554";"2026-01-31";"G01172";330;"Restaurant & Bar";42.0
"FB001555";"2026-01-29";"G01172";330;"Restaurant & Bar";50.0
"FB001556";"2026-04-02";"G01173";323;"Breakfast";15.0
"FB001557";"2026-04-02";"G01173";323;"Restaurant & Bar";88.0
"FB001558";"2026-05-16";"G01174";319;"Restaurant & Bar";76.0
"FB001559";"2026-02-19";"G01175";314;"Restaurant & Bar";98.0
"FB001560";"2026-01-10";"G01176";130;"Restaurant & Bar";22.0
"FB001561";"2026-06-27";"G01179";117;"Restaurant & Bar";111.0
"FB001562";"2026-05-29";"G01180";522;"Restaurant & Bar";98.0
"FB001563";"2026-03-23";"G01182";218;"Restaurant & Bar";111.0
"FB001564";"2026-01-14";"G01184";215;"Room Service";40.0
"FB001565";"2026-05-18";"G01185";327;"Restaurant & Bar";69.0
"FB001566";"2026-04-25";"G01186";214;"Breakfast";21.0
"FB001567";"2026-01-10";"G01187";307;"Restaurant & Bar";114.0
"FB001568";"2026-01-11";"G01187";307;"Restaurant & Bar";62.0
"FB001569";"2026-01-11";"G01187";307;"Room Service";30.0
"FB001570";"2026-01-11";"G01187";307;"Restaurant & Bar";27.0
"FB001571";"2026-01-30";"G01190";128;"Restaurant & Bar";83.0
"FB001572";"2026-01-28";"G01190";128;"Breakfast";25.0
"FB001573";"2026-01-23";"G01191";505;"Room Service";48.0
"FB001574";"2026-01-24";"G01191";505;"Room Service";69.0
"FB001575";"2026-01-22";"G01191";505;"Breakfast";29.0
"FB001576";"2026-01-22";"G01191";505;"Restaurant & Bar";94.0
"FB001577";"2026-01-23";"G01191";505;"Restaurant & Bar";23.0
"FB001578";"2026-04-17";"G01192";304;"Room Service";35.0
"FB001579";"2026-04-18";"G01192";304;"Restaurant & Bar";52.0
"FB001580";"2026-04-18";"G01192";304;"Restaurant & Bar";41.0
"FB001581";"2026-03-22";"G01193";212;"Restaurant & Bar";60.0
"FB001582";"2026-03-24";"G01193";212;"Restaurant & Bar";84.0
"FB001583";"2026-03-22";"G01193";212;"Breakfast";28.0
"FB001584";"2026-03-27";"G01195";411;"Restaurant & Bar";85.0
"FB001585";"2026-03-27";"G01195";411;"Restaurant & Bar";30.0
"FB001586";"2026-03-27";"G01195";411;"Restaurant & Bar";89.0
"FB001587";"2026-03-29";"G01195";411;"Room Service";70.0
"FB001588";"2026-03-29";"G01195";411;"Breakfast";21.0
"FB001589";"2026-02-05";"G01196";107;"Restaurant & Bar";39.0
"FB001590";"2026-02-04";"G01196";107;"Restaurant & Bar";42.0
"FB001591";"2026-04-24";"G01197";318;"Breakfast";37.0
"FB001592";"2026-03-14";"G01198";214;"Restaurant & Bar";76.0
"FB001593";"2026-04-03";"G01199";310;"Room Service";21.0
"FB001594";"2026-04-04";"G01199";310;"Breakfast";11.0
"FB001595";"2026-02-15";"G01200";308;"Restaurant & Bar";31.0
"FB001596";"2026-02-15";"G01200";308;"Restaurant & Bar";51.0
"FB001597";"2026-02-15";"G01200";308;"Room Service";31.0
"FB001598";"2026-05-16";"G01202";128;"Breakfast";24.0
"FB001599";"2026-05-15";"G01202";128;"Breakfast";27.0
"FB001600";"2026-05-13";"G01202";128;"Restaurant & Bar";62.0
"FB001601";"2026-06-04";"G01205";412;"Breakfast";19.0
"FB001602";"2026-06-04";"G01205";412;"Room Service";59.0
"FB001603";"2026-06-05";"G01205";412;"Restaurant & Bar";61.0
"FB001604";"2026-03-30";"G01206";114;"Restaurant & Bar";86.0
"FB001605";"2026-03-28";"G01206";114;"Restaurant & Bar";31.0
"FB001606";"2026-03-27";"G01206";114;"Breakfast";34.0
"FB001607";"2026-03-29";"G01206";114;"Breakfast";32.0
"FB001608";"2026-06-09";"G01208";334;"Restaurant & Bar";101.0
"FB001609";"2026-06-07";"G01208";334;"Restaurant & Bar";29.0
"FB001610";"2026-06-08";"G01208";334;"Restaurant & Bar";93.0
"FB001611";"2026-05-10";"G01210";511;"Restaurant & Bar";50.0
"FB001612";"2026-05-10";"G01210";511;"Breakfast";28.0
"FB001613";"2026-05-09";"G01210";511;"Restaurant & Bar";92.0
"FB001614";"2026-01-11";"G01211";325;"Restaurant & Bar";35.0
"FB001615";"2026-01-10";"G01211";325;"Restaurant & Bar";80.0
"FB001616";"2026-06-16";"G01212";327;"Restaurant & Bar";83.0
"FB001617";"2026-06-15";"G01212";327;"Room Service";41.0
"FB001618";"2026-06-18";"G01212";327;"Room Service";65.0
"FB001619";"2026-06-17";"G01212";327;"Breakfast";36.0
"FB001620";"2026-04-22";"G01213";406;"Restaurant & Bar";21.0
"FB001621";"2026-04-21";"G01213";406;"Breakfast";24.0
"FB001622";"2026-02-20";"G01215";112;"Restaurant & Bar";99.0
"FB001623";"2026-02-20";"G01215";112;"Restaurant & Bar";67.0
"FB001624";"2026-06-05";"G01216";519;"Restaurant & Bar";111.0
"FB001625";"2026-05-16";"G01219";101;"Room Service";76.0
"FB001626";"2026-05-15";"G01219";101;"Breakfast";15.0
"FB001627";"2026-05-19";"G01220";212;"Breakfast";34.0
"FB001628";"2026-05-18";"G01220";212;"Restaurant & Bar";80.0
"FB001629";"2026-05-19";"G01220";212;"Restaurant & Bar";83.0
"FB001630";"2026-04-06";"G01221";529;"Breakfast";34.0
"FB001631";"2026-04-05";"G01221";529;"Breakfast";13.0
"FB001632";"2026-04-04";"G01222";425;"Room Service";33.0
"FB001633";"2026-04-05";"G01222";425;"Restaurant & Bar";84.0
"FB001634";"2026-02-08";"G01223";107;"Restaurant & Bar";82.0
"FB001635";"2026-02-07";"G01223";107;"Breakfast";10.0
"FB001636";"2026-02-08";"G01223";107;"Restaurant & Bar";48.0
"FB001637";"2026-02-08";"G01223";107;"Restaurant & Bar";47.0
"FB001638";"2026-02-07";"G01223";107;"Breakfast";12.0
"FB001639";"2026-02-15";"G01224";304;"Restaurant & Bar";53.0
"FB001640";"2026-06-30";"G01226";110;"Restaurant & Bar";77.0
"FB001641";"2026-01-26";"G01227";322;"Room Service";43.0
"FB001642";"2026-04-26";"G01229";403;"Breakfast";15.0
"FB001643";"2026-04-25";"G01229";403;"Breakfast";24.0
"FB001644";"2026-04-30";"G01229";403;"Breakfast";24.0
"FB001645";"2026-04-25";"G01229";403;"Breakfast";28.0
"FB001646";"2026-02-25";"G01230";226;"Room Service";73.0
"FB001647";"2026-02-25";"G01230";226;"Room Service";77.0
"FB001648";"2026-05-08";"G01231";110;"Breakfast";12.0
"FB001649";"2026-03-02";"G01232";403;"Breakfast";31.0
"FB001650";"2026-03-02";"G01232";403;"Breakfast";13.0
"FB001651";"2026-03-01";"G01232";403;"Room Service";33.0
"FB001652";"2026-04-17";"G01234";505;"Restaurant & Bar";96.0
"FB001653";"2026-04-17";"G01234";505;"Restaurant & Bar";28.0
"FB001654";"2026-03-16";"G01236";322;"Breakfast";15.0
"FB001655";"2026-02-10";"G01238";517;"Restaurant & Bar";34.0
"FB001656";"2026-02-11";"G01238";517;"Breakfast";11.0
"FB001657";"2026-02-10";"G01238";517;"Room Service";15.0
"FB001658";"2026-02-10";"G01238";517;"Breakfast";32.0
"FB001659";"2026-02-11";"G01238";517;"Breakfast";23.0
"FB001660";"2026-01-11";"G01240";207;"Restaurant & Bar";41.0
"FB001661";"2026-03-26";"G01243";228;"Breakfast";23.0
"FB001662";"2026-03-30";"G01243";228;"Breakfast";20.0
"FB001663";"2026-03-26";"G01243";228;"Restaurant & Bar";34.0
"FB001664";"2026-03-26";"G01243";228;"Breakfast";27.0
"FB001665";"2026-06-01";"G01248";217;"Room Service";52.0
"FB001666";"2026-06-04";"G01248";217;"Restaurant & Bar";52.0
"FB001667";"2026-02-13";"G01250";319;"Restaurant & Bar";97.0
"FB001668";"2026-02-12";"G01250";319;"Breakfast";28.0
"FB001669";"2026-05-27";"G01251";419;"Restaurant & Bar";60.0
"FB001670";"2026-05-29";"G01251";419;"Restaurant & Bar";86.0
"FB001671";"2026-05-29";"G01251";419;"Restaurant & Bar";32.0
"FB001672";"2026-02-06";"G01252";412;"Restaurant & Bar";37.0
"FB001673";"2026-06-24";"G01253";320;"Room Service";41.0
"FB001674";"2026-06-23";"G01253";320;"Restaurant & Bar";107.0
"FB001675";"2026-04-05";"G01255";209;"Restaurant & Bar";27.0
"FB001676";"2026-04-06";"G01255";209;"Breakfast";37.0
"FB001677";"2026-04-06";"G01255";209;"Breakfast";12.0
"FB001678";"2026-04-04";"G01255";209;"Breakfast";12.0
"FB001679";"2026-05-02";"G01258";402;"Restaurant & Bar";76.0
"FB001680";"2026-04-30";"G01258";402;"Restaurant & Bar";71.0
"FB001681";"2026-04-29";"G01258";402;"Room Service";58.0
"FB001682";"2026-02-04";"G01259";422;"Restaurant & Bar";80.0
"FB001683";"2026-01-29";"G01260";229;"Restaurant & Bar";49.0
"FB001684";"2026-01-31";"G01260";229;"Room Service";47.0
"FB001685";"2026-05-19";"G01263";532;"Restaurant & Bar";43.0
"FB001686";"2026-05-20";"G01263";532;"Restaurant & Bar";95.0
"FB001687";"2026-02-24";"G01265";431;"Restaurant & Bar";25.0
"FB001688";"2026-04-02";"G01268";201;"Restaurant & Bar";94.0
"FB001689";"2026-04-01";"G01268";201;"Room Service";77.0
"FB001690";"2026-04-01";"G01268";201;"Restaurant & Bar";86.0
"FB001691";"2026-01-07";"G01269";303;"Breakfast";15.0
"FB001692";"2026-01-08";"G01269";303;"Breakfast";16.0
"FB001693";"2026-06-01";"G01270";303;"Restaurant & Bar";113.0
"FB001694";"2026-05-28";"G01270";303;"Room Service";45.0
"FB001695";"2026-06-20";"G01271";323;"Restaurant & Bar";52.0
"FB001696";"2026-06-23";"G01271";323;"Breakfast";12.0
"FB001697";"2026-02-18";"G01272";112;"Restaurant & Bar";52.0
"FB001698";"2026-02-21";"G01272";112;"Breakfast";32.0
"FB001699";"2026-02-19";"G01272";112;"Restaurant & Bar";53.0
"FB001700";"2026-03-11";"G01274";514;"Breakfast";32.0
"FB001701";"2026-03-12";"G01274";514;"Breakfast";34.0
"FB001702";"2026-03-13";"G01274";514;"Restaurant & Bar";70.0
"FB001703";"2026-01-21";"G01275";218;"Restaurant & Bar";67.0
"FB001704";"2026-01-19";"G01275";218;"Room Service";83.0
"FB001705";"2026-01-20";"G01275";218;"Restaurant & Bar";59.0
"FB001706";"2026-06-19";"G01277";318;"Restaurant & Bar";91.0
"FB001707";"2026-06-20";"G01277";318;"Restaurant & Bar";96.0
"FB001708";"2026-06-12";"G01278";203;"Breakfast";31.0
"FB001709";"2026-06-11";"G01278";203;"Breakfast";12.0
"FB001710";"2026-05-11";"G01279";426;"Restaurant & Bar";86.0
"FB001711";"2026-05-12";"G01279";426;"Restaurant & Bar";97.0
"FB001712";"2026-03-06";"G01281";121;"Restaurant & Bar";56.0
"FB001713";"2026-06-06";"G01286";133;"Room Service";52.0
"FB001714";"2026-06-03";"G01286";133;"Breakfast";14.0
"FB001715";"2026-03-15";"G01288";423;"Restaurant & Bar";76.0
"FB001716";"2026-03-16";"G01288";423;"Room Service";22.0
"FB001717";"2026-01-26";"G01290";313;"Restaurant & Bar";47.0
"FB001718";"2026-01-25";"G01290";313;"Restaurant & Bar";66.0
"FB001719";"2026-01-25";"G01290";313;"Restaurant & Bar";102.0
"FB001720";"2026-01-26";"G01290";313;"Room Service";16.0
"FB001721";"2026-01-26";"G01290";313;"Breakfast";26.0
"FB001722";"2026-02-10";"G01291";518;"Room Service";48.0
"FB001723";"2026-02-08";"G01291";518;"Breakfast";10.0
"FB001724";"2026-02-09";"G01291";518;"Breakfast";13.0
"FB001725";"2026-02-10";"G01291";518;"Restaurant & Bar";101.0
"FB001726";"2026-05-08";"G01292";414;"Restaurant & Bar";76.0
"FB001727";"2026-05-09";"G01292";414;"Breakfast";21.0
"FB001728";"2026-05-09";"G01292";414;"Room Service";30.0
"FB001729";"2026-05-10";"G01292";414;"Room Service";56.0
"FB001730";"2026-05-09";"G01292";414;"Breakfast";30.0
"FB001731";"2026-02-06";"G01293";319;"Breakfast";26.0
"FB001732";"2026-04-15";"G01294";402;"Restaurant & Bar";81.0
"FB001733";"2026-04-09";"G01294";402;"Restaurant & Bar";62.0
"FB001734";"2026-04-14";"G01294";402;"Room Service";38.0
"FB001735";"2026-06-16";"G01296";115;"Breakfast";18.0
"FB001736";"2026-03-20";"G01297";301;"Restaurant & Bar";87.0
"FB001737";"2026-03-20";"G01297";301;"Restaurant & Bar";21.0
"FB001738";"2026-05-30";"G01299";232;"Restaurant & Bar";70.0
"FB001739";"2026-05-31";"G01299";232;"Breakfast";34.0
"FB001740";"2026-01-26";"G01300";222;"Room Service";16.0
"FB001741";"2026-05-11";"G01301";117;"Restaurant & Bar";82.0
"FB001742";"2026-02-13";"G01304";131;"Restaurant & Bar";24.0
"FB001743";"2026-02-13";"G01304";131;"Room Service";23.0
"FB001744";"2026-04-26";"G01307";104;"Restaurant & Bar";84.0
"FB001745";"2026-04-29";"G01307";104;"Restaurant & Bar";22.0
"FB001746";"2026-02-24";"G01308";318;"Room Service";59.0
"FB001747";"2026-02-24";"G01308";318;"Breakfast";20.0
"FB001748";"2026-01-26";"G01311";524;"Room Service";32.0
"FB001749";"2026-01-26";"G01311";524;"Restaurant & Bar";87.0
"FB001750";"2026-01-26";"G01311";524;"Restaurant & Bar";37.0
"FB001751";"2026-04-04";"G01312";530;"Restaurant & Bar";76.0
"FB001752";"2026-04-03";"G01312";530;"Room Service";24.0
"FB001753";"2026-04-03";"G01312";530;"Restaurant & Bar";95.0
"FB001754";"2026-04-04";"G01312";530;"Breakfast";28.0
"FB001755";"2026-03-01";"G01313";425;"Breakfast";15.0
"FB001756";"2026-02-28";"G01313";425;"Restaurant & Bar";88.0
"FB001757";"2026-03-02";"G01313";425;"Room Service";64.0
"FB001758";"2026-03-01";"G01313";425;"Breakfast";11.0
"FB001759";"2026-06-25";"G01314";403;"Breakfast";11.0
"FB001760";"2026-06-27";"G01314";403;"Breakfast";11.0
"FB001761";"2026-04-30";"G01315";229;"Restaurant & Bar";40.0
"FB001762";"2026-01-22";"G01316";318;"Restaurant & Bar";21.0
"FB001763";"2026-01-20";"G01316";318;"Restaurant & Bar";21.0
"FB001764";"2026-02-24";"G01317";518;"Room Service";45.0
"FB001765";"2026-02-26";"G01319";328;"Restaurant & Bar";93.0
"FB001766";"2026-02-24";"G01319";328;"Room Service";40.0
"FB001767";"2026-01-09";"G01320";433;"Breakfast";18.0
"FB001768";"2026-04-12";"G01321";319;"Restaurant & Bar";95.0
"FB001769";"2026-04-11";"G01321";319;"Room Service";53.0
"FB001770";"2026-04-02";"G01323";219;"Restaurant & Bar";101.0
"FB001771";"2026-04-01";"G01323";219;"Breakfast";35.0
"FB001772";"2026-03-31";"G01323";219;"Room Service";75.0
"FB001773";"2026-03-31";"G01323";219;"Room Service";43.0
"FB001774";"2026-03-31";"G01323";219;"Restaurant & Bar";53.0
"FB001775";"2026-06-18";"G01328";222;"Restaurant & Bar";37.0
"FB001776";"2026-06-18";"G01328";222;"Breakfast";31.0
"FB001777";"2026-02-17";"G01330";224;"Room Service";34.0
"FB001778";"2026-04-16";"G01331";525;"Room Service";44.0
"FB001779";"2026-06-03";"G01332";515;"Breakfast";23.0
"FB001780";"2026-06-05";"G01332";515;"Breakfast";13.0
"FB001781";"2026-06-03";"G01332";515;"Room Service";44.0
"FB001782";"2026-06-02";"G01334";218;"Restaurant & Bar";56.0
"FB001783";"2026-06-02";"G01334";218;"Restaurant & Bar";112.0
"FB001784";"2026-06-03";"G01334";218;"Room Service";72.0
"FB001785";"2026-06-02";"G01334";218;"Breakfast";13.0
"FB001786";"2026-04-28";"G01335";518;"Restaurant & Bar";37.0
"FB001787";"2026-04-26";"G01335";518;"Restaurant & Bar";84.0
"FB001788";"2026-04-30";"G01335";518;"Breakfast";19.0
"FB001789";"2026-05-31";"G01338";332;"Breakfast";11.0
"FB001790";"2026-06-02";"G01338";332;"Breakfast";24.0
"FB001791";"2026-05-31";"G01338";332;"Breakfast";11.0
"FB001792";"2026-01-13";"G01339";419;"Breakfast";14.0
"FB001793";"2026-01-19";"G01343";316;"Room Service";35.0
"FB001794";"2026-01-19";"G01343";316;"Restaurant & Bar";72.0
"FB001795";"2026-02-03";"G01344";418;"Restaurant & Bar";49.0
"FB001796";"2026-02-01";"G01344";418;"Restaurant & Bar";66.0
"FB001797";"2026-06-06";"G01346";413;"Restaurant & Bar";29.0
"FB001798";"2026-04-21";"G01347";509;"Restaurant & Bar";88.0
"FB001799";"2026-04-23";"G01347";509;"Restaurant & Bar";92.0
"FB001800";"2026-01-28";"G01349";304;"Breakfast";35.0
"FB001801";"2026-02-27";"G01350";517;"Restaurant & Bar";81.0
"FB001802";"2026-02-27";"G01350";517;"Breakfast";34.0
"FB001803";"2026-02-26";"G01350";517;"Breakfast";22.0
"FB001804";"2026-05-19";"G01351";330;"Restaurant & Bar";109.0
"FB001805";"2026-05-20";"G01351";330;"Breakfast";22.0
"FB001806";"2026-05-18";"G01351";330;"Room Service";40.0
"FB001807";"2026-06-07";"G01355";302;"Restaurant & Bar";115.0
"FB001808";"2026-06-07";"G01355";302;"Breakfast";32.0
"FB001809";"2026-04-30";"G01356";334;"Restaurant & Bar";104.0
"FB001810";"2026-04-30";"G01356";334;"Breakfast";33.0
"FB001811";"2026-04-30";"G01356";334;"Restaurant & Bar";70.0
"FB001812";"2026-04-01";"G01357";307;"Restaurant & Bar";24.0
"FB001813";"2026-03-29";"G01357";307;"Breakfast";11.0
"FB001814";"2026-03-21";"G01358";516;"Breakfast";19.0
"FB001815";"2026-03-18";"G01358";516;"Room Service";63.0
"FB001816";"2026-03-18";"G01358";516;"Restaurant & Bar";56.0
"FB001817";"2026-03-19";"G01358";516;"Restaurant & Bar";37.0
"FB001818";"2026-06-07";"G01362";503;"Breakfast";21.0
"FB001819";"2026-06-09";"G01362";503;"Restaurant & Bar";24.0
"FB001820";"2026-06-09";"G01362";503;"Restaurant & Bar";23.0
"FB001821";"2026-06-16";"G01364";219;"Restaurant & Bar";70.0
"FB001822";"2026-04-19";"G01365";212;"Restaurant & Bar";35.0
"FB001823";"2026-04-20";"G01365";212;"Restaurant & Bar";73.0
"FB001824";"2026-05-30";"G01366";511;"Restaurant & Bar";34.0
"FB001825";"2026-05-30";"G01366";511;"Breakfast";18.0
"FB001826";"2026-03-29";"G01367";209;"Room Service";56.0
"FB001827";"2026-03-26";"G01367";209;"Room Service";21.0
"FB001828";"2026-03-28";"G01367";209;"Restaurant & Bar";78.0
"FB001829";"2026-02-11";"G01369";215;"Restaurant & Bar";82.0
"FB001830";"2026-04-30";"G01370";202;"Restaurant & Bar";64.0
"FB001831";"2026-02-23";"G01371";531;"Room Service";31.0
"FB001832";"2026-02-23";"G01371";531;"Restaurant & Bar";100.0
"FB001833";"2026-06-30";"G01372";528;"Restaurant & Bar";110.0
"FB001834";"2026-06-28";"G01372";528;"Room Service";72.0
"FB001835";"2026-05-15";"G01374";112;"Restaurant & Bar";98.0
"FB001836";"2026-01-30";"G01377";203;"Room Service";53.0
"FB001837";"2026-01-29";"G01377";203;"Room Service";52.0
"FB001838";"2026-02-01";"G01377";203;"Breakfast";15.0
"FB001839";"2026-02-01";"G01377";203;"Restaurant & Bar";91.0
"FB001840";"2026-01-28";"G01377";203;"Breakfast";28.0
"FB001841";"2026-01-05";"G01379";101;"Restaurant & Bar";115.0
"FB001842";"2026-01-05";"G01379";101;"Breakfast";24.0
"FB001843";"2026-06-01";"G01383";403;"Room Service";77.0
"FB001844";"2026-01-30";"G01385";333;"Restaurant & Bar";25.0
"FB001845";"2026-01-30";"G01385";333;"Restaurant & Bar";55.0
"FB001846";"2026-01-24";"G01387";326;"Room Service";57.0
"FB001847";"2026-01-25";"G01387";326;"Restaurant & Bar";32.0
"FB001848";"2026-02-27";"G01388";521;"Restaurant & Bar";84.0
"FB001849";"2026-02-12";"G01389";212;"Restaurant & Bar";101.0
"FB001850";"2026-04-30";"G01391";111;"Restaurant & Bar";41.0
"FB001851";"2026-04-26";"G01391";111;"Restaurant & Bar";31.0
"FB001852";"2026-05-06";"G01392";328;"Breakfast";28.0
"FB001853";"2026-05-05";"G01392";328;"Restaurant & Bar";97.0
"FB001854";"2026-05-06";"G01392";328;"Room Service";82.0
"FB001855";"2026-01-10";"G01393";512;"Breakfast";31.0
"FB001856";"2026-03-25";"G01394";522;"Restaurant & Bar";44.0
"FB001857";"2026-03-25";"G01394";522;"Breakfast";35.0
"FB001858";"2026-03-27";"G01394";522;"Restaurant & Bar";43.0
"FB001859";"2026-04-24";"G01397";132;"Restaurant & Bar";50.0
"FB001860";"2026-04-24";"G01397";132;"Restaurant & Bar";74.0
"FB001861";"2026-05-18";"G01398";412;"Room Service";76.0
"FB001862";"2026-04-08";"G01399";225;"Breakfast";18.0
"FB001863";"2026-06-14";"G01401";413;"Breakfast";22.0
"FB001864";"2026-05-04";"G01402";402;"Restaurant & Bar";108.0
"FB001865";"2026-05-04";"G01402";402;"Restaurant & Bar";78.0
"FB001866";"2026-05-03";"G01402";402;"Room Service";22.0
"FB001867";"2026-05-02";"G01402";402;"Restaurant & Bar";22.0
"FB001868";"2026-05-06";"G01405";310;"Breakfast";33.0
"FB001869";"2026-05-08";"G01405";310;"Breakfast";12.0
"FB001870";"2026-04-01";"G01407";333;"Breakfast";17.0
"FB001871";"2026-04-02";"G01407";333;"Restaurant & Bar";95.0
"FB001872";"2026-04-02";"G01407";333;"Breakfast";24.0
"FB001873";"2026-04-29";"G01408";422;"Room Service";18.0
"FB001874";"2026-04-29";"G01408";422;"Restaurant & Bar";84.0
"FB001875";"2026-04-30";"G01408";422;"Restaurant & Bar";74.0
"FB001876";"2026-04-29";"G01408";422;"Breakfast";16.0
"FB001877";"2026-02-07";"G01411";306;"Restaurant & Bar";64.0
"FB001878";"2026-02-09";"G01411";306;"Restaurant & Bar";66.0
"FB001879";"2026-06-29";"G01413";520;"Breakfast";33.0
"FB001880";"2026-03-16";"G01414";210;"Restaurant & Bar";96.0
"FB001881";"2026-03-26";"G01418";131;"Restaurant & Bar";91.0
"FB001882";"2026-03-26";"G01418";131;"Breakfast";28.0
"FB001883";"2026-03-26";"G01418";131;"Breakfast";19.0
"FB001884";"2026-03-31";"G01420";402;"Breakfast";30.0
"FB001885";"2026-06-10";"G01421";507;"Room Service";61.0
"FB001886";"2026-02-10";"G01422";330;"Restaurant & Bar";33.0
"FB001887";"2026-05-11";"G01423";516;"Breakfast";19.0
"FB001888";"2026-05-11";"G01423";516;"Breakfast";30.0
"FB001889";"2026-05-11";"G01423";516;"Breakfast";31.0
"FB001890";"2026-02-01";"G01425";311;"Restaurant & Bar";52.0
"FB001891";"2026-02-01";"G01425";311;"Breakfast";14.0
"FB001892";"2026-02-02";"G01425";311;"Restaurant & Bar";113.0
"FB001893";"2026-03-23";"G01426";324;"Restaurant & Bar";44.0
"FB001894";"2026-03-23";"G01426";324;"Breakfast";33.0
"FB001895";"2026-03-23";"G01426";324;"Restaurant & Bar";79.0
"FB001896";"2026-03-23";"G01426";324;"Breakfast";13.0
"FB001897";"2026-01-28";"G01430";234;"Breakfast";12.0
"FB001898";"2026-06-14";"G01432";301;"Restaurant & Bar";26.0
"FB001899";"2026-06-29";"G01433";109;"Restaurant & Bar";48.0
"FB001900";"2026-05-08";"G01434";117;"Restaurant & Bar";79.0
"FB001901";"2026-06-06";"G01435";225;"Room Service";64.0
"FB001902";"2026-06-07";"G01435";225;"Room Service";23.0
"FB001903";"2026-06-07";"G01435";225;"Restaurant & Bar";105.0
"FB001904";"2026-01-13";"G01438";325;"Restaurant & Bar";63.0
"FB001905";"2026-01-14";"G01440";519;"Restaurant & Bar";74.0
"FB001906";"2026-03-17";"G01441";108;"Restaurant & Bar";27.0
"FB001907";"2026-03-11";"G01441";108;"Restaurant & Bar";28.0
"FB001908";"2026-06-16";"G01442";109;"Room Service";47.0
"FB001909";"2026-06-15";"G01442";109;"Breakfast";27.0
"FB001910";"2026-06-29";"G01443";207;"Restaurant & Bar";109.0
"FB001911";"2026-06-29";"G01443";207;"Room Service";72.0
"FB001912";"2026-02-05";"G01444";423;"Breakfast";35.0
"FB001913";"2026-02-06";"G01444";423;"Room Service";45.0
"FB001914";"2026-02-07";"G01444";423;"Breakfast";31.0
"FB001915";"2026-02-07";"G01444";423;"Restaurant & Bar";38.0
"FB001916";"2026-02-05";"G01444";423;"Restaurant & Bar";53.0
"FB001917";"2026-01-29";"G01445";526;"Room Service";51.0
"FB001918";"2026-01-31";"G01445";526;"Breakfast";28.0
"FB001919";"2026-02-26";"G01447";325;"Breakfast";23.0
"FB001920";"2026-02-25";"G01447";325;"Restaurant & Bar";63.0
"FB001921";"2026-06-11";"G01450";532;"Restaurant & Bar";74.0
"FB001922";"2026-06-12";"G01450";532;"Breakfast";11.0
"FB001923";"2026-06-13";"G01450";532;"Breakfast";14.0
"FB001924";"2026-04-07";"G01455";226;"Room Service";58.0
"FB001925";"2026-04-07";"G01455";226;"Breakfast";27.0
"FB001926";"2026-04-07";"G01455";226;"Room Service";77.0
"FB001927";"2026-04-09";"G01455";226;"Restaurant & Bar";63.0
"FB001928";"2026-04-23";"G01457";503;"Restaurant & Bar";101.0
"FB001929";"2026-04-23";"G01457";503;"Room Service";16.0
"FB001930";"2026-04-25";"G01457";503;"Restaurant & Bar";113.0
"FB001931";"2026-01-06";"G01458";303;"Restaurant & Bar";31.0
"FB001932";"2026-01-08";"G01458";303;"Restaurant & Bar";67.0
"FB001933";"2026-01-04";"G01458";303;"Room Service";55.0
"FB001934";"2026-01-06";"G01458";303;"Room Service";25.0
"FB001935";"2026-06-08";"G01459";515;"Restaurant & Bar";99.0
"FB001936";"2026-05-12";"G01460";414;"Breakfast";30.0
"FB001937";"2026-05-12";"G01460";414;"Breakfast";10.0
"FB001938";"2026-01-13";"G01462";302;"Room Service";62.0
"FB001939";"2026-01-12";"G01462";302;"Breakfast";35.0
"FB001940";"2026-01-12";"G01462";302;"Breakfast";16.0
"FB001941";"2026-03-27";"G01463";222;"Restaurant & Bar";34.0
"FB001942";"2026-05-24";"G01466";331;"Restaurant & Bar";33.0
"FB001943";"2026-05-24";"G01466";331;"Breakfast";36.0
"FB001944";"2026-02-18";"G01468";134;"Restaurant & Bar";95.0
"FB001945";"2026-02-19";"G01468";134;"Restaurant & Bar";46.0
"FB001946";"2026-01-19";"G01469";502;"Restaurant & Bar";35.0
"FB001947";"2026-01-18";"G01469";502;"Breakfast";24.0
"FB001948";"2026-06-28";"G01470";328;"Restaurant & Bar";51.0
"FB001949";"2026-06-28";"G01470";328;"Restaurant & Bar";35.0
"FB001950";"2026-05-28";"G01471";308;"Restaurant & Bar";23.0
"FB001951";"2026-05-28";"G01471";308;"Breakfast";22.0
"FB001952";"2026-05-30";"G01471";308;"Room Service";42.0
"FB001953";"2026-01-04";"G01472";509;"Room Service";55.0
"FB001954";"2026-01-03";"G01472";509;"Restaurant & Bar";93.0
"FB001955";"2026-01-05";"G01472";509;"Room Service";72.0
"FB001956";"2026-05-09";"G01473";103;"Room Service";40.0
"FB001957";"2026-05-06";"G01473";103;"Room Service";51.0
"FB001958";"2026-01-18";"G01475";507;"Breakfast";17.0
"FB001959";"2026-01-12";"G01476";420;"Restaurant & Bar";54.0
"FB001960";"2026-01-14";"G01476";420;"Breakfast";12.0
"FB001961";"2026-01-14";"G01476";420;"Restaurant & Bar";18.0
"FB001962";"2026-01-20";"G01478";231;"Breakfast";29.0
"FB001963";"2026-01-21";"G01478";231;"Restaurant & Bar";104.0
"FB001964";"2026-01-21";"G01478";231;"Restaurant & Bar";58.0
"FB001965";"2026-01-20";"G01478";231;"Restaurant & Bar";61.0
"FB001966";"2026-01-22";"G01478";231;"Restaurant & Bar";75.0
"FB001967";"2026-03-15";"G01479";433;"Breakfast";24.0
"FB001968";"2026-03-17";"G01479";433;"Restaurant & Bar";50.0
"FB001969";"2026-03-17";"G01479";433;"Restaurant & Bar";21.0
"FB001970";"2026-01-20";"G01480";503;"Room Service";83.0
"FB001971";"2026-01-17";"G01480";503;"Restaurant & Bar";93.0
"FB001972";"2026-01-18";"G01480";503;"Room Service";76.0
"FB001973";"2026-05-31";"G01481";101;"Restaurant & Bar";43.0
"FB001974";"2026-05-31";"G01481";101;"Room Service";24.0
"FB001975";"2026-02-26";"G01482";533;"Restaurant & Bar";47.0
"FB001976";"2026-02-28";"G01482";533;"Room Service";25.0
"FB001977";"2026-02-28";"G01482";533;"Restaurant & Bar";50.0
"FB001978";"2026-02-25";"G01482";533;"Breakfast";33.0
"FB001979";"2026-06-06";"G01484";407;"Breakfast";29.0
"FB001980";"2026-06-06";"G01484";407;"Restaurant & Bar";46.0
"FB001981";"2026-06-07";"G01484";407;"Room Service";72.0
"FB001982";"2026-06-08";"G01484";407;"Restaurant & Bar";48.0
"FB001983";"2026-03-05";"G01485";316;"Breakfast";19.0
"FB001984";"2026-05-11";"G01486";210;"Restaurant & Bar";82.0
"FB001985";"2026-05-14";"G01486";210;"Restaurant & Bar";54.0
"FB001986";"2026-04-03";"G01489";111;"Room Service";39.0
"FB001987";"2026-05-13";"G01490";129;"Room Service";57.0
"FB001988";"2026-05-14";"G01490";129;"Room Service";35.0
"FB001989";"2026-04-10";"G01492";506;"Room Service";28.0
"FB001990";"2026-04-11";"G01492";506;"Room Service";38.0
"FB001991";"2026-01-26";"G01493";529;"Room Service";19.0
"FB001992";"2026-01-23";"G01493";529;"Restaurant & Bar";82.0
"FB001993";"2026-06-12";"G01495";411;"Restaurant & Bar";58.0
"FB001994";"2026-01-22";"G01498";428;"Restaurant & Bar";41.0
"FB001995";"2026-06-09";"G01499";329;"Breakfast";23.0
"FB001996";"2026-02-28";"G01500";227;"Restaurant & Bar";73.0
"FB001997";"2026-02-11";"G01501";221;"Restaurant & Bar";57.0
"FB001998";"2026-02-13";"G01501";221;"Restaurant & Bar";57.0
"FB001999";"2026-02-11";"G01501";221;"Restaurant & Bar";22.0
"FB002000";"2026-02-12";"G01501";221;"Room Service";54.0
"FB002001";"2026-04-05";"G01505";114;"Breakfast";13.0
"FB002002";"2026-03-10";"G01506";434;"Restaurant & Bar";94.0
"FB002003";"2026-04-23";"G01507";332;"Restaurant & Bar";48.0
"FB002004";"2026-04-13";"G01508";215;"Room Service";80.0
"FB002005";"2026-04-12";"G01508";215;"Restaurant & Bar";53.0
"FB002006";"2026-04-17";"G01508";215;"Room Service";76.0
"FB002007";"2026-04-15";"G01508";215;"Room Service";72.0
"FB002008";"2026-03-21";"G01509";412;"Restaurant & Bar";39.0
"FB002009";"2026-06-05";"G01510";207;"Restaurant & Bar";31.0
"FB002010";"2026-03-07";"G01512";121;"Breakfast";20.0
"FB002011";"2026-05-06";"G01513";517;"Restaurant & Bar";44.0
"FB002012";"2026-06-12";"G01517";303;"Breakfast";23.0
"FB002013";"2026-01-14";"G01518";414;"Room Service";78.0
"FB002014";"2026-01-16";"G01519";206;"Restaurant & Bar";35.0
"FB002015";"2026-01-08";"G01520";108;"Room Service";63.0
"FB002016";"2026-04-30";"G01521";332;"Restaurant & Bar";25.0
"FB002017";"2026-01-01";"G01523";505;"Breakfast";13.0
"FB002018";"2026-01-04";"G01523";505;"Room Service";66.0
"FB002019";"2026-01-04";"G01523";505;"Room Service";35.0
"FB002020";"2026-01-01";"G01523";505;"Breakfast";37.0
"FB002021";"2026-01-01";"G01523";505;"Restaurant & Bar";69.0
"FB002022";"2026-02-28";"G01525";308;"Restaurant & Bar";32.0
"FB002023";"2026-03-03";"G01525";308;"Breakfast";32.0
"FB002024";"2026-03-03";"G01525";308;"Room Service";84.0
"FB002025";"2026-03-25";"G01526";415;"Restaurant & Bar";78.0
"FB002026";"2026-03-25";"G01526";415;"Breakfast";21.0
"FB002027";"2026-03-24";"G01526";415;"Restaurant & Bar";19.0
"FB002028";"2026-03-25";"G01526";415;"Restaurant & Bar";61.0
"FB002029";"2026-03-02";"G01527";320;"Room Service";20.0
"FB002030";"2026-03-02";"G01527";320;"Restaurant & Bar";21.0
"FB002031";"2026-01-18";"G01528";128;"Restaurant & Bar";28.0
"FB002032";"2026-01-18";"G01528";128;"Breakfast";14.0
"FB002033";"2026-02-14";"G01531";321;"Restaurant & Bar";103.0
"FB002034";"2026-03-31";"G01533";413;"Room Service";50.0
"FB002035";"2026-03-31";"G01533";413;"Restaurant & Bar";74.0
"FB002036";"2026-03-30";"G01533";413;"Room Service";48.0
"FB002037";"2026-03-03";"G01534";526;"Breakfast";26.0
"FB002038";"2026-03-05";"G01534";526;"Restaurant & Bar";108.0
"FB002039";"2026-03-03";"G01534";526;"Room Service";59.0
"FB002040";"2026-05-02";"G01535";423;"Restaurant & Bar";22.0
"FB002041";"2026-05-02";"G01535";423;"Restaurant & Bar";53.0
"FB002042";"2026-02-22";"G01536";214;"Restaurant & Bar";65.0
"FB002043";"2026-06-20";"G01537";205;"Room Service";26.0
"FB002044";"2026-01-15";"G01538";506;"Restaurant & Bar";28.0
"FB002045";"2026-01-11";"G01538";506;"Breakfast";11.0
"FB002046";"2026-01-08";"G01540";401;"Room Service";30.0
"FB002047";"2026-04-28";"G01542";534;"Breakfast";20.0
"FB002048";"2026-04-28";"G01542";534;"Breakfast";30.0
"FB002049";"2026-04-29";"G01542";534;"Restaurant & Bar";42.0
"FB002050";"2026-05-10";"G01544";204;"Restaurant & Bar";98.0
"FB002051";"2026-06-01";"G01545";115;"Restaurant & Bar";47.0
"FB002052";"2026-06-23";"G01546";403;"Restaurant & Bar";107.0
"FB002053";"2026-04-04";"G01548";111;"Restaurant & Bar";94.0
"FB002054";"2026-04-21";"G01549";308;"Restaurant & Bar";106.0
"FB002055";"2026-04-17";"G01549";308;"Room Service";21.0
"FB002056";"2026-04-18";"G01549";308;"Breakfast";13.0
"FB002057";"2026-01-25";"G01551";103;"Restaurant & Bar";68.0
"FB002058";"2026-01-25";"G01551";103;"Breakfast";24.0
"FB002059";"2026-01-25";"G01551";103;"Restaurant & Bar";101.0
"FB002060";"2026-02-17";"G01552";209;"Restaurant & Bar";109.0
"FB002061";"2026-02-17";"G01552";209;"Restaurant & Bar";81.0
"FB002062";"2026-02-17";"G01552";209;"Room Service";48.0
"FB002063";"2026-01-31";"G01553";524;"Restaurant & Bar";54.0
"FB002064";"2026-02-02";"G01553";524;"Room Service";47.0
"FB002065";"2026-01-31";"G01553";524;"Restaurant & Bar";54.0
"FB002066";"2026-05-11";"G01554";404;"Room Service";64.0
"FB002067";"2026-05-11";"G01554";404;"Restaurant & Bar";78.0
"FB002068";"2026-05-10";"G01554";404;"Room Service";65.0
"FB002069";"2026-05-11";"G01554";404;"Restaurant & Bar";110.0
"FB002070";"2026-05-11";"G01554";404;"Restaurant & Bar";81.0
"FB002071";"2026-01-30";"G01559";325;"Room Service";74.0
"FB002072";"2026-01-30";"G01559";325;"Restaurant & Bar";70.0
"FB002073";"2026-06-29";"G01560";207;"Restaurant & Bar";112.0
"FB002074";"2026-02-03";"G01561";415;"Room Service";16.0
"FB002075";"2026-02-04";"G01561";415;"Breakfast";30.0
"FB002076";"2026-01-31";"G01561";415;"Restaurant & Bar";57.0
"FB002077";"2026-03-19";"G01563";108;"Restaurant & Bar";42.0
"FB002078";"2026-02-15";"G01564";310;"Restaurant & Bar";95.0
"FB002079";"2026-02-17";"G01564";310;"Room Service";17.0
"FB002080";"2026-02-26";"G01566";127;"Restaurant & Bar";60.0
"FB002081";"2026-02-27";"G01566";127;"Restaurant & Bar";43.0
"FB002082";"2026-02-27";"G01566";127;"Breakfast";26.0
"FB002083";"2026-02-28";"G01567";312;"Room Service";64.0
"FB002084";"2026-03-22";"G01568";118;"Restaurant & Bar";33.0
"FB002085";"2026-03-21";"G01568";118;"Restaurant & Bar";79.0
"FB002086";"2026-03-21";"G01568";118;"Restaurant & Bar";109.0
"FB002087";"2026-03-20";"G01570";331;"Restaurant & Bar";71.0
"FB002088";"2026-01-16";"G01571";407;"Breakfast";36.0
"FB002089";"2026-01-12";"G01571";407;"Breakfast";12.0
"FB002090";"2026-01-15";"G01571";407;"Restaurant & Bar";58.0
"FB002091";"2026-01-12";"G01571";407;"Restaurant & Bar";47.0
"FB002092";"2026-06-01";"G01572";516;"Restaurant & Bar";30.0
"FB002093";"2026-05-31";"G01572";516;"Restaurant & Bar";51.0
"FB002094";"2026-06-18";"G01574";112;"Restaurant & Bar";66.0
"FB002095";"2026-06-17";"G01574";112;"Restaurant & Bar";92.0
"FB002096";"2026-06-19";"G01574";112;"Breakfast";27.0
"FB002097";"2026-05-13";"G01575";207;"Room Service";26.0
"FB002098";"2026-03-24";"G01576";516;"Restaurant & Bar";24.0
"FB002099";"2026-03-25";"G01576";516;"Restaurant & Bar";36.0
"FB002100";"2026-03-25";"G01576";516;"Restaurant & Bar";36.0
"FB002101";"2026-03-25";"G01576";516;"Breakfast";11.0
"FB002102";"2026-03-23";"G01576";516;"Restaurant & Bar";64.0
"FB002103";"2026-01-07";"G01577";231;"Restaurant & Bar";108.0
"FB002104";"2026-01-06";"G01577";231;"Breakfast";37.0
"FB002105";"2026-01-08";"G01577";231;"Restaurant & Bar";106.0
"FB002106";"2026-01-08";"G01577";231;"Room Service";53.0
"FB002107";"2026-02-14";"G01578";406;"Room Service";18.0
"FB002108";"2026-02-14";"G01578";406;"Breakfast";27.0
"FB002109";"2026-02-14";"G01578";406;"Breakfast";34.0
"FB002110";"2026-02-15";"G01578";406;"Breakfast";13.0
"FB002111";"2026-02-15";"G01578";406;"Room Service";47.0
"FB002112";"2026-01-31";"G01579";522;"Restaurant & Bar";33.0
"FB002113";"2026-01-31";"G01579";522;"Restaurant & Bar";81.0
"FB002114";"2026-01-29";"G01579";522;"Breakfast";34.0
"FB002115";"2026-01-31";"G01579";522;"Restaurant & Bar";38.0
"FB002116";"2026-01-29";"G01579";522;"Breakfast";33.0
"FB002117";"2026-05-12";"G01581";313;"Room Service";39.0
"FB002118";"2026-05-11";"G01581";313;"Restaurant & Bar";95.0
"FB002119";"2026-06-06";"G01582";530;"Room Service";35.0
"FB002120";"2026-06-06";"G01582";530;"Restaurant & Bar";20.0
"FB002121";"2026-06-05";"G01583";227;"Breakfast";11.0
"FB002122";"2026-06-06";"G01583";227;"Breakfast";27.0
"FB002123";"2026-06-09";"G01583";227;"Restaurant & Bar";89.0
"FB002124";"2026-06-09";"G01584";314;"Room Service";78.0
"FB002125";"2026-04-14";"G01586";514;"Breakfast";36.0
"FB002126";"2026-02-04";"G01588";224;"Restaurant & Bar";22.0
"FB002127";"2026-04-29";"G01589";512;"Restaurant & Bar";40.0
"FB002128";"2026-04-29";"G01589";512;"Breakfast";23.0
"FB002129";"2026-04-26";"G01589";512;"Breakfast";27.0
"FB002130";"2026-03-17";"G01590";311;"Restaurant & Bar";70.0
"FB002131";"2026-03-17";"G01590";311;"Restaurant & Bar";113.0
"FB002132";"2026-05-01";"G01591";303;"Breakfast";20.0
"FB002133";"2026-02-16";"G01592";233;"Restaurant & Bar";101.0
"FB002134";"2026-02-14";"G01592";233;"Restaurant & Bar";55.0
"FB002135";"2026-06-30";"G01593";316;"Breakfast";34.0
"FB002136";"2026-06-29";"G01593";316;"Restaurant & Bar";47.0
"FB002137";"2026-02-21";"G01596";530;"Restaurant & Bar";39.0
"FB002138";"2026-02-11";"G01598";331;"Breakfast";19.0
"FB002139";"2026-02-11";"G01598";331;"Breakfast";30.0
"FB002140";"2026-02-11";"G01598";331;"Restaurant & Bar";52.0
"FB002141";"2026-01-16";"G01600";220;"Restaurant & Bar";101.0
"FB002142";"2026-01-18";"G01600";220;"Breakfast";11.0
"FB002143";"2026-03-17";"G01603";415;"Room Service";82.0
"FB002144";"2026-03-19";"G01603";415;"Room Service";60.0
"FB002145";"2026-05-27";"G01604";212;"Breakfast";16.0
"FB002146";"2026-03-08";"G01605";123;"Breakfast";36.0
"FB002147";"2026-03-07";"G01605";123;"Restaurant & Bar";55.0
"FB002148";"2026-03-09";"G01605";123;"Breakfast";24.0
"FB002149";"2026-03-06";"G01605";123;"Breakfast";28.0
"FB002150";"2026-03-09";"G01605";123;"Restaurant & Bar";47.0
"FB002151";"2026-06-15";"G01606";109;"Room Service";22.0
"FB002152";"2026-03-28";"G01607";432;"Restaurant & Bar";26.0
"FB002153";"2026-03-29";"G01607";432;"Restaurant & Bar";59.0
"FB002154";"2026-03-28";"G01607";432;"Room Service";46.0
"FB002155";"2026-05-09";"G01608";111;"Restaurant & Bar";69.0
"FB002156";"2026-05-08";"G01608";111;"Breakfast";18.0
"FB002157";"2026-05-09";"G01608";111;"Restaurant & Bar";93.0
"FB002158";"2026-03-03";"G01612";208;"Restaurant & Bar";46.0
"FB002159";"2026-03-02";"G01612";208;"Restaurant & Bar";72.0
"FB002160";"2026-05-04";"G01613";311;"Breakfast";34.0
"FB002161";"2026-05-21";"G01614";201;"Room Service";79.0
"FB002162";"2026-03-18";"G01615";327;"Room Service";51.0
"FB002163";"2026-03-18";"G01615";327;"Breakfast";17.0
"FB002164";"2026-03-17";"G01615";327;"Restaurant & Bar";96.0
"FB002165";"2026-03-17";"G01615";327;"Room Service";33.0
"FB002166";"2026-01-17";"G01617";532;"Restaurant & Bar";74.0
"FB002167";"2026-01-16";"G01617";532;"Restaurant & Bar";29.0
"FB002168";"2026-01-16";"G01617";532;"Restaurant & Bar";104.0
"FB002169";"2026-02-28";"G01618";427;"Restaurant & Bar";76.0
"FB002170";"2026-02-28";"G01618";427;"Room Service";81.0
"FB002171";"2026-05-12";"G01621";507;"Room Service";39.0
"FB002172";"2026-05-10";"G01621";507;"Restaurant & Bar";54.0
"FB002173";"2026-05-12";"G01621";507;"Breakfast";29.0
"FB002174";"2026-03-07";"G01624";505;"Restaurant & Bar";77.0
"FB002175";"2026-03-08";"G01624";505;"Restaurant & Bar";108.0
"FB002176";"2026-03-07";"G01624";505;"Restaurant & Bar";77.0
"FB002177";"2026-05-20";"G01628";120;"Breakfast";29.0
"FB002178";"2026-05-20";"G01628";120;"Restaurant & Bar";48.0
"FB002179";"2026-01-16";"G01629";421;"Breakfast";12.0
"FB002180";"2026-01-17";"G01629";421;"Breakfast";11.0
"FB002181";"2026-05-11";"G01630";122;"Breakfast";38.0
"FB002182";"2026-05-10";"G01630";122;"Restaurant & Bar";76.0
"FB002183";"2026-05-11";"G01630";122;"Breakfast";23.0
"FB002184";"2026-03-18";"G01631";403;"Restaurant & Bar";98.0
"FB002185";"2026-03-16";"G01631";403;"Restaurant & Bar";50.0
"FB002186";"2026-03-17";"G01631";403;"Breakfast";22.0
"FB002187";"2026-04-08";"G01632";228;"Breakfast";13.0
"FB002188";"2026-04-08";"G01632";228;"Room Service";74.0
"FB002189";"2026-04-09";"G01632";228;"Breakfast";37.0
"FB002190";"2026-01-15";"G01634";425;"Room Service";79.0
"FB002191";"2026-01-15";"G01634";425;"Restaurant & Bar";67.0
"FB002192";"2026-02-13";"G01638";226;"Restaurant & Bar";20.0
"FB002193";"2026-03-04";"G01639";527;"Restaurant & Bar";29.0
"FB002194";"2026-03-04";"G01639";527;"Restaurant & Bar";54.0
"FB002195";"2026-06-21";"G01642";509;"Breakfast";19.0
"FB002196";"2026-06-22";"G01642";509;"Breakfast";25.0
"FB002197";"2026-03-29";"G01645";302;"Breakfast";18.0
"FB002198";"2026-03-29";"G01645";302;"Breakfast";34.0
"FB002199";"2026-03-29";"G01645";302;"Restaurant & Bar";23.0
"FB002200";"2026-03-29";"G01645";302;"Restaurant & Bar";73.0
"FB002201";"2026-04-23";"G01646";230;"Restaurant & Bar";97.0
"FB002202";"2026-04-22";"G01646";230;"Room Service";30.0
"FB002203";"2026-03-28";"G01647";101;"Breakfast";20.0
"FB002204";"2026-03-29";"G01647";101;"Restaurant & Bar";73.0
"FB002205";"2026-02-22";"G01648";118;"Restaurant & Bar";37.0
"FB002206";"2026-02-21";"G01648";118;"Breakfast";16.0
"FB002207";"2026-02-22";"G01648";118;"Room Service";70.0
"FB002208";"2026-06-04";"G01649";113;"Restaurant & Bar";20.0
"FB002209";"2026-06-03";"G01649";113;"Restaurant & Bar";113.0
"FB002210";"2026-04-26";"G01653";432;"Breakfast";35.0
"FB002211";"2026-01-25";"G01654";533;"Room Service";41.0
"FB002212";"2026-01-26";"G01654";533;"Room Service";25.0
"FB002213";"2026-01-20";"G01657";102;"Restaurant & Bar";49.0
"FB002214";"2026-03-01";"G01658";101;"Restaurant & Bar";61.0
"FB002215";"2026-02-26";"G01658";101;"Restaurant & Bar";78.0
"FB002216";"2026-06-15";"G01660";233;"Restaurant & Bar";106.0
"FB002217";"2026-06-15";"G01660";233;"Restaurant & Bar";40.0
"FB002218";"2026-05-02";"G01662";201;"Breakfast";12.0
"FB002219";"2026-05-03";"G01662";201;"Restaurant & Bar";83.0
"FB002220";"2026-05-02";"G01662";201;"Restaurant & Bar";21.0
"FB002221";"2026-05-14";"G01666";120;"Breakfast";38.0
"FB002222";"2026-05-13";"G01666";120;"Restaurant & Bar";91.0
"FB002223";"2026-05-11";"G01666";120;"Restaurant & Bar";35.0
"FB002224";"2026-05-13";"G01666";120;"Restaurant & Bar";98.0
"FB002225";"2026-05-11";"G01666";120;"Breakfast";17.0
"FB002226";"2026-01-29";"G01668";121;"Restaurant & Bar";53.0
"FB002227";"2026-01-28";"G01668";121;"Restaurant & Bar";55.0
"FB002228";"2026-01-24";"G01670";505;"Room Service";76.0
"FB002229";"2026-01-25";"G01670";505;"Restaurant & Bar";44.0
"FB002230";"2026-01-25";"G01670";505;"Restaurant & Bar";43.0
"FB002231";"2026-01-23";"G01670";505;"Room Service";33.0
"FB002232";"2026-03-30";"G01672";429;"Breakfast";35.0
"FB002233";"2026-04-02";"G01672";429;"Breakfast";13.0
"FB002234";"2026-06-29";"G01675";217;"Restaurant & Bar";75.0
"FB002235";"2026-02-07";"G01677";413;"Room Service";82.0
"FB002236";"2026-03-10";"G01678";125;"Breakfast";36.0
"FB002237";"2026-02-13";"G01679";304;"Room Service";52.0
"FB002238";"2026-02-14";"G01679";304;"Room Service";56.0
"FB002239";"2026-02-14";"G01679";304;"Restaurant & Bar";56.0
"FB002240";"2026-04-09";"G01682";514;"Breakfast";37.0
"FB002241";"2026-02-27";"G01683";415;"Breakfast";25.0
"FB002242";"2026-02-26";"G01683";415;"Restaurant & Bar";21.0
"FB002243";"2026-02-27";"G01683";415;"Room Service";22.0
"FB002244";"2026-02-25";"G01683";415;"Room Service";63.0
"FB002245";"2026-02-24";"G01683";415;"Room Service";36.0
"FB002246";"2026-02-15";"G01684";405;"Breakfast";10.0
"FB002247";"2026-02-16";"G01684";405;"Breakfast";34.0
"FB002248";"2026-02-14";"G01684";405;"Breakfast";21.0
"FB002249";"2026-02-15";"G01684";405;"Restaurant & Bar";49.0
"FB002250";"2026-05-05";"G01685";534;"Breakfast";13.0
"FB002251";"2026-06-11";"G01686";225;"Room Service";78.0
"FB002252";"2026-04-11";"G01689";205;"Restaurant & Bar";65.0
"FB002253";"2026-06-24";"G01690";401;"Restaurant & Bar";61.0
"FB002254";"2026-01-15";"G01691";215;"Breakfast";18.0
"FB002255";"2026-05-12";"G01692";204;"Restaurant & Bar";45.0
"FB002256";"2026-05-11";"G01692";204;"Room Service";70.0
"FB002257";"2026-04-21";"G01694";114;"Restaurant & Bar";108.0
"FB002258";"2026-04-20";"G01694";114;"Restaurant & Bar";49.0
"FB002259";"2026-04-21";"G01694";114;"Room Service";85.0
"FB002260";"2026-04-20";"G01694";114;"Restaurant & Bar";53.0
"FB002261";"2026-04-21";"G01694";114;"Restaurant & Bar";26.0
"FB002262";"2026-02-08";"G01696";513;"Restaurant & Bar";25.0
"FB002263";"2026-02-07";"G01696";513;"Breakfast";33.0
"FB002264";"2026-02-07";"G01696";513;"Room Service";84.0
"FB002265";"2026-06-15";"G01698";413;"Breakfast";29.0
"FB002266";"2026-06-14";"G01698";413;"Restaurant & Bar";113.0
"FB002267";"2026-06-13";"G01698";413;"Restaurant & Bar";58.0
"FB002268";"2026-06-13";"G01698";413;"Restaurant & Bar";46.0
"FB002269";"2026-03-06";"G01700";234;"Restaurant & Bar";36.0
"FB002270";"2026-03-07";"G01700";234;"Breakfast";37.0
"FB002271";"2026-03-07";"G01703";106;"Restaurant & Bar";31.0
"FB002272";"2026-03-09";"G01703";106;"Room Service";49.0
"FB002273";"2026-06-03";"G01708";202;"Restaurant & Bar";108.0
"FB002274";"2026-06-05";"G01708";202;"Restaurant & Bar";37.0
"FB002275";"2026-06-04";"G01708";202;"Restaurant & Bar";100.0
"FB002276";"2026-06-10";"G01709";211;"Restaurant & Bar";70.0
"FB002277";"2026-02-10";"G01711";420;"Breakfast";34.0
"FB002278";"2026-02-10";"G01711";420;"Restaurant & Bar";71.0
"FB002279";"2026-02-09";"G01711";420;"Breakfast";23.0
"FB002280";"2026-04-17";"G01712";122;"Restaurant & Bar";98.0
"FB002281";"2026-04-19";"G01712";122;"Breakfast";28.0
"FB002282";"2026-01-23";"G01714";501;"Restaurant & Bar";85.0
"FB002283";"2026-01-23";"G01714";501;"Breakfast";30.0
"FB002284";"2026-01-24";"G01714";501;"Restaurant & Bar";22.0
"FB002285";"2026-01-25";"G01714";501;"Restaurant & Bar";90.0
"FB002286";"2026-05-28";"G01715";121;"Restaurant & Bar";75.0
"FB002287";"2026-05-26";"G01715";121;"Restaurant & Bar";60.0
"FB002288";"2026-05-26";"G01715";121;"Restaurant & Bar";92.0
"FB002289";"2026-03-05";"G01718";522;"Restaurant & Bar";61.0
"FB002290";"2026-03-06";"G01718";522;"Room Service";69.0
"FB002291";"2026-06-17";"G01720";113;"Breakfast";33.0
"FB002292";"2026-03-31";"G01722";124;"Restaurant & Bar";115.0
"FB002293";"2026-02-07";"G01723";317;"Restaurant & Bar";65.0
"FB002294";"2026-05-25";"G01724";408;"Breakfast";17.0
"FB002295";"2026-05-28";"G01724";408;"Breakfast";27.0
"FB002296";"2026-05-25";"G01724";408;"Breakfast";19.0
"FB002297";"2026-05-29";"G01724";408;"Breakfast";11.0
"FB002298";"2026-02-09";"G01726";107;"Restaurant & Bar";101.0
"FB002299";"2026-02-08";"G01726";107;"Breakfast";23.0
"FB002300";"2026-02-23";"G01730";221;"Room Service";36.0
"FB002301";"2026-02-22";"G01730";221;"Restaurant & Bar";101.0
"FB002302";"2026-02-24";"G01730";221;"Restaurant & Bar";77.0
"FB002303";"2026-02-22";"G01730";221;"Restaurant & Bar";86.0
"FB002304";"2026-02-22";"G01730";221;"Restaurant & Bar";77.0
"FB002305";"2026-01-15";"G01733";220;"Restaurant & Bar";47.0
"FB002306";"2026-05-16";"G01735";131;"Breakfast";12.0
"FB002307";"2026-04-06";"G01736";308;"Room Service";46.0
"FB002308";"2026-04-06";"G01736";308;"Restaurant & Bar";19.0
"FB002309";"2026-05-19";"G01740";415;"Breakfast";20.0
"FB002310";"2026-01-24";"G01741";119;"Room Service";33.0
"FB002311";"2026-01-25";"G01741";119;"Restaurant & Bar";91.0
"FB002312";"2026-01-24";"G01741";119;"Room Service";60.0
"FB002313";"2026-02-23";"G01742";512;"Room Service";34.0
"FB002314";"2026-02-23";"G01742";512;"Restaurant & Bar";91.0
"FB002315";"2026-02-23";"G01742";512;"Room Service";43.0
"FB002316";"2026-01-28";"G01745";432;"Restaurant & Bar";81.0
"FB002317";"2026-04-11";"G01746";324;"Breakfast";27.0
"FB002318";"2026-04-24";"G01747";525;"Breakfast";23.0
"FB002319";"2026-04-23";"G01747";525;"Room Service";80.0
"FB002320";"2026-04-25";"G01747";525;"Room Service";44.0
"FB002321";"2026-03-22";"G01750";508;"Restaurant & Bar";88.0
"FB002322";"2026-03-20";"G01750";508;"Restaurant & Bar";86.0
"FB002323";"2026-03-22";"G01750";508;"Restaurant & Bar";75.0
"FB002324";"2026-03-22";"G01750";508;"Restaurant & Bar";114.0
"FB002325";"2026-04-12";"G01752";306;"Restaurant & Bar";39.0
"FB002326";"2026-04-13";"G01752";306;"Room Service";68.0
"FB002327";"2026-04-12";"G01752";306;"Restaurant & Bar";58.0
"FB002328";"2026-04-12";"G01752";306;"Breakfast";24.0
"FB002329";"2026-06-08";"G01753";204;"Restaurant & Bar";75.0
"FB002330";"2026-06-08";"G01753";204;"Restaurant & Bar";24.0
"FB002331";"2026-05-20";"G01755";528;"Room Service";52.0
"FB002332";"2026-02-20";"G01756";405;"Room Service";74.0
"FB002333";"2026-02-19";"G01756";405;"Restaurant & Bar";38.0
"FB002334";"2026-02-05";"G01757";407;"Restaurant & Bar";100.0
"FB002335";"2026-01-17";"G01759";515;"Room Service";79.0
"FB002336";"2026-01-17";"G01759";515;"Breakfast";29.0
"FB002337";"2026-01-16";"G01759";515;"Breakfast";26.0
"FB002338";"2026-01-16";"G01759";515;"Breakfast";29.0
"FB002339";"2026-01-17";"G01759";515;"Room Service";34.0
"FB002340";"2026-03-14";"G01760";317;"Restaurant & Bar";45.0
"FB002341";"2026-03-14";"G01760";317;"Breakfast";37.0
"FB002342";"2026-05-30";"G01761";103;"Breakfast";16.0
"FB002343";"2026-05-28";"G01761";103;"Room Service";75.0
"FB002344";"2026-05-30";"G01761";103;"Restaurant & Bar";66.0
"FB002345";"2026-05-14";"G01763";110;"Restaurant & Bar";67.0
"FB002346";"2026-05-15";"G01763";110;"Restaurant & Bar";86.0
"FB002347";"2026-05-15";"G01763";110;"Restaurant & Bar";24.0
"FB002348";"2026-05-15";"G01763";110;"Restaurant & Bar";93.0
"FB002349";"2026-05-15";"G01763";110;"Restaurant & Bar";108.0
"FB002350";"2026-03-10";"G01764";226;"Breakfast";31.0
"FB002351";"2026-03-12";"G01764";226;"Room Service";17.0
"FB002352";"2026-03-10";"G01764";226;"Breakfast";21.0
"FB002353";"2026-01-11";"G01766";303;"Breakfast";28.0
"FB002354";"2026-01-11";"G01766";303;"Restaurant & Bar";90.0
"FB002355";"2026-01-11";"G01766";303;"Restaurant & Bar";43.0
"FB002356";"2026-01-10";"G01766";303;"Restaurant & Bar";82.0
"FB002357";"2026-04-23";"G01768";516;"Breakfast";34.0
"FB002358";"2026-04-22";"G01768";516;"Breakfast";32.0
"FB002359";"2026-04-23";"G01768";516;"Restaurant & Bar";68.0
"FB002360";"2026-04-25";"G01768";516;"Restaurant & Bar";27.0
"FB002361";"2026-06-03";"G01769";118;"Restaurant & Bar";28.0
"FB002362";"2026-01-25";"G01770";510;"Room Service";83.0
"FB002363";"2026-01-27";"G01770";510;"Breakfast";35.0
"FB002364";"2026-03-18";"G01771";408;"Breakfast";12.0
"FB002365";"2026-03-18";"G01771";408;"Restaurant & Bar";34.0
"FB002366";"2026-03-18";"G01771";408;"Restaurant & Bar";48.0
"FB002367";"2026-02-25";"G01773";404;"Breakfast";38.0
"FB002368";"2026-06-23";"G01774";127;"Breakfast";24.0
"FB002369";"2026-06-24";"G01774";127;"Breakfast";21.0
"FB002370";"2026-03-13";"G01775";211;"Restaurant & Bar";66.0
"FB002371";"2026-03-13";"G01775";211;"Breakfast";12.0
"FB002372";"2026-04-09";"G01776";521;"Breakfast";32.0
"FB002373";"2026-04-08";"G01776";521;"Restaurant & Bar";55.0
"FB002374";"2026-04-09";"G01776";521;"Room Service";33.0
"FB002375";"2026-02-17";"G01779";415;"Room Service";33.0
"FB002376";"2026-02-17";"G01779";415;"Restaurant & Bar";71.0
"FB002377";"2026-02-19";"G01779";415;"Restaurant & Bar";27.0
"FB002378";"2026-03-21";"G01782";325;"Restaurant & Bar";44.0
"FB002379";"2026-03-21";"G01782";325;"Breakfast";15.0
"FB002380";"2026-03-21";"G01782";325;"Breakfast";29.0
"FB002381";"2026-03-20";"G01782";325;"Breakfast";21.0
"FB002382";"2026-03-22";"G01782";325;"Restaurant & Bar";105.0
"FB002383";"2026-01-05";"G01783";314;"Restaurant & Bar";58.0
"FB002384";"2026-05-14";"G01784";402;"Restaurant & Bar";79.0
"FB002385";"2026-02-21";"G01785";203;"Breakfast";32.0
"FB002386";"2026-02-16";"G01785";203;"Restaurant & Bar";40.0
"FB002387";"2026-02-16";"G01785";203;"Breakfast";28.0
"FB002388";"2026-03-12";"G01786";414;"Breakfast";18.0
"FB002389";"2026-03-12";"G01786";414;"Restaurant & Bar";63.0
"FB002390";"2026-03-12";"G01786";414;"Restaurant & Bar";74.0
"FB002391";"2026-06-02";"G01788";231;"Breakfast";36.0
"FB002392";"2026-06-04";"G01788";231;"Room Service";76.0
"FB002393";"2026-06-03";"G01788";231;"Restaurant & Bar";87.0
"FB002394";"2026-06-05";"G01788";231;"Restaurant & Bar";105.0
"FB002395";"2026-04-26";"G01789";122;"Restaurant & Bar";61.0
"FB002396";"2026-03-18";"G01790";511;"Restaurant & Bar";90.0
"FB002397";"2026-02-09";"G01792";309;"Restaurant & Bar";99.0
"FB002398";"2026-02-10";"G01792";309;"Breakfast";13.0
"FB002399";"2026-02-09";"G01792";309;"Breakfast";19.0
"FB002400";"2026-02-08";"G01792";309;"Room Service";46.0
"FB002401";"2026-02-08";"G01793";107;"Room Service";25.0
"FB002402";"2026-02-06";"G01793";107;"Restaurant & Bar";103.0
"FB002403";"2026-02-06";"G01793";107;"Room Service";43.0
"FB002404";"2026-02-08";"G01793";107;"Breakfast";19.0
"FB002405";"2026-06-24";"G01794";133;"Breakfast";10.0
"FB002406";"2026-03-17";"G01795";105;"Restaurant & Bar";21.0
"FB002407";"2026-03-16";"G01795";105;"Room Service";47.0
"FB002408";"2026-03-16";"G01795";105;"Restaurant & Bar";29.0
"FB002409";"2026-03-26";"G01797";422;"Restaurant & Bar";47.0
"FB002410";"2026-03-11";"G01799";316;"Restaurant & Bar";100.0
"FB002411";"2026-03-11";"G01799";316;"Breakfast";24.0
"FB002412";"2026-02-06";"G01800";512;"Room Service";49.0
"FB002413";"2026-02-07";"G01800";512;"Room Service";67.0
"FB002414";"2026-02-07";"G01800";512;"Restaurant & Bar";104.0
"FB002415";"2026-06-06";"G01802";206;"Restaurant & Bar";55.0
"FB002416";"2026-06-06";"G01802";206;"Restaurant & Bar";108.0
"FB002417";"2026-06-05";"G01802";206;"Restaurant & Bar";77.0
"FB002418";"2026-06-03";"G01802";206;"Restaurant & Bar";91.0
"FB002419";"2026-06-06";"G01802";206;"Restaurant & Bar";60.0
"FB002420";"2026-05-01";"G01803";305;"Restaurant & Bar";49.0
"FB002421";"2026-03-04";"G01805";326;"Restaurant & Bar";44.0
"FB002422";"2026-03-15";"G01809";231;"Breakfast";26.0
"FB002423";"2026-03-15";"G01809";231;"Restaurant & Bar";22.0
"FB002424";"2026-05-22";"G01810";518;"Breakfast";36.0
"FB002425";"2026-05-24";"G01810";518;"Restaurant & Bar";19.0
"FB002426";"2026-05-17";"G01811";327;"Breakfast";26.0
"FB002427";"2026-05-18";"G01811";327;"Restaurant & Bar";87.0
"FB002428";"2026-02-07";"G01812";410;"Room Service";28.0
"FB002429";"2026-02-05";"G01812";410;"Restaurant & Bar";93.0
"FB002430";"2026-04-30";"G01813";512;"Room Service";82.0
"FB002431";"2026-05-21";"G01827";127;"Restaurant & Bar";43.0
"FB002432";"2026-05-21";"G01827";127;"Room Service";80.0
"FB002433";"2026-05-18";"G01827";127;"Breakfast";25.0
"FB002434";"2026-05-17";"G01827";127;"Restaurant & Bar";21.0
"FB002435";"2026-05-19";"G01827";127;"Restaurant & Bar";108.0
"FB002436";"2026-02-22";"G01829";416;"Restaurant & Bar";45.0
"FB002437";"2026-02-21";"G01829";416;"Restaurant & Bar";93.0
"FB002438";"2026-03-09";"G01830";434;"Restaurant & Bar";109.0
"FB002439";"2026-04-20";"G01832";124;"Breakfast";24.0
"FB002440";"2026-06-22";"G01834";407;"Restaurant & Bar";84.0
"FB002441";"2026-06-19";"G01834";407;"Restaurant & Bar";60.0
"FB002442";"2026-06-20";"G01834";407;"Breakfast";11.0
"FB002443";"2026-01-27";"G01835";306;"Restaurant & Bar";100.0
"FB002444";"2026-01-28";"G01835";306;"Breakfast";21.0
"FB002445";"2026-02-07";"G01837";233;"Room Service";61.0
"FB002446";"2026-04-13";"G01839";307;"Breakfast";27.0
"FB002447";"2026-04-15";"G01839";307;"Restaurant & Bar";45.0
"FB002448";"2026-04-11";"G01839";307;"Restaurant & Bar";54.0
"FB002449";"2026-01-21";"G01840";409;"Restaurant & Bar";84.0
"FB002450";"2026-01-19";"G01840";409;"Restaurant & Bar";44.0
"FB002451";"2026-04-26";"G01841";519;"Room Service";45.0
"FB002452";"2026-04-26";"G01841";519;"Breakfast";37.0
"FB002453";"2026-05-17";"G01842";501;"Restaurant & Bar";60.0
"FB002454";"2026-01-04";"G01843";309;"Breakfast";23.0
"FB002455";"2026-01-08";"G01843";309;"Breakfast";18.0
"FB002456";"2026-01-04";"G01843";309;"Restaurant & Bar";58.0
"FB002457";"2026-01-03";"G01843";309;"Restaurant & Bar";61.0
"FB002458";"2026-06-30";"G01844";431;"Breakfast";37.0
"FB002459";"2026-06-28";"G01844";431;"Restaurant & Bar";67.0
"FB002460";"2026-05-20";"G01845";133;"Breakfast";22.0
"FB002461";"2026-05-19";"G01845";133;"Restaurant & Bar";102.0
"FB002462";"2026-05-20";"G01845";133;"Restaurant & Bar";106.0
"FB002463";"2026-03-26";"G01846";227;"Restaurant & Bar";38.0
"FB002464";"2026-03-14";"G01848";423;"Restaurant & Bar";34.0
"FB002465";"2026-01-22";"G01849";416;"Room Service";19.0
"FB002466";"2026-05-18";"G01850";301;"Restaurant & Bar";111.0
"FB002467";"2026-01-15";"G01851";223;"Restaurant & Bar";72.0
"FB002468";"2026-01-27";"G01853";310;"Restaurant & Bar";43.0
"FB002469";"2026-01-27";"G01853";310;"Restaurant & Bar";66.0
"FB002470";"2026-02-02";"G01855";306;"Breakfast";33.0
"FB002471";"2026-05-04";"G01856";218;"Room Service";47.0
"FB002472";"2026-01-18";"G01857";225;"Breakfast";28.0
"FB002473";"2026-01-18";"G01857";225;"Restaurant & Bar";87.0
"FB002474";"2026-05-26";"G01858";429;"Breakfast";30.0
"FB002475";"2026-05-25";"G01858";429;"Room Service";29.0
"FB002476";"2026-02-22";"G01859";415;"Restaurant & Bar";82.0
"FB002477";"2026-02-22";"G01859";415;"Breakfast";12.0
"FB002478";"2026-06-25";"G01860";518;"Breakfast";22.0
"FB002479";"2026-06-26";"G01860";518;"Breakfast";29.0
"FB002480";"2026-06-26";"G01860";518;"Restaurant & Bar";73.0
"FB002481";"2026-05-19";"G01863";309;"Room Service";47.0
"FB002482";"2026-05-19";"G01863";309;"Room Service";18.0
"FB002483";"2026-06-28";"G01864";114;"Room Service";41.0
"FB002484";"2026-06-25";"G01864";114;"Restaurant & Bar";66.0
"FB002485";"2026-01-25";"G01865";323;"Restaurant & Bar";91.0
"FB002486";"2026-01-29";"G01865";323;"Restaurant & Bar";110.0
"FB002487";"2026-01-29";"G01865";323;"Room Service";37.0
"FB002488";"2026-02-13";"G01866";323;"Restaurant & Bar";109.0
"FB002489";"2026-02-11";"G01866";323;"Restaurant & Bar";54.0
"FB002490";"2026-02-09";"G01866";323;"Room Service";76.0
"FB002491";"2026-01-08";"G01867";229;"Breakfast";15.0
"FB002492";"2026-04-21";"G01869";105;"Breakfast";36.0
"FB002493";"2026-04-06";"G01870";134;"Restaurant & Bar";108.0
"FB002494";"2026-04-05";"G01870";134;"Breakfast";14.0
"FB002495";"2026-05-26";"G01872";515;"Restaurant & Bar";21.0
"FB002496";"2026-05-27";"G01872";515;"Restaurant & Bar";101.0
"FB002497";"2026-05-27";"G01872";515;"Restaurant & Bar";27.0
"FB002498";"2026-04-11";"G01874";510;"Room Service";28.0
"FB002499";"2026-04-09";"G01874";510;"Restaurant & Bar";75.0
"FB002500";"2026-02-13";"G01875";426;"Restaurant & Bar";70.0
"FB002501";"2026-02-14";"G01875";426;"Restaurant & Bar";66.0
"FB002502";"2026-02-14";"G01875";426;"Breakfast";36.0
"FB002503";"2026-02-13";"G01875";426;"Restaurant & Bar";84.0
"FB002504";"2026-06-25";"G01876";505;"Restaurant & Bar";81.0
"FB002505";"2026-06-09";"G01878";526;"Breakfast";33.0
"FB002506";"2026-06-11";"G01878";526;"Room Service";65.0
"FB002507";"2026-04-06";"G01881";407;"Restaurant & Bar";41.0
"FB002508";"2026-04-05";"G01881";407;"Breakfast";22.0
"FB002509";"2026-04-05";"G01881";407;"Breakfast";20.0
"FB002510";"2026-01-07";"G01882";115;"Room Service";78.0
"FB002511";"2026-01-06";"G01882";115;"Restaurant & Bar";22.0
"FB002512";"2026-01-06";"G01882";115;"Breakfast";14.0
"FB002513";"2026-03-05";"G01885";523;"Restaurant & Bar";73.0
"FB002514";"2026-05-07";"G01886";323;"Room Service";19.0
"FB002515";"2026-05-08";"G01886";323;"Breakfast";32.0
"FB002516";"2026-05-17";"G01887";323;"Breakfast";28.0
"FB002517";"2026-01-13";"G01888";329;"Breakfast";19.0
"FB002518";"2026-01-10";"G01888";329;"Breakfast";35.0
"FB002519";"2026-01-11";"G01888";329;"Restaurant & Bar";70.0
"FB002520";"2026-01-31";"G01889";131;"Restaurant & Bar";26.0
"FB002521";"2026-01-29";"G01889";131;"Room Service";41.0
"FB002522";"2026-01-30";"G01889";131;"Restaurant & Bar";88.0
"FB002523";"2026-06-20";"G01890";234;"Breakfast";35.0
"FB002524";"2026-05-29";"G01892";315;"Breakfast";10.0
"FB002525";"2026-05-19";"G01894";329;"Restaurant & Bar";107.0
"FB002526";"2026-05-19";"G01894";329;"Restaurant & Bar";106.0
"FB002527";"2026-01-06";"G01895";112;"Breakfast";35.0
"FB002528";"2026-01-07";"G01895";112;"Breakfast";29.0
"FB002529";"2026-01-06";"G01895";112;"Breakfast";28.0
"FB002530";"2026-01-07";"G01895";112;"Restaurant & Bar";103.0
"FB002531";"2026-05-19";"G01897";405;"Breakfast";19.0
"FB002532";"2026-05-20";"G01897";405;"Room Service";55.0
"FB002533";"2026-05-20";"G01897";405;"Room Service";62.0
"FB002534";"2026-05-20";"G01897";405;"Restaurant & Bar";85.0
"FB002535";"2026-02-21";"G01900";302;"Breakfast";15.0
"FB002536";"2026-04-09";"G01901";114;"Restaurant & Bar";91.0
"FB002537";"2026-04-11";"G01901";114;"Restaurant & Bar";48.0
"FB002538";"2026-06-01";"G01902";126;"Restaurant & Bar";65.0
"FB002539";"2026-06-04";"G01902";126;"Room Service";66.0
"FB002540";"2026-06-04";"G01902";126;"Room Service";81.0
"FB002541";"2026-06-04";"G01902";126;"Breakfast";32.0
"FB002542";"2026-06-13";"G01906";304;"Breakfast";37.0
"FB002543";"2026-01-09";"G01908";419;"Room Service";35.0
"FB002544";"2026-01-11";"G01908";419;"Breakfast";35.0
"FB002545";"2026-01-09";"G01908";419;"Restaurant & Bar";68.0
"FB002546";"2026-04-13";"G01910";326;"Room Service";38.0
"FB002547";"2026-04-13";"G01910";326;"Restaurant & Bar";85.0
"FB002548";"2026-04-11";"G01910";326;"Restaurant & Bar";23.0
"FB002549";"2026-04-02";"G01911";223;"Breakfast";37.0
"FB002550";"2026-05-17";"G01912";419;"Room Service";70.0
"FB002551";"2026-05-13";"G01914";228;"Room Service";40.0
"FB002552";"2026-05-05";"G01915";521;"Restaurant & Bar";37.0
"FB002553";"2026-04-12";"G01917";204;"Restaurant & Bar";22.0
"FB002554";"2026-05-09";"G01918";424;"Room Service";69.0
"FB002555";"2026-05-09";"G01918";424;"Restaurant & Bar";95.0
"FB002556";"2026-05-10";"G01918";424;"Restaurant & Bar";41.0
"FB002557";"2026-05-30";"G01919";218;"Restaurant & Bar";37.0
"FB002558";"2026-01-23";"G01922";409;"Room Service";18.0
"FB002559";"2026-03-10";"G01923";515;"Restaurant & Bar";21.0
"FB002560";"2026-03-11";"G01923";515;"Restaurant & Bar";29.0
"FB002561";"2026-03-31";"G01924";223;"Breakfast";31.0
"FB002562";"2026-03-30";"G01924";223;"Room Service";45.0
"FB002563";"2026-04-15";"G01926";105;"Restaurant & Bar";100.0
"FB002564";"2026-04-15";"G01926";105;"Restaurant & Bar";96.0
"FB002565";"2026-06-10";"G01927";422;"Breakfast";37.0
"FB002566";"2026-06-11";"G01927";422;"Breakfast";34.0
"FB002567";"2026-06-08";"G01927";422;"Restaurant & Bar";114.0
"FB002568";"2026-06-12";"G01927";422;"Breakfast";28.0
"FB002569";"2026-06-10";"G01927";422;"Restaurant & Bar";71.0
"FB002570";"2026-03-12";"G01930";413;"Restaurant & Bar";110.0
"FB002571";"2026-03-11";"G01930";413;"Restaurant & Bar";92.0
"FB002572";"2026-04-10";"G01933";117;"Breakfast";29.0
"FB002573";"2026-04-08";"G01933";117;"Breakfast";16.0
"FB002574";"2026-04-13";"G01934";523;"Restaurant & Bar";89.0
"FB002575";"2026-04-08";"G01934";523;"Room Service";51.0
"FB002576";"2026-06-27";"G01935";215;"Breakfast";32.0
"FB002577";"2026-02-16";"G01936";503;"Breakfast";36.0
"FB002578";"2026-02-14";"G01936";503;"Restaurant & Bar";94.0
"FB002579";"2026-02-19";"G01936";503;"Room Service";82.0
"FB002580";"2026-02-07";"G01937";309;"Restaurant & Bar";112.0
"FB002581";"2026-02-07";"G01937";309;"Breakfast";30.0
"FB002582";"2026-02-04";"G01937";309;"Restaurant & Bar";54.0
"FB002583";"2026-01-31";"G01939";324;"Restaurant & Bar";22.0
"FB002584";"2026-02-02";"G01939";324;"Restaurant & Bar";50.0
"FB002585";"2026-02-02";"G01939";324;"Restaurant & Bar";110.0
"FB002586";"2026-01-31";"G01939";324;"Restaurant & Bar";101.0
"FB002587";"2026-06-20";"G01940";513;"Restaurant & Bar";37.0
"FB002588";"2026-03-20";"G01941";229;"Breakfast";21.0
"FB002589";"2026-03-17";"G01941";229;"Room Service";83.0
"FB002590";"2026-05-06";"G01944";226;"Breakfast";37.0
"FB002591";"2026-03-20";"G01946";234;"Breakfast";29.0
"FB002592";"2026-03-19";"G01946";234;"Room Service";66.0
"FB002593";"2026-03-20";"G01946";234;"Restaurant & Bar";59.0
"FB002594";"2026-06-04";"G01947";107;"Restaurant & Bar";26.0
"FB002595";"2026-06-02";"G01947";107;"Breakfast";37.0
"FB002596";"2026-01-08";"G01948";221;"Restaurant & Bar";96.0
"FB002597";"2026-01-09";"G01948";221;"Restaurant & Bar";83.0
"FB002598";"2026-01-09";"G01948";221;"Restaurant & Bar";78.0
"FB002599";"2026-04-03";"G01950";422;"Restaurant & Bar";19.0
"FB002600";"2026-04-04";"G01950";422;"Restaurant & Bar";51.0
"FB002601";"2026-01-23";"G01951";324;"Breakfast";38.0
"FB002602";"2026-02-16";"G01952";213;"Restaurant & Bar";67.0
"FB002603";"2026-03-23";"G01957";412;"Breakfast";32.0
"FB002604";"2026-03-29";"G01961";423;"Restaurant & Bar";50.0
"FB002605";"2026-03-29";"G01961";423;"Breakfast";33.0
"FB002606";"2026-03-30";"G01961";423;"Restaurant & Bar";19.0
"FB002607";"2026-01-22";"G01966";213;"Restaurant & Bar";64.0
"FB002608";"2026-01-21";"G01966";213;"Restaurant & Bar";34.0
"FB002609";"2026-01-21";"G01966";213;"Breakfast";21.0
"FB002610";"2026-01-22";"G01966";213;"Restaurant & Bar";112.0
"FB002611";"2026-01-21";"G01966";213;"Restaurant & Bar";77.0
"FB002612";"2026-05-25";"G01969";227;"Restaurant & Bar";26.0
"FB002613";"2026-04-25";"G01974";108;"Restaurant & Bar";70.0
"FB002614";"2026-03-18";"G01975";522;"Restaurant & Bar";72.0
"FB002615";"2026-06-19";"G01976";129;"Room Service";51.0
"FB002616";"2026-06-20";"G01976";129;"Breakfast";13.0
"FB002617";"2026-06-19";"G01976";129;"Breakfast";27.0
"FB002618";"2026-05-25";"G01978";110;"Restaurant & Bar";35.0
"FB002619";"2026-03-27";"G01979";230;"Restaurant & Bar";44.0
"FB002620";"2026-03-25";"G01980";116;"Breakfast";33.0
"FB002621";"2026-03-24";"G01980";116;"Restaurant & Bar";20.0
"FB002622";"2026-05-08";"G01981";225;"Restaurant & Bar";107.0
"FB002623";"2026-05-08";"G01981";225;"Breakfast";32.0
"FB002624";"2026-05-09";"G01982";226;"Restaurant & Bar";56.0
"FB002625";"2026-04-26";"G01983";320;"Restaurant & Bar";51.0
"FB002626";"2026-04-26";"G01983";320;"Breakfast";18.0
"FB002627";"2026-04-26";"G01983";320;"Restaurant & Bar";95.0
"FB002628";"2026-04-25";"G01983";320;"Restaurant & Bar";75.0
"FB002629";"2026-04-26";"G01983";320;"Room Service";64.0
"FB002630";"2026-02-05";"G01985";316;"Breakfast";18.0
"FB002631";"2026-02-04";"G01985";316;"Breakfast";26.0
"FB002632";"2026-02-04";"G01985";316;"Restaurant & Bar";89.0
"FB002633";"2026-04-26";"G01988";112;"Room Service";28.0
"FB002634";"2026-03-10";"G01989";327;"Breakfast";27.0
"FB002635";"2026-03-08";"G01989";327;"Restaurant & Bar";96.0
"FB002636";"2026-03-10";"G01989";327;"Restaurant & Bar";49.0
"FB002637";"2026-03-10";"G01989";327;"Restaurant & Bar";89.0
"FB002638";"2026-03-08";"G01989";327;"Breakfast";16.0
"FB002639";"2026-06-05";"G01991";330;"Restaurant & Bar";88.0
"FB002640";"2026-06-08";"G01991";330;"Restaurant & Bar";56.0
"FB002641";"2026-02-04";"G01992";427;"Restaurant & Bar";57.0
"FB002642";"2026-02-08";"G01992";427;"Room Service";77.0
"FB002643";"2026-03-29";"G01994";410;"Restaurant & Bar";27.0
"FB002644";"2026-01-22";"G01996";330;"Room Service";81.0
"FB002645";"2026-01-21";"G01997";332;"Breakfast";17.0
"FB002646";"2026-05-06";"G01998";520;"Breakfast";15.0
"FB002647";"2026-02-06";"G01999";517;"Restaurant & Bar";82.0
"FB002648";"2026-02-08";"G01999";517;"Restaurant & Bar";44.0
"FB002649";"2026-02-06";"G01999";517;"Restaurant & Bar";65.0
"FB002650";"2026-02-07";"G01999";517;"Restaurant & Bar";57.0
"FB002651";"2026-03-12";"G02001";501;"Restaurant & Bar";43.0
"FB002652";"2026-03-15";"G02001";501;"Breakfast";21.0
"FB002653";"2026-03-13";"G02001";501;"Restaurant & Bar";25.0
"FB002654";"2026-01-08";"G02004";511;"Restaurant & Bar";70.0
"FB002655";"2026-01-08";"G02004";511;"Room Service";28.0
"FB002656";"2026-05-12";"G02005";214;"Restaurant & Bar";86.0
"FB002657";"2026-05-11";"G02005";214;"Restaurant & Bar";102.0
"FB002658";"2026-05-10";"G02005";214;"Breakfast";15.0
"FB002659";"2026-06-22";"G02006";429;"Breakfast";22.0
"FB002660";"2026-06-22";"G02006";429;"Breakfast";11.0
"FB002661";"2026-05-05";"G02008";425;"Restaurant & Bar";37.0
"FB002662";"2026-05-14";"G02009";117;"Restaurant & Bar";47.0
"FB002663";"2026-05-12";"G02009";117;"Restaurant & Bar";79.0
"FB002664";"2026-05-12";"G02009";117;"Breakfast";25.0
"FB002665";"2026-03-03";"G02011";110;"Breakfast";27.0
"FB002666";"2026-03-05";"G02011";110;"Room Service";85.0
"FB002667";"2026-03-18";"G02012";116;"Restaurant & Bar";107.0
"FB002668";"2026-03-19";"G02012";116;"Restaurant & Bar";68.0
"FB002669";"2026-03-19";"G02012";116;"Restaurant & Bar";70.0
"FB002670";"2026-01-24";"G02013";314;"Restaurant & Bar";69.0
"FB002671";"2026-01-24";"G02013";314;"Restaurant & Bar";20.0
"FB002672";"2026-01-23";"G02017";532;"Room Service";29.0
"FB002673";"2026-01-23";"G02017";532;"Restaurant & Bar";91.0
"FB002674";"2026-01-23";"G02017";532;"Restaurant & Bar";26.0
"FB002675";"2026-02-07";"G02020";230;"Breakfast";13.0
"FB002676";"2026-02-21";"G02021";517;"Breakfast";34.0
"FB002677";"2026-02-22";"G02021";517;"Restaurant & Bar";19.0
"FB002678";"2026-03-05";"G02022";425;"Restaurant & Bar";62.0
"FB002679";"2026-03-06";"G02022";425;"Breakfast";14.0
"FB002680";"2026-06-09";"G02024";321;"Restaurant & Bar";58.0
"FB002681";"2026-01-20";"G02027";332;"Restaurant & Bar";100.0
"FB002682";"2026-03-15";"G02028";313;"Restaurant & Bar";107.0
"FB002683";"2026-03-15";"G02028";313;"Breakfast";17.0
"FB002684";"2026-01-26";"G02031";404;"Breakfast";13.0
"FB002685";"2026-01-27";"G02031";404;"Room Service";82.0
"FB002686";"2026-06-19";"G02032";434;"Room Service";27.0
"FB002687";"2026-06-18";"G02032";434;"Room Service";67.0
"FB002688";"2026-06-19";"G02032";434;"Breakfast";22.0
"FB002689";"2026-06-02";"G02034";405;"Restaurant & Bar";29.0
"FB002690";"2026-06-03";"G02034";405;"Room Service";20.0
"FB002691";"2026-05-18";"G02035";404;"Room Service";61.0
"FB002692";"2026-05-17";"G02035";404;"Restaurant & Bar";55.0
"FB002693";"2026-06-19";"G02036";427;"Breakfast";14.0
"FB002694";"2026-06-19";"G02036";427;"Restaurant & Bar";29.0
"FB002695";"2026-05-24";"G02037";334;"Breakfast";28.0
"FB002696";"2026-05-05";"G02038";224;"Restaurant & Bar";73.0
"FB002697";"2026-05-06";"G02038";224;"Restaurant & Bar";22.0
"FB002698";"2026-05-17";"G02039";203;"Breakfast";35.0
"FB002699";"2026-05-19";"G02039";203;"Room Service";67.0
"FB002700";"2026-01-17";"G02040";433;"Breakfast";36.0
"FB002701";"2026-01-15";"G02040";433;"Restaurant & Bar";62.0
"FB002702";"2026-05-16";"G02041";211;"Room Service";20.0
"FB002703";"2026-05-19";"G02041";211;"Restaurant & Bar";48.0
"FB002704";"2026-05-16";"G02041";211;"Restaurant & Bar";108.0
"FB002705";"2026-02-11";"G02042";206;"Restaurant & Bar";102.0
"FB002706";"2026-02-12";"G02042";206;"Restaurant & Bar";21.0
"FB002707";"2026-02-11";"G02042";206;"Restaurant & Bar";56.0
"FB002708";"2026-01-30";"G02043";309;"Restaurant & Bar";66.0
"FB002709";"2026-02-01";"G02043";309;"Room Service";63.0
"FB002710";"2026-03-16";"G02044";425;"Restaurant & Bar";56.0
"FB002711";"2026-04-24";"G02046";409;"Room Service";49.0
"FB002712";"2026-04-25";"G02046";409;"Restaurant & Bar";112.0
"FB002713";"2026-04-23";"G02046";409;"Room Service";25.0
"FB002714";"2026-03-10";"G02048";403;"Restaurant & Bar";99.0
"FB002715";"2026-04-30";"G02051";512;"Room Service";18.0
"FB002716";"2026-04-30";"G02051";512;"Restaurant & Bar";51.0
"FB002717";"2026-03-08";"G02052";408;"Breakfast";16.0
"FB002718";"2026-03-10";"G02052";408;"Restaurant & Bar";99.0
"FB002719";"2026-03-09";"G02052";408;"Room Service";64.0
"FB002720";"2026-03-09";"G02052";408;"Restaurant & Bar";104.0
"FB002721";"2026-03-09";"G02052";408;"Room Service";59.0
"FB002722";"2026-04-18";"G02053";230;"Room Service";71.0
"FB002723";"2026-04-20";"G02053";230;"Restaurant & Bar";20.0
"FB002724";"2026-02-06";"G02054";407;"Room Service";43.0
"FB002725";"2026-01-29";"G02055";426;"Restaurant & Bar";23.0
"FB002726";"2026-01-28";"G02055";426;"Restaurant & Bar";108.0
"FB002727";"2026-02-08";"G02057";432;"Room Service";30.0
"FB002728";"2026-02-08";"G02057";432;"Breakfast";13.0
"FB002729";"2026-03-22";"G02060";122;"Restaurant & Bar";35.0
"FB002730";"2026-03-21";"G02060";122;"Breakfast";20.0
"FB002731";"2026-03-22";"G02060";122;"Restaurant & Bar";55.0
"FB002732";"2026-03-22";"G02060";122;"Breakfast";20.0
"FB002733";"2026-03-22";"G02060";122;"Restaurant & Bar";90.0
"FB002734";"2026-06-23";"G02063";430;"Restaurant & Bar";97.0
"FB002735";"2026-02-17";"G02064";325;"Breakfast";32.0
"FB002736";"2026-01-25";"G02065";519;"Restaurant & Bar";62.0
"FB002737";"2026-01-23";"G02065";519;"Restaurant & Bar";47.0
"FB002738";"2026-02-19";"G02066";318;"Restaurant & Bar";57.0
"FB002739";"2026-02-21";"G02066";318;"Breakfast";15.0
"FB002740";"2026-04-06";"G02067";107;"Restaurant & Bar";62.0
"FB002741";"2026-04-08";"G02067";107;"Restaurant & Bar";27.0
"FB002742";"2026-04-02";"G02068";317;"Breakfast";38.0
"FB002743";"2026-04-02";"G02068";317;"Restaurant & Bar";69.0
"FB002744";"2026-05-08";"G02069";425;"Restaurant & Bar";45.0
"FB002745";"2026-05-07";"G02069";425;"Restaurant & Bar";31.0
"FB002746";"2026-05-07";"G02069";425;"Restaurant & Bar";25.0
"FB002747";"2026-05-09";"G02069";425;"Restaurant & Bar";47.0
"FB002748";"2026-04-06";"G02072";121;"Restaurant & Bar";60.0
"FB002749";"2026-04-06";"G02072";121;"Room Service";22.0
"FB002750";"2026-01-11";"G02073";501;"Restaurant & Bar";94.0
"FB002751";"2026-01-13";"G02073";501;"Breakfast";20.0
"FB002752";"2026-04-02";"G02074";115;"Restaurant & Bar";71.0
"FB002753";"2026-04-01";"G02074";115;"Room Service";34.0
"FB002754";"2026-04-01";"G02074";115;"Room Service";51.0
"FB002755";"2026-03-29";"G02075";504;"Restaurant & Bar";98.0
"FB002756";"2026-03-27";"G02075";504;"Restaurant & Bar";43.0
"FB002757";"2026-03-29";"G02075";504;"Room Service";49.0
"FB002758";"2026-05-05";"G02076";114;"Restaurant & Bar";67.0
"FB002759";"2026-06-07";"G02077";306;"Restaurant & Bar";75.0
"FB002760";"2026-06-06";"G02077";306;"Restaurant & Bar";89.0
"FB002761";"2026-06-22";"G02078";405;"Room Service";72.0
"FB002762";"2026-06-21";"G02078";405;"Restaurant & Bar";103.0
"FB002763";"2026-05-11";"G02081";130;"Breakfast";36.0
"FB002764";"2026-05-10";"G02081";130;"Room Service";21.0
"FB002765";"2026-06-28";"G02083";201;"Room Service";49.0
"FB002766";"2026-06-29";"G02083";201;"Restaurant & Bar";40.0
"FB002767";"2026-02-09";"G02084";330;"Restaurant & Bar";34.0
"FB002768";"2026-02-11";"G02084";330;"Restaurant & Bar";26.0
"FB002769";"2026-02-27";"G02086";215;"Breakfast";27.0
"FB002770";"2026-02-26";"G02086";215;"Room Service";73.0
"FB002771";"2026-04-10";"G02087";414;"Breakfast";13.0
"FB002772";"2026-05-01";"G02089";410;"Room Service";21.0
"FB002773";"2026-04-30";"G02089";410;"Breakfast";28.0
"FB002774";"2026-05-02";"G02089";410;"Breakfast";26.0
"FB002775";"2026-04-30";"G02089";410;"Breakfast";24.0
"FB002776";"2026-06-10";"G02090";517;"Breakfast";26.0
"FB002777";"2026-06-10";"G02090";517;"Room Service";50.0
"FB002778";"2026-02-11";"G02091";430;"Breakfast";14.0
"FB002779";"2026-02-08";"G02091";430;"Restaurant & Bar";39.0
"FB002780";"2026-05-31";"G02093";412;"Breakfast";33.0
"FB002781";"2026-04-11";"G02094";419;"Restaurant & Bar";28.0
"FB002782";"2026-01-04";"G02096";109;"Breakfast";30.0
"FB002783";"2026-05-15";"G02097";202;"Restaurant & Bar";93.0
"FB002784";"2026-02-07";"G02100";422;"Room Service";78.0
"FB002785";"2026-02-10";"G02100";422;"Breakfast";24.0
"FB002786";"2026-02-09";"G02100";422;"Restaurant & Bar";22.0
"FB002787";"2026-02-09";"G02100";422;"Restaurant & Bar";75.0
"FB002788";"2026-02-08";"G02100";422;"Restaurant & Bar";82.0
"FB002789";"2026-05-22";"G02101";312;"Breakfast";26.0
"FB002790";"2026-05-22";"G02101";312;"Restaurant & Bar";20.0
"FB002791";"2026-06-11";"G02102";320;"Restaurant & Bar";82.0
"FB002792";"2026-02-26";"G02104";507;"Breakfast";13.0
"FB002793";"2026-02-27";"G02104";507;"Room Service";22.0
"FB002794";"2026-06-07";"G02105";115;"Breakfast";35.0
"FB002795";"2026-06-05";"G02105";115;"Breakfast";11.0
"FB002796";"2026-06-06";"G02105";115;"Breakfast";14.0
"FB002797";"2026-05-21";"G02107";412;"Restaurant & Bar";88.0
"FB002798";"2026-02-03";"G02108";407;"Restaurant & Bar";36.0
"FB002799";"2026-01-19";"G02110";212;"Restaurant & Bar";76.0
"FB002800";"2026-01-20";"G02110";212;"Restaurant & Bar";65.0
"FB002801";"2026-01-19";"G02110";212;"Breakfast";11.0
"FB002802";"2026-01-20";"G02110";212;"Breakfast";24.0
"FB002803";"2026-01-19";"G02110";212;"Breakfast";33.0
"FB002804";"2026-05-20";"G02111";124;"Breakfast";19.0
"FB002805";"2026-05-22";"G02111";124;"Restaurant & Bar";30.0
"FB002806";"2026-05-24";"G02111";124;"Room Service";34.0
"FB002807";"2026-05-21";"G02111";124;"Restaurant & Bar";40.0
"FB002808";"2026-04-11";"G02114";533;"Restaurant & Bar";68.0
"FB002809";"2026-04-11";"G02114";533;"Restaurant & Bar";19.0
"FB002810";"2026-04-11";"G02114";533;"Breakfast";30.0
"FB002811";"2026-05-22";"G02115";326;"Restaurant & Bar";26.0
"FB002812";"2026-06-16";"G02116";207;"Breakfast";11.0
"FB002813";"2026-06-16";"G02116";207;"Restaurant & Bar";86.0
"FB002814";"2026-06-16";"G02116";207;"Breakfast";28.0
"FB002815";"2026-06-14";"G02116";207;"Restaurant & Bar";111.0
"FB002816";"2026-06-16";"G02116";207;"Room Service";79.0
"FB002817";"2026-01-05";"G02117";231;"Breakfast";36.0
"FB002818";"2026-01-03";"G02117";231;"Restaurant & Bar";72.0
"FB002819";"2026-01-05";"G02117";231;"Breakfast";30.0
"FB002820";"2026-04-19";"G02118";122;"Breakfast";32.0
"FB002821";"2026-04-18";"G02118";122;"Restaurant & Bar";92.0
"FB002822";"2026-06-27";"G02119";404;"Restaurant & Bar";72.0
"FB002823";"2026-06-27";"G02119";404;"Restaurant & Bar";73.0
"FB002824";"2026-06-28";"G02119";404;"Restaurant & Bar";86.0
"FB002825";"2026-05-21";"G02121";132;"Restaurant & Bar";82.0
"FB002826";"2026-05-22";"G02121";132;"Restaurant & Bar";35.0
"FB002827";"2026-06-21";"G02125";126;"Room Service";71.0
"FB002828";"2026-06-20";"G02125";126;"Restaurant & Bar";33.0
"FB002829";"2026-01-10";"G02126";203;"Room Service";28.0
"FB002830";"2026-01-11";"G02126";203;"Breakfast";25.0
"FB002831";"2026-01-10";"G02126";203;"Restaurant & Bar";112.0
"FB002832";"2026-04-04";"G02127";119;"Restaurant & Bar";97.0
"FB002833";"2026-04-04";"G02127";119;"Breakfast";14.0
"FB002834";"2026-04-05";"G02127";119;"Restaurant & Bar";103.0
"FB002835";"2026-04-05";"G02127";119;"Breakfast";37.0
"FB002836";"2026-02-10";"G02128";110;"Restaurant & Bar";79.0
"FB002837";"2026-02-08";"G02129";120;"Breakfast";28.0
"FB002838";"2026-02-10";"G02129";120;"Restaurant & Bar";86.0
"FB002839";"2026-05-30";"G02132";521;"Restaurant & Bar";111.0
"FB002840";"2026-05-30";"G02132";521;"Restaurant & Bar";44.0
"FB002841";"2026-01-27";"G02133";428;"Restaurant & Bar";61.0
"FB002842";"2026-01-29";"G02133";428;"Breakfast";22.0
"FB002843";"2026-04-07";"G02135";524;"Restaurant & Bar";41.0
"FB002844";"2026-04-07";"G02135";524;"Breakfast";18.0
"FB002845";"2026-04-06";"G02135";524;"Room Service";28.0
"FB002846";"2026-04-07";"G02135";524;"Room Service";19.0
"FB002847";"2026-04-07";"G02135";524;"Restaurant & Bar";37.0
"FB002848";"2026-03-06";"G02138";214;"Breakfast";22.0
"FB002849";"2026-03-07";"G02138";214;"Restaurant & Bar";38.0
"FB002850";"2026-06-07";"G02140";111;"Breakfast";29.0
"FB002851";"2026-06-06";"G02140";111;"Restaurant & Bar";63.0
"FB002852";"2026-06-07";"G02140";111;"Restaurant & Bar";112.0
"FB002853";"2026-05-19";"G02143";214;"Restaurant & Bar";24.0
"FB002854";"2026-05-18";"G02143";214;"Room Service";58.0
"FB002855";"2026-04-19";"G02144";121;"Restaurant & Bar";70.0
"FB002856";"2026-04-20";"G02144";121;"Restaurant & Bar";68.0
"FB002857";"2026-04-28";"G02145";419;"Restaurant & Bar";89.0
"FB002858";"2026-05-23";"G02146";431;"Restaurant & Bar";32.0
"FB002859";"2026-02-25";"G02147";411;"Restaurant & Bar";48.0
"FB002860";"2026-02-26";"G02147";411;"Restaurant & Bar";84.0
"FB002861";"2026-03-30";"G02149";312;"Restaurant & Bar";96.0
"FB002862";"2026-04-12";"G02150";134;"Restaurant & Bar";112.0
"FB002863";"2026-04-11";"G02150";134;"Restaurant & Bar";50.0
"FB002864";"2026-04-28";"G02152";424;"Breakfast";17.0
"FB002865";"2026-04-26";"G02152";424;"Restaurant & Bar";56.0
"FB002866";"2026-04-27";"G02152";424;"Restaurant & Bar";74.0
"FB002867";"2026-02-17";"G02153";318;"Breakfast";19.0
"FB002868";"2026-02-18";"G02153";318;"Restaurant & Bar";38.0
"FB002869";"2026-05-23";"G02155";319;"Restaurant & Bar";70.0
"FB002870";"2026-05-23";"G02155";319;"Restaurant & Bar";88.0
"FB002871";"2026-05-20";"G02155";319;"Restaurant & Bar";67.0
"FB002872";"2026-01-29";"G02156";133;"Restaurant & Bar";89.0
"FB002873";"2026-01-31";"G02156";133;"Breakfast";31.0
"FB002874";"2026-01-30";"G02156";133;"Room Service";48.0
"FB002875";"2026-04-15";"G02158";120;"Room Service";77.0
"FB002876";"2026-06-16";"G02159";116;"Breakfast";19.0
"FB002877";"2026-06-19";"G02159";116;"Room Service";61.0
"FB002878";"2026-03-14";"G02160";215;"Breakfast";25.0
"FB002879";"2026-03-15";"G02160";215;"Restaurant & Bar";56.0
"FB002880";"2026-03-15";"G02160";215;"Breakfast";29.0
"FB002881";"2026-03-15";"G02160";215;"Breakfast";33.0
"FB002882";"2026-01-25";"G02161";401;"Breakfast";22.0
"FB002883";"2026-01-22";"G02161";401;"Restaurant & Bar";41.0
"FB002884";"2026-01-24";"G02161";401;"Restaurant & Bar";78.0
"FB002885";"2026-01-23";"G02161";401;"Room Service";34.0
"FB002886";"2026-01-23";"G02161";401;"Restaurant & Bar";30.0
"FB002887";"2026-06-29";"G02162";211;"Breakfast";27.0
"FB002888";"2026-06-28";"G02162";211;"Breakfast";24.0
"FB002889";"2026-02-01";"G02163";228;"Breakfast";26.0
"FB002890";"2026-01-31";"G02163";228;"Restaurant & Bar";112.0
"FB002891";"2026-02-01";"G02163";228;"Restaurant & Bar";19.0
"FB002892";"2026-02-01";"G02163";228;"Restaurant & Bar";64.0
"FB002893";"2026-05-29";"G02165";111;"Restaurant & Bar";91.0
"FB002894";"2026-05-28";"G02165";111;"Restaurant & Bar";115.0
"FB002895";"2026-05-17";"G02170";112;"Room Service";41.0
"FB002896";"2026-03-01";"G02172";504;"Breakfast";17.0
"FB002897";"2026-03-02";"G02172";504;"Restaurant & Bar";43.0
"FB002898";"2026-03-02";"G02172";504;"Restaurant & Bar";19.0
"FB002899";"2026-03-01";"G02172";504;"Room Service";72.0
"FB002900";"2026-01-25";"G02173";304;"Room Service";47.0
"FB002901";"2026-01-24";"G02173";304;"Restaurant & Bar";94.0
"FB002902";"2026-03-24";"G02174";330;"Restaurant & Bar";112.0
"FB002903";"2026-03-26";"G02174";330;"Restaurant & Bar";57.0
"FB002904";"2026-03-22";"G02174";330;"Restaurant & Bar";18.0
"FB002905";"2026-01-02";"G02175";209;"Room Service";85.0
"FB002906";"2026-01-03";"G02175";209;"Restaurant & Bar";54.0
"FB002907";"2026-01-02";"G02175";209;"Breakfast";29.0
"FB002908";"2026-03-16";"G02176";129;"Room Service";65.0
"FB002909";"2026-03-16";"G02176";129;"Restaurant & Bar";57.0
"FB002910";"2026-01-08";"G02178";304;"Breakfast";14.0
"FB002911";"2026-01-08";"G02178";304;"Restaurant & Bar";97.0
"FB002912";"2026-06-02";"G02179";324;"Restaurant & Bar";60.0
"FB002913";"2026-03-03";"G02180";222;"Breakfast";18.0
"FB002914";"2026-03-04";"G02180";222;"Room Service";83.0
"FB002915";"2026-03-04";"G02180";222;"Restaurant & Bar";109.0
"FB002916";"2026-03-02";"G02180";222;"Breakfast";20.0
"FB002917";"2026-03-02";"G02180";222;"Restaurant & Bar";74.0
"FB002918";"2026-04-02";"G02181";427;"Breakfast";32.0
"FB002919";"2026-04-02";"G02181";427;"Breakfast";28.0
"FB002920";"2026-04-02";"G02181";427;"Restaurant & Bar";57.0
"FB002921";"2026-05-25";"G02182";514;"Room Service";67.0
"FB002922";"2026-02-03";"G02186";220;"Restaurant & Bar";75.0
"FB002923";"2026-06-13";"G02187";314;"Breakfast";34.0
"FB002924";"2026-06-13";"G02187";314;"Restaurant & Bar";110.0
"FB002925";"2026-06-05";"G02189";303;"Restaurant & Bar";47.0
"FB002926";"2026-06-04";"G02189";303;"Restaurant & Bar";37.0
"FB002927";"2026-06-06";"G02189";303;"Room Service";30.0
"FB002928";"2026-06-04";"G02189";303;"Restaurant & Bar";101.0
"FB002929";"2026-05-20";"G02190";313;"Restaurant & Bar";93.0
"FB002930";"2026-05-19";"G02190";313;"Room Service";53.0
"FB002931";"2026-05-16";"G02190";313;"Restaurant & Bar";94.0
"FB002932";"2026-01-12";"G02191";318;"Room Service";35.0
"FB002933";"2026-01-12";"G02191";318;"Room Service";56.0
"FB002934";"2026-02-21";"G02192";402;"Breakfast";24.0
"FB002935";"2026-02-18";"G02192";402;"Restaurant & Bar";36.0
"FB002936";"2026-03-30";"G02193";326;"Restaurant & Bar";51.0
"FB002937";"2026-03-30";"G02193";326;"Restaurant & Bar";110.0
"FB002938";"2026-03-31";"G02193";326;"Restaurant & Bar";49.0
"FB002939";"2026-03-26";"G02194";410;"Restaurant & Bar";96.0
"FB002940";"2026-03-26";"G02194";410;"Restaurant & Bar";114.0
"FB002941";"2026-06-17";"G02195";325;"Room Service";27.0
"FB002942";"2026-05-01";"G02196";409;"Breakfast";20.0
"FB002943";"2026-04-30";"G02196";409;"Breakfast";24.0
"FB002944";"2026-06-02";"G02198";523;"Restaurant & Bar";103.0
"FB002945";"2026-06-02";"G02198";523;"Restaurant & Bar";52.0
"FB002946";"2026-01-19";"G02199";217;"Restaurant & Bar";45.0
"FB002947";"2026-04-20";"G02200";204;"Restaurant & Bar";69.0
"FB002948";"2026-04-18";"G02200";204;"Restaurant & Bar";39.0
"FB002949";"2026-04-19";"G02200";204;"Restaurant & Bar";54.0
"FB002950";"2026-03-08";"G02201";206;"Restaurant & Bar";73.0
"FB002951";"2026-03-08";"G02201";206;"Room Service";48.0
"FB002952";"2026-03-11";"G02201";206;"Restaurant & Bar";102.0
"FB002953";"2026-03-12";"G02201";206;"Room Service";79.0
"FB002954";"2026-03-18";"G02202";406;"Restaurant & Bar";101.0
"FB002955";"2026-03-19";"G02202";406;"Restaurant & Bar";106.0
"FB002956";"2026-06-15";"G02203";421;"Restaurant & Bar";65.0
"FB002957";"2026-06-14";"G02203";421;"Room Service";57.0
"FB002958";"2026-06-13";"G02203";421;"Breakfast";12.0
"FB002959";"2026-01-23";"G02204";322;"Restaurant & Bar";44.0
"FB002960";"2026-02-01";"G02206";520;"Restaurant & Bar";71.0
"FB002961";"2026-06-24";"G02207";117;"Restaurant & Bar";61.0
"FB002962";"2026-05-11";"G02208";101;"Restaurant & Bar";77.0
"FB002963";"2026-05-05";"G02212";408;"Restaurant & Bar";43.0
"FB002964";"2026-04-15";"G02213";329;"Breakfast";15.0
"FB002965";"2026-04-14";"G02213";329;"Restaurant & Bar";94.0
"FB002966";"2026-05-31";"G02214";407;"Room Service";32.0
"FB002967";"2026-05-29";"G02214";407;"Breakfast";23.0
"FB002968";"2026-06-01";"G02214";407;"Breakfast";27.0
"FB002969";"2026-05-31";"G02214";407;"Restaurant & Bar";76.0
"FB002970";"2026-06-08";"G02215";133;"Restaurant & Bar";34.0
"FB002971";"2026-06-09";"G02215";133;"Room Service";41.0
"FB002972";"2026-04-05";"G02217";101;"Room Service";32.0
"FB002973";"2026-04-29";"G02218";227;"Breakfast";21.0
"FB002974";"2026-04-28";"G02218";227;"Restaurant & Bar";29.0
"FB002975";"2026-04-30";"G02218";227;"Restaurant & Bar";102.0
"FB002976";"2026-04-29";"G02218";227;"Room Service";82.0
"FB002977";"2026-04-30";"G02218";227;"Restaurant & Bar";82.0
"FB002978";"2026-01-03";"G02219";506;"Restaurant & Bar";87.0
"FB002979";"2026-01-03";"G02219";506;"Breakfast";24.0
"FB002980";"2026-05-29";"G02220";125;"Room Service";73.0
"FB002981";"2026-01-28";"G02221";311;"Breakfast";25.0
"FB002982";"2026-02-03";"G02222";317;"Restaurant & Bar";52.0
"FB002983";"2026-02-02";"G02222";317;"Restaurant & Bar";93.0
"FB002984";"2026-06-21";"G02227";314;"Breakfast";12.0
"FB002985";"2026-06-21";"G02227";314;"Restaurant & Bar";32.0
"FB002986";"2026-02-01";"G02229";126;"Room Service";49.0
"FB002987";"2026-01-31";"G02229";126;"Restaurant & Bar";102.0
"FB002988";"2026-04-30";"G02231";420;"Restaurant & Bar";26.0
"FB002989";"2026-04-14";"G02232";302;"Breakfast";27.0
"FB002990";"2026-04-05";"G02233";306;"Breakfast";32.0
"FB002991";"2026-04-04";"G02233";306;"Restaurant & Bar";47.0
"FB002992";"2026-02-26";"G02235";232;"Restaurant & Bar";54.0
"FB002993";"2026-02-27";"G02235";232;"Breakfast";24.0
"FB002994";"2026-02-27";"G02235";232;"Restaurant & Bar";50.0
"FB002995";"2026-04-05";"G02236";404;"Restaurant & Bar";71.0
"FB002996";"2026-04-06";"G02236";404;"Room Service";61.0
"FB002997";"2026-04-07";"G02236";404;"Restaurant & Bar";43.0
"FB002998";"2026-02-25";"G02237";127;"Restaurant & Bar";51.0
"FB002999";"2026-02-27";"G02237";127;"Restaurant & Bar";24.0
"FB003000";"2026-02-27";"G02237";127;"Room Service";47.0
"FB003001";"2026-02-26";"G02237";127;"Room Service";85.0
"FB003002";"2026-04-13";"G02238";309;"Restaurant & Bar";42.0
"FB003003";"2026-04-11";"G02238";309;"Restaurant & Bar";38.0
"FB003004";"2026-04-14";"G02238";309;"Restaurant & Bar";59.0
"FB003005";"2026-04-14";"G02238";309;"Restaurant & Bar";38.0
"FB003006";"2026-04-14";"G02238";309;"Room Service";27.0
"FB003007";"2026-05-07";"G02240";134;"Restaurant & Bar";37.0
"FB003008";"2026-05-08";"G02240";134;"Room Service";70.0
"FB003009";"2026-01-14";"G02241";229;"Breakfast";33.0
"FB003010";"2026-01-14";"G02241";229;"Restaurant & Bar";21.0
"FB003011";"2026-01-17";"G02241";229;"Breakfast";19.0
"FB003012";"2026-01-16";"G02241";229;"Breakfast";37.0
"FB003013";"2026-02-17";"G02242";334;"Breakfast";36.0
"FB003014";"2026-02-17";"G02242";334;"Room Service";82.0
"FB003015";"2026-04-04";"G02244";120;"Room Service";27.0
"FB003016";"2026-04-10";"G02245";113;"Breakfast";17.0
"FB003017";"2026-05-27";"G02248";405;"Restaurant & Bar";40.0
"FB003018";"2026-05-26";"G02248";405;"Restaurant & Bar";115.0
"FB003019";"2026-05-25";"G02248";405;"Restaurant & Bar";54.0
"FB003020";"2026-05-26";"G02248";405;"Room Service";36.0
"FB003021";"2026-05-20";"G02249";132;"Restaurant & Bar";26.0
"FB003022";"2026-05-20";"G02249";132;"Breakfast";24.0
"FB003023";"2026-02-15";"G02250";106;"Restaurant & Bar";96.0
"FB003024";"2026-06-03";"G02251";313;"Breakfast";31.0
"FB003025";"2026-06-06";"G02251";313;"Restaurant & Bar";55.0
"FB003026";"2026-02-17";"G02252";302;"Restaurant & Bar";91.0
"FB003027";"2026-02-23";"G02253";123;"Restaurant & Bar";58.0
"FB003028";"2026-02-24";"G02253";123;"Room Service";25.0
"FB003029";"2026-02-23";"G02253";123;"Restaurant & Bar";103.0
"FB003030";"2026-02-23";"G02253";123;"Breakfast";27.0
"FB003031";"2026-03-30";"G02254";329;"Restaurant & Bar";65.0
"FB003032";"2026-03-30";"G02254";329;"Restaurant & Bar";95.0
"FB003033";"2026-06-18";"G02255";432;"Room Service";79.0
"FB003034";"2026-06-17";"G02255";432;"Breakfast";31.0
"FB003035";"2026-03-20";"G02257";309;"Room Service";50.0
"FB003036";"2026-03-21";"G02257";309;"Breakfast";29.0
"FB003037";"2026-03-20";"G02257";309;"Restaurant & Bar";79.0
"FB003038";"2026-02-21";"G02258";303;"Breakfast";32.0
"FB003039";"2026-02-19";"G02258";303;"Room Service";57.0
"FB003040";"2026-06-15";"G02259";129;"Breakfast";17.0
"FB003041";"2026-06-14";"G02259";129;"Restaurant & Bar";114.0
"FB003042";"2026-03-12";"G02260";120;"Restaurant & Bar";94.0
"FB003043";"2026-03-16";"G02260";120;"Restaurant & Bar";50.0
"FB003044";"2026-06-29";"G02261";114;"Room Service";37.0
"FB003045";"2026-05-27";"G02262";327;"Restaurant & Bar";96.0
"FB003046";"2026-05-25";"G02262";327;"Breakfast";14.0
"FB003047";"2026-05-27";"G02262";327;"Restaurant & Bar";71.0
"FB003048";"2026-06-03";"G02263";414;"Room Service";63.0
"FB003049";"2026-06-03";"G02263";414;"Restaurant & Bar";79.0
"FB003050";"2026-04-28";"G02264";508;"Room Service";28.0
"FB003051";"2026-04-27";"G02264";508;"Breakfast";11.0
"FB003052";"2026-03-13";"G02267";529;"Room Service";56.0
"FB003053";"2026-01-08";"G02268";532;"Restaurant & Bar";35.0
"FB003054";"2026-01-05";"G02268";532;"Breakfast";30.0
"FB003055";"2026-03-20";"G02269";513;"Restaurant & Bar";72.0
"FB003056";"2026-06-25";"G02270";527;"Room Service";52.0
"FB003057";"2026-03-24";"G02272";407;"Restaurant & Bar";72.0
"FB003058";"2026-03-24";"G02272";407;"Breakfast";36.0
"FB003059";"2026-03-25";"G02272";407;"Breakfast";32.0
"FB003060";"2026-03-24";"G02272";407;"Restaurant & Bar";73.0
"FB003061";"2026-05-10";"G02273";117;"Restaurant & Bar";63.0
"FB003062";"2026-05-09";"G02273";117;"Room Service";63.0
"FB003063";"2026-03-18";"G02275";508;"Room Service";35.0
"FB003064";"2026-04-02";"G02276";109;"Restaurant & Bar";27.0
"FB003065";"2026-05-20";"G02277";117;"Room Service";81.0
"FB003066";"2026-05-20";"G02277";117;"Restaurant & Bar";39.0
"FB003067";"2026-05-17";"G02277";117;"Breakfast";15.0
"FB003068";"2026-05-19";"G02277";117;"Breakfast";29.0
"FB003069";"2026-05-17";"G02277";117;"Breakfast";34.0
"FB003070";"2026-04-16";"G02278";213;"Breakfast";23.0
"FB003071";"2026-04-18";"G02278";213;"Room Service";78.0
"FB003072";"2026-05-15";"G02279";323;"Room Service";52.0
"FB003073";"2026-05-03";"G02281";334;"Room Service";49.0
"FB003074";"2026-05-04";"G02281";334;"Restaurant & Bar";96.0
"FB003075";"2026-05-03";"G02281";334;"Restaurant & Bar";49.0
"FB003076";"2026-01-06";"G02283";506;"Restaurant & Bar";63.0
"FB003077";"2026-01-09";"G02283";506;"Room Service";26.0
"FB003078";"2026-01-10";"G02283";506;"Restaurant & Bar";99.0
"FB003079";"2026-05-02";"G02284";319;"Room Service";68.0
"FB003080";"2026-03-25";"G02286";104;"Restaurant & Bar";23.0
"FB003081";"2026-02-18";"G02288";113;"Restaurant & Bar";66.0
"FB003082";"2026-02-18";"G02288";113;"Breakfast";13.0
"FB003083";"2026-04-05";"G02289";303;"Room Service";38.0
"FB003084";"2026-04-04";"G02289";303;"Breakfast";32.0
"FB003085";"2026-04-05";"G02289";303;"Restaurant & Bar";68.0
"FB003086";"2026-04-04";"G02289";303;"Restaurant & Bar";90.0
"FB003087";"2026-05-01";"G02293";425;"Room Service";37.0
"FB003088";"2026-03-27";"G02294";529;"Restaurant & Bar";76.0
"FB003089";"2026-03-26";"G02294";529;"Restaurant & Bar";71.0
"FB003090";"2026-04-28";"G02295";508;"Breakfast";28.0
"FB003091";"2026-04-28";"G02295";508;"Restaurant & Bar";104.0
"FB003092";"2026-05-04";"G02296";504;"Room Service";16.0
"FB003093";"2026-05-04";"G02296";504;"Room Service";67.0
"FB003094";"2026-01-15";"G02297";318;"Restaurant & Bar";64.0
"FB003095";"2026-06-10";"G02298";322;"Restaurant & Bar";37.0
"FB003096";"2026-04-23";"G02299";128;"Breakfast";15.0
"FB003097";"2026-04-23";"G02299";128;"Breakfast";25.0
"FB003098";"2026-04-22";"G02299";128;"Restaurant & Bar";31.0
"FB003099";"2026-02-24";"G02300";501;"Breakfast";15.0
"FB003100";"2026-02-24";"G02300";501;"Restaurant & Bar";27.0
"FB003101";"2026-04-17";"G02301";231;"Restaurant & Bar";49.0
"FB003102";"2026-04-18";"G02301";231;"Breakfast";12.0
"FB003103";"2026-02-18";"G02302";301;"Breakfast";32.0
"FB003104";"2026-03-15";"G02303";432;"Breakfast";30.0
"FB003105";"2026-03-31";"G02304";207;"Restaurant & Bar";84.0
"FB003106";"2026-03-29";"G02304";207;"Restaurant & Bar";104.0
"FB003107";"2026-03-30";"G02304";207;"Restaurant & Bar";94.0
"FB003108";"2026-04-19";"G02305";425;"Breakfast";16.0
"FB003109";"2026-04-18";"G02305";425;"Room Service";20.0
"FB003110";"2026-05-06";"G02306";229;"Breakfast";25.0
"FB003111";"2026-05-07";"G02306";229;"Restaurant & Bar";70.0
"FB003112";"2026-05-07";"G02306";229;"Restaurant & Bar";72.0
"FB003113";"2026-05-03";"G02306";229;"Restaurant & Bar";58.0
"FB003114";"2026-05-04";"G02306";229;"Restaurant & Bar";38.0
"FB003115";"2026-03-09";"G02308";202;"Restaurant & Bar";105.0
"FB003116";"2026-02-12";"G02309";527;"Restaurant & Bar";28.0
"FB003117";"2026-02-10";"G02309";527;"Room Service";79.0
"FB003118";"2026-05-03";"G02311";327;"Restaurant & Bar";21.0
"FB003119";"2026-05-10";"G02312";131;"Room Service";49.0
"FB003120";"2026-05-10";"G02312";131;"Restaurant & Bar";108.0
"FB003121";"2026-05-11";"G02312";131;"Room Service";53.0
"FB003122";"2026-03-14";"G02313";407;"Room Service";81.0
"FB003123";"2026-03-14";"G02313";407;"Restaurant & Bar";36.0
"FB003124";"2026-03-01";"G02314";125;"Room Service";83.0
"FB003125";"2026-03-01";"G02314";125;"Breakfast";29.0
"FB003126";"2026-03-02";"G02314";125;"Breakfast";26.0
"FB003127";"2026-03-03";"G02314";125;"Restaurant & Bar";22.0
"FB003128";"2026-01-05";"G02317";122;"Restaurant & Bar";49.0
"FB003129";"2026-01-04";"G02317";122;"Breakfast";31.0
"FB003130";"2026-01-05";"G02317";122;"Restaurant & Bar";107.0
"FB003131";"2026-03-13";"G02321";104;"Breakfast";20.0
"FB003132";"2026-03-14";"G02321";104;"Room Service";73.0
"FB003133";"2026-02-07";"G02322";312;"Restaurant & Bar";107.0
"FB003134";"2026-02-08";"G02322";312;"Room Service";52.0
"FB003135";"2026-04-19";"G02323";221;"Restaurant & Bar";87.0
"FB003136";"2026-04-20";"G02323";221;"Breakfast";16.0
"FB003137";"2026-04-20";"G02323";221;"Restaurant & Bar";58.0
"FB003138";"2026-03-29";"G02324";229;"Room Service";77.0
"FB003139";"2026-03-28";"G02324";229;"Restaurant & Bar";104.0
"FB003140";"2026-03-28";"G02324";229;"Restaurant & Bar";95.0
"FB003141";"2026-01-30";"G02325";212;"Breakfast";34.0
"FB003142";"2026-03-18";"G02327";204;"Breakfast";36.0
"FB003143";"2026-03-17";"G02327";204;"Restaurant & Bar";22.0
"FB003144";"2026-03-18";"G02327";204;"Breakfast";18.0
"FB003145";"2026-03-18";"G02327";204;"Restaurant & Bar";41.0
"FB003146";"2026-01-30";"G02328";108;"Room Service";41.0
"FB003147";"2026-05-21";"G02330";320;"Breakfast";27.0
"FB003148";"2026-05-21";"G02330";320;"Room Service";72.0
"FB003149";"2026-02-11";"G02331";514;"Restaurant & Bar";27.0
"FB003150";"2026-02-27";"G02334";204;"Room Service";16.0
"FB003151";"2026-01-16";"G02336";524;"Room Service";18.0
"FB003152";"2026-01-19";"G02336";524;"Restaurant & Bar";22.0
"FB003153";"2026-01-15";"G02336";524;"Room Service";47.0
"FB003154";"2026-03-01";"G02337";531;"Restaurant & Bar";113.0
"FB003155";"2026-03-04";"G02337";531;"Room Service";80.0
"FB003156";"2026-03-03";"G02337";531;"Room Service";33.0
"FB003157";"2026-05-30";"G02338";219;"Room Service";55.0
"FB003158";"2026-03-17";"G02340";127;"Restaurant & Bar";51.0
"FB003159";"2026-01-03";"G02341";533;"Room Service";59.0
"FB003160";"2026-01-05";"G02341";533;"Restaurant & Bar";97.0
"FB003161";"2026-05-30";"G02342";517;"Breakfast";13.0
"FB003162";"2026-05-30";"G02342";517;"Restaurant & Bar";34.0
"FB003163";"2026-01-21";"G02343";422;"Restaurant & Bar";111.0
"FB003164";"2026-01-31";"G02345";508;"Restaurant & Bar";45.0
"FB003165";"2026-01-31";"G02345";508;"Room Service";75.0
"FB003166";"2026-02-02";"G02345";508;"Restaurant & Bar";42.0
"FB003167";"2026-05-02";"G02347";428;"Breakfast";33.0
"FB003168";"2026-05-01";"G02347";428;"Restaurant & Bar";64.0
"FB003169";"2026-02-03";"G02348";433;"Restaurant & Bar";54.0
"FB003170";"2026-01-22";"G02349";212;"Restaurant & Bar";57.0
"FB003171";"2026-01-23";"G02349";212;"Restaurant & Bar";110.0
"FB003172";"2026-01-28";"G02349";212;"Room Service";73.0
"FB003173";"2026-01-23";"G02349";212;"Breakfast";10.0
"FB003174";"2026-01-23";"G02349";212;"Restaurant & Bar";22.0
"FB003175";"2026-03-26";"G02350";229;"Room Service";74.0
"FB003176";"2026-03-25";"G02350";229;"Restaurant & Bar";19.0
"FB003177";"2026-03-25";"G02350";229;"Breakfast";22.0
"FB003178";"2026-03-25";"G02350";229;"Breakfast";13.0
"FB003179";"2026-03-26";"G02350";229;"Restaurant & Bar";98.0
"FB003180";"2026-02-15";"G02352";132;"Restaurant & Bar";87.0
"FB003181";"2026-02-15";"G02352";132;"Restaurant & Bar";21.0
"FB003182";"2026-02-14";"G02352";132;"Room Service";84.0
"FB003183";"2026-06-13";"G02353";209;"Restaurant & Bar";104.0
"FB003184";"2026-06-13";"G02353";209;"Restaurant & Bar";59.0
"FB003185";"2026-06-15";"G02353";209;"Breakfast";34.0
"FB003186";"2026-01-26";"G02354";319;"Breakfast";17.0
"FB003187";"2026-03-03";"G02355";320;"Breakfast";27.0
"FB003188";"2026-03-02";"G02355";320;"Breakfast";11.0
"FB003189";"2026-03-03";"G02355";320;"Restaurant & Bar";68.0
"FB003190";"2026-05-15";"G02357";114;"Restaurant & Bar";31.0
"FB003191";"2026-05-15";"G02357";114;"Restaurant & Bar";58.0
"FB003192";"2026-04-05";"G02358";513;"Breakfast";30.0
"FB003193";"2026-04-06";"G02358";513;"Breakfast";34.0
"FB003194";"2026-04-04";"G02358";513;"Restaurant & Bar";78.0
"FB003195";"2026-02-08";"G02359";204;"Room Service";32.0
"FB003196";"2026-06-10";"G02360";332;"Room Service";61.0
"FB003197";"2026-06-07";"G02360";332;"Breakfast";34.0
"FB003198";"2026-05-26";"G02361";108;"Breakfast";38.0
"FB003199";"2026-04-04";"G02362";105;"Breakfast";18.0
"FB003200";"2026-04-05";"G02362";105;"Restaurant & Bar";84.0
"FB003201";"2026-04-04";"G02362";105;"Restaurant & Bar";55.0
"FB003202";"2026-04-24";"G02366";106;"Breakfast";19.0
"FB003203";"2026-04-23";"G02366";106;"Restaurant & Bar";71.0
"FB003204";"2026-04-24";"G02366";106;"Breakfast";30.0
"FB003205";"2026-01-17";"G02367";314;"Restaurant & Bar";90.0
"FB003206";"2026-01-17";"G02367";314;"Restaurant & Bar";22.0
"FB003207";"2026-01-18";"G02367";314;"Breakfast";29.0
"FB003208";"2026-01-19";"G02367";314;"Room Service";76.0
"FB003209";"2026-01-16";"G02367";314;"Restaurant & Bar";49.0
"FB003210";"2026-05-09";"G02368";112;"Restaurant & Bar";21.0
"FB003211";"2026-06-07";"G02370";404;"Restaurant & Bar";54.0
"FB003212";"2026-06-07";"G02370";404;"Restaurant & Bar";21.0
"FB003213";"2026-06-26";"G02371";421;"Room Service";54.0
"FB003214";"2026-02-23";"G02374";434;"Breakfast";17.0
"FB003215";"2026-04-18";"G02375";312;"Restaurant & Bar";59.0
"FB003216";"2026-04-18";"G02375";312;"Restaurant & Bar";88.0
"FB003217";"2026-02-15";"G02376";511;"Breakfast";29.0
"FB003218";"2026-02-13";"G02376";511;"Breakfast";35.0
"FB003219";"2026-01-05";"G02377";520;"Breakfast";28.0
"FB003220";"2026-01-06";"G02377";520;"Restaurant & Bar";27.0
"FB003221";"2026-04-17";"G02379";314;"Restaurant & Bar";104.0
"FB003222";"2026-05-26";"G02380";227;"Restaurant & Bar";44.0
"FB003223";"2026-05-25";"G02380";227;"Room Service";57.0
"FB003224";"2026-05-26";"G02380";227;"Breakfast";31.0
"FB003225";"2026-03-14";"G02381";424;"Restaurant & Bar";36.0
"FB003226";"2026-03-14";"G02381";424;"Restaurant & Bar";54.0
"FB003227";"2026-03-15";"G02381";424;"Restaurant & Bar";23.0
"FB003228";"2026-03-12";"G02381";424;"Breakfast";12.0
"FB003229";"2026-04-15";"G02383";325;"Restaurant & Bar";112.0
"FB003230";"2026-04-16";"G02383";325;"Breakfast";24.0
"FB003231";"2026-04-15";"G02383";325;"Breakfast";21.0
"FB003232";"2026-04-16";"G02383";325;"Breakfast";37.0
"FB003233";"2026-04-16";"G02383";325;"Restaurant & Bar";42.0
"FB003234";"2026-05-30";"G02386";532;"Room Service";79.0
"FB003235";"2026-01-29";"G02387";507;"Room Service";67.0
"FB003236";"2026-01-22";"G02387";507;"Room Service";24.0
"FB003237";"2026-03-18";"G02388";110;"Restaurant & Bar";107.0
"FB003238";"2026-06-29";"G02390";320;"Restaurant & Bar";98.0
"FB003239";"2026-06-29";"G02390";320;"Restaurant & Bar";102.0
"FB003240";"2026-06-29";"G02390";320;"Restaurant & Bar";61.0
"FB003241";"2026-06-30";"G02390";320;"Breakfast";31.0
"FB003242";"2026-02-16";"G02391";533;"Restaurant & Bar";29.0
"FB003243";"2026-02-18";"G02391";533;"Restaurant & Bar";37.0
"FB003244";"2026-02-22";"G02392";428;"Breakfast";11.0
"FB003245";"2026-02-23";"G02392";428;"Breakfast";25.0
"FB003246";"2026-06-25";"G02393";227;"Restaurant & Bar";106.0
"FB003247";"2026-01-17";"G02394";109;"Restaurant & Bar";49.0
"FB003248";"2026-01-16";"G02395";321;"Room Service";26.0
"FB003249";"2026-01-13";"G02395";321;"Breakfast";18.0
"FB003250";"2026-01-14";"G02395";321;"Restaurant & Bar";65.0
"FB003251";"2026-01-16";"G02395";321;"Breakfast";24.0
"FB003252";"2026-02-06";"G02396";227;"Restaurant & Bar";68.0
"FB003253";"2026-02-05";"G02396";227;"Restaurant & Bar";40.0
"FB003254";"2026-02-11";"G02397";508;"Restaurant & Bar";106.0
"FB003255";"2026-02-12";"G02397";508;"Restaurant & Bar";110.0
"FB003256";"2026-03-29";"G02398";429;"Breakfast";12.0
"FB003257";"2026-06-30";"G02399";423;"Breakfast";30.0
"FB003258";"2026-02-02";"G02400";218;"Restaurant & Bar";101.0
"FB003259";"2026-02-02";"G02400";218;"Restaurant & Bar";99.0
"FB003260";"2026-02-03";"G02400";218;"Room Service";63.0
"FB003261";"2026-02-02";"G02400";218;"Room Service";42.0
"FB003262";"2026-05-19";"G02401";519;"Breakfast";23.0
"FB003263";"2026-04-09";"G02403";204;"Breakfast";16.0
"FB003264";"2026-04-08";"G02403";204;"Breakfast";24.0
"FB003265";"2026-02-24";"G02404";203;"Restaurant & Bar";85.0
"FB003266";"2026-02-22";"G02404";203;"Breakfast";11.0
"FB003267";"2026-03-03";"G02405";227;"Room Service";31.0
"FB003268";"2026-05-29";"G02406";112;"Room Service";85.0
"FB003269";"2026-05-30";"G02408";216;"Room Service";37.0
"FB003270";"2026-05-29";"G02408";216;"Room Service";25.0
"FB003271";"2026-03-24";"G02409";508;"Breakfast";37.0
"FB003272";"2026-03-19";"G02409";508;"Restaurant & Bar";58.0
"FB003273";"2026-04-09";"G02410";406;"Room Service";31.0
"FB003274";"2026-04-07";"G02410";406;"Restaurant & Bar";51.0
"FB003275";"2026-02-18";"G02412";417;"Restaurant & Bar";28.0
"FB003276";"2026-04-30";"G02414";307;"Restaurant & Bar";89.0
"FB003277";"2026-04-10";"G02415";133;"Room Service";56.0
"FB003278";"2026-04-11";"G02415";133;"Breakfast";20.0
"FB003279";"2026-01-30";"G02416";208;"Breakfast";27.0
"FB003280";"2026-04-19";"G02418";217;"Breakfast";21.0
"FB003281";"2026-05-12";"G02419";217;"Restaurant & Bar";89.0
"FB003282";"2026-06-03";"G02421";332;"Breakfast";11.0
"FB003283";"2026-06-02";"G02421";332;"Restaurant & Bar";81.0
"FB003284";"2026-02-18";"G02422";227;"Room Service";62.0
"FB003285";"2026-05-16";"G02423";317;"Restaurant & Bar";112.0
"FB003286";"2026-05-15";"G02423";317;"Restaurant & Bar";73.0
"FB003287";"2026-05-14";"G02423";317;"Restaurant & Bar";57.0
"FB003288";"2026-04-12";"G02425";231;"Restaurant & Bar";99.0
"FB003289";"2026-02-03";"G02426";206;"Restaurant & Bar";63.0
"FB003290";"2026-05-31";"G02427";421;"Breakfast";19.0
"FB003291";"2026-06-02";"G02427";421;"Breakfast";26.0
"FB003292";"2026-06-02";"G02427";421;"Restaurant & Bar";81.0
"FB003293";"2026-06-01";"G02427";421;"Restaurant & Bar";100.0
"FB003294";"2026-06-02";"G02427";421;"Restaurant & Bar";70.0
"FB003295";"2026-01-11";"G02428";201;"Restaurant & Bar";20.0
"FB003296";"2026-01-10";"G02428";201;"Restaurant & Bar";56.0
"FB003297";"2026-03-23";"G02429";524;"Room Service";77.0
"FB003298";"2026-03-21";"G02429";524;"Breakfast";29.0
"FB003299";"2026-03-21";"G02429";524;"Restaurant & Bar";78.0
"FB003300";"2026-03-24";"G02431";110;"Breakfast";30.0
"FB003301";"2026-01-21";"G02432";430;"Restaurant & Bar";68.0
"FB003302";"2026-04-06";"G02433";524;"Room Service";41.0
"FB003303";"2026-06-11";"G02434";508;"Restaurant & Bar";58.0
"FB003304";"2026-05-12";"G02436";212;"Breakfast";22.0
"FB003305";"2026-04-18";"G02437";332;"Breakfast";22.0
"FB003306";"2026-04-18";"G02437";332;"Restaurant & Bar";91.0
"FB003307";"2026-04-17";"G02437";332;"Restaurant & Bar";68.0
"FB003308";"2026-04-18";"G02437";332;"Breakfast";31.0
"FB003309";"2026-03-13";"G02438";513;"Room Service";63.0
"FB003310";"2026-03-14";"G02438";513;"Restaurant & Bar";58.0
"FB003311";"2026-03-11";"G02438";513;"Restaurant & Bar";104.0
"FB003312";"2026-04-23";"G02439";102;"Room Service";47.0
"FB003313";"2026-04-25";"G02439";102;"Breakfast";29.0
"FB003314";"2026-05-29";"G02441";516;"Restaurant & Bar";112.0
"FB003315";"2026-05-04";"G02446";112;"Restaurant & Bar";65.0
"FB003316";"2026-05-04";"G02446";112;"Breakfast";21.0
"FB003317";"2026-05-04";"G02446";112;"Room Service";49.0
"FB003318";"2026-05-04";"G02446";112;"Breakfast";16.0
"FB003319";"2026-05-04";"G02446";112;"Restaurant & Bar";100.0
"FB003320";"2026-03-11";"G02448";533;"Restaurant & Bar";21.0
"FB003321";"2026-03-11";"G02448";533;"Breakfast";19.0
"FB003322";"2026-01-11";"G02449";515;"Restaurant & Bar";76.0
"FB003323";"2026-01-22";"G02450";225;"Restaurant & Bar";61.0
"FB003324";"2026-01-23";"G02450";225;"Restaurant & Bar";27.0
"FB003325";"2026-03-06";"G02451";315;"Breakfast";37.0
"FB003326";"2026-03-05";"G02451";315;"Restaurant & Bar";70.0
"FB003327";"2026-03-05";"G02451";315;"Breakfast";34.0
"FB003328";"2026-05-14";"G02453";311;"Restaurant & Bar";41.0
"FB003329";"2026-02-02";"G02454";224;"Restaurant & Bar";25.0
"FB003330";"2026-02-02";"G02454";224;"Restaurant & Bar";102.0
"FB003331";"2026-02-02";"G02454";224;"Restaurant & Bar";101.0
"FB003332";"2026-01-10";"G02456";309;"Breakfast";24.0
"FB003333";"2026-05-04";"G02457";217;"Restaurant & Bar";22.0
"FB003334";"2026-06-12";"G02459";323;"Room Service";63.0
"FB003335";"2026-02-24";"G02461";219;"Breakfast";12.0
"FB003336";"2026-02-21";"G02461";219;"Restaurant & Bar";37.0
"FB003337";"2026-01-09";"G02462";323;"Restaurant & Bar";35.0
"FB003338";"2026-01-11";"G02462";323;"Room Service";38.0
"FB003339";"2026-01-12";"G02462";323;"Breakfast";29.0
"FB003340";"2026-06-25";"G02465";411;"Restaurant & Bar";60.0
"FB003341";"2026-02-15";"G02466";121;"Breakfast";20.0
"FB003342";"2026-01-11";"G02468";222;"Restaurant & Bar";104.0
"FB003343";"2026-03-09";"G02469";226;"Restaurant & Bar";112.0
"FB003344";"2026-03-09";"G02469";226;"Restaurant & Bar";83.0
"FB003345";"2026-03-08";"G02469";226;"Restaurant & Bar";20.0
"FB003346";"2026-03-08";"G02469";226;"Room Service";72.0
"FB003347";"2026-03-09";"G02469";226;"Breakfast";14.0
"FB003348";"2026-04-27";"G02470";214;"Restaurant & Bar";92.0
"FB003349";"2026-04-26";"G02470";214;"Breakfast";32.0
"FB003350";"2026-04-27";"G02470";214;"Breakfast";21.0
"FB003351";"2026-04-27";"G02470";214;"Restaurant & Bar";39.0
"FB003352";"2026-04-22";"G02471";221;"Restaurant & Bar";71.0
"FB003353";"2026-04-21";"G02471";221;"Breakfast";29.0
"FB003354";"2026-05-05";"G02472";402;"Restaurant & Bar";25.0
"FB003355";"2026-02-23";"G02473";105;"Restaurant & Bar";88.0
"FB003356";"2026-02-04";"G02474";528;"Room Service";45.0
"FB003357";"2026-02-04";"G02474";528;"Restaurant & Bar";62.0
"FB003358";"2026-02-05";"G02474";528;"Restaurant & Bar";33.0
"FB003359";"2026-01-22";"G02476";108;"Breakfast";26.0
"FB003360";"2026-01-28";"G02478";504;"Restaurant & Bar";47.0
"FB003361";"2026-02-20";"G02482";421;"Room Service";34.0
"FB003362";"2026-02-20";"G02482";421;"Restaurant & Bar";56.0
"FB003363";"2026-02-24";"G02483";118;"Restaurant & Bar";91.0
"FB003364";"2026-02-24";"G02483";118;"Breakfast";17.0
"FB003365";"2026-02-26";"G02483";118;"Room Service";25.0
"FB003366";"2026-05-29";"G02484";316;"Room Service";75.0
"FB003367";"2026-05-17";"G02485";234;"Room Service";49.0
"FB003368";"2026-05-17";"G02485";234;"Restaurant & Bar";26.0
"FB003369";"2026-05-19";"G02486";429;"Restaurant & Bar";79.0
"FB003370";"2026-05-19";"G02486";429;"Restaurant & Bar";78.0
"FB003371";"2026-03-07";"G02488";410;"Room Service";21.0
"FB003372";"2026-03-06";"G02488";410;"Breakfast";13.0
"FB003373";"2026-06-14";"G02489";431;"Room Service";70.0
"FB003374";"2026-06-13";"G02489";431;"Restaurant & Bar";91.0
"FB003375";"2026-06-30";"G02490";520;"Room Service";30.0
"FB003376";"2026-05-26";"G02492";118;"Restaurant & Bar";21.0
"FB003377";"2026-05-24";"G02492";118;"Restaurant & Bar";101.0
"FB003378";"2026-03-01";"G02493";225;"Restaurant & Bar";26.0
"FB003379";"2026-03-01";"G02493";225;"Restaurant & Bar";31.0
"FB003380";"2026-03-01";"G02493";225;"Restaurant & Bar";99.0
"FB003381";"2026-03-02";"G02493";225;"Room Service";76.0
"FB003382";"2026-02-25";"G02497";301;"Room Service";35.0
"FB003383";"2026-01-28";"G02498";310;"Room Service";40.0
"FB003384";"2026-04-28";"G02500";428;"Restaurant & Bar";72.0
"FB003385";"2026-04-27";"G02500";428;"Breakfast";29.0
"FB003386";"2026-04-26";"G02500";428;"Restaurant & Bar";77.0
"FB003387";"2026-03-30";"G02505";429;"Restaurant & Bar";104.0
"FB003388";"2026-03-29";"G02505";429;"Room Service";52.0
"FB003389";"2026-03-30";"G02505";429;"Room Service";52.0
"FB003390";"2026-03-29";"G02505";429;"Breakfast";37.0
"FB003391";"2026-03-24";"G02506";202;"Room Service";48.0
"FB003392";"2026-03-23";"G02506";202;"Breakfast";30.0
"FB003393";"2026-06-03";"G02507";125;"Room Service";74.0
"FB003394";"2026-06-01";"G02507";125;"Restaurant & Bar";44.0
"FB003395";"2026-06-03";"G02507";125;"Restaurant & Bar";21.0
"FB003396";"2026-06-02";"G02507";125;"Restaurant & Bar";95.0
"FB003397";"2026-06-01";"G02507";125;"Room Service";66.0
"FB003398";"2026-04-04";"G02509";313;"Room Service";34.0
"FB003399";"2026-04-04";"G02509";313;"Restaurant & Bar";62.0
"FB003400";"2026-02-05";"G02510";213;"Room Service";15.0
"FB003401";"2026-02-05";"G02510";213;"Breakfast";23.0
"FB003402";"2026-02-04";"G02510";213;"Breakfast";30.0
"FB003403";"2026-02-04";"G02510";213;"Breakfast";30.0
"FB003404";"2026-05-14";"G02511";429;"Breakfast";27.0
"FB003405";"2026-05-10";"G02512";209;"Restaurant & Bar";52.0
"FB003406";"2026-05-07";"G02512";209;"Room Service";69.0
"FB003407";"2026-05-08";"G02512";209;"Restaurant & Bar";38.0
"FB003408";"2026-05-09";"G02512";209;"Breakfast";23.0
"FB003409";"2026-06-15";"G02513";425;"Breakfast";18.0
"FB003410";"2026-06-18";"G02513";425;"Room Service";58.0
"FB003411";"2026-06-26";"G02515";227;"Breakfast";23.0
"FB003412";"2026-06-23";"G02515";227;"Room Service";49.0
"FB003413";"2026-06-26";"G02515";227;"Breakfast";35.0
"FB003414";"2026-01-19";"G02516";211;"Breakfast";36.0
"FB003415";"2026-01-18";"G02516";211;"Restaurant & Bar";92.0
"FB003416";"2026-01-28";"G02517";414;"Restaurant & Bar";59.0
"FB003417";"2026-03-29";"G02518";215;"Restaurant & Bar";97.0
"FB003418";"2026-03-15";"G02519";106;"Restaurant & Bar";77.0
"FB003419";"2026-03-15";"G02519";106;"Breakfast";32.0
"FB003420";"2026-03-17";"G02519";106;"Room Service";42.0
"FB003421";"2026-06-29";"G02520";509;"Restaurant & Bar";36.0
"FB003422";"2026-04-02";"G02521";216;"Restaurant & Bar";101.0
"FB003423";"2026-04-05";"G02521";216;"Restaurant & Bar";19.0
"FB003424";"2026-04-05";"G02521";216;"Breakfast";25.0
"FB003425";"2026-01-08";"G02522";509;"Breakfast";28.0
"FB003426";"2026-01-09";"G02522";509;"Restaurant & Bar";82.0
"FB003427";"2026-02-06";"G02524";534;"Room Service";71.0
"FB003428";"2026-02-06";"G02524";534;"Restaurant & Bar";18.0
"FB003429";"2026-02-05";"G02524";534;"Restaurant & Bar";20.0
"FB003430";"2026-06-06";"G02525";504;"Restaurant & Bar";110.0
"FB003431";"2026-06-05";"G02525";504;"Restaurant & Bar";22.0
"FB003432";"2026-06-06";"G02525";504;"Room Service";64.0
"FB003433";"2026-06-06";"G02525";504;"Restaurant & Bar";99.0
"FB003434";"2026-06-06";"G02525";504;"Restaurant & Bar";65.0
"FB003435";"2026-01-13";"G02526";421;"Room Service";29.0
"FB003436";"2026-01-14";"G02526";421;"Room Service";43.0
"FB003437";"2026-01-13";"G02526";421;"Breakfast";31.0
"FB003438";"2026-01-14";"G02526";421;"Restaurant & Bar";24.0
"FB003439";"2026-01-14";"G02526";421;"Breakfast";29.0
"FB003440";"2026-04-15";"G02528";504;"Breakfast";14.0
"FB003441";"2026-04-15";"G02528";504;"Restaurant & Bar";38.0
"FB003442";"2026-01-10";"G02529";315;"Breakfast";38.0
"FB003443";"2026-01-13";"G02529";315;"Room Service";65.0
"FB003444";"2026-01-13";"G02529";315;"Breakfast";24.0
"FB003445";"2026-01-10";"G02529";315;"Breakfast";29.0
"FB003446";"2026-06-13";"G02530";210;"Room Service";79.0
"FB003447";"2026-06-14";"G02530";210;"Restaurant & Bar";46.0
"FB003448";"2026-04-26";"G02533";120;"Breakfast";11.0
"FB003449";"2026-04-27";"G02533";120;"Room Service";39.0
"FB003450";"2026-04-25";"G02533";120;"Room Service";65.0
"FB003451";"2026-03-17";"G02534";211;"Room Service";20.0
"FB003452";"2026-01-19";"G02535";218;"Restaurant & Bar";47.0
"FB003453";"2026-01-17";"G02535";218;"Restaurant & Bar";112.0
"FB003454";"2026-01-19";"G02535";218;"Restaurant & Bar";34.0
"FB003455";"2026-06-25";"G02537";214;"Restaurant & Bar";52.0
"FB003456";"2026-06-27";"G02537";214;"Restaurant & Bar";91.0
"FB003457";"2026-01-06";"G02539";330;"Restaurant & Bar";111.0
"FB003458";"2026-01-04";"G02539";330;"Breakfast";11.0
"FB003459";"2026-01-04";"G02539";330;"Restaurant & Bar";79.0
"FB003460";"2026-03-29";"G02541";517;"Restaurant & Bar";73.0
"FB003461";"2026-03-29";"G02541";517;"Room Service";18.0
"FB003462";"2026-02-22";"G02542";123;"Restaurant & Bar";103.0
"FB003463";"2026-02-19";"G02542";123;"Room Service";20.0
"FB003464";"2026-06-12";"G02543";110;"Breakfast";24.0
"FB003465";"2026-06-15";"G02543";110;"Room Service";40.0
"FB003466";"2026-05-26";"G02544";215;"Restaurant & Bar";95.0
"FB003467";"2026-05-27";"G02544";215;"Restaurant & Bar";62.0
"FB003468";"2026-03-19";"G02546";205;"Restaurant & Bar";41.0
"FB003469";"2026-03-16";"G02546";205;"Restaurant & Bar";86.0
"FB003470";"2026-03-16";"G02546";205;"Restaurant & Bar";87.0
"FB003471";"2026-03-16";"G02546";205;"Breakfast";33.0
"FB003472";"2026-03-15";"G02546";205;"Room Service";39.0
"FB003473";"2026-02-04";"G02548";201;"Breakfast";34.0
"FB003474";"2026-02-05";"G02548";201;"Breakfast";17.0
"FB003475";"2026-02-04";"G02548";201;"Room Service";17.0
"FB003476";"2026-02-01";"G02548";201;"Restaurant & Bar";30.0
"FB003477";"2026-01-05";"G02551";329;"Room Service";70.0
"FB003478";"2026-04-26";"G02552";103;"Breakfast";28.0
"FB003479";"2026-04-24";"G02552";103;"Restaurant & Bar";95.0
"FB003480";"2026-04-26";"G02552";103;"Restaurant & Bar";27.0
"FB003481";"2026-04-20";"G02553";421;"Restaurant & Bar";77.0
"FB003482";"2026-02-07";"G02554";325;"Breakfast";30.0
"FB003483";"2026-02-07";"G02554";325;"Restaurant & Bar";80.0
"FB003484";"2026-04-27";"G02555";331;"Room Service";76.0
"FB003485";"2026-04-23";"G02555";331;"Breakfast";32.0
"FB003486";"2026-04-24";"G02555";331;"Breakfast";22.0
"FB003487";"2026-04-26";"G02555";331;"Room Service";77.0
"FB003488";"2026-04-16";"G02556";313;"Restaurant & Bar";18.0
"FB003489";"2026-04-19";"G02556";313;"Restaurant & Bar";95.0
"FB003490";"2026-04-14";"G02557";417;"Breakfast";15.0
"FB003491";"2026-05-13";"G02558";315;"Restaurant & Bar";27.0
"FB003492";"2026-05-13";"G02558";315;"Restaurant & Bar";65.0
"FB003493";"2026-05-15";"G02558";315;"Room Service";19.0
"FB003494";"2026-02-08";"G02559";316;"Breakfast";11.0
"FB003495";"2026-03-25";"G02560";434;"Breakfast";13.0
"FB003496";"2026-05-07";"G02565";106;"Room Service";80.0
"FB003497";"2026-05-09";"G02565";106;"Restaurant & Bar";28.0
"FB003498";"2026-05-10";"G02565";106;"Restaurant & Bar";22.0
"FB003499";"2026-03-16";"G02567";134;"Room Service";46.0
"FB003500";"2026-04-15";"G02568";225;"Restaurant & Bar";38.0
"FB003501";"2026-05-14";"G02569";212;"Room Service";64.0
"FB003502";"2026-04-25";"G02570";416;"Room Service";41.0
"FB003503";"2026-04-25";"G02570";416;"Restaurant & Bar";77.0
"FB003504";"2026-04-25";"G02570";416;"Restaurant & Bar";23.0
"FB003505";"2026-04-26";"G02570";416;"Restaurant & Bar";102.0
"FB003506";"2026-04-26";"G02570";416;"Room Service";41.0
"FB003507";"2026-05-20";"G02573";412;"Restaurant & Bar";101.0
"FB003508";"2026-05-20";"G02573";412;"Restaurant & Bar";112.0
"FB003509";"2026-02-14";"G02575";213;"Restaurant & Bar";86.0
"FB003510";"2026-05-09";"G02576";415;"Restaurant & Bar";31.0
"FB003511";"2026-05-07";"G02576";415;"Room Service";45.0
"FB003512";"2026-05-30";"G02577";124;"Restaurant & Bar";35.0
"FB003513";"2026-05-31";"G02577";124;"Room Service";48.0
"FB003514";"2026-05-30";"G02577";124;"Breakfast";11.0
"FB003515";"2026-05-30";"G02577";124;"Restaurant & Bar";62.0
"FB003516";"2026-01-07";"G02578";219;"Restaurant & Bar";113.0
"FB003517";"2026-01-08";"G02578";219;"Restaurant & Bar";49.0
"FB003518";"2026-06-01";"G02579";105;"Breakfast";33.0
"FB003519";"2026-03-07";"G02584";334;"Breakfast";30.0
"FB003520";"2026-03-08";"G02584";334;"Restaurant & Bar";60.0
"FB003521";"2026-03-06";"G02584";334;"Breakfast";34.0
"FB003522";"2026-03-06";"G02584";334;"Restaurant & Bar";110.0
"FB003523";"2026-05-14";"G02586";117;"Restaurant & Bar";77.0
"FB003524";"2026-05-13";"G02586";117;"Restaurant & Bar";38.0
"FB003525";"2026-05-14";"G02586";117;"Restaurant & Bar";86.0
"FB003526";"2026-05-14";"G02586";117;"Room Service";51.0
"FB003527";"2026-05-13";"G02586";117;"Breakfast";24.0
"FB003528";"2026-02-06";"G02588";522;"Room Service";20.0
"FB003529";"2026-02-04";"G02588";522;"Restaurant & Bar";55.0
"FB003530";"2026-02-08";"G02588";522;"Restaurant & Bar";32.0
"FB003531";"2026-02-06";"G02588";522;"Restaurant & Bar";110.0
"FB003532";"2026-02-10";"G02590";326;"Breakfast";24.0
"FB003533";"2026-02-11";"G02590";326;"Breakfast";16.0
"FB003534";"2026-06-09";"G02592";113;"Restaurant & Bar";107.0
"FB003535";"2026-06-25";"G02593";332;"Breakfast";24.0
"FB003536";"2026-06-26";"G02593";332;"Breakfast";16.0
"FB003537";"2026-04-06";"G02594";124;"Room Service";51.0
"FB003538";"2026-04-07";"G02594";124;"Restaurant & Bar";98.0
"FB003539";"2026-06-29";"G02595";305;"Restaurant & Bar";83.0
"FB003540";"2026-06-29";"G02595";305;"Breakfast";24.0
"FB003541";"2026-06-28";"G02595";305;"Breakfast";11.0
"FB003542";"2026-02-15";"G02596";314;"Breakfast";21.0
"FB003543";"2026-06-19";"G02599";502;"Breakfast";36.0
"FB003544";"2026-06-19";"G02599";502;"Restaurant & Bar";59.0
"FB003545";"2026-05-17";"G02600";418;"Restaurant & Bar";21.0
"FB003546";"2026-03-02";"G02601";125;"Breakfast";19.0
"FB003547";"2026-03-03";"G02601";125;"Room Service";35.0
"FB003548";"2026-03-02";"G02601";125;"Breakfast";36.0
"FB003549";"2026-01-07";"G02603";210;"Breakfast";34.0
"FB003550";"2026-01-06";"G02603";210;"Room Service";26.0
"FB003551";"2026-01-05";"G02603";210;"Breakfast";13.0
"FB003552";"2026-01-07";"G02603";210;"Breakfast";10.0
"FB003553";"2026-01-05";"G02603";210;"Restaurant & Bar";61.0
"FB003554";"2026-06-30";"G02604";521;"Restaurant & Bar";58.0
"FB003555";"2026-06-27";"G02604";521;"Restaurant & Bar";43.0
"FB003556";"2026-06-30";"G02604";521;"Room Service";54.0
"FB003557";"2026-06-28";"G02604";521;"Restaurant & Bar";97.0
"FB003558";"2026-03-18";"G02606";510;"Room Service";58.0
"FB003559";"2026-05-05";"G02607";228;"Room Service";63.0
"FB003560";"2026-05-01";"G02607";228;"Room Service";51.0
"FB003561";"2026-02-17";"G02608";107;"Restaurant & Bar";65.0
"FB003562";"2026-02-20";"G02608";107;"Breakfast";35.0
"FB003563";"2026-02-18";"G02608";107;"Restaurant & Bar";53.0
"FB003564";"2026-02-18";"G02608";107;"Restaurant & Bar";37.0
"FB003565";"2026-01-21";"G02610";328;"Breakfast";22.0
"FB003566";"2026-01-20";"G02610";328;"Restaurant & Bar";115.0
"FB003567";"2026-04-15";"G02611";408;"Room Service";30.0
"FB003568";"2026-04-14";"G02611";408;"Restaurant & Bar";73.0
"FB003569";"2026-01-30";"G02615";317;"Breakfast";23.0
"FB003570";"2026-02-10";"G02616";316;"Restaurant & Bar";86.0
"FB003571";"2026-05-02";"G02618";214;"Breakfast";17.0
"FB003572";"2026-05-02";"G02618";214;"Breakfast";12.0
"FB003573";"2026-05-02";"G02618";214;"Restaurant & Bar";110.0
"FB003574";"2026-01-04";"G02621";333;"Breakfast";18.0
"FB003575";"2026-03-11";"G02622";410;"Restaurant & Bar";33.0
"FB003576";"2026-03-12";"G02622";410;"Restaurant & Bar";88.0
"FB003577";"2026-04-02";"G02623";113;"Room Service";53.0
"FB003578";"2026-04-03";"G02623";113;"Restaurant & Bar";20.0
"FB003579";"2026-06-19";"G02624";332;"Room Service";53.0
"FB003580";"2026-06-19";"G02624";332;"Restaurant & Bar";28.0
"FB003581";"2026-05-20";"G02627";506;"Restaurant & Bar";47.0
"FB003582";"2026-05-18";"G02627";506;"Restaurant & Bar";80.0
"FB003583";"2026-05-21";"G02627";506;"Room Service";57.0
"FB003584";"2026-05-29";"G02629";421;"Room Service";24.0
"FB003585";"2026-05-27";"G02630";403;"Restaurant & Bar";21.0
"FB003586";"2026-05-25";"G02630";403;"Restaurant & Bar";85.0
"FB003587";"2026-01-28";"G02631";422;"Room Service";48.0
"FB003588";"2026-01-27";"G02631";422;"Breakfast";15.0
"FB003589";"2026-01-02";"G02632";515;"Restaurant & Bar";113.0
"FB003590";"2026-01-02";"G02632";515;"Room Service";83.0
"FB003591";"2026-01-04";"G02632";515;"Restaurant & Bar";71.0
"FB003592";"2026-03-05";"G02633";233;"Restaurant & Bar";88.0
"FB003593";"2026-03-05";"G02633";233;"Breakfast";16.0
"FB003594";"2026-03-03";"G02633";233;"Restaurant & Bar";65.0
"FB003595";"2026-04-24";"G02635";434;"Breakfast";16.0
"FB003596";"2026-04-24";"G02635";434;"Breakfast";33.0
"FB003597";"2026-04-15";"G02638";514;"Restaurant & Bar";41.0
"FB003598";"2026-04-16";"G02638";514;"Room Service";19.0
"FB003599";"2026-06-09";"G02641";302;"Restaurant & Bar";32.0
"FB003600";"2026-03-28";"G02642";131;"Room Service";40.0
"FB003601";"2026-02-26";"G02643";328;"Room Service";49.0
"FB003602";"2026-04-07";"G02646";517;"Restaurant & Bar";68.0
"FB003603";"2026-04-07";"G02646";517;"Breakfast";11.0
"FB003604";"2026-04-06";"G02646";517;"Restaurant & Bar";45.0
"FB003605";"2026-03-14";"G02647";516;"Restaurant & Bar";83.0
"FB003606";"2026-03-29";"G02648";333;"Restaurant & Bar";24.0
"FB003607";"2026-06-16";"G02649";223;"Breakfast";31.0
"FB003608";"2026-05-27";"G02650";320;"Room Service";18.0
"FB003609";"2026-05-27";"G02650";320;"Room Service";79.0
"FB003610";"2026-06-18";"G02654";106;"Restaurant & Bar";38.0
"FB003611";"2026-06-17";"G02654";106;"Restaurant & Bar";22.0
"FB003612";"2026-02-07";"G02656";420;"Breakfast";29.0
"FB003613";"2026-02-07";"G02656";420;"Breakfast";32.0
"FB003614";"2026-02-07";"G02656";420;"Restaurant & Bar";74.0
"FB003615";"2026-02-08";"G02656";420;"Restaurant & Bar";113.0
"FB003616";"2026-02-06";"G02656";420;"Restaurant & Bar";44.0
"FB003617";"2026-06-01";"G02657";427;"Room Service";46.0
"FB003618";"2026-01-21";"G02659";504;"Restaurant & Bar";101.0
"FB003619";"2026-03-10";"G02661";317;"Breakfast";34.0
"FB003620";"2026-03-10";"G02661";317;"Restaurant & Bar";66.0
"FB003621";"2026-03-10";"G02661";317;"Breakfast";36.0
"FB003622";"2026-03-13";"G02661";317;"Room Service";54.0
"FB003623";"2026-02-07";"G02662";513;"Room Service";84.0
"FB003624";"2026-02-07";"G02662";513;"Restaurant & Bar";55.0
"FB003625";"2026-02-07";"G02662";513;"Restaurant & Bar";61.0
"FB003626";"2026-02-07";"G02662";513;"Restaurant & Bar";63.0
"FB003627";"2026-06-05";"G02663";314;"Room Service";82.0
"FB003628";"2026-06-03";"G02663";314;"Room Service";43.0
"FB003629";"2026-04-11";"G02667";431;"Breakfast";17.0
"FB003630";"2026-05-28";"G02668";320;"Restaurant & Bar";93.0
"FB003631";"2026-03-04";"G02670";119;"Restaurant & Bar";112.0
"FB003632";"2026-03-05";"G02670";119;"Restaurant & Bar";25.0
"FB003633";"2026-05-31";"G02672";429;"Restaurant & Bar";23.0
"FB003634";"2026-02-16";"G02673";212;"Restaurant & Bar";65.0
"FB003635";"2026-02-15";"G02673";212;"Room Service";45.0
"FB003636";"2026-02-15";"G02673";212;"Room Service";76.0
"FB003637";"2026-04-03";"G02675";304;"Breakfast";16.0
"FB003638";"2026-04-30";"G02678";520;"Breakfast";20.0
"FB003639";"2026-01-10";"G02680";111;"Restaurant & Bar";93.0
"FB003640";"2026-01-12";"G02680";111;"Restaurant & Bar";109.0
"FB003641";"2026-04-22";"G02682";329;"Breakfast";14.0
"FB003642";"2026-04-22";"G02682";329;"Restaurant & Bar";56.0
"FB003643";"2026-03-18";"G02685";132;"Room Service";28.0
"FB003644";"2026-03-17";"G02685";132;"Restaurant & Bar";114.0
"FB003645";"2026-03-18";"G02685";132;"Room Service";32.0
"FB003646";"2026-03-17";"G02685";132;"Breakfast";23.0
"FB003647";"2026-03-17";"G02685";132;"Room Service";22.0
"FB003648";"2026-05-23";"G02687";426;"Room Service";83.0
"FB003649";"2026-03-08";"G02688";201;"Breakfast";16.0
"FB003650";"2026-04-14";"G02689";431;"Breakfast";20.0
"FB003651";"2026-04-14";"G02689";431;"Restaurant & Bar";108.0
"FB003652";"2026-04-15";"G02689";431;"Room Service";83.0
"FB003653";"2026-04-11";"G02689";431;"Room Service";43.0
"FB003654";"2026-04-14";"G02689";431;"Restaurant & Bar";23.0
"FB003655";"2026-03-08";"G02691";523;"Restaurant & Bar";98.0
"FB003656";"2026-03-07";"G02691";523;"Room Service";74.0
"FB003657";"2026-02-12";"G02692";520;"Breakfast";25.0
"FB003658";"2026-02-23";"G02693";314;"Restaurant & Bar";46.0
"FB003659";"2026-02-24";"G02693";314;"Breakfast";21.0
"FB003660";"2026-01-12";"G02695";418;"Breakfast";21.0
"FB003661";"2026-01-12";"G02695";418;"Restaurant & Bar";72.0
"FB003662";"2026-01-11";"G02695";418;"Breakfast";23.0
"FB003663";"2026-01-09";"G02695";418;"Restaurant & Bar";49.0
"FB003664";"2026-01-10";"G02695";418;"Restaurant & Bar";89.0
"FB003665";"2026-06-15";"G02696";525;"Room Service";61.0
"FB003666";"2026-02-23";"G02697";311;"Breakfast";31.0
"FB003667";"2026-01-30";"G02698";132;"Restaurant & Bar";96.0
"FB003668";"2026-01-30";"G02698";132;"Breakfast";26.0
"FB003669";"2026-01-29";"G02698";132;"Breakfast";25.0
"FB003670";"2026-01-29";"G02698";132;"Restaurant & Bar";109.0
"FB003671";"2026-05-29";"G02699";233;"Breakfast";13.0
"FB003672";"2026-05-30";"G02699";233;"Breakfast";18.0
"FB003673";"2026-01-24";"G02702";422;"Restaurant & Bar";25.0
"FB003674";"2026-01-21";"G02702";422;"Breakfast";32.0
"FB003675";"2026-01-24";"G02702";422;"Restaurant & Bar";85.0
"FB003676";"2026-05-18";"G02704";131;"Restaurant & Bar";99.0
"FB003677";"2026-05-19";"G02704";131;"Room Service";27.0
"FB003678";"2026-05-19";"G02704";131;"Restaurant & Bar";100.0
"FB003679";"2026-01-27";"G02705";108;"Breakfast";27.0
"FB003680";"2026-01-28";"G02705";108;"Breakfast";25.0
"FB003681";"2026-06-25";"G02709";516;"Breakfast";26.0
"FB003682";"2026-06-20";"G02710";405;"Breakfast";18.0
"FB003683";"2026-06-21";"G02710";405;"Room Service";40.0
"FB003684";"2026-06-20";"G02710";405;"Restaurant & Bar";37.0
"FB003685";"2026-06-21";"G02710";405;"Restaurant & Bar";100.0
"FB003686";"2026-06-21";"G02710";405;"Room Service";51.0
"FB003687";"2026-02-19";"G02714";223;"Restaurant & Bar";62.0
"FB003688";"2026-02-02";"G02716";209;"Restaurant & Bar";22.0
"FB003689";"2026-03-24";"G02717";428;"Room Service";27.0
"FB003690";"2026-01-06";"G02721";226;"Restaurant & Bar";33.0
"FB003691";"2026-05-18";"G02722";233;"Restaurant & Bar";78.0
"FB003692";"2026-03-25";"G02723";216;"Restaurant & Bar";109.0
"FB003693";"2026-03-10";"G02724";234;"Room Service";42.0
"FB003694";"2026-03-14";"G02724";234;"Breakfast";29.0
"FB003695";"2026-03-12";"G02724";234;"Breakfast";26.0
"FB003696";"2026-03-12";"G02724";234;"Breakfast";35.0
"FB003697";"2026-05-08";"G02725";505;"Breakfast";29.0
"FB003698";"2026-05-10";"G02725";505;"Breakfast";16.0
"FB003699";"2026-05-08";"G02725";505;"Restaurant & Bar";97.0
"FB003700";"2026-05-08";"G02725";505;"Restaurant & Bar";79.0
"FB003701";"2026-03-08";"G02726";417;"Room Service";76.0
"FB003702";"2026-04-22";"G02728";415;"Restaurant & Bar";70.0
"FB003703";"2026-04-24";"G02728";415;"Restaurant & Bar";34.0
"FB003704";"2026-02-17";"G02732";514;"Breakfast";38.0
"FB003705";"2026-02-14";"G02732";514;"Breakfast";35.0
"FB003706";"2026-02-17";"G02732";514;"Restaurant & Bar";90.0
"FB003707";"2026-04-11";"G02733";120;"Room Service";31.0
"FB003708";"2026-04-11";"G02733";120;"Breakfast";32.0
"FB003709";"2026-04-11";"G02733";120;"Breakfast";17.0
"FB003710";"2026-04-12";"G02733";120;"Breakfast";25.0
"FB003711";"2026-02-07";"G02735";214;"Breakfast";24.0
"FB003712";"2026-02-07";"G02735";214;"Restaurant & Bar";39.0
"FB003713";"2026-02-05";"G02735";214;"Breakfast";23.0
"FB003714";"2026-02-07";"G02735";214;"Room Service";71.0
"FB003715";"2026-05-07";"G02736";132;"Room Service";38.0
"FB003716";"2026-05-06";"G02736";132;"Restaurant & Bar";85.0
"FB003717";"2026-02-23";"G02738";418;"Room Service";39.0
"FB003718";"2026-06-19";"G02740";417;"Restaurant & Bar";35.0
"FB003719";"2026-06-19";"G02740";417;"Room Service";16.0
"FB003720";"2026-06-18";"G02740";417;"Restaurant & Bar";20.0
"FB003721";"2026-06-19";"G02740";417;"Restaurant & Bar";84.0
"FB003722";"2026-06-19";"G02740";417;"Room Service";51.0
"FB003723";"2026-01-18";"G02741";205;"Breakfast";33.0
"FB003724";"2026-01-18";"G02741";205;"Breakfast";29.0
"FB003725";"2026-01-17";"G02741";205;"Restaurant & Bar";25.0
"FB003726";"2026-05-04";"G02742";519;"Restaurant & Bar";75.0
"FB003727";"2026-05-09";"G02743";223;"Restaurant & Bar";49.0
"FB003728";"2026-05-08";"G02743";223;"Breakfast";15.0
"FB003729";"2026-03-30";"G02744";227;"Breakfast";20.0
"FB003730";"2026-03-30";"G02744";227;"Breakfast";17.0
"FB003731";"2026-03-29";"G02744";227;"Breakfast";15.0
"FB003732";"2026-04-11";"G02745";434;"Restaurant & Bar";29.0
"FB003733";"2026-01-01";"G02747";434;"Breakfast";34.0
"FB003734";"2026-01-04";"G02747";434;"Restaurant & Bar";91.0
"FB003735";"2026-01-02";"G02747";434;"Restaurant & Bar";34.0
"FB003736";"2026-06-23";"G02748";127;"Restaurant & Bar";60.0
"FB003737";"2026-06-04";"G02750";131;"Restaurant & Bar";31.0
"FB003738";"2026-06-06";"G02750";131;"Breakfast";30.0
"FB003739";"2026-03-05";"G02751";226;"Restaurant & Bar";106.0
"FB003740";"2026-02-26";"G02752";115;"Breakfast";23.0
"FB003741";"2026-02-28";"G02752";115;"Breakfast";35.0
"FB003742";"2026-06-23";"G02753";119;"Restaurant & Bar";42.0
"FB003743";"2026-06-16";"G02754";115;"Restaurant & Bar";86.0
"FB003744";"2026-06-13";"G02754";115;"Restaurant & Bar";33.0
"FB003745";"2026-06-15";"G02754";115;"Breakfast";19.0
"FB003746";"2026-03-13";"G02755";404;"Room Service";51.0
"FB003747";"2026-03-14";"G02755";404;"Breakfast";23.0
"FB003748";"2026-03-13";"G02755";404;"Breakfast";28.0
"FB003749";"2026-02-17";"G02758";101;"Breakfast";23.0
"FB003750";"2026-02-19";"G02758";101;"Room Service";84.0
"FB003751";"2026-02-17";"G02758";101;"Restaurant & Bar";87.0
"FB003752";"2026-03-06";"G02759";324;"Breakfast";18.0
"FB003753";"2026-03-06";"G02759";324;"Restaurant & Bar";33.0
"FB003754";"2026-03-06";"G02759";324;"Restaurant & Bar";64.0
"FB003755";"2026-04-27";"G02761";516;"Breakfast";22.0
"FB003756";"2026-02-08";"G02762";122;"Restaurant & Bar";95.0
"FB003757";"2026-03-16";"G02763";529;"Restaurant & Bar";102.0
"FB003758";"2026-03-15";"G02763";529;"Room Service";58.0
"FB003759";"2026-03-17";"G02763";529;"Restaurant & Bar";88.0
"FB003760";"2026-04-07";"G02766";119;"Restaurant & Bar";45.0
"FB003761";"2026-03-27";"G02767";221;"Restaurant & Bar";73.0
"FB003762";"2026-03-29";"G02767";221;"Restaurant & Bar";39.0
"FB003763";"2026-04-03";"G02769";516;"Room Service";58.0
"FB003764";"2026-04-03";"G02769";516;"Room Service";82.0
"FB003765";"2026-03-31";"G02769";516;"Restaurant & Bar";66.0
"FB003766";"2026-06-05";"G02773";330;"Room Service";27.0
"FB003767";"2026-06-06";"G02773";330;"Room Service";75.0
"FB003768";"2026-01-07";"G02774";407;"Restaurant & Bar";33.0
"FB003769";"2026-02-19";"G02775";508;"Restaurant & Bar";61.0
"FB003770";"2026-02-21";"G02775";508;"Restaurant & Bar";95.0
"FB003771";"2026-02-23";"G02775";508;"Restaurant & Bar";50.0
"FB003772";"2026-02-19";"G02775";508;"Restaurant & Bar";29.0
"FB003773";"2026-06-29";"G02776";233;"Restaurant & Bar";23.0
"FB003774";"2026-02-15";"G02780";310;"Restaurant & Bar";60.0
"FB003775";"2026-04-23";"G02781";428;"Breakfast";28.0
"FB003776";"2026-01-30";"G02782";104;"Restaurant & Bar";80.0
"FB003777";"2026-02-01";"G02782";104;"Breakfast";26.0
"FB003778";"2026-05-31";"G02783";524;"Restaurant & Bar";66.0
"FB003779";"2026-06-20";"G02784";307;"Breakfast";23.0
"FB003780";"2026-01-10";"G02785";422;"Room Service";37.0
"FB003781";"2026-01-05";"G02785";422;"Room Service";68.0
"FB003782";"2026-04-19";"G02787";415;"Breakfast";30.0
"FB003783";"2026-04-18";"G02787";415;"Restaurant & Bar";36.0
"FB003784";"2026-06-10";"G02790";320;"Breakfast";32.0
"FB003785";"2026-01-20";"G02791";511;"Room Service";82.0
"FB003786";"2026-01-17";"G02791";511;"Restaurant & Bar";66.0
"FB003787";"2026-01-16";"G02791";511;"Breakfast";36.0
"FB003788";"2026-05-04";"G02793";523;"Restaurant & Bar";92.0
"FB003789";"2026-05-08";"G02793";523;"Room Service";54.0
"FB003790";"2026-02-08";"G02794";522;"Restaurant & Bar";112.0
"FB003791";"2026-02-09";"G02794";522;"Restaurant & Bar";57.0
"FB003792";"2026-02-08";"G02794";522;"Breakfast";22.0
"FB003793";"2026-01-25";"G02797";404;"Restaurant & Bar";80.0
"FB003794";"2026-02-06";"G02799";131;"Breakfast";15.0
"FB003795";"2026-02-06";"G02799";131;"Room Service";54.0
"FB003796";"2026-03-26";"G02800";124;"Restaurant & Bar";107.0
"FB003797";"2026-03-27";"G02800";124;"Restaurant & Bar";70.0
"FB003798";"2026-06-13";"G02802";524;"Restaurant & Bar";68.0
"FB003799";"2026-06-14";"G02802";524;"Restaurant & Bar";102.0
"FB003800";"2026-06-14";"G02802";524;"Restaurant & Bar";102.0
"FB003801";"2026-02-15";"G02807";228;"Breakfast";35.0
"FB003802";"2026-02-14";"G02807";228;"Restaurant & Bar";60.0
"FB003803";"2026-05-29";"G02810";122;"Restaurant & Bar";63.0
"FB003804";"2026-05-28";"G02810";122;"Restaurant & Bar";95.0
"FB003805";"2026-05-29";"G02810";122;"Breakfast";17.0
"FB003806";"2026-01-14";"G02812";334;"Restaurant & Bar";106.0
"FB003807";"2026-05-04";"G02813";425;"Restaurant & Bar";42.0
"FB003808";"2026-05-05";"G02813";425;"Restaurant & Bar";47.0
"FB003809";"2026-05-04";"G02813";425;"Restaurant & Bar";74.0
"FB003810";"2026-05-03";"G02813";425;"Restaurant & Bar";94.0
"FB003811";"2026-05-04";"G02813";425;"Room Service";21.0
"FB003812";"2026-05-16";"G02815";519;"Restaurant & Bar";47.0
"FB003813";"2026-03-29";"G02818";505;"Breakfast";14.0
"FB003814";"2026-03-27";"G02818";505;"Room Service";52.0
"FB003815";"2026-04-11";"G02819";118;"Restaurant & Bar";38.0
"FB003816";"2026-04-11";"G02819";118;"Room Service";78.0
"FB003817";"2026-04-12";"G02819";118;"Breakfast";26.0
"FB003818";"2026-04-09";"G02819";118;"Restaurant & Bar";31.0
"FB003819";"2026-03-14";"G02820";515;"Room Service";17.0
"FB003820";"2026-03-14";"G02820";515;"Room Service";64.0
"FB003821";"2026-03-14";"G02820";515;"Breakfast";22.0
"FB003822";"2026-02-11";"G02821";526;"Room Service";81.0
"FB003823";"2026-02-11";"G02821";526;"Restaurant & Bar";60.0
"FB003824";"2026-05-07";"G02822";218;"Restaurant & Bar";45.0
"FB003825";"2026-05-01";"G02822";218;"Breakfast";13.0
"FB003826";"2026-05-06";"G02822";218;"Room Service";75.0
"FB003827";"2026-05-01";"G02822";218;"Restaurant & Bar";28.0
"FB003828";"2026-05-03";"G02822";218;"Restaurant & Bar";79.0
"FB003829";"2026-05-02";"G02823";519;"Breakfast";23.0
"FB003830";"2026-05-11";"G02824";301;"Restaurant & Bar";65.0
"FB003831";"2026-06-04";"G02825";401;"Restaurant & Bar";111.0
"FB003832";"2026-06-03";"G02825";401;"Room Service";77.0
"FB003833";"2026-04-13";"G02826";420;"Restaurant & Bar";90.0
"FB003834";"2026-04-13";"G02826";420;"Restaurant & Bar";107.0
"FB003835";"2026-05-31";"G02828";331;"Restaurant & Bar";29.0
"FB003836";"2026-05-30";"G02828";331;"Restaurant & Bar";91.0
"FB003837";"2026-01-04";"G02830";509;"Restaurant & Bar";24.0
"FB003838";"2026-01-03";"G02830";509;"Restaurant & Bar";94.0
"FB003839";"2026-01-03";"G02830";509;"Restaurant & Bar";38.0
"FB003840";"2026-05-29";"G02831";531;"Breakfast";28.0
"FB003841";"2026-06-07";"G02840";331;"Room Service";68.0
"FB003842";"2026-06-10";"G02840";331;"Restaurant & Bar";61.0
"FB003843";"2026-01-27";"G02841";428;"Breakfast";29.0
"FB003844";"2026-01-27";"G02841";428;"Restaurant & Bar";110.0
"FB003845";"2026-02-18";"G02843";218;"Room Service";39.0
"FB003846";"2026-05-21";"G02846";122;"Breakfast";36.0
"FB003847";"2026-03-28";"G02847";215;"Restaurant & Bar";27.0
"FB003848";"2026-01-11";"G02848";301;"Restaurant & Bar";20.0
"FB003849";"2026-01-12";"G02848";301;"Breakfast";27.0
"FB003850";"2026-03-17";"G02849";334;"Restaurant & Bar";90.0
"FB003851";"2026-02-05";"G02850";506;"Room Service";36.0
"FB003852";"2026-03-20";"G02852";318;"Breakfast";36.0
"FB003853";"2026-03-20";"G02852";318;"Restaurant & Bar";29.0
"FB003854";"2026-02-03";"G02853";411;"Restaurant & Bar";67.0
"FB003855";"2026-02-03";"G02853";411;"Restaurant & Bar";99.0
"FB003856";"2026-02-02";"G02853";411;"Room Service";38.0
"FB003857";"2026-02-03";"G02853";411;"Restaurant & Bar";99.0
"FB003858";"2026-04-16";"G02854";404;"Restaurant & Bar";105.0
"FB003859";"2026-01-23";"G02856";511;"Restaurant & Bar";92.0
"FB003860";"2026-01-07";"G02857";103;"Restaurant & Bar";34.0
"FB003861";"2026-01-08";"G02857";103;"Restaurant & Bar";109.0
"FB003862";"2026-05-05";"G02858";515;"Room Service";56.0
"FB003863";"2026-05-02";"G02858";515;"Restaurant & Bar";110.0
"FB003864";"2026-01-04";"G02859";109;"Restaurant & Bar";58.0
"FB003865";"2026-01-04";"G02859";109;"Breakfast";23.0
"FB003866";"2026-06-14";"G02861";216;"Restaurant & Bar";35.0
"FB003867";"2026-06-13";"G02861";216;"Restaurant & Bar";60.0
"FB003868";"2026-05-18";"G02862";512;"Restaurant & Bar";49.0
"FB003869";"2026-03-27";"G02864";527;"Breakfast";22.0
"FB003870";"2026-03-26";"G02864";527;"Restaurant & Bar";103.0
"FB003871";"2026-04-13";"G02865";525;"Restaurant & Bar";32.0
"FB003872";"2026-04-18";"G02867";219;"Restaurant & Bar";61.0
"FB003873";"2026-04-18";"G02867";219;"Restaurant & Bar";101.0
"FB003874";"2026-04-19";"G02867";219;"Restaurant & Bar";71.0
"FB003875";"2026-04-20";"G02867";219;"Restaurant & Bar";115.0
"FB003876";"2026-04-04";"G02870";227;"Room Service";60.0
"FB003877";"2026-03-21";"G02871";331;"Restaurant & Bar";98.0
"FB003878";"2026-01-24";"G02873";319;"Room Service";72.0
"FB003879";"2026-01-23";"G02873";319;"Restaurant & Bar";77.0
"FB003880";"2026-05-04";"G02874";201;"Restaurant & Bar";82.0
"FB003881";"2026-05-04";"G02874";201;"Restaurant & Bar";42.0
"FB003882";"2026-03-17";"G02875";430;"Breakfast";16.0
"FB003883";"2026-03-15";"G02875";430;"Breakfast";37.0
"FB003884";"2026-06-04";"G02876";429;"Breakfast";25.0
"FB003885";"2026-03-12";"G02877";323;"Restaurant & Bar";44.0
"FB003886";"2026-06-14";"G02880";110;"Breakfast";20.0
"FB003887";"2026-06-13";"G02880";110;"Restaurant & Bar";100.0
"FB003888";"2026-06-14";"G02880";110;"Breakfast";24.0
"FB003889";"2026-06-12";"G02880";110;"Breakfast";26.0
"FB003890";"2026-06-13";"G02880";110;"Breakfast";30.0
"FB003891";"2026-01-08";"G02882";320;"Breakfast";19.0
"FB003892";"2026-01-08";"G02882";320;"Room Service";40.0
"FB003893";"2026-01-09";"G02882";320;"Restaurant & Bar";89.0
"FB003894";"2026-04-18";"G02884";414;"Breakfast";35.0
"FB003895";"2026-04-18";"G02884";414;"Restaurant & Bar";52.0
"FB003896";"2026-04-22";"G02884";414;"Breakfast";34.0
"FB003897";"2026-02-26";"G02885";434;"Restaurant & Bar";34.0
"FB003898";"2026-04-10";"G02886";134;"Restaurant & Bar";61.0
"FB003899";"2026-03-31";"G02887";419;"Restaurant & Bar";91.0
"FB003900";"2026-06-11";"G02889";133;"Restaurant & Bar";26.0
"FB003901";"2026-06-12";"G02889";133;"Room Service";72.0
"FB003902";"2026-04-27";"G02890";429;"Room Service";45.0
"FB003903";"2026-04-26";"G02890";429;"Breakfast";23.0
"FB003904";"2026-04-25";"G02890";429;"Breakfast";15.0
"FB003905";"2026-01-26";"G02891";509;"Restaurant & Bar";56.0
"FB003906";"2026-01-28";"G02891";509;"Breakfast";35.0
"FB003907";"2026-01-29";"G02891";509;"Restaurant & Bar";29.0
"FB003908";"2026-01-25";"G02891";509;"Restaurant & Bar";105.0
"FB003909";"2026-04-04";"G02893";322;"Room Service";64.0
"FB003910";"2026-06-19";"G02894";132;"Breakfast";22.0
"FB003911";"2026-06-17";"G02894";132;"Restaurant & Bar";45.0
"FB003912";"2026-04-16";"G02895";425;"Restaurant & Bar";89.0
"FB003913";"2026-04-15";"G02895";425;"Breakfast";22.0
"FB003914";"2026-04-14";"G02895";425;"Breakfast";33.0
"FB003915";"2026-04-11";"G02898";411;"Restaurant & Bar";109.0
"FB003916";"2026-04-15";"G02898";411;"Restaurant & Bar";109.0
"FB003917";"2026-04-14";"G02898";411;"Restaurant & Bar";46.0
"FB003918";"2026-04-14";"G02898";411;"Room Service";21.0
"FB003919";"2026-04-13";"G02898";411;"Breakfast";11.0
"FB003920";"2026-03-23";"G02899";225;"Restaurant & Bar";51.0
"FB003921";"2026-04-15";"G02900";411;"Restaurant & Bar";47.0
"FB003922";"2026-04-21";"G02904";308;"Restaurant & Bar";67.0
"FB003923";"2026-04-18";"G02904";308;"Room Service";62.0
"FB003924";"2026-03-23";"G02905";118;"Restaurant & Bar";70.0
"FB003925";"2026-02-24";"G02906";221;"Restaurant & Bar";99.0
"FB003926";"2026-05-09";"G02907";129;"Room Service";71.0
"FB003927";"2026-05-10";"G02907";129;"Room Service";68.0
"FB003928";"2026-05-28";"G02908";428;"Breakfast";19.0
"FB003929";"2026-05-29";"G02908";428;"Room Service";64.0
"FB003930";"2026-06-15";"G02909";507;"Breakfast";23.0
"FB003931";"2026-06-17";"G02909";507;"Restaurant & Bar";43.0
"FB003932";"2026-05-18";"G02910";428;"Breakfast";26.0
"FB003933";"2026-05-07";"G02912";517;"Room Service";45.0
"FB003934";"2026-02-16";"G02913";532;"Room Service";48.0
"FB003935";"2026-02-15";"G02913";532;"Restaurant & Bar";28.0
"FB003936";"2026-01-04";"G02914";510;"Room Service";31.0
"FB003937";"2026-01-03";"G02914";510;"Restaurant & Bar";97.0
"FB003938";"2026-01-04";"G02914";510;"Restaurant & Bar";39.0
"FB003939";"2026-03-25";"G02916";115;"Restaurant & Bar";113.0
"FB003940";"2026-03-23";"G02916";115;"Restaurant & Bar";81.0
"FB003941";"2026-04-28";"G02920";423;"Restaurant & Bar";106.0
"FB003942";"2026-06-17";"G02922";314;"Breakfast";10.0
"FB003943";"2026-06-17";"G02922";314;"Room Service";71.0
"FB003944";"2026-04-05";"G02924";529;"Breakfast";19.0
"FB003945";"2026-05-03";"G02925";315;"Room Service";59.0
"FB003946";"2026-05-02";"G02925";315;"Restaurant & Bar";87.0
"FB003947";"2026-03-02";"G02926";409;"Restaurant & Bar";103.0
"FB003948";"2026-03-02";"G02926";409;"Breakfast";17.0
"FB003949";"2026-05-27";"G02927";516;"Breakfast";30.0
"FB003950";"2026-05-26";"G02927";516;"Room Service";35.0
"FB003951";"2026-05-29";"G02927";516;"Restaurant & Bar";75.0
"FB003952";"2026-05-27";"G02927";516;"Restaurant & Bar";94.0
"FB003953";"2026-06-07";"G02928";527;"Restaurant & Bar";23.0
"FB003954";"2026-04-13";"G02930";133;"Room Service";31.0
"FB003955";"2026-04-11";"G02930";133;"Room Service";76.0
"FB003956";"2026-01-30";"G02931";328;"Restaurant & Bar";65.0
"FB003957";"2026-05-21";"G02932";305;"Restaurant & Bar";59.0
"FB003958";"2026-05-20";"G02932";305;"Room Service";77.0
"FB003959";"2026-04-22";"G02933";504;"Breakfast";31.0
"FB003960";"2026-01-10";"G02934";121;"Breakfast";28.0
"FB003961";"2026-01-09";"G02934";121;"Restaurant & Bar";109.0
"FB003962";"2026-03-25";"G02937";201;"Breakfast";29.0
"FB003963";"2026-03-25";"G02937";201;"Restaurant & Bar";82.0
"FB003964";"2026-01-22";"G02940";134;"Restaurant & Bar";62.0
"FB003965";"2026-02-26";"G02941";516;"Breakfast";22.0
"FB003966";"2026-02-25";"G02941";516;"Restaurant & Bar";109.0
"FB003967";"2026-02-24";"G02941";516;"Breakfast";34.0
"FB003968";"2026-02-26";"G02941";516;"Room Service";81.0
"FB003969";"2026-04-22";"G02942";419;"Room Service";56.0
"FB003970";"2026-05-16";"G02945";221;"Room Service";28.0
"FB003971";"2026-05-14";"G02945";221;"Restaurant & Bar";56.0
"FB003972";"2026-01-13";"G02951";306;"Room Service";49.0
"FB003973";"2026-01-12";"G02951";306;"Restaurant & Bar";29.0
"FB003974";"2026-04-10";"G02952";120;"Restaurant & Bar";97.0
"FB003975";"2026-04-10";"G02952";120;"Restaurant & Bar";24.0
"FB003976";"2026-04-08";"G02952";120;"Restaurant & Bar";96.0
"FB003977";"2026-04-07";"G02952";120;"Room Service";22.0
"FB003978";"2026-04-08";"G02952";120;"Room Service";64.0
"FB003979";"2026-04-13";"G02954";425;"Restaurant & Bar";78.0
"FB003980";"2026-05-20";"G02955";408;"Restaurant & Bar";108.0
"FB003981";"2026-05-20";"G02955";408;"Room Service";74.0
"FB003982";"2026-05-19";"G02955";408;"Restaurant & Bar";40.0
"FB003983";"2026-05-19";"G02956";208;"Room Service";74.0
"FB003984";"2026-05-20";"G02956";208;"Restaurant & Bar";99.0
"FB003985";"2026-05-19";"G02956";208;"Restaurant & Bar";113.0
"FB003986";"2026-05-19";"G02956";208;"Breakfast";14.0
"FB003987";"2026-06-27";"G02959";315;"Room Service";69.0
"FB003988";"2026-06-28";"G02959";315;"Room Service";24.0
"FB003989";"2026-06-27";"G02959";315;"Restaurant & Bar";54.0
"FB003990";"2026-06-28";"G02959";315;"Restaurant & Bar";45.0
"FB003991";"2026-05-15";"G02963";224;"Restaurant & Bar";49.0
"FB003992";"2026-05-16";"G02963";224;"Room Service";38.0
"FB003993";"2026-02-06";"G02965";327;"Restaurant & Bar";41.0
"FB003994";"2026-02-07";"G02965";327;"Restaurant & Bar";68.0
"FB003995";"2026-06-25";"G02967";328;"Restaurant & Bar";86.0
"FB003996";"2026-06-23";"G02967";328;"Breakfast";14.0
"FB003997";"2026-06-23";"G02967";328;"Restaurant & Bar";23.0
"FB003998";"2026-06-23";"G02967";328;"Restaurant & Bar";54.0
"FB003999";"2026-04-23";"G02969";220;"Restaurant & Bar";21.0
"FB004000";"2026-04-23";"G02969";220;"Breakfast";32.0
"FB004001";"2026-04-24";"G02969";220;"Room Service";46.0
"FB004002";"2026-04-25";"G02969";220;"Restaurant & Bar";39.0
"FB004003";"2026-03-15";"G02970";519;"Room Service";32.0
"FB004004";"2026-03-15";"G02970";519;"Restaurant & Bar";47.0
"FB004005";"2026-05-06";"G02971";130;"Restaurant & Bar";82.0
"FB004006";"2026-06-27";"G02972";118;"Room Service";33.0
"FB004007";"2026-06-25";"G02972";118;"Restaurant & Bar";107.0
"FB004008";"2026-04-21";"G02973";117;"Breakfast";30.0
"FB004009";"2026-04-20";"G02973";117;"Room Service";37.0
"FB004010";"2026-04-22";"G02973";117;"Room Service";39.0
"FB004011";"2026-04-23";"G02973";117;"Room Service";54.0
"FB004012";"2026-03-09";"G02974";226;"Breakfast";35.0
"FB004013";"2026-03-11";"G02974";226;"Room Service";23.0
"FB004014";"2026-03-08";"G02974";226;"Breakfast";20.0
"FB004015";"2026-01-30";"G02977";321;"Room Service";72.0
"FB004016";"2026-02-01";"G02977";321;"Restaurant & Bar";47.0
"FB004017";"2026-06-03";"G02978";326;"Room Service";24.0
"FB004018";"2026-06-03";"G02978";326;"Restaurant & Bar";47.0
"FB004019";"2026-02-14";"G02979";316;"Restaurant & Bar";53.0
"FB004020";"2026-02-13";"G02979";316;"Restaurant & Bar";25.0
"FB004021";"2026-02-13";"G02979";316;"Restaurant & Bar";90.0
"FB004022";"2026-02-08";"G02981";225;"Restaurant & Bar";69.0
"FB004023";"2026-04-01";"G02983";415;"Restaurant & Bar";81.0
"FB004024";"2026-03-31";"G02983";415;"Restaurant & Bar";48.0
"FB004025";"2026-04-01";"G02983";415;"Room Service";56.0
"FB004026";"2026-03-31";"G02983";415;"Restaurant & Bar";111.0
"FB004027";"2026-06-09";"G02984";413;"Restaurant & Bar";77.0
"FB004028";"2026-06-09";"G02984";413;"Restaurant & Bar";61.0
"FB004029";"2026-06-10";"G02984";413;"Restaurant & Bar";95.0
"FB004030";"2026-06-11";"G02984";413;"Breakfast";25.0
"FB004031";"2026-03-26";"G02987";210;"Restaurant & Bar";27.0
"FB004032";"2026-03-26";"G02987";210;"Breakfast";19.0
"FB004033";"2026-02-12";"G02988";523;"Restaurant & Bar";90.0
"FB004034";"2026-02-14";"G02988";523;"Restaurant & Bar";42.0
"FB004035";"2026-02-15";"G02988";523;"Restaurant & Bar";39.0
"FB004036";"2026-02-12";"G02988";523;"Room Service";81.0
"FB004037";"2026-02-12";"G02988";523;"Restaurant & Bar";103.0
"FB004038";"2026-03-21";"G02990";316;"Breakfast";21.0
"FB004039";"2026-03-21";"G02990";316;"Breakfast";33.0
"FB004040";"2026-05-15";"G02992";413;"Restaurant & Bar";41.0
"FB004041";"2026-02-11";"G02994";523;"Room Service";21.0
"FB004042";"2026-05-06";"G02995";306;"Room Service";37.0
"FB004043";"2026-02-04";"G02996";213;"Breakfast";12.0
"FB004044";"2026-02-04";"G02996";213;"Room Service";65.0
"FB004045";"2026-02-05";"G02996";213;"Restaurant & Bar";46.0
"FB004046";"2026-02-06";"G02996";213;"Room Service";26.0
"FB004047";"2026-02-09";"G02996";213;"Restaurant & Bar";52.0
"FB004048";"2026-01-28";"G02997";405;"Restaurant & Bar";78.0
"FB004049";"2026-03-14";"G02998";109;"Room Service";83.0
"FB004050";"2026-02-16";"G02999";201;"Room Service";59.0
"FB004051";"2026-05-21";"G03000";129;"Room Service";81.0
"FB004052";"2026-05-22";"G03000";129;"Room Service";55.0
"FB004053";"2026-04-30";"G03001";411;"Breakfast";29.0
"FB004054";"2026-01-06";"G03002";427;"Breakfast";21.0
"FB004055";"2026-01-06";"G03002";427;"Breakfast";23.0
"FB004056";"2026-01-04";"G03002";427;"Room Service";41.0
"FB004057";"2026-01-03";"G03002";427;"Restaurant & Bar";78.0
"FB004058";"2026-01-04";"G03002";427;"Breakfast";33.0
"FB004059";"2026-06-17";"G03003";308;"Restaurant & Bar";93.0
"FB004060";"2026-06-17";"G03003";308;"Breakfast";32.0
"FB004061";"2026-06-17";"G03003";308;"Restaurant & Bar";20.0
"FB004062";"2026-01-25";"G03004";226;"Restaurant & Bar";38.0
"FB004063";"2026-01-27";"G03004";226;"Restaurant & Bar";100.0
"FB004064";"2026-01-26";"G03004";226;"Breakfast";23.0
"FB004065";"2026-06-23";"G03005";517;"Room Service";17.0
"FB004066";"2026-06-23";"G03005";517;"Breakfast";19.0
"FB004067";"2026-04-04";"G03006";506;"Breakfast";31.0
"FB004068";"2026-04-03";"G03006";506;"Breakfast";32.0
"FB004069";"2026-04-22";"G03009";230;"Restaurant & Bar";58.0
"FB004070";"2026-04-20";"G03009";230;"Breakfast";24.0
"FB004071";"2026-04-22";"G03009";230;"Room Service";19.0
"FB004072";"2026-02-12";"G03010";417;"Breakfast";17.0
"FB004073";"2026-05-12";"G03012";130;"Breakfast";16.0
"FB004074";"2026-05-12";"G03012";130;"Room Service";22.0
"FB004075";"2026-05-13";"G03012";130;"Restaurant & Bar";79.0
"FB004076";"2026-05-11";"G03012";130;"Restaurant & Bar";68.0
"FB004077";"2026-05-11";"G03012";130;"Breakfast";33.0
"FB004078";"2026-06-04";"G03013";323;"Breakfast";36.0
"FB004079";"2026-03-18";"G03014";322;"Room Service";20.0
"FB004080";"2026-01-16";"G03017";403;"Restaurant & Bar";93.0
"FB004081";"2026-01-15";"G03017";403;"Room Service";82.0
"FB004082";"2026-04-27";"G03021";515;"Restaurant & Bar";106.0
"FB004083";"2026-04-30";"G03021";515;"Restaurant & Bar";29.0
"FB004084";"2026-04-29";"G03021";515;"Restaurant & Bar";100.0
"FB004085";"2026-06-27";"G03023";133;"Breakfast";33.0
"FB004086";"2026-06-26";"G03023";133;"Restaurant & Bar";87.0
"FB004087";"2026-06-27";"G03023";133;"Restaurant & Bar";110.0
"FB004088";"2026-03-09";"G03024";207;"Breakfast";23.0
"FB004089";"2026-02-06";"G03025";326;"Restaurant & Bar";52.0
"FB004090";"2026-03-12";"G03026";403;"Restaurant & Bar";40.0
"FB004091";"2026-03-11";"G03026";403;"Room Service";62.0
"FB004092";"2026-01-05";"G03029";427;"Room Service";44.0
"FB004093";"2026-04-21";"G03030";110;"Room Service";35.0
"FB004094";"2026-04-17";"G03030";110;"Restaurant & Bar";34.0
"FB004095";"2026-05-09";"G03033";511;"Breakfast";15.0
"FB004096";"2026-05-08";"G03033";511;"Restaurant & Bar";46.0
"FB004097";"2026-05-06";"G03033";511;"Breakfast";25.0
"FB004098";"2026-06-27";"G03034";112;"Restaurant & Bar";55.0
"FB004099";"2026-04-05";"G03035";418;"Restaurant & Bar";106.0
"FB004100";"2026-04-05";"G03035";418;"Restaurant & Bar";44.0
"FB004101";"2026-03-02";"G03041";213;"Restaurant & Bar";44.0
"FB004102";"2026-03-02";"G03041";213;"Restaurant & Bar";21.0
"FB004103";"2026-03-01";"G03041";213;"Room Service";31.0
"FB004104";"2026-04-17";"G03042";518;"Room Service";25.0
"FB004105";"2026-04-17";"G03042";518;"Restaurant & Bar";25.0
"FB004106";"2026-04-18";"G03042";518;"Restaurant & Bar";70.0
"FB004107";"2026-02-11";"G03043";417;"Room Service";50.0
"FB004108";"2026-02-12";"G03043";417;"Breakfast";14.0
"FB004109";"2026-06-25";"G03044";531;"Breakfast";33.0
"FB004110";"2026-06-25";"G03044";531;"Breakfast";34.0
"FB004111";"2026-06-25";"G03044";531;"Restaurant & Bar";76.0
"FB004112";"2026-01-21";"G03046";328;"Room Service";49.0
"FB004113";"2026-01-21";"G03046";328;"Breakfast";37.0
"FB004114";"2026-01-18";"G03046";328;"Breakfast";32.0
"FB004115";"2026-01-28";"G03047";228;"Breakfast";26.0
"FB004116";"2026-02-27";"G03048";118;"Room Service";66.0
"FB004117";"2026-02-26";"G03048";118;"Breakfast";28.0
"FB004118";"2026-02-25";"G03048";118;"Restaurant & Bar";76.0
"FB004119";"2026-03-22";"G03051";307;"Restaurant & Bar";53.0
"FB004120";"2026-03-20";"G03051";307;"Breakfast";34.0
"FB004121";"2026-03-20";"G03053";129;"Breakfast";11.0
"FB004122";"2026-03-22";"G03053";129;"Restaurant & Bar";111.0
"FB004123";"2026-03-20";"G03053";129;"Restaurant & Bar";113.0
"FB004124";"2026-03-21";"G03053";129;"Restaurant & Bar";70.0
"FB004125";"2026-03-20";"G03053";129;"Restaurant & Bar";33.0
"FB004126";"2026-02-17";"G03054";201;"Breakfast";33.0
"FB004127";"2026-01-20";"G03055";133;"Restaurant & Bar";67.0
"FB004128";"2026-01-19";"G03055";133;"Restaurant & Bar";108.0
"FB004129";"2026-02-15";"G03056";105;"Restaurant & Bar";32.0
"FB004130";"2026-01-25";"G03058";203;"Restaurant & Bar";49.0
"FB004131";"2026-01-24";"G03058";203;"Restaurant & Bar";105.0
"FB004132";"2026-01-01";"G03061";529;"Room Service";56.0
"FB004133";"2026-03-02";"G03062";524;"Room Service";68.0
"FB004134";"2026-03-07";"G03062";524;"Restaurant & Bar";72.0
"FB004135";"2026-01-28";"G03063";227;"Restaurant & Bar";79.0
"FB004136";"2026-01-29";"G03063";227;"Restaurant & Bar";97.0
"FB004137";"2026-06-05";"G03064";131;"Restaurant & Bar";35.0
"FB004138";"2026-05-07";"G03065";116;"Restaurant & Bar";93.0
"FB004139";"2026-04-20";"G03067";134;"Restaurant & Bar";29.0
"FB004140";"2026-04-18";"G03067";134;"Breakfast";32.0
"FB004141";"2026-02-05";"G03068";517;"Breakfast";30.0
"FB004142";"2026-02-05";"G03068";517;"Restaurant & Bar";111.0
"FB004143";"2026-03-11";"G03070";119;"Restaurant & Bar";90.0
"FB004144";"2026-03-10";"G03070";119;"Restaurant & Bar";26.0
"FB004145";"2026-04-20";"G03071";410;"Restaurant & Bar";104.0
"FB004146";"2026-04-04";"G03072";126;"Room Service";61.0
"FB004147";"2026-04-05";"G03073";129;"Restaurant & Bar";60.0
"FB004148";"2026-04-02";"G03073";129;"Restaurant & Bar";100.0
"FB004149";"2026-04-01";"G03073";129;"Breakfast";22.0
"FB004150";"2026-04-06";"G03073";129;"Restaurant & Bar";109.0
"FB004151";"2026-04-19";"G03074";533;"Restaurant & Bar";88.0
"FB004152";"2026-04-19";"G03074";533;"Restaurant & Bar";78.0
"FB004153";"2026-01-31";"G03080";534;"Restaurant & Bar";87.0
"FB004154";"2026-02-01";"G03080";534;"Breakfast";26.0
"FB004155";"2026-02-01";"G03080";534;"Room Service";57.0
"FB004156";"2026-01-02";"G03081";319;"Room Service";71.0
"FB004157";"2026-01-01";"G03081";319;"Restaurant & Bar";100.0
"FB004158";"2026-01-03";"G03082";309;"Breakfast";34.0
"FB004159";"2026-01-03";"G03082";309;"Room Service";17.0
"FB004160";"2026-02-09";"G03084";329;"Room Service";84.0
"FB004161";"2026-02-08";"G03084";329;"Restaurant & Bar";53.0
"FB004162";"2026-05-04";"G03085";131;"Restaurant & Bar";93.0
"FB004163";"2026-05-04";"G03085";131;"Restaurant & Bar";27.0
"FB004164";"2026-04-04";"G03087";113;"Breakfast";33.0
"FB004165";"2026-04-04";"G03087";113;"Breakfast";32.0
"FB004166";"2026-05-09";"G03089";222;"Restaurant & Bar";93.0
"FB004167";"2026-05-05";"G03089";222;"Restaurant & Bar";60.0
"FB004168";"2026-04-08";"G03091";201;"Restaurant & Bar";25.0
"FB004169";"2026-04-06";"G03091";201;"Restaurant & Bar";94.0
"FB004170";"2026-04-05";"G03091";201;"Restaurant & Bar";54.0
"FB004171";"2026-04-05";"G03091";201;"Restaurant & Bar";53.0
"FB004172";"2026-05-02";"G03095";325;"Restaurant & Bar";110.0
"FB004173";"2026-05-02";"G03095";325;"Restaurant & Bar";110.0
"FB004174";"2026-05-03";"G03095";325;"Room Service";77.0
"FB004175";"2026-05-02";"G03095";325;"Restaurant & Bar";78.0
"FB004176";"2026-05-03";"G03095";325;"Restaurant & Bar";67.0
"FB004177";"2026-03-03";"G03096";210;"Room Service";18.0
"FB004178";"2026-03-02";"G03096";210;"Room Service";34.0
"FB004179";"2026-03-04";"G03096";210;"Breakfast";37.0
"FB004180";"2026-03-02";"G03096";210;"Restaurant & Bar";87.0
"FB004181";"2026-04-20";"G03097";216;"Restaurant & Bar";102.0
"FB004182";"2026-02-12";"G03099";320;"Restaurant & Bar";47.0
"FB004183";"2026-01-04";"G03101";433;"Room Service";84.0
"FB004184";"2026-02-26";"G03103";418;"Room Service";54.0
"FB004185";"2026-02-26";"G03103";418;"Room Service";30.0
"FB004186";"2026-02-26";"G03103";418;"Breakfast";34.0
"FB004187";"2026-03-01";"G03103";418;"Breakfast";31.0
"FB004188";"2026-01-10";"G03105";116;"Room Service";41.0
"FB004189";"2026-01-12";"G03105";116;"Restaurant & Bar";45.0
"FB004190";"2026-06-16";"G03106";230;"Room Service";51.0
"FB004191";"2026-06-15";"G03106";230;"Breakfast";19.0
"FB004192";"2026-05-22";"G03107";105;"Restaurant & Bar";18.0
"FB004193";"2026-05-21";"G03107";105;"Restaurant & Bar";50.0
"FB004194";"2026-06-24";"G03108";514;"Restaurant & Bar";48.0
"FB004195";"2026-06-22";"G03108";514;"Room Service";54.0
"FB004196";"2026-06-24";"G03110";403;"Restaurant & Bar";60.0
"FB004197";"2026-06-24";"G03110";403;"Room Service";46.0
"FB004198";"2026-05-10";"G03112";215;"Restaurant & Bar";55.0
"FB004199";"2026-03-08";"G03113";334;"Restaurant & Bar";68.0
"FB004200";"2026-03-05";"G03113";334;"Restaurant & Bar";98.0
"FB004201";"2026-03-05";"G03113";334;"Restaurant & Bar";52.0
"FB004202";"2026-05-16";"G03114";520;"Restaurant & Bar";99.0
"FB004203";"2026-05-14";"G03114";520;"Restaurant & Bar";60.0
"FB004204";"2026-05-14";"G03114";520;"Breakfast";30.0
"FB004205";"2026-02-13";"G03117";530;"Restaurant & Bar";55.0
"FB004206";"2026-02-13";"G03117";530;"Restaurant & Bar";62.0
"FB004207";"2026-02-14";"G03117";530;"Room Service";58.0
"FB004208";"2026-05-20";"G03119";528;"Room Service";65.0
"FB004209";"2026-03-02";"G03120";427;"Restaurant & Bar";54.0
"FB004210";"2026-03-05";"G03120";427;"Restaurant & Bar";104.0
"FB004211";"2026-03-04";"G03120";427;"Restaurant & Bar";98.0
"FB004212";"2026-02-17";"G03123";224;"Restaurant & Bar";23.0
"FB004213";"2026-02-16";"G03123";224;"Room Service";72.0
"FB004214";"2026-03-21";"G03125";110;"Breakfast";10.0
"FB004215";"2026-05-28";"G03127";221;"Restaurant & Bar";111.0
"FB004216";"2026-05-31";"G03127";221;"Restaurant & Bar";102.0
"FB004217";"2026-05-29";"G03127";221;"Restaurant & Bar";106.0
"FB004218";"2026-05-29";"G03127";221;"Restaurant & Bar";40.0
"FB004219";"2026-05-28";"G03127";221;"Breakfast";33.0
"FB004220";"2026-02-03";"G03128";431;"Restaurant & Bar";34.0
"FB004221";"2026-02-24";"G03129";228;"Breakfast";22.0
"FB004222";"2026-05-18";"G03130";321;"Restaurant & Bar";66.0
"FB004223";"2026-05-17";"G03130";321;"Breakfast";17.0
"FB004224";"2026-02-27";"G03131";118;"Restaurant & Bar";113.0
"FB004225";"2026-06-03";"G03133";102;"Restaurant & Bar";74.0
"FB004226";"2026-04-15";"G03134";308;"Breakfast";19.0
"FB004227";"2026-02-22";"G03135";531;"Room Service";83.0
"FB004228";"2026-01-13";"G03136";509;"Restaurant & Bar";75.0
"FB004229";"2026-01-13";"G03136";509;"Breakfast";25.0
"FB004230";"2026-01-14";"G03136";509;"Restaurant & Bar";94.0
"FB004231";"2026-02-11";"G03138";313;"Restaurant & Bar";51.0
"FB004232";"2026-02-12";"G03138";313;"Restaurant & Bar";61.0
"FB004233";"2026-02-11";"G03138";313;"Restaurant & Bar";82.0
"FB004234";"2026-02-10";"G03138";313;"Restaurant & Bar";50.0
"FB004235";"2026-01-16";"G03139";326;"Restaurant & Bar";41.0
"FB004236";"2026-01-16";"G03139";326;"Restaurant & Bar";31.0
"FB004237";"2026-01-18";"G03139";326;"Restaurant & Bar";24.0
"FB004238";"2026-01-18";"G03139";326;"Restaurant & Bar";73.0
"FB004239";"2026-03-02";"G03140";324;"Restaurant & Bar";108.0
"FB004240";"2026-03-02";"G03140";324;"Restaurant & Bar";35.0
"FB004241";"2026-04-04";"G03141";107;"Restaurant & Bar";67.0
"FB004242";"2026-04-02";"G03141";107;"Room Service";83.0
"FB004243";"2026-06-19";"G03146";534;"Room Service";75.0
"FB004244";"2026-06-21";"G03146";534;"Breakfast";17.0
"FB004245";"2026-03-08";"G03147";408;"Room Service";75.0
"FB004246";"2026-03-08";"G03147";408;"Restaurant & Bar";44.0
"FB004247";"2026-03-11";"G03147";408;"Breakfast";14.0
"FB004248";"2026-03-08";"G03147";408;"Breakfast";26.0
"FB004249";"2026-04-26";"G03148";205;"Restaurant & Bar";52.0
"FB004250";"2026-04-26";"G03148";205;"Restaurant & Bar";86.0
"FB004251";"2026-04-24";"G03148";205;"Restaurant & Bar";67.0
"FB004252";"2026-04-24";"G03148";205;"Restaurant & Bar";21.0
"FB004253";"2026-04-25";"G03148";205;"Breakfast";34.0
"FB004254";"2026-03-17";"G03149";316;"Breakfast";18.0
"FB004255";"2026-03-17";"G03149";316;"Breakfast";17.0
"FB004256";"2026-03-15";"G03149";316;"Breakfast";18.0
"FB004257";"2026-03-16";"G03149";316;"Restaurant & Bar";98.0
"FB004258";"2026-01-05";"G03150";227;"Breakfast";16.0
"FB004259";"2026-01-05";"G03150";227;"Restaurant & Bar";40.0
"FB004260";"2026-01-05";"G03150";227;"Restaurant & Bar";38.0
"FB004261";"2026-02-02";"G03151";209;"Breakfast";23.0
"FB004262";"2026-02-02";"G03151";209;"Restaurant & Bar";108.0
"FB004263";"2026-02-22";"G03153";111;"Restaurant & Bar";50.0
"FB004264";"2026-02-24";"G03153";111;"Restaurant & Bar";18.0
"FB004265";"2026-01-06";"G03154";317;"Breakfast";14.0
"FB004266";"2026-01-04";"G03154";317;"Breakfast";30.0
"FB004267";"2026-01-03";"G03154";317;"Room Service";75.0
"FB004268";"2026-02-19";"G03155";301;"Breakfast";33.0
"FB004269";"2026-05-28";"G03157";415;"Restaurant & Bar";57.0
"FB004270";"2026-04-30";"G03161";311;"Restaurant & Bar";36.0
"FB004271";"2026-04-29";"G03161";311;"Room Service";19.0
"FB004272";"2026-04-29";"G03161";311;"Breakfast";26.0
"FB004273";"2026-03-03";"G03163";131;"Breakfast";37.0
"FB004274";"2026-01-12";"G03167";108;"Breakfast";16.0
"FB004275";"2026-01-14";"G03167";108;"Room Service";64.0
"FB004276";"2026-01-14";"G03167";108;"Restaurant & Bar";104.0
"FB004277";"2026-06-22";"G03168";104;"Room Service";28.0
"FB004278";"2026-06-21";"G03168";104;"Room Service";70.0
"FB004279";"2026-06-22";"G03168";104;"Restaurant & Bar";114.0
"FB004280";"2026-06-21";"G03168";104;"Room Service";19.0
"FB004281";"2026-04-11";"G03169";127;"Breakfast";25.0
"FB004282";"2026-04-13";"G03169";127;"Breakfast";15.0
"FB004283";"2026-04-12";"G03169";127;"Breakfast";28.0
"FB004284";"2026-02-24";"G03173";333;"Restaurant & Bar";33.0
"FB004285";"2026-02-24";"G03173";333;"Breakfast";37.0
"FB004286";"2026-02-25";"G03173";333;"Restaurant & Bar";59.0
"FB004287";"2026-06-29";"G03174";520;"Room Service";85.0
"FB004288";"2026-06-11";"G03176";525;"Restaurant & Bar";67.0
"FB004289";"2026-06-12";"G03176";525;"Restaurant & Bar";93.0
"FB004290";"2026-01-23";"G03179";209;"Restaurant & Bar";31.0
"FB004291";"2026-01-25";"G03179";209;"Restaurant & Bar";29.0
"FB004292";"2026-01-23";"G03179";209;"Room Service";41.0
"FB004293";"2026-03-29";"G03180";228;"Restaurant & Bar";20.0
"FB004294";"2026-03-30";"G03180";228;"Room Service";20.0
"FB004295";"2026-05-11";"G03181";228;"Room Service";27.0
"FB004296";"2026-05-15";"G03181";228;"Breakfast";21.0
"FB004297";"2026-01-12";"G03182";413;"Restaurant & Bar";90.0
"FB004298";"2026-05-02";"G03184";123;"Restaurant & Bar";114.0
"FB004299";"2026-05-03";"G03184";123;"Restaurant & Bar";85.0
"FB004300";"2026-05-03";"G03184";123;"Restaurant & Bar";38.0
"FB004301";"2026-06-11";"G03187";204;"Restaurant & Bar";61.0
"FB004302";"2026-01-03";"G03190";104;"Restaurant & Bar";93.0
"FB004303";"2026-02-07";"G03191";234;"Breakfast";21.0
"FB004304";"2026-03-23";"G03193";105;"Breakfast";14.0
"FB004305";"2026-06-12";"G03194";211;"Breakfast";20.0
"FB004306";"2026-06-15";"G03194";211;"Restaurant & Bar";57.0
"FB004307";"2026-06-12";"G03194";211;"Restaurant & Bar";59.0
"FB004308";"2026-06-27";"G03195";132;"Breakfast";24.0
"FB004309";"2026-06-29";"G03195";132;"Room Service";46.0
"FB004310";"2026-06-27";"G03195";132;"Breakfast";13.0
"FB004311";"2026-03-23";"G03197";232;"Breakfast";22.0
"FB004312";"2026-03-13";"G03198";310;"Restaurant & Bar";109.0
"FB004313";"2026-02-01";"G03199";512;"Restaurant & Bar";73.0
"FB004314";"2026-05-19";"G03201";212;"Restaurant & Bar";83.0
"FB004315";"2026-05-19";"G03201";212;"Restaurant & Bar";79.0
"FB004316";"2026-05-19";"G03201";212;"Restaurant & Bar";46.0
"FB004317";"2026-06-26";"G03202";524;"Breakfast";20.0
"FB004318";"2026-02-11";"G03203";505;"Restaurant & Bar";106.0
"FB004319";"2026-02-11";"G03203";505;"Restaurant & Bar";53.0
"FB004320";"2026-01-17";"G03204";109;"Breakfast";21.0
"FB004321";"2026-01-16";"G03204";109;"Breakfast";32.0
"FB004322";"2026-01-16";"G03204";109;"Breakfast";15.0
"FB004323";"2026-05-29";"G03206";312;"Restaurant & Bar";109.0
"FB004324";"2026-01-02";"G03207";414;"Breakfast";18.0
"FB004325";"2026-01-02";"G03207";414;"Restaurant & Bar";31.0
"FB004326";"2026-01-01";"G03207";414;"Restaurant & Bar";96.0
"FB004327";"2026-01-02";"G03207";414;"Room Service";61.0
"FB004328";"2026-04-29";"G03208";114;"Restaurant & Bar";36.0
"FB004329";"2026-04-28";"G03208";114;"Restaurant & Bar";26.0
"FB004330";"2026-04-29";"G03208";114;"Breakfast";11.0
"FB004331";"2026-04-28";"G03208";114;"Room Service";63.0
"FB004332";"2026-04-29";"G03208";114;"Room Service";53.0
"FB004333";"2026-06-16";"G03209";228;"Restaurant & Bar";109.0
"FB004334";"2026-06-18";"G03209";228;"Restaurant & Bar";20.0
"FB004335";"2026-06-17";"G03209";228;"Room Service";65.0
"FB004336";"2026-06-24";"G03211";202;"Restaurant & Bar";26.0
"FB004337";"2026-01-03";"G03213";403;"Restaurant & Bar";109.0
"FB004338";"2026-01-02";"G03213";403;"Breakfast";37.0
"FB004339";"2026-06-19";"G03214";202;"Restaurant & Bar";97.0
"FB004340";"2026-06-21";"G03214";202;"Restaurant & Bar";24.0
"FB004341";"2026-01-22";"G03215";503;"Breakfast";11.0
"FB004342";"2026-04-12";"G03216";410;"Breakfast";11.0
"FB004343";"2026-04-16";"G03216";410;"Restaurant & Bar";53.0
"FB004344";"2026-01-06";"G03217";508;"Room Service";25.0
"FB004345";"2026-01-06";"G03217";508;"Breakfast";30.0
"FB004346";"2026-04-03";"G03218";430;"Restaurant & Bar";92.0
"FB004347";"2026-04-04";"G03218";430;"Breakfast";30.0
"FB004348";"2026-04-02";"G03218";430;"Room Service";45.0
"FB004349";"2026-02-07";"G03219";314;"Restaurant & Bar";99.0
"FB004350";"2026-02-07";"G03219";314;"Restaurant & Bar";87.0
"FB004351";"2026-06-15";"G03221";115;"Room Service";80.0
"FB004352";"2026-04-02";"G03223";319;"Restaurant & Bar";31.0
"FB004353";"2026-01-19";"G03225";517;"Breakfast";27.0
"FB004354";"2026-01-19";"G03225";517;"Restaurant & Bar";97.0
"FB004355";"2026-01-14";"G03227";211;"Restaurant & Bar";56.0
"FB004356";"2026-01-14";"G03227";211;"Breakfast";33.0
"FB004357";"2026-06-25";"G03228";524;"Breakfast";27.0
"FB004358";"2026-06-27";"G03228";524;"Restaurant & Bar";104.0
"FB004359";"2026-06-27";"G03228";524;"Restaurant & Bar";42.0
"FB004360";"2026-03-22";"G03230";527;"Room Service";35.0
"FB004361";"2026-06-26";"G03231";410;"Room Service";29.0
"FB004362";"2026-01-11";"G03233";434;"Restaurant & Bar";114.0
"FB004363";"2026-01-19";"G03234";125;"Breakfast";38.0
"FB004364";"2026-05-15";"G03238";411;"Restaurant & Bar";90.0
"FB004365";"2026-05-16";"G03238";411;"Restaurant & Bar";107.0
"FB004366";"2026-05-16";"G03238";411;"Room Service";53.0
"FB004367";"2026-01-09";"G03239";122;"Room Service";61.0
"FB004368";"2026-03-01";"G03242";223;"Restaurant & Bar";55.0
"FB004369";"2026-02-28";"G03242";223;"Restaurant & Bar";84.0
"FB004370";"2026-02-27";"G03242";223;"Restaurant & Bar";29.0
"FB004371";"2026-02-26";"G03242";223;"Restaurant & Bar";48.0
"FB004372";"2026-03-03";"G03243";124;"Restaurant & Bar";78.0
"FB004373";"2026-06-16";"G03245";303;"Restaurant & Bar";20.0
"FB004374";"2026-06-24";"G03246";102;"Restaurant & Bar";89.0
"FB004375";"2026-06-24";"G03246";102;"Breakfast";34.0
"FB004376";"2026-03-13";"G03247";307;"Room Service";69.0
"FB004377";"2026-03-11";"G03247";307;"Breakfast";21.0
"FB004378";"2026-03-07";"G03248";505;"Breakfast";26.0
"FB004379";"2026-03-07";"G03248";505;"Room Service";51.0
"FB004380";"2026-05-22";"G03249";412;"Restaurant & Bar";38.0
"FB004381";"2026-03-15";"G03256";221;"Restaurant & Bar";37.0
"FB004382";"2026-03-15";"G03256";221;"Restaurant & Bar";42.0
"FB004383";"2026-05-09";"G03257";518;"Restaurant & Bar";89.0
"FB004384";"2026-05-09";"G03257";518;"Restaurant & Bar";76.0
"FB004385";"2026-05-09";"G03257";518;"Restaurant & Bar";94.0
"FB004386";"2026-06-18";"G03258";204;"Breakfast";30.0
"FB004387";"2026-05-31";"G03259";211;"Breakfast";30.0
"FB004388";"2026-06-01";"G03259";211;"Breakfast";12.0
"FB004389";"2026-05-31";"G03259";211;"Restaurant & Bar";44.0
"FB004390";"2026-06-01";"G03259";211;"Breakfast";21.0
"FB004391";"2026-05-31";"G03259";211;"Restaurant & Bar";25.0
"FB004392";"2026-02-02";"G03260";403;"Restaurant & Bar";97.0
"FB004393";"2026-02-02";"G03260";403;"Breakfast";18.0
"FB004394";"2026-01-31";"G03260";403;"Breakfast";35.0
"FB004395";"2026-06-27";"G03262";227;"Restaurant & Bar";53.0
"FB004396";"2026-06-27";"G03262";227;"Restaurant & Bar";93.0
"FB004397";"2026-04-07";"G03263";514;"Restaurant & Bar";80.0
"FB004398";"2026-02-28";"G03264";202;"Room Service";39.0
"FB004399";"2026-03-01";"G03264";202;"Restaurant & Bar";105.0
"FB004400";"2026-04-25";"G03265";418;"Restaurant & Bar";110.0
"FB004401";"2026-04-25";"G03265";418;"Restaurant & Bar";32.0
"FB004402";"2026-01-07";"G03266";306;"Restaurant & Bar";87.0
"FB004403";"2026-01-04";"G03266";306;"Restaurant & Bar";86.0
"FB004404";"2026-03-11";"G03267";234;"Restaurant & Bar";62.0
"FB004405";"2026-06-23";"G03269";434;"Restaurant & Bar";39.0
"FB004406";"2026-06-25";"G03269";434;"Restaurant & Bar";99.0
"FB004407";"2026-01-28";"G03272";121;"Breakfast";13.0
"FB004408";"2026-01-26";"G03272";121;"Room Service";74.0
"FB004409";"2026-01-28";"G03272";121;"Room Service";68.0
"FB004410";"2026-06-08";"G03275";512;"Breakfast";34.0
"FB004411";"2026-06-07";"G03275";512;"Restaurant & Bar";38.0
"FB004412";"2026-01-30";"G03276";514;"Room Service";71.0
"FB004413";"2026-03-08";"G03277";401;"Breakfast";22.0
"FB004414";"2026-03-09";"G03277";401;"Restaurant & Bar";48.0
"FB004415";"2026-03-09";"G03277";401;"Breakfast";24.0
"FB004416";"2026-03-09";"G03277";401;"Restaurant & Bar";61.0
"FB004417";"2026-01-16";"G03278";207;"Restaurant & Bar";104.0
"FB004418";"2026-01-17";"G03278";207;"Room Service";49.0
"FB004419";"2026-01-18";"G03278";207;"Restaurant & Bar";65.0
"FB004420";"2026-01-19";"G03278";207;"Breakfast";26.0
"FB004421";"2026-02-03";"G03280";427;"Room Service";33.0
"FB004422";"2026-02-03";"G03280";427;"Restaurant & Bar";109.0
"FB004423";"2026-02-02";"G03280";427;"Restaurant & Bar";93.0
"FB004424";"2026-05-22";"G03282";524;"Restaurant & Bar";89.0
"FB004425";"2026-05-25";"G03282";524;"Breakfast";12.0
"FB004426";"2026-05-24";"G03282";524;"Restaurant & Bar";99.0
"FB004427";"2026-05-23";"G03282";524;"Breakfast";11.0
"FB004428";"2026-04-16";"G03284";105;"Breakfast";10.0
"FB004429";"2026-04-14";"G03287";533;"Restaurant & Bar";104.0
"FB004430";"2026-04-13";"G03287";533;"Restaurant & Bar";73.0
"FB004431";"2026-04-14";"G03287";533;"Room Service";56.0
"FB004432";"2026-04-02";"G03288";116;"Restaurant & Bar";42.0
"FB004433";"2026-04-03";"G03288";116;"Breakfast";19.0
"FB004434";"2026-04-02";"G03288";116;"Room Service";34.0
"FB004435";"2026-04-04";"G03288";116;"Room Service";16.0
"FB004436";"2026-04-04";"G03288";116;"Restaurant & Bar";76.0
"FB004437";"2026-05-12";"G03296";324;"Breakfast";23.0
"FB004438";"2026-02-14";"G03298";411;"Breakfast";25.0
"FB004439";"2026-03-21";"G03301";217;"Restaurant & Bar";39.0
"FB004440";"2026-03-20";"G03301";217;"Room Service";48.0
"FB004441";"2026-03-21";"G03301";217;"Restaurant & Bar";63.0
"FB004442";"2026-02-28";"G03303";524;"Breakfast";17.0
"FB004443";"2026-03-01";"G03303";524;"Restaurant & Bar";34.0
"FB004444";"2026-02-25";"G03303";524;"Breakfast";35.0
"FB004445";"2026-06-02";"G03305";501;"Room Service";53.0
"FB004446";"2026-05-18";"G03307";217;"Restaurant & Bar";113.0
"FB004447";"2026-05-19";"G03307";217;"Restaurant & Bar";92.0
"FB004448";"2026-05-18";"G03307";217;"Room Service";64.0
"FB004449";"2026-05-19";"G03307";217;"Breakfast";36.0
"FB004450";"2026-05-18";"G03307";217;"Breakfast";24.0
"FB004451";"2026-02-28";"G03308";521;"Restaurant & Bar";26.0
"FB004452";"2026-02-26";"G03308";521;"Restaurant & Bar";50.0
"FB004453";"2026-03-01";"G03308";521;"Restaurant & Bar";36.0
"FB004454";"2026-03-01";"G03308";521;"Restaurant & Bar";91.0
"FB004455";"2026-06-04";"G03309";333;"Breakfast";32.0
"FB004456";"2026-06-02";"G03309";333;"Restaurant & Bar";36.0
"FB004457";"2026-06-01";"G03309";333;"Breakfast";17.0
"FB004458";"2026-03-09";"G03311";203;"Breakfast";37.0
"FB004459";"2026-03-08";"G03311";203;"Breakfast";36.0
"FB004460";"2026-03-10";"G03311";203;"Restaurant & Bar";60.0
"FB004461";"2026-04-25";"G03312";212;"Room Service";33.0
"FB004462";"2026-04-24";"G03312";212;"Restaurant & Bar";105.0
"FB004463";"2026-04-22";"G03312";212;"Room Service";27.0
"FB004464";"2026-04-24";"G03312";212;"Breakfast";25.0
"FB004465";"2026-06-20";"G03314";423;"Restaurant & Bar";23.0
"FB004466";"2026-06-19";"G03314";423;"Room Service";49.0
"FB004467";"2026-06-17";"G03314";423;"Breakfast";26.0
"FB004468";"2026-06-23";"G03314";423;"Breakfast";25.0
"FB004469";"2026-05-04";"G03315";134;"Restaurant & Bar";60.0
"FB004470";"2026-05-05";"G03315";134;"Restaurant & Bar";41.0
"FB004471";"2026-03-03";"G03317";534;"Room Service";64.0
"FB004472";"2026-03-03";"G03317";534;"Restaurant & Bar";108.0
"FB004473";"2026-03-03";"G03317";534;"Restaurant & Bar";106.0
"FB004474";"2026-03-04";"G03317";534;"Breakfast";29.0
"FB004475";"2026-02-02";"G03325";216;"Restaurant & Bar";37.0
"FB004476";"2026-03-17";"G03327";116;"Room Service";52.0
"FB004477";"2026-06-29";"G03328";201;"Restaurant & Bar";19.0
"FB004478";"2026-06-30";"G03328";201;"Room Service";55.0
"FB004479";"2026-02-02";"G03330";424;"Breakfast";24.0
"FB004480";"2026-02-02";"G03330";424;"Room Service";20.0
"FB004481";"2026-04-29";"G03331";406;"Restaurant & Bar";86.0
"FB004482";"2026-04-28";"G03331";406;"Restaurant & Bar";64.0
"FB004483";"2026-04-29";"G03331";406;"Restaurant & Bar";82.0
"FB004484";"2026-04-19";"G03332";504;"Restaurant & Bar";35.0
"FB004485";"2026-01-07";"G03334";326;"Breakfast";21.0
"FB004486";"2026-02-17";"G03335";420;"Restaurant & Bar";50.0
"FB004487";"2026-02-19";"G03335";420;"Restaurant & Bar";21.0
"FB004488";"2026-02-18";"G03335";420;"Breakfast";29.0
"FB004489";"2026-04-23";"G03337";108;"Breakfast";28.0
"FB004490";"2026-04-23";"G03337";108;"Restaurant & Bar";38.0
"FB004491";"2026-05-29";"G03338";125;"Room Service";57.0
"FB004492";"2026-05-30";"G03338";125;"Breakfast";16.0
"FB004493";"2026-04-13";"G03340";418;"Breakfast";23.0
"FB004494";"2026-04-19";"G03341";317;"Breakfast";11.0
"FB004495";"2026-01-08";"G03342";305;"Room Service";47.0
"FB004496";"2026-03-14";"G03343";530;"Room Service";42.0
"FB004497";"2026-03-15";"G03343";530;"Restaurant & Bar";96.0
"FB004498";"2026-05-10";"G03345";110;"Restaurant & Bar";69.0
"FB004499";"2026-06-22";"G03346";227;"Restaurant & Bar";71.0
"FB004500";"2026-06-22";"G03346";227;"Room Service";74.0
"FB004501";"2026-04-02";"G03347";203;"Restaurant & Bar";47.0
"FB004502";"2026-03-30";"G03347";203;"Restaurant & Bar";58.0
"FB004503";"2026-06-19";"G03348";129;"Breakfast";12.0
"FB004504";"2026-06-19";"G03348";129;"Room Service";65.0
"FB004505";"2026-06-13";"G03349";406;"Room Service";21.0
"FB004506";"2026-06-13";"G03349";406;"Room Service";51.0
"FB004507";"2026-06-09";"G03349";406;"Restaurant & Bar";95.0
"FB004508";"2026-01-08";"G03351";508;"Room Service";51.0
"FB004509";"2026-01-10";"G03351";508;"Breakfast";21.0
"FB004510";"2026-03-22";"G03352";405;"Restaurant & Bar";48.0
"FB004511";"2026-03-06";"G03355";415;"Restaurant & Bar";99.0
"FB004512";"2026-03-07";"G03355";415;"Room Service";53.0
"FB004513";"2026-03-06";"G03355";415;"Restaurant & Bar";28.0
"FB004514";"2026-03-06";"G03355";415;"Restaurant & Bar";54.0
"FB004515";"2026-01-09";"G03356";131;"Room Service";28.0
"FB004516";"2026-01-09";"G03356";131;"Breakfast";18.0
"FB004517";"2026-04-04";"G03358";218;"Restaurant & Bar";23.0
"FB004518";"2026-04-06";"G03358";218;"Restaurant & Bar";44.0
"FB004519";"2026-04-06";"G03358";218;"Breakfast";15.0
"FB004520";"2026-04-07";"G03358";218;"Room Service";64.0
"FB004521";"2026-06-26";"G03360";233;"Breakfast";35.0
"FB004522";"2026-06-24";"G03360";233;"Restaurant & Bar";83.0
"FB004523";"2026-05-06";"G03361";414;"Breakfast";25.0
"FB004524";"2026-05-17";"G03362";210;"Restaurant & Bar";21.0
"FB004525";"2026-05-17";"G03362";210;"Restaurant & Bar";90.0
"FB004526";"2026-05-11";"G03363";231;"Restaurant & Bar";52.0
"FB004527";"2026-03-31";"G03364";226;"Room Service";64.0
"FB004528";"2026-06-06";"G03365";525;"Restaurant & Bar";114.0
"FB004529";"2026-06-06";"G03365";525;"Restaurant & Bar";99.0
"FB004530";"2026-06-06";"G03365";525;"Room Service";60.0
"FB004531";"2026-05-01";"G03366";530;"Restaurant & Bar";107.0
"FB004532";"2026-04-29";"G03366";530;"Restaurant & Bar";43.0
"FB004533";"2026-04-30";"G03366";530;"Breakfast";21.0
"FB004534";"2026-05-04";"G03367";201;"Restaurant & Bar";114.0
"FB004535";"2026-03-01";"G03368";215;"Restaurant & Bar";58.0
"FB004536";"2026-02-28";"G03368";215;"Restaurant & Bar";90.0
"FB004537";"2026-06-16";"G03369";221;"Restaurant & Bar";101.0
"FB004538";"2026-06-14";"G03369";221;"Restaurant & Bar";114.0
"FB004539";"2026-06-12";"G03369";221;"Restaurant & Bar";74.0
"FB004540";"2026-06-05";"G03371";323;"Restaurant & Bar";82.0
"FB004541";"2026-06-05";"G03371";323;"Room Service";28.0
"FB004542";"2026-06-04";"G03371";323;"Room Service";25.0
"FB004543";"2026-06-05";"G03371";323;"Breakfast";31.0
"FB004544";"2026-05-09";"G03375";406;"Room Service";53.0
"FB004545";"2026-06-28";"G03377";425;"Restaurant & Bar";22.0
"FB004546";"2026-01-20";"G03378";406;"Restaurant & Bar";94.0
"FB004547";"2026-01-19";"G03378";406;"Restaurant & Bar";44.0
"FB004548";"2026-01-19";"G03378";406;"Restaurant & Bar";48.0
"FB004549";"2026-01-20";"G03378";406;"Restaurant & Bar";44.0
"FB004550";"2026-01-20";"G03378";406;"Breakfast";21.0
"FB004551";"2026-06-26";"G03381";220;"Breakfast";20.0
"FB004552";"2026-01-25";"G03383";317;"Restaurant & Bar";81.0
"FB004553";"2026-06-28";"G03384";431;"Restaurant & Bar";58.0
"FB004554";"2026-06-30";"G03384";431;"Restaurant & Bar";96.0
"FB004555";"2026-06-28";"G03384";431;"Restaurant & Bar";75.0
"FB004556";"2026-06-29";"G03384";431;"Breakfast";15.0
"FB004557";"2026-03-31";"G03387";213;"Room Service";22.0
"FB004558";"2026-04-02";"G03387";213;"Restaurant & Bar";63.0
"FB004559";"2026-03-31";"G03387";213;"Restaurant & Bar";49.0
"FB004560";"2026-04-26";"G03389";301;"Restaurant & Bar";23.0
"FB004561";"2026-04-27";"G03389";301;"Restaurant & Bar";104.0
"FB004562";"2026-04-26";"G03389";301;"Breakfast";16.0
"FB004563";"2026-03-22";"G03390";119;"Restaurant & Bar";22.0
"FB004564";"2026-03-25";"G03390";119;"Room Service";85.0
"FB004565";"2026-03-23";"G03390";119;"Room Service";15.0
"FB004566";"2026-03-23";"G03390";119;"Room Service";44.0
"FB004567";"2026-03-24";"G03390";119;"Restaurant & Bar";19.0
"FB004568";"2026-05-29";"G03391";130;"Restaurant & Bar";25.0
"FB004569";"2026-05-29";"G03391";130;"Breakfast";22.0
"FB004570";"2026-05-29";"G03391";130;"Room Service";17.0
"FB004571";"2026-03-20";"G03393";331;"Breakfast";19.0
"FB004572";"2026-01-15";"G03394";116;"Restaurant & Bar";39.0
"FB004573";"2026-01-14";"G03394";116;"Breakfast";22.0
"FB004574";"2026-01-14";"G03394";116;"Breakfast";23.0
"FB004575";"2026-01-14";"G03394";116;"Restaurant & Bar";20.0
"FB004576";"2026-01-14";"G03394";116;"Breakfast";16.0
"FB004577";"2026-04-03";"G03395";507;"Restaurant & Bar";81.0
"FB004578";"2026-04-02";"G03395";507;"Restaurant & Bar";88.0
"FB004579";"2026-03-04";"G03396";533;"Restaurant & Bar";73.0
"FB004580";"2026-03-04";"G03396";533;"Breakfast";33.0
"FB004581";"2026-03-01";"G03396";533;"Room Service";57.0
"FB004582";"2026-03-04";"G03396";533;"Restaurant & Bar";66.0
"FB004583";"2026-03-01";"G03396";533;"Room Service";73.0
"FB004584";"2026-04-30";"G03397";522;"Room Service";44.0
"FB004585";"2026-04-29";"G03397";522;"Room Service";65.0
"FB004586";"2026-04-29";"G03397";522;"Restaurant & Bar";94.0
"FB004587";"2026-04-28";"G03397";522;"Restaurant & Bar";38.0
"FB004588";"2026-05-07";"G03399";319;"Restaurant & Bar";19.0
"FB004589";"2026-05-27";"G03400";326;"Restaurant & Bar";40.0
"FB004590";"2026-04-23";"G03401";301;"Restaurant & Bar";73.0
"FB004591";"2026-04-24";"G03401";301;"Restaurant & Bar";39.0
"FB004592";"2026-05-21";"G03402";213;"Restaurant & Bar";47.0
"FB004593";"2026-04-27";"G03405";509;"Room Service";47.0
"FB004594";"2026-04-28";"G03405";509;"Restaurant & Bar";69.0
"FB004595";"2026-04-28";"G03405";509;"Room Service";77.0
"FB004596";"2026-04-30";"G03405";509;"Breakfast";10.0
"FB004597";"2026-02-21";"G03406";519;"Restaurant & Bar";61.0
"FB004598";"2026-02-18";"G03406";519;"Room Service";20.0
"FB004599";"2026-02-20";"G03406";519;"Breakfast";21.0
"FB004600";"2026-01-04";"G03407";305;"Breakfast";29.0
"FB004601";"2026-01-03";"G03413";212;"Restaurant & Bar";61.0
"FB004602";"2026-01-01";"G03413";212;"Restaurant & Bar";70.0
"FB004603";"2026-05-02";"G03414";416;"Restaurant & Bar";42.0
"FB004604";"2026-05-05";"G03416";214;"Room Service";32.0
"FB004605";"2026-05-04";"G03416";214;"Restaurant & Bar";92.0
"FB004606";"2026-05-09";"G03416";214;"Restaurant & Bar";58.0
"FB004607";"2026-05-12";"G03418";525;"Restaurant & Bar";29.0
"FB004608";"2026-05-13";"G03418";525;"Restaurant & Bar";112.0
"FB004609";"2026-05-13";"G03418";525;"Breakfast";34.0
"FB004610";"2026-05-13";"G03418";525;"Breakfast";31.0
"FB004611";"2026-06-29";"G03420";310;"Breakfast";17.0
"FB004612";"2026-05-12";"G03422";531;"Breakfast";31.0
"FB004613";"2026-05-14";"G03422";531;"Room Service";61.0
"FB004614";"2026-06-10";"G03423";309;"Breakfast";31.0
"FB004615";"2026-06-09";"G03423";309;"Restaurant & Bar";39.0
"FB004616";"2026-06-16";"G03425";228;"Breakfast";30.0
"FB004617";"2026-06-19";"G03425";228;"Restaurant & Bar";75.0
"FB004618";"2026-04-17";"G03427";130;"Breakfast";25.0
"FB004619";"2026-04-18";"G03429";520;"Restaurant & Bar";100.0
"FB004620";"2026-03-02";"G03430";119;"Room Service";29.0
"FB004621";"2026-04-09";"G03431";227;"Room Service";45.0
"FB004622";"2026-04-06";"G03431";227;"Restaurant & Bar";24.0
"FB004623";"2026-01-06";"G03434";404;"Breakfast";17.0
"FB004624";"2026-01-04";"G03434";404;"Restaurant & Bar";86.0
"FB004625";"2026-01-04";"G03434";404;"Restaurant & Bar";34.0
"FB004626";"2026-05-27";"G03435";117;"Restaurant & Bar";65.0
"FB004627";"2026-05-29";"G03435";117;"Restaurant & Bar";111.0
"FB004628";"2026-02-16";"G03437";316;"Restaurant & Bar";43.0
"FB004629";"2026-02-15";"G03437";316;"Breakfast";26.0
"FB004630";"2026-02-14";"G03437";316;"Room Service";53.0
"FB004631";"2026-02-15";"G03437";316;"Breakfast";29.0
"FB004632";"2026-06-05";"G03439";423;"Room Service";17.0
"FB004633";"2026-05-05";"G03440";425;"Restaurant & Bar";40.0
"FB004634";"2026-03-07";"G03441";224;"Breakfast";10.0
"FB004635";"2026-03-08";"G03441";224;"Restaurant & Bar";45.0
"FB004636";"2026-06-15";"G03442";104;"Room Service";33.0
"FB004637";"2026-03-10";"G03443";503;"Room Service";80.0
"FB004638";"2026-03-07";"G03443";503;"Restaurant & Bar";76.0
"FB004639";"2026-03-10";"G03443";503;"Restaurant & Bar";100.0
"FB004640";"2026-03-06";"G03443";503;"Room Service";25.0
"FB004641";"2026-06-17";"G03446";527;"Restaurant & Bar";97.0
"FB004642";"2026-06-16";"G03446";527;"Room Service";39.0
"FB004643";"2026-06-10";"G03452";328;"Breakfast";22.0
"FB004644";"2026-05-18";"G03454";515;"Room Service";64.0
"FB004645";"2026-05-22";"G03454";515;"Restaurant & Bar";70.0
"FB004646";"2026-05-22";"G03454";515;"Restaurant & Bar";95.0
"FB004647";"2026-04-08";"G03455";419;"Restaurant & Bar";114.0
"FB004648";"2026-02-06";"G03457";508;"Room Service";54.0
"FB004649";"2026-02-05";"G03457";508;"Breakfast";25.0
"FB004650";"2026-02-09";"G03457";508;"Restaurant & Bar";22.0
"FB004651";"2026-01-24";"G03460";429;"Restaurant & Bar";39.0
"FB004652";"2026-01-05";"G03461";132;"Restaurant & Bar";80.0
"FB004653";"2026-01-05";"G03461";132;"Restaurant & Bar";85.0
"FB004654";"2026-01-04";"G03461";132;"Room Service";60.0
"FB004655";"2026-01-06";"G03461";132;"Room Service";65.0
"FB004656";"2026-01-05";"G03461";132;"Breakfast";37.0
"FB004657";"2026-04-19";"G03462";516;"Room Service";49.0
"FB004658";"2026-04-18";"G03462";516;"Restaurant & Bar";30.0
"FB004659";"2026-04-18";"G03462";516;"Room Service";72.0
"FB004660";"2026-03-26";"G03465";217;"Breakfast";15.0
"FB004661";"2026-03-26";"G03465";217;"Restaurant & Bar";42.0
"FB004662";"2026-03-07";"G03466";205;"Restaurant & Bar";102.0
"FB004663";"2026-03-04";"G03466";205;"Restaurant & Bar";76.0
"FB004664";"2026-04-06";"G03469";403;"Restaurant & Bar";42.0
"FB004665";"2026-04-03";"G03469";403;"Room Service";15.0
"FB004666";"2026-04-05";"G03469";403;"Breakfast";29.0
"FB004667";"2026-04-05";"G03469";403;"Room Service";83.0
"FB004668";"2026-04-06";"G03469";403;"Room Service";15.0
"FB004669";"2026-05-15";"G03470";216;"Restaurant & Bar";66.0
"FB004670";"2026-05-01";"G03472";404;"Restaurant & Bar";73.0
"FB004671";"2026-03-01";"G03474";215;"Breakfast";37.0
"FB004672";"2026-03-02";"G03474";215;"Restaurant & Bar";27.0
"FB004673";"2026-05-09";"G03476";223;"Restaurant & Bar";43.0
"FB004674";"2026-05-11";"G03476";223;"Restaurant & Bar";76.0
"FB004675";"2026-05-10";"G03476";223;"Room Service";42.0
"FB004676";"2026-05-11";"G03476";223;"Breakfast";34.0
"FB004677";"2026-05-11";"G03476";223;"Breakfast";27.0
"FB004678";"2026-03-16";"G03478";302;"Restaurant & Bar";65.0
"FB004679";"2026-03-18";"G03479";301;"Room Service";79.0
"FB004680";"2026-06-13";"G03480";507;"Breakfast";32.0
"FB004681";"2026-03-10";"G03481";116;"Breakfast";11.0
"FB004682";"2026-05-19";"G03482";108;"Restaurant & Bar";94.0
"FB004683";"2026-04-28";"G03485";517;"Room Service";83.0
"FB004684";"2026-05-24";"G03490";118;"Breakfast";15.0
"FB004685";"2026-05-25";"G03490";118;"Restaurant & Bar";96.0
"FB004686";"2026-05-24";"G03490";118;"Restaurant & Bar";94.0
"FB004687";"2026-05-22";"G03491";517;"Restaurant & Bar";73.0
"FB004688";"2026-03-04";"G03492";325;"Restaurant & Bar";46.0
"FB004689";"2026-01-18";"G03493";131;"Restaurant & Bar";87.0
"FB004690";"2026-01-19";"G03493";131;"Restaurant & Bar";33.0
"FB004691";"2026-04-04";"G03495";510;"Room Service";61.0
"FB004692";"2026-04-03";"G03495";510;"Restaurant & Bar";91.0
"FB004693";"2026-04-01";"G03495";510;"Room Service";83.0
"FB004694";"2026-04-02";"G03495";510;"Restaurant & Bar";54.0
"FB004695";"2026-05-06";"G03496";227;"Breakfast";35.0
"FB004696";"2026-05-04";"G03496";227;"Restaurant & Bar";74.0
"FB004697";"2026-05-03";"G03496";227;"Restaurant & Bar";86.0
"FB004698";"2026-05-04";"G03496";227;"Restaurant & Bar";100.0
"FB004699";"2026-06-17";"G03497";305;"Breakfast";21.0
"FB004700";"2026-01-11";"G03499";308;"Breakfast";26.0
"FB004701";"2026-02-21";"G03503";325;"Restaurant & Bar";33.0
"FB004702";"2026-02-21";"G03503";325;"Room Service";61.0
"FB004703";"2026-02-15";"G03503";325;"Breakfast";25.0
"FB004704";"2026-05-14";"G03504";424;"Restaurant & Bar";104.0
"FB004705";"2026-05-12";"G03504";424;"Restaurant & Bar";43.0
"FB004706";"2026-05-13";"G03504";424;"Restaurant & Bar";80.0
"FB004707";"2026-05-14";"G03504";424;"Room Service";78.0
"FB004708";"2026-06-14";"G03505";127;"Restaurant & Bar";50.0
"FB004709";"2026-06-13";"G03505";127;"Restaurant & Bar";56.0
"FB004710";"2026-06-15";"G03505";127;"Restaurant & Bar";102.0
"FB004711";"2026-05-17";"G03509";510;"Room Service";55.0
"FB004712";"2026-04-16";"G03513";415;"Restaurant & Bar";103.0
"FB004713";"2026-04-16";"G03513";415;"Restaurant & Bar";62.0
"FB004714";"2026-04-17";"G03513";415;"Restaurant & Bar";84.0
"FB004715";"2026-04-16";"G03513";415;"Restaurant & Bar";104.0
"FB004716";"2026-04-17";"G03513";415;"Restaurant & Bar";91.0
"FB004717";"2026-04-17";"G03515";409;"Restaurant & Bar";66.0
"FB004718";"2026-05-20";"G03516";414;"Restaurant & Bar";24.0
"FB004719";"2026-05-23";"G03516";414;"Restaurant & Bar";65.0
"FB004720";"2026-04-18";"G03521";234;"Breakfast";36.0
"FB004721";"2026-04-17";"G03521";234;"Restaurant & Bar";24.0
"FB004722";"2026-04-19";"G03521";234;"Breakfast";18.0
"FB004723";"2026-04-20";"G03521";234;"Room Service";35.0
"FB004724";"2026-06-01";"G03522";432;"Breakfast";31.0
"FB004725";"2026-03-25";"G03523";428;"Breakfast";18.0
"FB004726";"2026-03-27";"G03523";428;"Restaurant & Bar";92.0
"FB004727";"2026-03-26";"G03523";428;"Room Service";54.0
"FB004728";"2026-03-25";"G03523";428;"Restaurant & Bar";35.0
"FB004729";"2026-03-26";"G03524";506;"Room Service";51.0
"FB004730";"2026-03-26";"G03524";506;"Restaurant & Bar";29.0
"FB004731";"2026-01-30";"G03525";427;"Restaurant & Bar";59.0
"FB004732";"2026-01-28";"G03525";427;"Breakfast";14.0
"FB004733";"2026-04-04";"G03526";205;"Restaurant & Bar";37.0
"FB004734";"2026-04-13";"G03527";530;"Restaurant & Bar";69.0
"FB004735";"2026-04-13";"G03527";530;"Restaurant & Bar";29.0
"FB004736";"2026-01-02";"G03528";319;"Breakfast";32.0
"FB004737";"2026-06-02";"G03529";325;"Breakfast";17.0
"FB004738";"2026-03-29";"G03531";116;"Restaurant & Bar";76.0
"FB004739";"2026-03-28";"G03531";116;"Room Service";59.0
"FB004740";"2026-02-18";"G03532";506;"Restaurant & Bar";89.0
"FB004741";"2026-04-11";"G03534";227;"Breakfast";28.0
"FB004742";"2026-06-18";"G03535";405;"Restaurant & Bar";21.0
"FB004743";"2026-06-18";"G03535";405;"Restaurant & Bar";21.0
"FB004744";"2026-04-24";"G03536";531;"Restaurant & Bar";68.0
"FB004745";"2026-04-23";"G03536";531;"Breakfast";14.0
"FB004746";"2026-04-22";"G03539";407;"Restaurant & Bar";37.0
"FB004747";"2026-04-23";"G03539";407;"Restaurant & Bar";89.0
"FB004748";"2026-02-24";"G03541";211;"Restaurant & Bar";48.0
"FB004749";"2026-02-23";"G03541";211;"Room Service";38.0
"FB004750";"2026-02-22";"G03541";211;"Restaurant & Bar";36.0
"FB004751";"2026-05-15";"G03542";104;"Restaurant & Bar";107.0
"FB004752";"2026-06-15";"G03544";101;"Breakfast";17.0
"FB004753";"2026-06-15";"G03544";101;"Breakfast";20.0
"FB004754";"2026-02-02";"G03548";434;"Room Service";16.0
"FB004755";"2026-01-29";"G03548";434;"Breakfast";15.0
"FB004756";"2026-06-14";"G03552";432;"Restaurant & Bar";29.0
"FB004757";"2026-06-12";"G03552";432;"Breakfast";12.0
"FB004758";"2026-06-12";"G03552";432;"Restaurant & Bar";64.0
"FB004759";"2026-05-24";"G03555";202;"Room Service";34.0
"FB004760";"2026-05-24";"G03555";202;"Breakfast";31.0
"FB004761";"2026-05-05";"G03557";324;"Restaurant & Bar";46.0
"FB004762";"2026-04-23";"G03558";231;"Restaurant & Bar";19.0
"FB004763";"2026-04-19";"G03559";213;"Room Service";25.0
"FB004764";"2026-05-10";"G03560";220;"Breakfast";22.0
"FB004765";"2026-05-10";"G03560";220;"Breakfast";11.0
"FB004766";"2026-05-10";"G03560";220;"Room Service";71.0
"FB004767";"2026-05-30";"G03562";223;"Restaurant & Bar";72.0
"FB004768";"2026-05-30";"G03562";223;"Restaurant & Bar";97.0
"FB004769";"2026-05-30";"G03562";223;"Room Service";56.0
"FB004770";"2026-02-02";"G03563";334;"Restaurant & Bar";59.0
"FB004771";"2026-02-01";"G03563";334;"Restaurant & Bar";102.0
"FB004772";"2026-04-20";"G03564";225;"Restaurant & Bar";98.0
"FB004773";"2026-06-18";"G03567";508;"Restaurant & Bar";47.0
"FB004774";"2026-06-17";"G03567";508;"Restaurant & Bar";50.0
"FB004775";"2026-03-27";"G03569";334;"Restaurant & Bar";106.0
"FB004776";"2026-06-10";"G03570";208;"Restaurant & Bar";101.0
"FB004777";"2026-06-10";"G03570";208;"Breakfast";28.0
"FB004778";"2026-06-11";"G03570";208;"Room Service";46.0
"FB004779";"2026-02-17";"G03571";423;"Breakfast";15.0
"FB004780";"2026-02-15";"G03571";423;"Room Service";25.0
"FB004781";"2026-03-06";"G03573";102;"Breakfast";17.0
"FB004782";"2026-01-07";"G03574";433;"Restaurant & Bar";104.0
"FB004783";"2026-01-08";"G03574";433;"Room Service";74.0
"FB004784";"2026-01-09";"G03574";433;"Room Service";45.0
"FB004785";"2026-01-08";"G03574";433;"Restaurant & Bar";111.0
"FB004786";"2026-06-08";"G03575";325;"Restaurant & Bar";71.0
"FB004787";"2026-06-08";"G03575";325;"Breakfast";14.0
"FB004788";"2026-03-07";"G03576";519;"Breakfast";15.0
"FB004789";"2026-03-08";"G03576";519;"Restaurant & Bar";81.0
"FB004790";"2026-03-29";"G03577";405;"Restaurant & Bar";22.0
"FB004791";"2026-03-28";"G03577";405;"Breakfast";30.0
"FB004792";"2026-03-29";"G03577";405;"Breakfast";23.0
"FB004793";"2026-03-28";"G03577";405;"Breakfast";16.0
"FB004794";"2026-04-10";"G03579";124;"Restaurant & Bar";24.0
"FB004795";"2026-03-10";"G03580";318;"Breakfast";32.0
"FB004796";"2026-03-10";"G03580";318;"Restaurant & Bar";91.0
"FB004797";"2026-03-11";"G03580";318;"Restaurant & Bar";101.0
"FB004798";"2026-03-11";"G03580";318;"Restaurant & Bar";68.0
"FB004799";"2026-03-11";"G03580";318;"Restaurant & Bar";21.0
"FB004800";"2026-04-26";"G03581";219;"Restaurant & Bar";79.0
"FB004801";"2026-02-08";"G03583";230;"Breakfast";13.0
"FB004802";"2026-02-08";"G03583";230;"Restaurant & Bar";65.0
"FB004803";"2026-04-19";"G03584";224;"Restaurant & Bar";32.0
"FB004804";"2026-04-20";"G03584";224;"Breakfast";33.0
"FB004805";"2026-04-19";"G03584";224;"Restaurant & Bar";70.0
"FB004806";"2026-04-19";"G03584";224;"Breakfast";27.0
"FB004807";"2026-01-19";"G03585";325;"Restaurant & Bar";92.0
"FB004808";"2026-01-13";"G03587";207;"Breakfast";13.0
"FB004809";"2026-01-08";"G03587";207;"Restaurant & Bar";47.0
"FB004810";"2026-01-12";"G03587";207;"Restaurant & Bar";28.0
"FB004811";"2026-01-10";"G03587";207;"Breakfast";14.0
"FB004812";"2026-01-08";"G03587";207;"Room Service";24.0
"FB004813";"2026-01-03";"G03589";121;"Breakfast";12.0
"FB004814";"2026-01-07";"G03589";121;"Restaurant & Bar";100.0
"FB004815";"2026-01-02";"G03589";121;"Breakfast";26.0
"FB004816";"2026-02-12";"G03592";323;"Breakfast";31.0
"FB004817";"2026-02-11";"G03592";323;"Restaurant & Bar";94.0
"FB004818";"2026-02-10";"G03592";323;"Restaurant & Bar";26.0
"FB004819";"2026-03-03";"G03593";310;"Room Service";50.0
"FB004820";"2026-03-03";"G03593";310;"Restaurant & Bar";74.0
"FB004821";"2026-03-01";"G03593";310;"Room Service";38.0
"FB004822";"2026-05-07";"G03594";527;"Breakfast";24.0
"FB004823";"2026-05-08";"G03594";527;"Restaurant & Bar";50.0
"FB004824";"2026-06-21";"G03596";209;"Restaurant & Bar";23.0
"FB004825";"2026-06-22";"G03596";209;"Restaurant & Bar";101.0
"FB004826";"2026-01-30";"G03597";426;"Restaurant & Bar";98.0
"FB004827";"2026-01-08";"G03598";318;"Breakfast";16.0
"FB004828";"2026-01-10";"G03602";129;"Restaurant & Bar";86.0
"FB004829";"2026-04-10";"G03603";419;"Restaurant & Bar";58.0
"FB004830";"2026-03-25";"G03605";302;"Restaurant & Bar";22.0
"FB004831";"2026-06-02";"G03606";533;"Restaurant & Bar";115.0
"FB004832";"2026-06-07";"G03607";203;"Restaurant & Bar";21.0
"FB004833";"2026-06-08";"G03607";203;"Restaurant & Bar";41.0
"FB004834";"2026-04-25";"G03609";408;"Restaurant & Bar";106.0
"FB004835";"2026-04-24";"G03609";408;"Restaurant & Bar";24.0
"FB004836";"2026-04-22";"G03609";408;"Room Service";51.0
"FB004837";"2026-04-24";"G03609";408;"Restaurant & Bar";99.0
"FB004838";"2026-04-25";"G03609";408;"Restaurant & Bar";76.0
"FB004839";"2026-01-21";"G03610";423;"Restaurant & Bar";35.0
"FB004840";"2026-01-16";"G03610";423;"Restaurant & Bar";96.0
"FB004841";"2026-02-12";"G03611";503;"Breakfast";25.0
"FB004842";"2026-02-10";"G03611";503;"Room Service";21.0
"FB004843";"2026-05-27";"G03612";204;"Breakfast";32.0
"FB004844";"2026-04-20";"G03613";503;"Room Service";74.0
"FB004845";"2026-04-20";"G03613";503;"Breakfast";29.0
"FB004846";"2026-04-20";"G03613";503;"Restaurant & Bar";25.0
"FB004847";"2026-06-30";"G03614";322;"Breakfast";32.0
"FB004848";"2026-02-19";"G03615";108;"Restaurant & Bar";77.0
"FB004849";"2026-05-10";"G03617";505;"Restaurant & Bar";29.0
"FB004850";"2026-05-11";"G03617";505;"Breakfast";22.0
"FB004851";"2026-05-10";"G03617";505;"Breakfast";36.0
"FB004852";"2026-05-11";"G03617";505;"Restaurant & Bar";23.0
"FB004853";"2026-03-09";"G03618";413;"Restaurant & Bar";112.0
"FB004854";"2026-03-09";"G03618";413;"Breakfast";26.0
"FB004855";"2026-03-10";"G03618";413;"Restaurant & Bar";90.0
"FB004856";"2026-01-21";"G03619";310;"Breakfast";24.0
"FB004857";"2026-01-21";"G03619";310;"Restaurant & Bar";32.0
"FB004858";"2026-04-09";"G03620";530;"Breakfast";14.0
"FB004859";"2026-04-08";"G03620";530;"Restaurant & Bar";64.0
"FB004860";"2026-03-17";"G03622";521;"Restaurant & Bar";33.0
"FB004861";"2026-03-18";"G03622";521;"Restaurant & Bar";99.0
"FB004862";"2026-03-09";"G03623";426;"Room Service";59.0
"FB004863";"2026-03-08";"G03623";426;"Room Service";78.0
"FB004864";"2026-03-21";"G03625";524;"Room Service";68.0
"FB004865";"2026-03-22";"G03627";133;"Breakfast";10.0
"FB004866";"2026-03-22";"G03627";133;"Restaurant & Bar";82.0
"FB004867";"2026-03-21";"G03628";120;"Breakfast";32.0
"FB004868";"2026-03-22";"G03628";120;"Restaurant & Bar";37.0
"FB004869";"2026-04-03";"G03629";131;"Room Service";68.0
"FB004870";"2026-06-04";"G03636";432;"Restaurant & Bar";37.0
"FB004871";"2026-06-04";"G03636";432;"Breakfast";38.0
"FB004872";"2026-05-25";"G03637";401;"Breakfast";34.0
"FB004873";"2026-05-26";"G03637";401;"Room Service";24.0
"FB004874";"2026-02-12";"G03638";118;"Restaurant & Bar";32.0
"FB004875";"2026-02-12";"G03638";118;"Restaurant & Bar";93.0
"FB004876";"2026-02-14";"G03638";118;"Restaurant & Bar";68.0
"FB004877";"2026-02-13";"G03638";118;"Breakfast";18.0
"FB004878";"2026-02-13";"G03638";118;"Restaurant & Bar";80.0
"FB004879";"2026-02-05";"G03639";326;"Restaurant & Bar";91.0
"FB004880";"2026-02-07";"G03639";326;"Restaurant & Bar";24.0
"FB004881";"2026-02-05";"G03639";326;"Restaurant & Bar";77.0
"FB004882";"2026-01-23";"G03640";109;"Restaurant & Bar";43.0
"FB004883";"2026-06-03";"G03641";114;"Restaurant & Bar";107.0
"FB004884";"2026-01-24";"G03642";301;"Breakfast";12.0
"FB004885";"2026-01-24";"G03642";301;"Restaurant & Bar";101.0
"FB004886";"2026-01-23";"G03642";301;"Restaurant & Bar";100.0
"FB004887";"2026-04-21";"G03644";119;"Breakfast";30.0
"FB004888";"2026-04-22";"G03644";119;"Restaurant & Bar";30.0
"FB004889";"2026-04-21";"G03644";119;"Restaurant & Bar";67.0
"FB004890";"2026-01-25";"G03645";114;"Breakfast";23.0
"FB004891";"2026-06-28";"G03646";334;"Restaurant & Bar";71.0
"FB004892";"2026-06-30";"G03646";334;"Breakfast";10.0
"FB004893";"2026-03-20";"G03648";527;"Room Service";70.0
"FB004894";"2026-03-21";"G03648";527;"Restaurant & Bar";60.0
"FB004895";"2026-02-15";"G03649";407;"Restaurant & Bar";41.0
"FB004896";"2026-02-13";"G03649";407;"Breakfast";17.0
"FB004897";"2026-06-01";"G03650";412;"Restaurant & Bar";102.0
"FB004898";"2026-05-20";"G03651";516;"Breakfast";19.0
"FB004899";"2026-05-23";"G03651";516;"Room Service";85.0
"FB004900";"2026-05-04";"G03652";307;"Breakfast";10.0
"FB004901";"2026-05-03";"G03652";307;"Room Service";47.0
"FB004902";"2026-05-04";"G03652";307;"Breakfast";11.0
"FB004903";"2026-05-06";"G03652";307;"Room Service";57.0
"FB004904";"2026-05-05";"G03652";307;"Restaurant & Bar";97.0
"FB004905";"2026-05-09";"G03653";328;"Restaurant & Bar";32.0
"FB004906";"2026-05-09";"G03653";328;"Restaurant & Bar";81.0
"FB004907";"2026-01-17";"G03655";534;"Restaurant & Bar";101.0
"FB004908";"2026-01-17";"G03655";534;"Breakfast";21.0
"FB004909";"2026-01-18";"G03655";534;"Restaurant & Bar";106.0
"FB004910";"2026-01-14";"G03656";204;"Restaurant & Bar";96.0
"FB004911";"2026-01-14";"G03656";204;"Restaurant & Bar";100.0
"FB004912";"2026-02-10";"G03659";425;"Room Service";70.0
"FB004913";"2026-02-08";"G03660";527;"Breakfast";33.0
"FB004914";"2026-02-08";"G03660";527;"Restaurant & Bar";77.0
"FB004915";"2026-01-13";"G03662";232;"Restaurant & Bar";47.0
"FB004916";"2026-01-11";"G03662";232;"Restaurant & Bar";108.0
"FB004917";"2026-01-13";"G03662";232;"Restaurant & Bar";48.0
"FB004918";"2026-01-11";"G03662";232;"Room Service";46.0
"FB004919";"2026-02-15";"G03663";409;"Restaurant & Bar";57.0
"FB004920";"2026-02-03";"G03664";233;"Restaurant & Bar";76.0
"FB004921";"2026-06-25";"G03665";210;"Restaurant & Bar";102.0
"FB004922";"2026-06-25";"G03665";210;"Breakfast";21.0
"FB004923";"2026-06-20";"G03666";404;"Restaurant & Bar";71.0
"FB004924";"2026-06-19";"G03666";404;"Restaurant & Bar";80.0
"FB004925";"2026-06-20";"G03666";404;"Restaurant & Bar";28.0
"FB004926";"2026-03-07";"G03669";501;"Breakfast";21.0
"FB004927";"2026-01-17";"G03672";308;"Breakfast";32.0
"FB004928";"2026-01-15";"G03672";308;"Restaurant & Bar";45.0
"FB004929";"2026-02-19";"G03676";317;"Restaurant & Bar";43.0
"FB004930";"2026-03-01";"G03677";527;"Room Service";80.0
"FB004931";"2026-02-27";"G03677";527;"Restaurant & Bar";70.0
"FB004932";"2026-02-27";"G03677";527;"Breakfast";23.0
"FB004933";"2026-03-01";"G03677";527;"Breakfast";19.0
"FB004934";"2026-02-26";"G03677";527;"Restaurant & Bar";34.0
"FB004935";"2026-03-23";"G03679";312;"Restaurant & Bar";59.0
"FB004936";"2026-05-29";"G03680";507;"Room Service";60.0
"FB004937";"2026-01-22";"G03681";102;"Restaurant & Bar";34.0
"FB004938";"2026-06-29";"G03682";102;"Restaurant & Bar";86.0
"FB004939";"2026-06-30";"G03685";205;"Breakfast";35.0
"FB004940";"2026-06-29";"G03685";205;"Restaurant & Bar";79.0
"FB004941";"2026-06-30";"G03685";205;"Breakfast";17.0
"FB004942";"2026-05-03";"G03688";228;"Restaurant & Bar";88.0
"FB004943";"2026-02-22";"G03689";111;"Room Service";20.0
"FB004944";"2026-02-17";"G03689";111;"Restaurant & Bar";101.0
"FB004945";"2026-06-23";"G03690";420;"Restaurant & Bar";57.0
"FB004946";"2026-06-25";"G03690";420;"Restaurant & Bar";36.0
"FB004947";"2026-03-05";"G03692";534;"Restaurant & Bar";28.0
"FB004948";"2026-02-28";"G03694";113;"Restaurant & Bar";115.0
"FB004949";"2026-03-01";"G03694";113;"Room Service";80.0
"FB004950";"2026-02-16";"G03695";315;"Restaurant & Bar";58.0
"FB004951";"2026-02-19";"G03695";315;"Breakfast";24.0
"FB004952";"2026-06-26";"G03697";409;"Breakfast";31.0
"FB004953";"2026-06-25";"G03697";409;"Restaurant & Bar";78.0
"FB004954";"2026-06-26";"G03697";409;"Restaurant & Bar";34.0
"FB004955";"2026-01-15";"G03698";329;"Room Service";37.0
"FB004956";"2026-01-15";"G03698";329;"Restaurant & Bar";54.0
"FB004957";"2026-05-31";"G03700";226;"Breakfast";13.0
"FB004958";"2026-03-02";"G03701";210;"Room Service";79.0
"FB004959";"2026-03-01";"G03701";210;"Restaurant & Bar";48.0
"FB004960";"2026-03-01";"G03701";210;"Breakfast";34.0
"FB004961";"2026-01-07";"G03703";223;"Restaurant & Bar";56.0
"FB004962";"2026-05-15";"G03706";122;"Room Service";59.0
"FB004963";"2026-05-15";"G03706";122;"Breakfast";25.0
"FB004964";"2026-05-15";"G03706";122;"Restaurant & Bar";92.0
"FB004965";"2026-01-16";"G03708";205;"Restaurant & Bar";92.0
"FB004966";"2026-04-25";"G03709";326;"Restaurant & Bar";95.0
"FB004967";"2026-02-13";"G03710";314;"Restaurant & Bar";89.0
"FB004968";"2026-02-13";"G03710";314;"Breakfast";28.0
"FB004969";"2026-02-13";"G03710";314;"Room Service";35.0
"FB004970";"2026-03-28";"G03711";322;"Room Service";32.0
"FB004971";"2026-03-28";"G03711";322;"Restaurant & Bar";85.0
"FB004972";"2026-03-27";"G03711";322;"Breakfast";16.0
"FB004973";"2026-06-22";"G03712";228;"Room Service";65.0
"FB004974";"2026-05-30";"G03715";411;"Restaurant & Bar";60.0
"FB004975";"2026-06-01";"G03715";411;"Restaurant & Bar";73.0
"FB004976";"2026-01-10";"G03717";323;"Room Service";65.0
"FB004977";"2026-01-09";"G03717";323;"Room Service";71.0
"FB004978";"2026-01-09";"G03717";323;"Room Service";80.0
"FB004979";"2026-01-10";"G03717";323;"Room Service";22.0
"FB004980";"2026-03-08";"G03719";531;"Room Service";37.0
"FB004981";"2026-03-07";"G03719";531;"Restaurant & Bar";28.0
"FB004982";"2026-02-06";"G03720";120;"Restaurant & Bar";102.0
"FB004983";"2026-06-12";"G03721";407;"Restaurant & Bar";104.0
"FB004984";"2026-06-13";"G03721";407;"Breakfast";30.0
"FB004985";"2026-02-06";"G03722";122;"Restaurant & Bar";27.0
"FB004986";"2026-02-05";"G03722";122;"Restaurant & Bar";100.0
"FB004987";"2026-04-29";"G03723";530;"Restaurant & Bar";28.0
"FB004988";"2026-04-30";"G03723";530;"Breakfast";13.0
"FB004989";"2026-05-01";"G03723";530;"Restaurant & Bar";25.0
"FB004990";"2026-06-04";"G03725";528;"Restaurant & Bar";69.0
"FB004991";"2026-06-04";"G03725";528;"Restaurant & Bar";25.0
"FB004992";"2026-06-04";"G03725";528;"Room Service";72.0
"FB004993";"2026-06-05";"G03725";528;"Restaurant & Bar";37.0
"FB004994";"2026-03-06";"G03727";519;"Restaurant & Bar";101.0
"FB004995";"2026-03-05";"G03727";519;"Breakfast";11.0
"FB004996";"2026-03-06";"G03727";519;"Restaurant & Bar";33.0
"FB004997";"2026-06-14";"G03728";312;"Restaurant & Bar";23.0
"FB004998";"2026-06-13";"G03728";312;"Breakfast";14.0
"FB004999";"2026-02-19";"G03730";306;"Restaurant & Bar";32.0
"FB005000";"2026-02-19";"G03730";306;"Breakfast";16.0
"FB005001";"2026-04-19";"G03733";124;"Room Service";85.0
"FB005002";"2026-04-18";"G03733";124;"Room Service";62.0
"FB005003";"2026-06-19";"G03734";132;"Restaurant & Bar";32.0
"FB005004";"2026-06-21";"G03734";132;"Breakfast";15.0
"FB005005";"2026-06-19";"G03734";132;"Breakfast";29.0
"FB005006";"2026-06-21";"G03734";132;"Breakfast";16.0
"FB005007";"2026-06-09";"G03737";534;"Breakfast";30.0
"FB005008";"2026-06-10";"G03737";534;"Restaurant & Bar";101.0
"FB005009";"2026-06-09";"G03737";534;"Breakfast";35.0
"FB005010";"2026-06-09";"G03739";429;"Restaurant & Bar";102.0
"FB005011";"2026-06-08";"G03739";429;"Room Service";58.0
"FB005012";"2026-06-07";"G03739";429;"Restaurant & Bar";69.0
"FB005013";"2026-06-09";"G03739";429;"Restaurant & Bar";55.0
"FB005014";"2026-06-09";"G03739";429;"Breakfast";16.0
"FB005015";"2026-05-11";"G03740";511;"Breakfast";15.0
"FB005016";"2026-05-10";"G03740";511;"Room Service";33.0
"FB005017";"2026-03-16";"G03741";503;"Breakfast";17.0
"FB005018";"2026-03-14";"G03741";503;"Breakfast";27.0
"FB005019";"2026-03-17";"G03741";503;"Restaurant & Bar";49.0
"FB005020";"2026-03-09";"G03742";323;"Restaurant & Bar";61.0
"FB005021";"2026-03-09";"G03742";323;"Restaurant & Bar";95.0
"FB005022";"2026-01-20";"G03743";405;"Breakfast";35.0
"FB005023";"2026-01-20";"G03743";405;"Restaurant & Bar";49.0
"FB005024";"2026-01-19";"G03743";405;"Breakfast";22.0
"FB005025";"2026-01-18";"G03743";405;"Restaurant & Bar";109.0
"FB005026";"2026-01-19";"G03743";405;"Restaurant & Bar";25.0
"FB005027";"2026-05-19";"G03744";508;"Breakfast";16.0
"FB005028";"2026-05-12";"G03745";115;"Breakfast";32.0
"FB005029";"2026-03-21";"G03746";301;"Breakfast";17.0
"FB005030";"2026-04-13";"G03750";427;"Restaurant & Bar";35.0
"FB005031";"2026-04-09";"G03750";427;"Restaurant & Bar";53.0
"FB005032";"2026-04-13";"G03750";427;"Restaurant & Bar";30.0
"FB005033";"2026-04-11";"G03750";427;"Restaurant & Bar";112.0
"FB005034";"2026-06-02";"G03751";511;"Room Service";77.0
"FB005035";"2026-06-02";"G03751";511;"Restaurant & Bar";40.0
"FB005036";"2026-03-27";"G03752";108;"Breakfast";25.0
"FB005037";"2026-01-27";"G03753";201;"Breakfast";30.0
"FB005038";"2026-01-25";"G03753";201;"Restaurant & Bar";71.0
"FB005039";"2026-04-04";"G03754";230;"Restaurant & Bar";39.0
"FB005040";"2026-04-03";"G03754";230;"Breakfast";36.0
"FB005041";"2026-04-04";"G03754";230;"Restaurant & Bar";77.0
"FB005042";"2026-04-04";"G03754";230;"Room Service";80.0
"FB005043";"2026-04-05";"G03754";230;"Breakfast";33.0
"FB005044";"2026-04-29";"G03756";432;"Restaurant & Bar";74.0
"FB005045";"2026-05-01";"G03756";432;"Breakfast";11.0
"FB005046";"2026-04-29";"G03756";432;"Room Service";21.0
"FB005047";"2026-01-30";"G03757";124;"Room Service";75.0
"FB005048";"2026-01-30";"G03757";124;"Room Service";23.0
"FB005049";"2026-02-04";"G03757";124;"Room Service";19.0
"FB005050";"2026-02-16";"G03762";307;"Restaurant & Bar";53.0
"FB005051";"2026-02-15";"G03762";307;"Breakfast";35.0
"FB005052";"2026-06-12";"G03764";505;"Breakfast";21.0
"FB005053";"2026-06-09";"G03764";505;"Room Service";28.0
"FB005054";"2026-06-12";"G03764";505;"Room Service";27.0
"FB005055";"2026-02-25";"G03769";421;"Room Service";57.0
"FB005056";"2026-02-26";"G03769";421;"Restaurant & Bar";55.0
"FB005057";"2026-02-23";"G03769";421;"Breakfast";25.0
"FB005058";"2026-04-28";"G03771";217;"Restaurant & Bar";60.0
"FB005059";"2026-05-04";"G03776";308;"Room Service";53.0
"FB005060";"2026-05-06";"G03776";308;"Breakfast";20.0
"FB005061";"2026-05-17";"G03780";329;"Breakfast";26.0
"FB005062";"2026-05-16";"G03780";329;"Restaurant & Bar";50.0
"FB005063";"2026-05-17";"G03780";329;"Breakfast";19.0
"FB005064";"2026-05-19";"G03780";329;"Restaurant & Bar";49.0
"FB005065";"2026-02-01";"G03782";108;"Restaurant & Bar";111.0
"FB005066";"2026-02-08";"G03782";108;"Restaurant & Bar";44.0
"FB005067";"2026-02-08";"G03782";108;"Breakfast";18.0
"FB005068";"2026-04-13";"G03783";529;"Restaurant & Bar";93.0
"FB005069";"2026-04-11";"G03783";529;"Breakfast";15.0
"FB005070";"2026-04-11";"G03783";529;"Room Service";82.0
"FB005071";"2026-05-18";"G03784";309;"Breakfast";20.0
"FB005072";"2026-05-18";"G03784";309;"Breakfast";34.0
"FB005073";"2026-06-19";"G03785";130;"Restaurant & Bar";103.0
"FB005074";"2026-06-19";"G03785";130;"Restaurant & Bar";36.0
"FB005075";"2026-06-16";"G03785";130;"Breakfast";25.0
"FB005076";"2026-06-15";"G03785";130;"Restaurant & Bar";37.0
"FB005077";"2026-02-07";"G03786";224;"Breakfast";33.0
"FB005078";"2026-02-09";"G03786";224;"Restaurant & Bar";64.0
"FB005079";"2026-02-08";"G03786";224;"Breakfast";27.0
"FB005080";"2026-04-18";"G03787";312;"Room Service";40.0
"FB005081";"2026-03-28";"G03790";421;"Room Service";35.0
"FB005082";"2026-03-24";"G03790";421;"Restaurant & Bar";26.0
"FB005083";"2026-02-27";"G03792";411;"Restaurant & Bar";22.0
"FB005084";"2026-02-27";"G03792";411;"Restaurant & Bar";34.0
"FB005085";"2026-02-26";"G03792";411;"Restaurant & Bar";76.0
"FB005086";"2026-06-16";"G03793";222;"Restaurant & Bar";75.0
"FB005087";"2026-01-03";"G03794";131;"Restaurant & Bar";43.0
"FB005088";"2026-01-02";"G03794";131;"Breakfast";36.0
"FB005089";"2026-01-02";"G03794";131;"Restaurant & Bar";53.0
"FB005090";"2026-05-19";"G03795";205;"Breakfast";28.0
"FB005091";"2026-06-03";"G03799";313;"Restaurant & Bar";96.0
"FB005092";"2026-01-15";"G03800";109;"Breakfast";32.0
"FB005093";"2026-01-14";"G03800";109;"Restaurant & Bar";86.0
"FB005094";"2026-03-11";"G03801";502;"Restaurant & Bar";100.0
"FB005095";"2026-03-12";"G03801";502;"Breakfast";29.0
"FB005096";"2026-03-30";"G03805";112;"Room Service";59.0
"FB005097";"2026-03-28";"G03805";112;"Breakfast";23.0
"FB005098";"2026-03-29";"G03805";112;"Breakfast";30.0
"FB005099";"2026-03-29";"G03805";112;"Restaurant & Bar";82.0
"FB005100";"2026-03-08";"G03806";134;"Restaurant & Bar";108.0
"FB005101";"2026-03-07";"G03806";134;"Restaurant & Bar";53.0
"FB005102";"2026-02-26";"G03809";305;"Breakfast";25.0
"FB005103";"2026-02-10";"G03810";131;"Restaurant & Bar";36.0
"FB005104";"2026-06-04";"G03812";218;"Restaurant & Bar";25.0
"FB005105";"2026-02-05";"G03813";119;"Breakfast";11.0
"FB005106";"2026-05-26";"G03814";132;"Breakfast";20.0
"FB005107";"2026-05-24";"G03814";132;"Breakfast";28.0
"FB005108";"2026-05-27";"G03814";132;"Breakfast";18.0
"FB005109";"2026-03-31";"G03816";501;"Room Service";33.0
"FB005110";"2026-04-02";"G03816";501;"Restaurant & Bar";56.0
"FB005111";"2026-03-02";"G03817";504;"Room Service";80.0
"FB005112";"2026-03-03";"G03817";504;"Breakfast";33.0
"FB005113";"2026-03-01";"G03817";504;"Room Service";62.0
"FB005114";"2026-03-01";"G03817";504;"Room Service";40.0
"FB005115";"2026-02-28";"G03818";210;"Restaurant & Bar";47.0
"FB005116";"2026-02-27";"G03818";210;"Restaurant & Bar";36.0
"FB005117";"2026-03-03";"G03818";210;"Breakfast";18.0
"FB005118";"2026-02-22";"G03820";110;"Breakfast";30.0
"FB005119";"2026-04-12";"G03823";101;"Breakfast";13.0
"FB005120";"2026-04-11";"G03823";101;"Breakfast";15.0
"FB005121";"2026-05-04";"G03827";109;"Restaurant & Bar";88.0
"FB005122";"2026-05-04";"G03827";109;"Breakfast";16.0
"FB005123";"2026-05-05";"G03827";109;"Room Service";21.0
"FB005124";"2026-03-13";"G03828";102;"Restaurant & Bar";113.0
"FB005125";"2026-03-11";"G03828";102;"Breakfast";32.0
"FB005126";"2026-03-13";"G03828";102;"Restaurant & Bar";33.0
"FB005127";"2026-06-05";"G03829";116;"Breakfast";33.0
"FB005128";"2026-06-02";"G03829";116;"Room Service";27.0
"FB005129";"2026-05-31";"G03829";116;"Room Service";83.0
"FB005130";"2026-02-21";"G03831";128;"Breakfast";29.0
"FB005131";"2026-02-25";"G03831";128;"Restaurant & Bar";28.0
"FB005132";"2026-02-24";"G03831";128;"Restaurant & Bar";72.0
"FB005133";"2026-01-21";"G03832";132;"Room Service";46.0
"FB005134";"2026-02-22";"G03833";317;"Restaurant & Bar";58.0
"FB005135";"2026-02-22";"G03833";317;"Restaurant & Bar";97.0
"FB005136";"2026-02-20";"G03833";317;"Restaurant & Bar";43.0
"FB005137";"2026-06-17";"G03834";313;"Restaurant & Bar";23.0
"FB005138";"2026-06-17";"G03834";313;"Restaurant & Bar";78.0
"FB005139";"2026-06-16";"G03834";313;"Restaurant & Bar";63.0
"FB005140";"2026-05-30";"G03835";130;"Restaurant & Bar";70.0
"FB005141";"2026-05-29";"G03835";130;"Room Service";84.0
"FB005142";"2026-05-29";"G03835";130;"Restaurant & Bar";95.0
"FB005143";"2026-03-13";"G03837";404;"Room Service";41.0
"FB005144";"2026-03-14";"G03837";404;"Breakfast";12.0
"FB005145";"2026-04-17";"G03840";533;"Restaurant & Bar";53.0
"FB005146";"2026-04-18";"G03840";533;"Restaurant & Bar";112.0
"FB005147";"2026-04-19";"G03840";533;"Restaurant & Bar";79.0
"FB005148";"2026-01-25";"G03842";517;"Restaurant & Bar";40.0
"FB005149";"2026-01-24";"G03842";517;"Room Service";79.0
"FB005150";"2026-04-24";"G03843";324;"Restaurant & Bar";88.0
"FB005151";"2026-04-24";"G03843";324;"Restaurant & Bar";83.0
"FB005152";"2026-04-23";"G03843";324;"Restaurant & Bar";20.0
"FB005153";"2026-03-12";"G03845";222;"Breakfast";24.0
"FB005154";"2026-03-11";"G03845";222;"Restaurant & Bar";94.0
"FB005155";"2026-03-15";"G03845";222;"Restaurant & Bar";25.0
"FB005156";"2026-01-17";"G03846";125;"Breakfast";35.0
"FB005157";"2026-01-18";"G03846";125;"Restaurant & Bar";22.0
"FB005158";"2026-01-19";"G03846";125;"Breakfast";34.0
"FB005159";"2026-01-11";"G03847";412;"Room Service";18.0
"FB005160";"2026-01-10";"G03847";412;"Room Service";73.0
"FB005161";"2026-01-11";"G03847";412;"Breakfast";34.0
"FB005162";"2026-01-10";"G03847";412;"Restaurant & Bar";73.0
"FB005163";"2026-03-19";"G03848";324;"Restaurant & Bar";82.0
"FB005164";"2026-03-06";"G03849";409;"Breakfast";19.0
"FB005165";"2026-03-06";"G03849";409;"Restaurant & Bar";96.0
"FB005166";"2026-03-06";"G03849";409;"Restaurant & Bar";86.0
"FB005167";"2026-04-14";"G03850";305;"Breakfast";27.0
"FB005168";"2026-02-14";"G03854";305;"Breakfast";24.0
"FB005169";"2026-02-15";"G03854";305;"Breakfast";37.0
"FB005170";"2026-02-14";"G03854";305;"Restaurant & Bar";82.0
"FB005171";"2026-02-15";"G03854";305;"Breakfast";15.0
"FB005172";"2026-04-08";"G03855";322;"Restaurant & Bar";98.0
"FB005173";"2026-04-07";"G03855";322;"Room Service";48.0
"FB005174";"2026-01-22";"G03856";507;"Restaurant & Bar";35.0
"FB005175";"2026-01-21";"G03856";507;"Room Service";16.0
"FB005176";"2026-06-23";"G03857";205;"Restaurant & Bar";41.0
"FB005177";"2026-06-22";"G03857";205;"Breakfast";26.0
"FB005178";"2026-06-21";"G03857";205;"Room Service";39.0
"FB005179";"2026-06-22";"G03857";205;"Breakfast";19.0
"FB005180";"2026-06-22";"G03857";205;"Restaurant & Bar";89.0
"FB005181";"2026-02-01";"G03859";106;"Restaurant & Bar";106.0
"FB005182";"2026-01-07";"G03860";331;"Restaurant & Bar";99.0
"FB005183";"2026-01-08";"G03860";331;"Restaurant & Bar";33.0
"FB005184";"2026-01-09";"G03860";331;"Room Service";23.0
"FB005185";"2026-01-07";"G03860";331;"Restaurant & Bar";27.0
"FB005186";"2026-04-16";"G03862";511;"Restaurant & Bar";38.0
"FB005187";"2026-04-16";"G03862";511;"Restaurant & Bar";80.0
"FB005188";"2026-04-16";"G03862";511;"Room Service";69.0
"FB005189";"2026-04-10";"G03863";329;"Restaurant & Bar";77.0
"FB005190";"2026-04-12";"G03863";329;"Breakfast";35.0
"FB005191";"2026-04-10";"G03863";329;"Restaurant & Bar";70.0
"FB005192";"2026-02-23";"G03864";407;"Room Service";65.0
"FB005193";"2026-02-23";"G03864";407;"Restaurant & Bar";29.0
"FB005194";"2026-02-23";"G03864";407;"Room Service";61.0
"FB005195";"2026-02-23";"G03864";407;"Restaurant & Bar";54.0
"FB005196";"2026-03-07";"G03865";208;"Restaurant & Bar";61.0
"FB005197";"2026-03-08";"G03865";208;"Restaurant & Bar";26.0
"FB005198";"2026-03-09";"G03865";208;"Restaurant & Bar";20.0
"FB005199";"2026-04-09";"G03866";410;"Restaurant & Bar";72.0
"FB005200";"2026-01-10";"G03868";522;"Restaurant & Bar";64.0
"FB005201";"2026-01-12";"G03868";522;"Restaurant & Bar";88.0
"FB005202";"2026-04-23";"G03870";520;"Restaurant & Bar";86.0
"FB005203";"2026-01-31";"G03872";212;"Restaurant & Bar";98.0
"FB005204";"2026-01-28";"G03872";212;"Breakfast";17.0
"FB005205";"2026-02-01";"G03872";212;"Room Service";67.0
"FB005206";"2026-06-02";"G03874";530;"Restaurant & Bar";73.0
"FB005207";"2026-02-19";"G03875";525;"Breakfast";31.0
"FB005208";"2026-02-14";"G03875";525;"Restaurant & Bar";106.0
"FB005209";"2026-02-13";"G03875";525;"Restaurant & Bar";82.0
"FB005210";"2026-06-18";"G03877";126;"Restaurant & Bar";49.0
"FB005211";"2026-06-04";"G03879";409;"Breakfast";22.0
"FB005212";"2026-01-28";"G03882";319;"Breakfast";36.0
"FB005213";"2026-01-30";"G03882";319;"Restaurant & Bar";52.0
"FB005214";"2026-01-30";"G03882";319;"Breakfast";29.0
"FB005215";"2026-04-09";"G03883";201;"Breakfast";11.0
"FB005216";"2026-01-30";"G03885";505;"Restaurant & Bar";79.0
"FB005217";"2026-01-28";"G03885";505;"Restaurant & Bar";34.0
"FB005218";"2026-02-14";"G03888";434;"Restaurant & Bar";46.0
"FB005219";"2026-02-14";"G03888";434;"Room Service";72.0
"FB005220";"2026-06-04";"G03890";431;"Room Service";70.0
"FB005221";"2026-05-01";"G03891";126;"Room Service";44.0
"FB005222";"2026-05-02";"G03891";126;"Restaurant & Bar";67.0
"FB005223";"2026-05-02";"G03891";126;"Breakfast";31.0
"FB005224";"2026-01-10";"G03892";503;"Restaurant & Bar";48.0
"FB005225";"2026-04-06";"G03893";319;"Breakfast";21.0
"FB005226";"2026-04-07";"G03893";319;"Restaurant & Bar";61.0
"FB005227";"2026-04-06";"G03893";319;"Room Service";47.0
"FB005228";"2026-04-06";"G03893";319;"Restaurant & Bar";91.0
"FB005229";"2026-01-05";"G03894";127;"Breakfast";15.0
"FB005230";"2026-01-04";"G03894";127;"Breakfast";35.0
"FB005231";"2026-03-24";"G03900";224;"Breakfast";35.0
"FB005232";"2026-03-25";"G03900";224;"Room Service";52.0
"FB005233";"2026-03-06";"G03902";513;"Restaurant & Bar";115.0
"FB005234";"2026-03-04";"G03902";513;"Room Service";63.0
"FB005235";"2026-03-05";"G03902";513;"Room Service";55.0
"FB005236";"2026-03-04";"G03902";513;"Restaurant & Bar";42.0
"FB005237";"2026-01-16";"G03904";105;"Breakfast";24.0
"FB005238";"2026-03-18";"G03905";433;"Restaurant & Bar";72.0
"FB005239";"2026-02-01";"G03906";403;"Restaurant & Bar";93.0
"FB005240";"2026-02-21";"G03907";423;"Breakfast";15.0
"FB005241";"2026-03-28";"G03910";102;"Restaurant & Bar";84.0
"FB005242";"2026-03-30";"G03910";102;"Restaurant & Bar";87.0
"FB005243";"2026-03-30";"G03910";102;"Room Service";29.0
"FB005244";"2026-05-13";"G03912";319;"Restaurant & Bar";59.0
"FB005245";"2026-01-21";"G03913";119;"Breakfast";27.0
"FB005246";"2026-01-21";"G03913";119;"Restaurant & Bar";31.0
"FB005247";"2026-01-24";"G03913";119;"Room Service";80.0
"FB005248";"2026-01-25";"G03913";119;"Breakfast";28.0
"FB005249";"2026-03-06";"G03914";234;"Room Service";43.0
"FB005250";"2026-06-19";"G03915";425;"Breakfast";11.0
"FB005251";"2026-02-02";"G03916";113;"Restaurant & Bar";44.0
"FB005252";"2026-01-22";"G03918";301;"Restaurant & Bar";79.0
"FB005253";"2026-06-21";"G03920";424;"Breakfast";27.0
"FB005254";"2026-06-22";"G03920";424;"Restaurant & Bar";39.0
"FB005255";"2026-06-20";"G03920";424;"Room Service";69.0
"FB005256";"2026-01-29";"G03921";526;"Restaurant & Bar";74.0
"FB005257";"2026-01-31";"G03921";526;"Restaurant & Bar";25.0
"FB005258";"2026-01-23";"G03922";320;"Room Service";26.0
"FB005259";"2026-04-17";"G03924";214;"Room Service";65.0
"FB005260";"2026-05-19";"G03925";327;"Restaurant & Bar";87.0
"FB005261";"2026-05-17";"G03925";327;"Restaurant & Bar";67.0
"FB005262";"2026-05-17";"G03928";417;"Room Service";24.0
"FB005263";"2026-05-16";"G03928";417;"Restaurant & Bar";70.0
"FB005264";"2026-01-27";"G03929";530;"Restaurant & Bar";81.0
"FB005265";"2026-02-10";"G03930";126;"Breakfast";31.0
"FB005266";"2026-04-26";"G03931";216;"Breakfast";32.0
"FB005267";"2026-04-26";"G03931";216;"Breakfast";32.0
"FB005268";"2026-06-17";"G03932";422;"Restaurant & Bar";92.0
"FB005269";"2026-06-20";"G03932";422;"Restaurant & Bar";91.0
"FB005270";"2026-01-03";"G03934";418;"Restaurant & Bar";74.0
"FB005271";"2026-02-24";"G03935";208;"Restaurant & Bar";30.0
"FB005272";"2026-01-26";"G03937";330;"Restaurant & Bar";108.0
"FB005273";"2026-05-31";"G03938";105;"Restaurant & Bar";45.0
"FB005274";"2026-04-02";"G03939";201;"Restaurant & Bar";97.0
"FB005275";"2026-04-02";"G03939";201;"Room Service";49.0
"FB005276";"2026-04-23";"G03941";404;"Room Service";34.0
"FB005277";"2026-04-22";"G03941";404;"Breakfast";14.0
"FB005278";"2026-04-24";"G03941";404;"Breakfast";14.0
"FB005279";"2026-04-23";"G03941";404;"Breakfast";20.0
"FB005280";"2026-04-22";"G03941";404;"Restaurant & Bar";79.0
"FB005281";"2026-06-04";"G03942";334;"Restaurant & Bar";29.0
"FB005282";"2026-05-21";"G03943";213;"Breakfast";16.0
"FB005283";"2026-05-19";"G03943";213;"Restaurant & Bar";82.0
"FB005284";"2026-05-28";"G03944";205;"Breakfast";12.0
"FB005285";"2026-04-30";"G03945";407;"Restaurant & Bar";51.0
"FB005286";"2026-05-01";"G03945";407;"Restaurant & Bar";73.0
"FB005287";"2026-02-12";"G03946";107;"Restaurant & Bar";109.0
"FB005288";"2026-02-13";"G03946";107;"Room Service";42.0
"FB005289";"2026-05-15";"G03948";415;"Restaurant & Bar";46.0
"FB005290";"2026-05-15";"G03948";415;"Breakfast";35.0
"FB005291";"2026-05-15";"G03948";415;"Restaurant & Bar";84.0
"FB005292";"2026-05-15";"G03948";415;"Restaurant & Bar";23.0
"FB005293";"2026-01-26";"G03949";418;"Restaurant & Bar";87.0
"FB005294";"2026-01-15";"G03950";216;"Restaurant & Bar";104.0
"FB005295";"2026-06-27";"G03953";415;"Restaurant & Bar";19.0
"FB005296";"2026-06-07";"G03954";414;"Restaurant & Bar";101.0
"FB005297";"2026-06-07";"G03954";414;"Restaurant & Bar";79.0
"FB005298";"2026-06-04";"G03954";414;"Breakfast";33.0
"FB005299";"2026-06-07";"G03954";414;"Restaurant & Bar";70.0
"FB005300";"2026-05-19";"G03957";408;"Breakfast";15.0
"FB005301";"2026-02-08";"G03958";107;"Room Service";36.0
"FB005302";"2026-02-10";"G03958";107;"Room Service";75.0
"FB005303";"2026-02-08";"G03958";107;"Breakfast";28.0
"FB005304";"2026-05-08";"G03959";403;"Restaurant & Bar";99.0
"FB005305";"2026-02-07";"G03960";123;"Room Service";75.0
"FB005306";"2026-06-26";"G03961";428;"Breakfast";33.0
"FB005307";"2026-02-18";"G03963";204;"Room Service";52.0
"FB005308";"2026-02-12";"G03963";204;"Restaurant & Bar";36.0
"FB005309";"2026-02-12";"G03963";204;"Room Service";81.0
"FB005310";"2026-04-25";"G03965";229;"Restaurant & Bar";53.0
"FB005311";"2026-04-23";"G03965";229;"Restaurant & Bar";21.0
"FB005312";"2026-04-29";"G03965";229;"Restaurant & Bar";77.0
"FB005313";"2026-04-29";"G03965";229;"Room Service";81.0
"FB005314";"2026-04-23";"G03965";229;"Restaurant & Bar";56.0
"FB005315";"2026-02-27";"G03967";208;"Restaurant & Bar";23.0
"FB005316";"2026-03-12";"G03968";418;"Restaurant & Bar";55.0
"FB005317";"2026-03-13";"G03968";418;"Room Service";26.0
"FB005318";"2026-03-14";"G03968";418;"Restaurant & Bar";94.0
"FB005319";"2026-03-12";"G03969";214;"Restaurant & Bar";106.0
"FB005320";"2026-03-10";"G03969";214;"Restaurant & Bar";73.0
"FB005321";"2026-06-21";"G03970";213;"Restaurant & Bar";76.0
"FB005322";"2026-06-22";"G03970";213;"Restaurant & Bar";63.0
"FB005323";"2026-06-22";"G03970";213;"Restaurant & Bar";23.0
"FB005324";"2026-06-21";"G03970";213;"Room Service";77.0
"FB005325";"2026-06-21";"G03970";213;"Breakfast";22.0
"FB005326";"2026-01-12";"G03971";323;"Restaurant & Bar";47.0
"FB005327";"2026-05-10";"G03972";332;"Breakfast";23.0
"FB005328";"2026-05-10";"G03972";332;"Room Service";65.0
"FB005329";"2026-01-31";"G03973";321;"Restaurant & Bar";21.0
"FB005330";"2026-01-31";"G03973";321;"Breakfast";31.0
"FB005331";"2026-01-30";"G03973";321;"Restaurant & Bar";113.0
"FB005332";"2026-05-23";"G03974";123;"Breakfast";22.0
"FB005333";"2026-05-23";"G03974";123;"Restaurant & Bar";83.0
"FB005334";"2026-05-21";"G03974";123;"Room Service";67.0
"FB005335";"2026-02-24";"G03975";415;"Restaurant & Bar";110.0
"FB005336";"2026-02-24";"G03975";415;"Room Service";46.0
"FB005337";"2026-02-17";"G03977";514;"Restaurant & Bar";29.0
"FB005338";"2026-02-06";"G03978";404;"Room Service";50.0
"FB005339";"2026-02-06";"G03978";404;"Restaurant & Bar";106.0
"FB005340";"2026-02-06";"G03978";404;"Restaurant & Bar";107.0
"FB005341";"2026-03-13";"G03979";418;"Breakfast";11.0
"FB005342";"2026-03-13";"G03979";418;"Restaurant & Bar";101.0
"FB005343";"2026-05-05";"G03980";203;"Room Service";48.0
"FB005344";"2026-02-23";"G03981";420;"Room Service";44.0
"FB005345";"2026-02-23";"G03981";420;"Restaurant & Bar";104.0
"FB005346";"2026-02-23";"G03981";420;"Breakfast";24.0
"FB005347";"2026-02-24";"G03981";420;"Restaurant & Bar";104.0
"FB005348";"2026-02-24";"G03981";420;"Breakfast";22.0
"FB005349";"2026-06-09";"G03983";521;"Restaurant & Bar";82.0
"FB005350";"2026-06-08";"G03983";521;"Restaurant & Bar";55.0
"FB005351";"2026-06-07";"G03983";521;"Room Service";35.0
"FB005352";"2026-02-06";"G03986";115;"Room Service";62.0
"FB005353";"2026-02-08";"G03986";115;"Restaurant & Bar";86.0
"FB005354";"2026-03-28";"G03988";212;"Restaurant & Bar";111.0
"FB005355";"2026-02-21";"G03989";304;"Breakfast";18.0
"FB005356";"2026-04-11";"G03990";532;"Restaurant & Bar";100.0
"FB005357";"2026-04-11";"G03990";532;"Restaurant & Bar";49.0
"FB005358";"2026-04-24";"G03991";411;"Breakfast";14.0
"FB005359";"2026-04-22";"G03991";411;"Restaurant & Bar";59.0
"FB005360";"2026-03-27";"G03994";504;"Restaurant & Bar";60.0
"FB005361";"2026-03-28";"G03994";504;"Breakfast";35.0
"FB005362";"2026-03-23";"G03994";504;"Restaurant & Bar";105.0
"FB005363";"2026-06-15";"G03998";401;"Restaurant & Bar";22.0
"FB005364";"2026-02-24";"G04000";403;"Breakfast";22.0
"FB005365";"2026-01-30";"G04001";508;"Restaurant & Bar";93.0
"FB005366";"2026-01-27";"G04001";508;"Restaurant & Bar";101.0
"FB005367";"2026-06-14";"G04002";203;"Restaurant & Bar";77.0
"FB005368";"2026-06-14";"G04002";203;"Breakfast";23.0
"FB005369";"2026-02-04";"G04004";325;"Restaurant & Bar";102.0
"FB005370";"2026-02-02";"G04004";325;"Restaurant & Bar";21.0
"FB005371";"2026-02-05";"G04004";325;"Restaurant & Bar";57.0
"FB005372";"2026-02-02";"G04004";325;"Restaurant & Bar";113.0
"FB005373";"2026-01-08";"G04006";412;"Restaurant & Bar";77.0
"FB005374";"2026-04-19";"G04008";509;"Room Service";51.0
"FB005375";"2026-04-20";"G04008";509;"Restaurant & Bar";83.0
"FB005376";"2026-04-20";"G04008";509;"Restaurant & Bar";115.0
"FB005377";"2026-04-21";"G04008";509;"Restaurant & Bar";28.0
"FB005378";"2026-04-21";"G04008";509;"Restaurant & Bar";97.0
"FB005379";"2026-03-14";"G04009";333;"Restaurant & Bar";61.0
"FB005380";"2026-04-26";"G04010";525;"Breakfast";21.0
"FB005381";"2026-04-27";"G04010";525;"Room Service";39.0
"FB005382";"2026-04-28";"G04010";525;"Restaurant & Bar";34.0
"FB005383";"2026-04-23";"G04010";525;"Breakfast";11.0
"FB005384";"2026-04-28";"G04010";525;"Restaurant & Bar";19.0
"FB005385";"2026-01-25";"G04011";306;"Room Service";69.0
"FB005386";"2026-01-25";"G04011";306;"Restaurant & Bar";113.0
"FB005387";"2026-03-12";"G04012";233;"Room Service";46.0
"FB005388";"2026-04-21";"G04013";132;"Restaurant & Bar";71.0
"FB005389";"2026-03-14";"G04014";332;"Room Service";63.0
"FB005390";"2026-01-30";"G04015";418;"Restaurant & Bar";104.0
"FB005391";"2026-01-30";"G04015";418;"Restaurant & Bar";39.0
"FB005392";"2026-03-18";"G04016";228;"Breakfast";22.0
"FB005393";"2026-03-19";"G04016";228;"Room Service";22.0
"FB005394";"2026-03-20";"G04016";228;"Breakfast";18.0
"FB005395";"2026-03-22";"G04016";228;"Breakfast";11.0
"FB005396";"2026-05-17";"G04017";328;"Restaurant & Bar";28.0
"FB005397";"2026-06-27";"G04018";212;"Room Service";51.0
"FB005398";"2026-06-26";"G04018";212;"Restaurant & Bar";98.0
"FB005399";"2026-06-26";"G04018";212;"Room Service";45.0
"FB005400";"2026-06-22";"G04018";212;"Restaurant & Bar";99.0
"FB005401";"2026-04-27";"G04019";414;"Breakfast";11.0
"FB005402";"2026-01-30";"G04020";126;"Room Service";47.0
"FB005403";"2026-01-31";"G04020";126;"Room Service";51.0
"FB005404";"2026-01-31";"G04020";126;"Breakfast";14.0
"FB005405";"2026-04-21";"G04022";231;"Breakfast";16.0
"FB005406";"2026-04-21";"G04022";231;"Restaurant & Bar";40.0
"FB005407";"2026-01-19";"G04025";113;"Restaurant & Bar";41.0
"FB005408";"2026-01-20";"G04025";113;"Breakfast";16.0
"FB005409";"2026-01-18";"G04026";414;"Restaurant & Bar";109.0
"FB005410";"2026-01-18";"G04026";414;"Restaurant & Bar";70.0
"FB005411";"2026-02-18";"G04028";334;"Restaurant & Bar";51.0
"FB005412";"2026-01-06";"G04029";403;"Restaurant & Bar";44.0
"FB005413";"2026-01-06";"G04029";403;"Restaurant & Bar";84.0
"FB005414";"2026-06-07";"G04030";117;"Breakfast";26.0
"FB005415";"2026-06-08";"G04030";117;"Restaurant & Bar";36.0
"FB005416";"2026-06-09";"G04030";117;"Breakfast";20.0
"FB005417";"2026-06-08";"G04030";117;"Restaurant & Bar";77.0
"FB005418";"2026-02-24";"G04032";134;"Breakfast";13.0
"FB005419";"2026-02-26";"G04032";134;"Room Service";21.0
"FB005420";"2026-06-08";"G04033";326;"Breakfast";22.0
"FB005421";"2026-02-07";"G04034";302;"Restaurant & Bar";93.0
"FB005422";"2026-02-10";"G04034";302;"Restaurant & Bar";38.0
"FB005423";"2026-02-07";"G04034";302;"Restaurant & Bar";50.0
"FB005424";"2026-02-07";"G04034";302;"Restaurant & Bar";19.0
"FB005425";"2026-02-09";"G04034";302;"Restaurant & Bar";20.0
"FB005426";"2026-03-30";"G04035";313;"Breakfast";38.0
"FB005427";"2026-06-08";"G04036";426;"Room Service";23.0
"FB005428";"2026-06-07";"G04036";426;"Breakfast";10.0
"FB005429";"2026-06-07";"G04036";426;"Restaurant & Bar";100.0
"FB005430";"2026-04-21";"G04037";202;"Restaurant & Bar";112.0
"FB005431";"2026-04-09";"G04038";209;"Restaurant & Bar";71.0
"FB005432";"2026-04-10";"G04038";209;"Room Service";23.0
"FB005433";"2026-04-09";"G04038";209;"Restaurant & Bar";95.0
"FB005434";"2026-05-28";"G04040";518;"Restaurant & Bar";56.0
"FB005435";"2026-05-23";"G04040";518;"Restaurant & Bar";67.0
"FB005436";"2026-05-26";"G04040";518;"Room Service";77.0
"FB005437";"2026-05-27";"G04040";518;"Room Service";24.0
"FB005438";"2026-02-07";"G04042";109;"Restaurant & Bar";49.0
"FB005439";"2026-06-24";"G04044";419;"Breakfast";14.0
"FB005440";"2026-05-13";"G04046";510;"Restaurant & Bar";82.0
"FB005441";"2026-05-12";"G04046";510;"Room Service";37.0
"FB005442";"2026-05-11";"G04046";510;"Breakfast";27.0
"FB005443";"2026-05-10";"G04046";510;"Restaurant & Bar";115.0
"FB005444";"2026-04-10";"G04047";321;"Restaurant & Bar";90.0
"FB005445";"2026-03-28";"G04048";505;"Breakfast";31.0
"FB005446";"2026-03-27";"G04048";505;"Room Service";19.0
"FB005447";"2026-05-09";"G04050";534;"Breakfast";22.0
"FB005448";"2026-03-15";"G04051";517;"Restaurant & Bar";24.0
"FB005449";"2026-06-09";"G04053";509;"Breakfast";14.0
"FB005450";"2026-06-09";"G04053";509;"Restaurant & Bar";114.0
"FB005451";"2026-02-18";"G04056";106;"Restaurant & Bar";62.0
"FB005452";"2026-03-27";"G04058";214;"Restaurant & Bar";35.0
"FB005453";"2026-06-23";"G04061";212;"Restaurant & Bar";100.0
"FB005454";"2026-06-25";"G04061";212;"Room Service";76.0
"FB005455";"2026-06-23";"G04061";212;"Breakfast";24.0
"FB005456";"2026-01-16";"G04063";426;"Restaurant & Bar";79.0
"FB005457";"2026-04-07";"G04064";402;"Breakfast";37.0
"FB005458";"2026-04-07";"G04064";402;"Breakfast";35.0
"FB005459";"2026-04-07";"G04065";234;"Restaurant & Bar";99.0
"FB005460";"2026-04-09";"G04065";234;"Breakfast";14.0
"FB005461";"2026-04-07";"G04065";234;"Breakfast";14.0
"FB005462";"2026-04-08";"G04065";234;"Restaurant & Bar";87.0
"FB005463";"2026-01-25";"G04067";408;"Restaurant & Bar";72.0
"FB005464";"2026-05-07";"G04068";412;"Restaurant & Bar";63.0
"FB005465";"2026-05-07";"G04068";412;"Restaurant & Bar";108.0
"FB005466";"2026-05-08";"G04068";412;"Breakfast";14.0
"FB005467";"2026-05-09";"G04068";412;"Restaurant & Bar";97.0
"FB005468";"2026-03-23";"G04069";426;"Breakfast";21.0
"FB005469";"2026-03-23";"G04069";426;"Breakfast";14.0
"FB005470";"2026-05-08";"G04071";129;"Breakfast";21.0
"FB005471";"2026-05-07";"G04071";129;"Breakfast";18.0
"FB005472";"2026-05-06";"G04071";129;"Restaurant & Bar";56.0
"FB005473";"2026-05-06";"G04071";129;"Restaurant & Bar";77.0
"FB005474";"2026-02-26";"G04075";132;"Restaurant & Bar";47.0
"FB005475";"2026-02-25";"G04075";132;"Restaurant & Bar";34.0
"FB005476";"2026-05-18";"G04076";128;"Restaurant & Bar";112.0
"FB005477";"2026-05-21";"G04076";128;"Restaurant & Bar";33.0
"FB005478";"2026-02-26";"G04079";221;"Restaurant & Bar";48.0
"FB005479";"2026-02-23";"G04079";221;"Breakfast";36.0
"FB005480";"2026-03-17";"G04080";528;"Restaurant & Bar";75.0
"FB005481";"2026-03-16";"G04080";528;"Restaurant & Bar";38.0
"FB005482";"2026-03-12";"G04080";528;"Breakfast";20.0
"FB005483";"2026-02-27";"G04081";302;"Breakfast";11.0
"FB005484";"2026-02-27";"G04081";302;"Restaurant & Bar";56.0
"FB005485";"2026-04-10";"G04082";311;"Breakfast";20.0
"FB005486";"2026-04-11";"G04082";311;"Room Service";69.0
"FB005487";"2026-04-03";"G04085";230;"Breakfast";38.0
"FB005488";"2026-04-03";"G04085";230;"Room Service";83.0
"FB005489";"2026-04-07";"G04087";410;"Restaurant & Bar";64.0
"FB005490";"2026-04-05";"G04087";410;"Restaurant & Bar";84.0
"FB005491";"2026-04-07";"G04087";410;"Breakfast";35.0
"FB005492";"2026-02-14";"G04088";122;"Restaurant & Bar";31.0
"FB005493";"2026-01-22";"G04089";312;"Restaurant & Bar";55.0
"FB005494";"2026-01-24";"G04089";312;"Breakfast";19.0
"FB005495";"2026-01-23";"G04089";312;"Breakfast";25.0
"FB005496";"2026-03-11";"G04090";307;"Restaurant & Bar";92.0
"FB005497";"2026-03-12";"G04090";307;"Restaurant & Bar";109.0
"FB005498";"2026-03-12";"G04090";307;"Room Service";51.0
"FB005499";"2026-03-10";"G04090";307;"Restaurant & Bar";29.0
"FB005500";"2026-03-11";"G04090";307;"Restaurant & Bar";41.0
"FB005501";"2026-01-31";"G04091";234;"Restaurant & Bar";106.0
"FB005502";"2026-03-15";"G04093";121;"Breakfast";15.0
"FB005503";"2026-03-14";"G04093";121;"Restaurant & Bar";115.0
"FB005504";"2026-03-15";"G04093";121;"Restaurant & Bar";60.0
"FB005505";"2026-03-15";"G04093";121;"Restaurant & Bar";45.0
"FB005506";"2026-03-14";"G04093";121;"Restaurant & Bar";39.0
"FB005507";"2026-01-31";"G04094";329;"Breakfast";32.0
"FB005508";"2026-01-30";"G04094";329;"Breakfast";15.0
"FB005509";"2026-01-30";"G04094";329;"Restaurant & Bar";80.0
"FB005510";"2026-01-30";"G04094";329;"Room Service";61.0
"FB005511";"2026-02-12";"G04095";413;"Restaurant & Bar";53.0
"FB005512";"2026-03-06";"G04098";232;"Restaurant & Bar";47.0
"FB005513";"2026-03-08";"G04098";232;"Breakfast";27.0
"FB005514";"2026-03-08";"G04098";232;"Room Service";79.0
"FB005515";"2026-03-19";"G04099";514;"Breakfast";27.0
"FB005516";"2026-03-22";"G04099";514;"Room Service";54.0
"FB005517";"2026-05-23";"G04101";222;"Breakfast";10.0
"FB005518";"2026-06-14";"G04103";208;"Restaurant & Bar";90.0
"FB005519";"2026-04-03";"G04104";122;"Restaurant & Bar";36.0
"FB005520";"2026-04-03";"G04104";122;"Breakfast";17.0
"FB005521";"2026-04-02";"G04104";122;"Breakfast";12.0
"FB005522";"2026-04-03";"G04104";122;"Breakfast";26.0
"FB005523";"2026-04-02";"G04104";122;"Restaurant & Bar";80.0
"FB005524";"2026-03-14";"G04106";201;"Restaurant & Bar";81.0
"FB005525";"2026-01-09";"G04107";402;"Breakfast";14.0
"FB005526";"2026-01-09";"G04107";402;"Restaurant & Bar";54.0
"FB005527";"2026-01-09";"G04107";402;"Restaurant & Bar";109.0
"FB005528";"2026-04-18";"G04108";118;"Breakfast";20.0
"FB005529";"2026-04-20";"G04108";118;"Breakfast";20.0
"FB005530";"2026-04-20";"G04108";118;"Restaurant & Bar";60.0
"FB005531";"2026-04-20";"G04108";118;"Room Service";21.0
"FB005532";"2026-03-28";"G04110";516;"Restaurant & Bar";75.0
"FB005533";"2026-03-30";"G04110";516;"Room Service";42.0
"FB005534";"2026-03-29";"G04110";516;"Restaurant & Bar";77.0
"FB005535";"2026-03-29";"G04110";516;"Restaurant & Bar";64.0
"FB005536";"2026-03-30";"G04110";516;"Room Service";65.0
"FB005537";"2026-06-04";"G04111";130;"Restaurant & Bar";88.0
"FB005538";"2026-05-31";"G04111";130;"Breakfast";16.0
"FB005539";"2026-04-09";"G04113";208;"Restaurant & Bar";63.0
"FB005540";"2026-04-08";"G04113";208;"Breakfast";30.0
"FB005541";"2026-04-10";"G04113";208;"Breakfast";21.0
"FB005542";"2026-05-08";"G04116";330;"Restaurant & Bar";43.0
"FB005543";"2026-05-09";"G04116";330;"Breakfast";22.0
"FB005544";"2026-05-09";"G04116";330;"Restaurant & Bar";86.0
"FB005545";"2026-05-09";"G04116";330;"Restaurant & Bar";77.0
"FB005546";"2026-04-14";"G04117";509;"Restaurant & Bar";105.0
"FB005547";"2026-04-16";"G04118";321;"Restaurant & Bar";68.0
"FB005548";"2026-04-16";"G04118";321;"Restaurant & Bar";55.0
"FB005549";"2026-04-17";"G04118";321;"Breakfast";20.0
"FB005550";"2026-04-16";"G04118";321;"Breakfast";22.0
"FB005551";"2026-01-06";"G04120";518;"Restaurant & Bar";27.0
"FB005552";"2026-01-06";"G04120";518;"Restaurant & Bar";113.0
"FB005553";"2026-01-22";"G04122";124;"Room Service";29.0
"FB005554";"2026-01-25";"G04122";124;"Restaurant & Bar";65.0
"FB005555";"2026-01-04";"G04124";232;"Room Service";74.0
"FB005556";"2026-01-03";"G04124";232;"Restaurant & Bar";113.0
"FB005557";"2026-02-02";"G04125";505;"Breakfast";14.0
"FB005558";"2026-02-01";"G04125";505;"Restaurant & Bar";39.0
"FB005559";"2026-02-03";"G04125";505;"Breakfast";27.0
"FB005560";"2026-02-03";"G04125";505;"Breakfast";24.0
"FB005561";"2026-02-02";"G04125";505;"Restaurant & Bar";75.0
"FB005562";"2026-04-15";"G04126";520;"Breakfast";37.0
"FB005563";"2026-04-14";"G04126";520;"Breakfast";30.0
"FB005564";"2026-03-14";"G04128";204;"Restaurant & Bar";28.0
"FB005565";"2026-03-13";"G04128";204;"Breakfast";18.0
"FB005566";"2026-03-14";"G04128";204;"Restaurant & Bar";37.0
"FB005567";"2026-03-17";"G04130";213;"Room Service";48.0
"FB005568";"2026-02-24";"G04131";227;"Breakfast";28.0
"FB005569";"2026-02-23";"G04131";227;"Restaurant & Bar";44.0
"FB005570";"2026-02-25";"G04131";227;"Restaurant & Bar";110.0
"FB005571";"2026-04-26";"G04132";502;"Restaurant & Bar";30.0
"FB005572";"2026-04-25";"G04132";502;"Restaurant & Bar";40.0
"FB005573";"2026-04-24";"G04132";502;"Restaurant & Bar";73.0
"FB005574";"2026-04-30";"G04133";401;"Restaurant & Bar";67.0
"FB005575";"2026-05-19";"G04134";329;"Restaurant & Bar";92.0
"FB005576";"2026-05-16";"G04134";329;"Room Service";67.0
"FB005577";"2026-05-14";"G04136";108;"Room Service";57.0
"FB005578";"2026-05-13";"G04136";108;"Restaurant & Bar";63.0
"FB005579";"2026-05-14";"G04136";108;"Restaurant & Bar";71.0
"FB005580";"2026-04-17";"G04137";225;"Room Service";61.0
"FB005581";"2026-05-25";"G04138";422;"Room Service";48.0
"FB005582";"2026-03-15";"G04140";113;"Restaurant & Bar";30.0
"FB005583";"2026-03-15";"G04140";113;"Breakfast";11.0
"FB005584";"2026-03-16";"G04140";113;"Restaurant & Bar";86.0
"FB005585";"2026-03-15";"G04140";113;"Breakfast";35.0
"FB005586";"2026-02-20";"G04141";228;"Breakfast";35.0
"FB005587";"2026-02-21";"G04141";228;"Restaurant & Bar";58.0
"FB005588";"2026-02-19";"G04141";228;"Room Service";26.0
"FB005589";"2026-03-13";"G04142";103;"Restaurant & Bar";75.0
"FB005590";"2026-03-12";"G04142";103;"Breakfast";27.0
"FB005591";"2026-01-14";"G04144";401;"Restaurant & Bar";83.0
"FB005592";"2026-01-16";"G04144";401;"Restaurant & Bar";98.0
"FB005593";"2026-01-16";"G04144";401;"Room Service";16.0
"FB005594";"2026-01-03";"G04146";115;"Restaurant & Bar";72.0
"FB005595";"2026-01-06";"G04146";115;"Room Service";80.0
"FB005596";"2026-01-06";"G04146";115;"Restaurant & Bar";26.0
"FB005597";"2026-05-13";"G04147";420;"Restaurant & Bar";100.0
"FB005598";"2026-05-01";"G04148";214;"Breakfast";17.0
"FB005599";"2026-05-02";"G04148";214;"Restaurant & Bar";78.0
"FB005600";"2026-05-02";"G04148";214;"Restaurant & Bar";33.0
"FB005601";"2026-05-01";"G04148";214;"Restaurant & Bar";53.0
"FB005602";"2026-04-12";"G04150";315;"Restaurant & Bar";71.0
"FB005603";"2026-04-12";"G04150";315;"Breakfast";36.0
"FB005604";"2026-04-12";"G04150";315;"Room Service";54.0
"FB005605";"2026-05-01";"G04154";325;"Room Service";83.0
"FB005606";"2026-05-01";"G04154";325;"Room Service";82.0
"FB005607";"2026-05-01";"G04154";325;"Restaurant & Bar";44.0
"FB005608";"2026-01-25";"G04155";101;"Room Service";46.0
"FB005609";"2026-01-27";"G04155";101;"Breakfast";14.0
"FB005610";"2026-05-20";"G04156";125;"Restaurant & Bar";52.0
"FB005611";"2026-05-20";"G04156";125;"Room Service";80.0
"FB005612";"2026-01-14";"G04157";134;"Room Service";28.0
"FB005613";"2026-01-14";"G04157";134;"Restaurant & Bar";95.0
"FB005614";"2026-01-13";"G04157";134;"Restaurant & Bar";76.0
"FB005615";"2026-01-14";"G04157";134;"Restaurant & Bar";47.0
"FB005616";"2026-01-13";"G04157";134;"Room Service";38.0
"FB005617";"2026-01-03";"G04160";229;"Room Service";39.0
"FB005618";"2026-01-02";"G04160";229;"Restaurant & Bar";102.0
"FB005619";"2026-04-25";"G04161";525;"Restaurant & Bar";68.0
"FB005620";"2026-04-24";"G04161";525;"Restaurant & Bar";25.0
"FB005621";"2026-02-22";"G04162";218;"Room Service";76.0
"FB005622";"2026-05-25";"G04163";518;"Breakfast";14.0
"FB005623";"2026-02-26";"G04164";121;"Breakfast";27.0
"FB005624";"2026-02-26";"G04164";121;"Restaurant & Bar";93.0
"FB005625";"2026-02-28";"G04164";121;"Restaurant & Bar";65.0
"FB005626";"2026-02-26";"G04164";121;"Room Service";69.0
"FB005627";"2026-02-27";"G04164";121;"Restaurant & Bar";104.0
"FB005628";"2026-05-15";"G04165";525;"Restaurant & Bar";33.0
"FB005629";"2026-05-17";"G04165";525;"Room Service";46.0
"FB005630";"2026-06-07";"G04167";111;"Breakfast";23.0
"FB005631";"2026-06-06";"G04167";111;"Room Service";83.0
"FB005632";"2026-06-11";"G04167";111;"Restaurant & Bar";71.0
"FB005633";"2026-03-05";"G04168";102;"Restaurant & Bar";49.0
"FB005634";"2026-03-04";"G04168";102;"Restaurant & Bar";19.0
"FB005635";"2026-03-05";"G04168";102;"Restaurant & Bar";57.0
"FB005636";"2026-04-09";"G04169";107;"Restaurant & Bar";51.0
"FB005637";"2026-04-10";"G04169";107;"Restaurant & Bar";36.0
"FB005638";"2026-04-09";"G04169";107;"Room Service";76.0
"FB005639";"2026-05-06";"G04174";124;"Restaurant & Bar";76.0
"FB005640";"2026-03-06";"G04175";434;"Room Service";44.0
"FB005641";"2026-04-09";"G04178";224;"Breakfast";24.0
"FB005642";"2026-04-10";"G04178";224;"Restaurant & Bar";102.0
"FB005643";"2026-02-01";"G04180";326;"Room Service";37.0
"FB005644";"2026-01-30";"G04180";326;"Breakfast";24.0
"FB005645";"2026-02-02";"G04180";326;"Breakfast";26.0
"FB005646";"2026-04-17";"G04181";209;"Restaurant & Bar";99.0
"FB005647";"2026-04-18";"G04181";209;"Restaurant & Bar";30.0
"FB005648";"2026-04-18";"G04181";209;"Room Service";84.0
"FB005649";"2026-04-18";"G04181";209;"Restaurant & Bar";94.0
"FB005650";"2026-01-05";"G04183";328;"Room Service";83.0
"FB005651";"2026-01-19";"G04186";304;"Room Service";66.0
"FB005652";"2026-01-19";"G04186";304;"Breakfast";33.0
"FB005653";"2026-06-05";"G04189";328;"Restaurant & Bar";27.0
"FB005654";"2026-03-13";"G04190";506;"Room Service";37.0
"FB005655";"2026-03-13";"G04190";506;"Restaurant & Bar";19.0
"FB005656";"2026-04-15";"G04191";404;"Room Service";63.0
"FB005657";"2026-02-05";"G04194";103;"Restaurant & Bar";64.0
"FB005658";"2026-04-24";"G04196";106;"Breakfast";15.0
"FB005659";"2026-04-21";"G04196";106;"Room Service";83.0
"FB005660";"2026-04-23";"G04196";106;"Restaurant & Bar";46.0
"FB005661";"2026-04-23";"G04196";106;"Room Service";63.0
"FB005662";"2026-04-06";"G04197";108;"Breakfast";13.0
"FB005663";"2026-05-25";"G04198";307;"Room Service";50.0
"FB005664";"2026-05-26";"G04198";307;"Room Service";69.0
"FB005665";"2026-04-30";"G04200";404;"Room Service";60.0
"FB005666";"2026-04-30";"G04200";404;"Restaurant & Bar";91.0
"FB005667";"2026-04-30";"G04200";404;"Breakfast";35.0
"FB005668";"2026-06-09";"G04201";202;"Breakfast";37.0
"FB005669";"2026-06-08";"G04201";202;"Room Service";70.0
"FB005670";"2026-06-08";"G04201";202;"Breakfast";13.0
"FB005671";"2026-04-28";"G04202";428;"Restaurant & Bar";76.0
"FB005672";"2026-04-27";"G04202";428;"Breakfast";35.0
"FB005673";"2026-04-27";"G04202";428;"Room Service";55.0
"FB005674";"2026-06-06";"G04203";305;"Breakfast";14.0
"FB005675";"2026-06-06";"G04203";305;"Breakfast";10.0
"FB005676";"2026-03-02";"G04206";307;"Restaurant & Bar";30.0
"FB005677";"2026-03-01";"G04206";307;"Restaurant & Bar";67.0
"FB005678";"2026-02-28";"G04207";304;"Breakfast";19.0
"FB005679";"2026-03-23";"G04208";102;"Room Service";62.0
"FB005680";"2026-03-23";"G04208";102;"Room Service";73.0
"FB005681";"2026-03-16";"G04209";504;"Breakfast";16.0
"FB005682";"2026-03-17";"G04209";504;"Breakfast";16.0
"FB005683";"2026-04-07";"G04211";403;"Breakfast";20.0
"FB005684";"2026-05-12";"G04215";516;"Room Service";34.0
"FB005685";"2026-05-14";"G04215";516;"Breakfast";31.0
"FB005686";"2026-05-12";"G04215";516;"Restaurant & Bar";112.0
"FB005687";"2026-04-01";"G04217";507;"Room Service";64.0
"FB005688";"2026-04-02";"G04217";507;"Breakfast";16.0
"FB005689";"2026-04-02";"G04217";507;"Restaurant & Bar";28.0
"FB005690";"2026-06-28";"G04218";228;"Breakfast";12.0
"FB005691";"2026-06-30";"G04219";133;"Restaurant & Bar";43.0
"FB005692";"2026-05-02";"G04220";301;"Restaurant & Bar";19.0
"FB005693";"2026-02-12";"G04224";332;"Restaurant & Bar";32.0
"FB005694";"2026-02-11";"G04224";332;"Restaurant & Bar";69.0
"FB005695";"2026-05-21";"G04226";405;"Restaurant & Bar";81.0
"FB005696";"2026-05-25";"G04228";101;"Restaurant & Bar";115.0
"FB005697";"2026-05-24";"G04228";101;"Room Service";20.0
"FB005698";"2026-02-09";"G04230";515;"Room Service";66.0
"FB005699";"2026-02-08";"G04230";515;"Restaurant & Bar";90.0
"FB005700";"2026-05-31";"G04231";210;"Room Service";33.0
"FB005701";"2026-06-01";"G04231";210;"Restaurant & Bar";69.0
"FB005702";"2026-06-03";"G04231";210;"Breakfast";14.0
"FB005703";"2026-01-15";"G04232";418;"Breakfast";29.0
"FB005704";"2026-01-13";"G04232";418;"Breakfast";11.0
"FB005705";"2026-01-16";"G04232";418;"Restaurant & Bar";40.0
"FB005706";"2026-01-13";"G04232";418;"Restaurant & Bar";84.0
"FB005707";"2026-02-17";"G04233";303;"Room Service";18.0
"FB005708";"2026-01-10";"G04234";309;"Restaurant & Bar";115.0
"FB005709";"2026-01-08";"G04234";309;"Breakfast";12.0
"FB005710";"2026-01-08";"G04234";309;"Room Service";24.0
"FB005711";"2026-05-16";"G04235";234;"Room Service";83.0
"FB005712";"2026-02-16";"G04238";228;"Breakfast";36.0
"FB005713";"2026-02-16";"G04238";228;"Restaurant & Bar";84.0
"FB005714";"2026-06-17";"G04239";518;"Room Service";61.0
"FB005715";"2026-06-18";"G04239";518;"Room Service";16.0
"FB005716";"2026-02-19";"G04241";331;"Restaurant & Bar";38.0
"FB005717";"2026-03-03";"G04242";233;"Restaurant & Bar";24.0
"FB005718";"2026-03-03";"G04242";233;"Restaurant & Bar";57.0
"FB005719";"2026-03-04";"G04242";233;"Breakfast";21.0
"FB005720";"2026-03-04";"G04242";233;"Breakfast";20.0
"FB005721";"2026-03-21";"G04245";327;"Room Service";42.0
"FB005722";"2026-02-16";"G04246";213;"Restaurant & Bar";33.0
"FB005723";"2026-02-14";"G04246";213;"Breakfast";31.0
"FB005724";"2026-02-13";"G04246";213;"Restaurant & Bar";88.0
"FB005725";"2026-02-09";"G04248";407;"Restaurant & Bar";56.0
"FB005726";"2026-05-22";"G04249";318;"Restaurant & Bar";63.0
"FB005727";"2026-05-23";"G04249";318;"Breakfast";10.0
"FB005728";"2026-05-23";"G04249";318;"Room Service";70.0
"FB005729";"2026-04-24";"G04250";213;"Restaurant & Bar";19.0
"FB005730";"2026-04-26";"G04250";213;"Breakfast";31.0
"FB005731";"2026-03-12";"G04251";428;"Breakfast";20.0
"FB005732";"2026-05-30";"G04255";111;"Restaurant & Bar";60.0
"FB005733";"2026-01-17";"G04258";129;"Restaurant & Bar";37.0
"FB005734";"2026-04-15";"G04259";528;"Restaurant & Bar";107.0
"FB005735";"2026-04-17";"G04259";528;"Restaurant & Bar";26.0
"FB005736";"2026-01-11";"G04260";432;"Restaurant & Bar";22.0
"FB005737";"2026-01-11";"G04260";432;"Restaurant & Bar";68.0
"FB005738";"2026-01-11";"G04260";432;"Breakfast";35.0
"FB005739";"2026-04-22";"G04261";232;"Room Service";72.0
"FB005740";"2026-04-22";"G04261";232;"Restaurant & Bar";79.0
"FB005741";"2026-03-12";"G04262";233;"Restaurant & Bar";21.0
"FB005742";"2026-03-13";"G04262";233;"Breakfast";29.0
"FB005743";"2026-03-11";"G04262";233;"Breakfast";19.0
"FB005744";"2026-03-12";"G04262";233;"Breakfast";33.0
"FB005745";"2026-05-16";"G04263";404;"Restaurant & Bar";36.0
"FB005746";"2026-05-15";"G04263";404;"Breakfast";33.0
"FB005747";"2026-05-09";"G04265";527;"Restaurant & Bar";40.0
"FB005748";"2026-05-10";"G04265";527;"Restaurant & Bar";71.0
"FB005749";"2026-02-06";"G04267";224;"Breakfast";23.0
"FB005750";"2026-02-06";"G04267";224;"Restaurant & Bar";38.0
"FB005751";"2026-03-08";"G04268";512;"Restaurant & Bar";26.0
"FB005752";"2026-03-07";"G04268";512;"Restaurant & Bar";50.0
"FB005753";"2026-03-09";"G04268";512;"Restaurant & Bar";93.0
"FB005754";"2026-03-07";"G04268";512;"Restaurant & Bar";114.0
"FB005755";"2026-03-13";"G04271";131;"Breakfast";18.0
"FB005756";"2026-03-16";"G04271";131;"Breakfast";19.0
"FB005757";"2026-06-25";"G04272";109;"Restaurant & Bar";55.0
"FB005758";"2026-06-24";"G04272";109;"Restaurant & Bar";75.0
"FB005759";"2026-03-30";"G04275";321;"Breakfast";35.0
"FB005760";"2026-03-30";"G04275";321;"Restaurant & Bar";98.0
"FB005761";"2026-04-01";"G04275";321;"Breakfast";14.0
"FB005762";"2026-03-30";"G04275";321;"Breakfast";14.0
"FB005763";"2026-04-01";"G04275";321;"Breakfast";32.0
"FB005764";"2026-04-25";"G04277";415;"Restaurant & Bar";77.0
"FB005765";"2026-02-16";"G04278";314;"Restaurant & Bar";50.0
"FB005766";"2026-01-24";"G04279";431;"Restaurant & Bar";40.0
"FB005767";"2026-01-23";"G04279";431;"Room Service";21.0
"FB005768";"2026-04-11";"G04280";226;"Restaurant & Bar";35.0
"FB005769";"2026-04-12";"G04280";226;"Breakfast";31.0
"FB005770";"2026-04-14";"G04280";226;"Restaurant & Bar";83.0
"FB005771";"2026-04-13";"G04281";432;"Restaurant & Bar";100.0
"FB005772";"2026-06-08";"G04283";205;"Restaurant & Bar";82.0
"FB005773";"2026-06-06";"G04283";205;"Restaurant & Bar";47.0
"FB005774";"2026-06-08";"G04283";205;"Room Service";35.0
"FB005775";"2026-03-02";"G04284";504;"Restaurant & Bar";33.0
"FB005776";"2026-02-21";"G04287";205;"Restaurant & Bar";76.0
"FB005777";"2026-02-20";"G04287";205;"Room Service";77.0
"FB005778";"2026-06-15";"G04288";420;"Breakfast";36.0
"FB005779";"2026-06-17";"G04288";420;"Restaurant & Bar";42.0
"FB005780";"2026-01-24";"G04292";220;"Breakfast";17.0
"FB005781";"2026-01-23";"G04292";220;"Breakfast";34.0
"FB005782";"2026-01-23";"G04292";220;"Restaurant & Bar";75.0
"FB005783";"2026-01-22";"G04293";307;"Breakfast";19.0
"FB005784";"2026-01-23";"G04293";307;"Restaurant & Bar";85.0
"FB005785";"2026-01-21";"G04293";307;"Breakfast";27.0
"FB005786";"2026-06-24";"G04294";509;"Room Service";24.0
"FB005787";"2026-06-19";"G04295";221;"Restaurant & Bar";94.0
"FB005788";"2026-05-31";"G04297";215;"Restaurant & Bar";88.0
"FB005789";"2026-05-30";"G04297";215;"Restaurant & Bar";40.0
"FB005790";"2026-05-31";"G04297";215;"Room Service";84.0
"FB005791";"2026-04-15";"G04299";231;"Restaurant & Bar";47.0
"FB005792";"2026-03-11";"G04300";325;"Room Service";65.0
"FB005793";"2026-02-06";"G04301";228;"Breakfast";21.0
"FB005794";"2026-02-06";"G04301";228;"Restaurant & Bar";39.0
"FB005795";"2026-02-07";"G04301";228;"Restaurant & Bar";28.0
"FB005796";"2026-05-14";"G04302";418;"Room Service";84.0
"FB005797";"2026-05-14";"G04302";418;"Restaurant & Bar";88.0
"FB005798";"2026-01-11";"G04303";104;"Breakfast";21.0
"FB005799";"2026-04-14";"G04306";505;"Restaurant & Bar";20.0
"FB005800";"2026-03-22";"G04309";101;"Restaurant & Bar";105.0
"FB005801";"2026-06-23";"G04313";317;"Restaurant & Bar";76.0
"FB005802";"2026-06-22";"G04313";317;"Room Service";41.0
"FB005803";"2026-06-22";"G04313";317;"Restaurant & Bar";34.0
"FB005804";"2026-01-18";"G04314";523;"Room Service";46.0
"FB005805";"2026-01-17";"G04314";523;"Restaurant & Bar";26.0
"FB005806";"2026-01-17";"G04314";523;"Room Service";22.0
"FB005807";"2026-03-10";"G04315";502;"Restaurant & Bar";113.0
"FB005808";"2026-03-06";"G04315";502;"Restaurant & Bar";55.0
"FB005809";"2026-03-05";"G04315";502;"Room Service";76.0
"FB005810";"2026-03-08";"G04315";502;"Restaurant & Bar";111.0
"FB005811";"2026-03-10";"G04315";502;"Breakfast";23.0
"FB005812";"2026-03-30";"G04318";528;"Restaurant & Bar";107.0
"FB005813";"2026-03-31";"G04318";528;"Room Service";56.0
"FB005814";"2026-06-15";"G04319";401;"Breakfast";37.0
"FB005815";"2026-03-07";"G04320";426;"Room Service";27.0
"FB005816";"2026-03-07";"G04320";426;"Restaurant & Bar";31.0
"FB005817";"2026-01-08";"G04323";103;"Room Service";30.0
"FB005818";"2026-01-08";"G04323";103;"Breakfast";31.0
"FB005819";"2026-03-29";"G04324";120;"Room Service";24.0
"FB005820";"2026-04-20";"G04326";213;"Breakfast";34.0
"FB005821";"2026-02-24";"G04327";320;"Restaurant & Bar";75.0
"FB005822";"2026-01-16";"G04328";311;"Restaurant & Bar";89.0
"FB005823";"2026-01-18";"G04328";311;"Breakfast";24.0
"FB005824";"2026-02-25";"G04329";215;"Room Service";35.0
"FB005825";"2026-02-24";"G04329";215;"Breakfast";33.0
"FB005826";"2026-02-24";"G04329";215;"Restaurant & Bar";18.0
"FB005827";"2026-02-25";"G04329";215;"Restaurant & Bar";73.0
"FB005828";"2026-04-02";"G04330";209;"Breakfast";27.0
"FB005829";"2026-04-02";"G04330";209;"Restaurant & Bar";103.0
"FB005830";"2026-04-02";"G04330";209;"Restaurant & Bar";18.0
"FB005831";"2026-05-15";"G04331";431;"Restaurant & Bar";83.0
"FB005832";"2026-05-20";"G04331";431;"Restaurant & Bar";106.0
"FB005833";"2026-01-18";"G04332";307;"Room Service";79.0
"FB005834";"2026-04-21";"G04333";221;"Room Service";29.0
"FB005835";"2026-04-21";"G04333";221;"Room Service";79.0
"FB005836";"2026-04-22";"G04333";221;"Breakfast";15.0
"FB005837";"2026-02-26";"G04334";211;"Breakfast";26.0
"FB005838";"2026-02-26";"G04334";211;"Restaurant & Bar";35.0
"FB005839";"2026-02-24";"G04334";211;"Restaurant & Bar";27.0
"FB005840";"2026-02-26";"G04334";211;"Room Service";77.0
"FB005841";"2026-02-25";"G04334";211;"Restaurant & Bar";93.0
"FB005842";"2026-02-08";"G04336";215;"Room Service";46.0
"FB005843";"2026-02-06";"G04336";215;"Restaurant & Bar";77.0
"FB005844";"2026-01-27";"G04337";518;"Restaurant & Bar";42.0
"FB005845";"2026-01-26";"G04337";518;"Breakfast";31.0
"FB005846";"2026-01-24";"G04337";518;"Breakfast";23.0
"FB005847";"2026-01-25";"G04337";518;"Breakfast";37.0
"FB005848";"2026-01-27";"G04337";518;"Room Service";54.0
"FB005849";"2026-05-29";"G04339";126;"Breakfast";21.0
"FB005850";"2026-02-27";"G04341";212;"Room Service";28.0
"FB005851";"2026-04-17";"G04342";101;"Breakfast";18.0
"FB005852";"2026-04-19";"G04342";101;"Breakfast";34.0
"FB005853";"2026-03-05";"G04344";404;"Restaurant & Bar";90.0
"FB005854";"2026-03-05";"G04344";404;"Restaurant & Bar";113.0
"FB005855";"2026-06-14";"G04346";533;"Room Service";70.0
"FB005856";"2026-06-15";"G04346";533;"Restaurant & Bar";69.0
"FB005857";"2026-06-13";"G04346";533;"Room Service";43.0
"FB005858";"2026-05-10";"G04347";107;"Restaurant & Bar";111.0
"FB005859";"2026-05-08";"G04347";107;"Restaurant & Bar";104.0
"FB005860";"2026-05-11";"G04347";107;"Room Service";38.0
"FB005861";"2026-05-31";"G04348";104;"Breakfast";28.0
"FB005862";"2026-06-01";"G04348";104;"Room Service";28.0
"FB005863";"2026-06-01";"G04348";104;"Restaurant & Bar";23.0
"FB005864";"2026-05-31";"G04348";104;"Room Service";60.0
"FB005865";"2026-05-22";"G04350";527;"Restaurant & Bar";41.0
"FB005866";"2026-05-23";"G04350";527;"Breakfast";35.0
"FB005867";"2026-02-24";"G04352";327;"Breakfast";22.0
"FB005868";"2026-01-16";"G04353";115;"Restaurant & Bar";45.0
"FB005869";"2026-03-05";"G04355";522;"Breakfast";15.0
"FB005870";"2026-03-04";"G04355";522;"Restaurant & Bar";35.0
"FB005871";"2026-03-05";"G04355";522;"Restaurant & Bar";32.0
"FB005872";"2026-03-05";"G04355";522;"Restaurant & Bar";96.0
"FB005873";"2026-06-15";"G04356";530;"Restaurant & Bar";53.0
"FB005874";"2026-06-22";"G04357";427;"Restaurant & Bar";43.0
"FB005875";"2026-06-22";"G04357";427;"Restaurant & Bar";84.0
"FB005876";"2026-06-22";"G04357";427;"Room Service";26.0
"FB005877";"2026-02-26";"G04358";532;"Restaurant & Bar";83.0
"FB005878";"2026-05-25";"G04360";426;"Breakfast";33.0
"FB005879";"2026-05-26";"G04360";426;"Restaurant & Bar";95.0
"FB005880";"2026-05-25";"G04360";426;"Breakfast";21.0
"FB005881";"2026-05-26";"G04360";426;"Restaurant & Bar";106.0
"FB005882";"2026-06-08";"G04362";322;"Breakfast";32.0
"FB005883";"2026-06-09";"G04362";322;"Breakfast";22.0
"FB005884";"2026-06-11";"G04362";322;"Restaurant & Bar";96.0
"FB005885";"2026-05-10";"G04363";211;"Restaurant & Bar";45.0
"FB005886";"2026-03-13";"G04366";419;"Breakfast";11.0
"FB005887";"2026-03-14";"G04366";419;"Breakfast";12.0
"FB005888";"2026-03-14";"G04366";419;"Restaurant & Bar";110.0
"FB005889";"2026-01-02";"G04367";523;"Breakfast";38.0
"FB005890";"2026-01-03";"G04367";523;"Room Service";43.0
"FB005891";"2026-01-23";"G04368";201;"Restaurant & Bar";77.0
"FB005892";"2026-01-26";"G04368";201;"Restaurant & Bar";69.0
"FB005893";"2026-05-08";"G04369";432;"Restaurant & Bar";89.0
"FB005894";"2026-06-17";"G04372";503;"Restaurant & Bar";68.0
"FB005895";"2026-06-19";"G04372";503;"Restaurant & Bar";31.0
"FB005896";"2026-02-07";"G04374";318;"Restaurant & Bar";113.0
"FB005897";"2026-03-20";"G04375";518;"Room Service";17.0
"FB005898";"2026-03-18";"G04375";518;"Restaurant & Bar";77.0
"FB005899";"2026-05-10";"G04379";201;"Restaurant & Bar";19.0
"FB005900";"2026-05-09";"G04379";201;"Room Service";16.0
"FB005901";"2026-05-10";"G04379";201;"Restaurant & Bar";87.0
"FB005902";"2026-05-10";"G04379";201;"Restaurant & Bar";80.0
"FB005903";"2026-04-10";"G04381";216;"Restaurant & Bar";28.0
"FB005904";"2026-04-05";"G04382";107;"Restaurant & Bar";77.0
"FB005905";"2026-03-30";"G04382";107;"Breakfast";15.0
"FB005906";"2026-04-05";"G04382";107;"Room Service";43.0
"FB005907";"2026-04-01";"G04382";107;"Room Service";38.0
"FB005908";"2026-04-01";"G04382";107;"Restaurant & Bar";90.0
"FB005909";"2026-05-19";"G04383";334;"Breakfast";20.0
"FB005910";"2026-03-10";"G04384";121;"Breakfast";28.0
"FB005911";"2026-03-10";"G04384";121;"Restaurant & Bar";107.0
"FB005912";"2026-04-02";"G04385";208;"Restaurant & Bar";41.0
"FB005913";"2026-03-29";"G04385";208;"Breakfast";35.0
"FB005914";"2026-03-29";"G04385";208;"Restaurant & Bar";62.0
"FB005915";"2026-03-31";"G04385";208;"Restaurant & Bar";109.0
"FB005916";"2026-01-10";"G04386";520;"Restaurant & Bar";34.0
"FB005917";"2026-04-06";"G04391";529;"Restaurant & Bar";94.0
"FB005918";"2026-05-05";"G04392";511;"Restaurant & Bar";107.0
"FB005919";"2026-05-07";"G04392";511;"Restaurant & Bar";21.0
"FB005920";"2026-04-26";"G04393";112;"Restaurant & Bar";96.0
"FB005921";"2026-04-26";"G04393";112;"Restaurant & Bar";31.0
"FB005922";"2026-01-23";"G04394";304;"Restaurant & Bar";82.0
"FB005923";"2026-01-24";"G04394";304;"Breakfast";29.0
"FB005924";"2026-04-04";"G04395";526;"Restaurant & Bar";76.0
"FB005925";"2026-03-28";"G04397";206;"Restaurant & Bar";23.0
"FB005926";"2026-03-27";"G04397";206;"Room Service";54.0
"FB005927";"2026-03-27";"G04397";206;"Restaurant & Bar";107.0
"FB005928";"2026-03-25";"G04397";206;"Restaurant & Bar";99.0
"FB005929";"2026-03-27";"G04397";206;"Room Service";51.0
"FB005930";"2026-05-11";"G04399";127;"Room Service";78.0
"FB005931";"2026-06-17";"G04400";105;"Restaurant & Bar";111.0
"FB005932";"2026-06-18";"G04400";105;"Restaurant & Bar";34.0
"FB005933";"2026-06-17";"G04400";105;"Restaurant & Bar";45.0
"FB005934";"2026-02-15";"G04401";131;"Restaurant & Bar";21.0
"FB005935";"2026-04-04";"G04402";504;"Room Service";61.0
"FB005936";"2026-06-16";"G04403";523;"Breakfast";28.0
"FB005937";"2026-06-17";"G04403";523;"Restaurant & Bar";52.0
"FB005938";"2026-06-14";"G04403";523;"Breakfast";32.0
"FB005939";"2026-06-15";"G04403";523;"Restaurant & Bar";73.0
"FB005940";"2026-06-04";"G04404";104;"Restaurant & Bar";75.0
"FB005941";"2026-06-04";"G04404";104;"Room Service";32.0
"FB005942";"2026-06-03";"G04404";104;"Restaurant & Bar";101.0
"FB005943";"2026-04-22";"G04405";330;"Room Service";72.0
"FB005944";"2026-04-22";"G04405";330;"Breakfast";19.0
"FB005945";"2026-04-02";"G04406";410;"Restaurant & Bar";18.0
"FB005946";"2026-06-29";"G04407";322;"Restaurant & Bar";106.0
"FB005947";"2026-04-04";"G04409";121;"Breakfast";14.0
"FB005948";"2026-05-17";"G04411";528;"Room Service";83.0
"FB005949";"2026-05-19";"G04411";528;"Restaurant & Bar";51.0
"FB005950";"2026-04-29";"G04415";501;"Room Service";28.0
"FB005951";"2026-01-04";"G04417";113;"Restaurant & Bar";55.0
"FB005952";"2026-01-06";"G04417";113;"Room Service";32.0
"FB005953";"2026-01-03";"G04417";113;"Restaurant & Bar";91.0
"FB005954";"2026-01-04";"G04417";113;"Restaurant & Bar";82.0
"FB005955";"2026-01-06";"G04417";113;"Breakfast";35.0
"FB005956";"2026-04-30";"G04419";510;"Breakfast";18.0
"FB005957";"2026-05-02";"G04419";510;"Restaurant & Bar";113.0
"FB005958";"2026-06-19";"G04420";519;"Breakfast";23.0
"FB005959";"2026-06-19";"G04420";519;"Restaurant & Bar";69.0
"FB005960";"2026-05-05";"G04422";302;"Restaurant & Bar";101.0
"FB005961";"2026-05-05";"G04422";302;"Room Service";28.0
"FB005962";"2026-05-05";"G04422";302;"Restaurant & Bar";93.0
"FB005963";"2026-03-29";"G04423";128;"Breakfast";17.0
"FB005964";"2026-03-29";"G04423";128;"Restaurant & Bar";30.0
"FB005965";"2026-06-24";"G04428";304;"Restaurant & Bar";38.0
"FB005966";"2026-05-30";"G04429";112;"Restaurant & Bar";63.0
"FB005967";"2026-05-30";"G04429";112;"Restaurant & Bar";21.0
"FB005968";"2026-05-31";"G04429";112;"Breakfast";18.0
"FB005969";"2026-02-03";"G04430";311;"Room Service";58.0
"FB005970";"2026-02-02";"G04430";311;"Restaurant & Bar";95.0
"FB005971";"2026-02-04";"G04430";311;"Restaurant & Bar";82.0
"FB005972";"2026-03-23";"G04431";505;"Room Service";15.0
"FB005973";"2026-03-22";"G04431";505;"Restaurant & Bar";107.0
"FB005974";"2026-03-22";"G04431";505;"Restaurant & Bar";25.0
"FB005975";"2026-03-20";"G04431";505;"Room Service";46.0
"FB005976";"2026-03-23";"G04431";505;"Restaurant & Bar";98.0
"FB005977";"2026-03-22";"G04432";429;"Breakfast";28.0
"FB005978";"2026-03-21";"G04432";429;"Breakfast";37.0
"FB005979";"2026-03-18";"G04432";429;"Room Service";44.0
"FB005980";"2026-03-19";"G04432";429;"Room Service";62.0
"FB005981";"2026-03-17";"G04432";429;"Restaurant & Bar";32.0
"FB005982";"2026-04-06";"G04433";223;"Breakfast";15.0
"FB005983";"2026-04-06";"G04433";223;"Restaurant & Bar";37.0
"FB005984";"2026-02-25";"G04434";116;"Restaurant & Bar";68.0
"FB005985";"2026-05-11";"G04435";531;"Restaurant & Bar";103.0
"FB005986";"2026-05-10";"G04435";531;"Breakfast";19.0
"FB005987";"2026-01-19";"G04437";234;"Breakfast";36.0
"FB005988";"2026-04-03";"G04439";118;"Restaurant & Bar";53.0
"FB005989";"2026-04-05";"G04439";118;"Breakfast";38.0
"FB005990";"2026-02-24";"G04441";421;"Room Service";81.0
"FB005991";"2026-02-24";"G04441";421;"Breakfast";23.0
"FB005992";"2026-02-04";"G04442";309;"Breakfast";37.0
"FB005993";"2026-06-04";"G04443";229;"Restaurant & Bar";64.0
"FB005994";"2026-06-04";"G04443";229;"Room Service";71.0
"FB005995";"2026-01-13";"G04444";528;"Breakfast";33.0
"FB005996";"2026-01-14";"G04444";528;"Restaurant & Bar";90.0
"FB005997";"2026-06-29";"G04445";101;"Restaurant & Bar";88.0
"FB005998";"2026-02-20";"G04449";503;"Restaurant & Bar";46.0
"FB005999";"2026-02-19";"G04449";503;"Breakfast";26.0
"FB006000";"2026-02-20";"G04449";503;"Restaurant & Bar";72.0
"FB006001";"2026-02-26";"G04450";314;"Restaurant & Bar";37.0
"FB006002";"2026-02-27";"G04450";314;"Restaurant & Bar";43.0
"FB006003";"2026-02-27";"G04450";314;"Room Service";84.0
"FB006004";"2026-02-27";"G04450";314;"Breakfast";20.0
"FB006005";"2026-04-13";"G04451";104;"Restaurant & Bar";85.0
"FB006006";"2026-04-12";"G04451";104;"Breakfast";32.0
"FB006007";"2026-04-13";"G04451";104;"Breakfast";31.0
"FB006008";"2026-06-07";"G04453";431;"Restaurant & Bar";71.0
"FB006009";"2026-04-29";"G04454";526;"Breakfast";37.0
"FB006010";"2026-04-30";"G04454";526;"Room Service";18.0
"FB006011";"2026-04-25";"G04454";526;"Breakfast";22.0
"FB006012";"2026-04-30";"G04454";526;"Restaurant & Bar";90.0
"FB006013";"2026-04-27";"G04454";526;"Restaurant & Bar";112.0
"FB006014";"2026-01-12";"G04455";418;"Restaurant & Bar";74.0
"FB006015";"2026-01-12";"G04455";418;"Restaurant & Bar";24.0
"FB006016";"2026-04-10";"G04456";309;"Restaurant & Bar";96.0
"FB006017";"2026-04-10";"G04457";116;"Breakfast";28.0
"FB006018";"2026-04-26";"G04459";518;"Breakfast";13.0
"FB006019";"2026-04-24";"G04459";518;"Restaurant & Bar";62.0
"FB006020";"2026-02-07";"G04460";321;"Restaurant & Bar";107.0
"FB006021";"2026-04-26";"G04461";219;"Restaurant & Bar";47.0
"FB006022";"2026-04-27";"G04461";219;"Restaurant & Bar";100.0
"FB006023";"2026-05-15";"G04462";534;"Breakfast";27.0
"FB006024";"2026-06-04";"G04463";309;"Restaurant & Bar";55.0
"FB006025";"2026-06-04";"G04464";124;"Restaurant & Bar";83.0
"FB006026";"2026-06-04";"G04464";124;"Restaurant & Bar";75.0
"FB006027";"2026-06-02";"G04464";124;"Restaurant & Bar";50.0
"FB006028";"2026-03-10";"G04467";411;"Restaurant & Bar";97.0
"FB006029";"2026-05-08";"G04468";127;"Restaurant & Bar";111.0
"FB006030";"2026-04-05";"G04473";203;"Breakfast";20.0
"FB006031";"2026-04-09";"G04473";203;"Restaurant & Bar";45.0
"FB006032";"2026-05-27";"G04474";125;"Room Service";62.0
"FB006033";"2026-05-27";"G04474";125;"Breakfast";14.0
"FB006034";"2026-05-28";"G04474";125;"Restaurant & Bar";24.0
"FB006035";"2026-05-26";"G04474";125;"Breakfast";36.0
"FB006036";"2026-05-28";"G04474";125;"Restaurant & Bar";64.0
"FB006037";"2026-03-29";"G04476";211;"Breakfast";20.0
"FB006038";"2026-03-28";"G04476";211;"Room Service";47.0
"FB006039";"2026-03-30";"G04476";211;"Restaurant & Bar";86.0
"FB006040";"2026-03-28";"G04476";211;"Room Service";35.0
"FB006041";"2026-03-28";"G04476";211;"Breakfast";35.0
"FB006042";"2026-02-17";"G04477";534;"Restaurant & Bar";70.0
"FB006043";"2026-02-17";"G04477";534;"Restaurant & Bar";37.0
"FB006044";"2026-02-16";"G04477";534;"Breakfast";23.0
"FB006045";"2026-02-27";"G04479";205;"Restaurant & Bar";102.0
"FB006046";"2026-02-27";"G04479";205;"Restaurant & Bar";94.0
"FB006047";"2026-02-28";"G04479";205;"Restaurant & Bar";109.0
"FB006048";"2026-02-28";"G04479";205;"Restaurant & Bar";87.0
"FB006049";"2026-03-04";"G04480";206;"Breakfast";30.0
"FB006050";"2026-02-28";"G04480";206;"Restaurant & Bar";70.0
"FB006051";"2026-05-22";"G04482";324;"Breakfast";33.0
"FB006052";"2026-05-22";"G04482";324;"Room Service";63.0
"FB006053";"2026-05-25";"G04482";324;"Room Service";41.0
"FB006054";"2026-05-26";"G04482";324;"Restaurant & Bar";107.0
"FB006055";"2026-03-25";"G04484";119;"Breakfast";36.0
"FB006056";"2026-02-26";"G04485";403;"Room Service";16.0
"FB006057";"2026-03-20";"G04487";208;"Breakfast";26.0
"FB006058";"2026-03-01";"G04488";328;"Breakfast";13.0
"FB006059";"2026-02-28";"G04488";328;"Restaurant & Bar";108.0
"FB006060";"2026-01-25";"G04490";120;"Restaurant & Bar";33.0
"FB006061";"2026-01-24";"G04490";120;"Room Service";60.0
"FB006062";"2026-01-24";"G04490";120;"Room Service";31.0
"FB006063";"2026-01-25";"G04490";120;"Restaurant & Bar";22.0
"FB006064";"2026-04-21";"G04491";105;"Restaurant & Bar";77.0
"FB006065";"2026-03-06";"G04493";510;"Restaurant & Bar";76.0
"FB006066";"2026-03-06";"G04493";510;"Restaurant & Bar";67.0
"FB006067";"2026-04-04";"G04494";220;"Restaurant & Bar";114.0
"FB006068";"2026-02-22";"G04495";233;"Restaurant & Bar";106.0
"FB006069";"2026-02-24";"G04495";233;"Breakfast";34.0
"FB006070";"2026-06-30";"G04496";404;"Room Service";21.0
"FB006071";"2026-06-29";"G04496";404;"Restaurant & Bar";52.0
"FB006072";"2026-06-28";"G04496";404;"Breakfast";27.0
"FB006073";"2026-06-28";"G04496";404;"Room Service";42.0
"FB006074";"2026-06-28";"G04496";404;"Restaurant & Bar";100.0
"FB006075";"2026-01-23";"G04502";323;"Room Service";79.0
"FB006076";"2026-01-21";"G04502";323;"Restaurant & Bar";92.0
"FB006077";"2026-01-23";"G04502";323;"Restaurant & Bar";84.0
"FB006078";"2026-01-30";"G04503";221;"Restaurant & Bar";86.0
"FB006079";"2026-04-02";"G04505";104;"Restaurant & Bar";54.0
"FB006080";"2026-04-03";"G04505";104;"Breakfast";13.0
"FB006081";"2026-05-03";"G04507";202;"Breakfast";34.0
"FB006082";"2026-04-08";"G04509";228;"Room Service";28.0
"FB006083";"2026-04-13";"G04509";228;"Room Service";72.0
"FB006084";"2026-02-12";"G04510";525;"Restaurant & Bar";42.0
"FB006085";"2026-02-09";"G04510";525;"Restaurant & Bar";19.0
"FB006086";"2026-05-28";"G04511";227;"Breakfast";20.0
"FB006087";"2026-05-29";"G04511";227;"Breakfast";19.0
"FB006088";"2026-04-27";"G04512";412;"Restaurant & Bar";68.0
"FB006089";"2026-01-14";"G04513";305;"Restaurant & Bar";106.0
"FB006090";"2026-01-14";"G04513";305;"Restaurant & Bar";100.0
"FB006091";"2026-01-16";"G04513";305;"Restaurant & Bar";47.0
"FB006092";"2026-01-15";"G04513";305;"Breakfast";12.0
"FB006093";"2026-02-23";"G04516";319;"Breakfast";29.0
"FB006094";"2026-02-23";"G04516";319;"Breakfast";20.0
"FB006095";"2026-02-22";"G04516";319;"Breakfast";23.0
"FB006096";"2026-06-28";"G04517";303;"Breakfast";27.0
"FB006097";"2026-06-30";"G04517";303;"Breakfast";27.0
"FB006098";"2026-06-28";"G04517";303;"Restaurant & Bar";32.0
"FB006099";"2026-05-04";"G04519";415;"Restaurant & Bar";112.0
"FB006100";"2026-02-11";"G04523";124;"Restaurant & Bar";27.0
"FB006101";"2026-05-13";"G04525";115;"Breakfast";28.0
"FB006102";"2026-05-12";"G04525";115;"Breakfast";15.0
"FB006103";"2026-02-03";"G04527";217;"Room Service";55.0
"FB006104";"2026-05-26";"G04530";330;"Restaurant & Bar";101.0
"FB006105";"2026-05-28";"G04530";330;"Restaurant & Bar";32.0
"FB006106";"2026-03-10";"G04532";117;"Restaurant & Bar";80.0
"FB006107";"2026-03-09";"G04532";117;"Restaurant & Bar";80.0
"FB006108";"2026-03-09";"G04532";117;"Restaurant & Bar";111.0
"FB006109";"2026-03-10";"G04532";117;"Restaurant & Bar";110.0
"FB006110";"2026-03-09";"G04532";117;"Restaurant & Bar";44.0
"FB006111";"2026-01-26";"G04536";417;"Restaurant & Bar";86.0
"FB006112";"2026-04-29";"G04538";518;"Breakfast";27.0
"FB006113";"2026-05-27";"G04539";418;"Restaurant & Bar";32.0
"FB006114";"2026-05-18";"G04541";410;"Room Service";74.0
"FB006115";"2026-05-17";"G04541";410;"Restaurant & Bar";35.0
"FB006116";"2026-05-19";"G04541";410;"Restaurant & Bar";35.0
"FB006117";"2026-06-19";"G04542";214;"Breakfast";35.0
"FB006118";"2026-02-09";"G04543";119;"Restaurant & Bar";64.0
"FB006119";"2026-06-23";"G04545";209;"Restaurant & Bar";33.0
"FB006120";"2026-06-24";"G04545";209;"Restaurant & Bar";86.0
"FB006121";"2026-06-24";"G04545";209;"Room Service";80.0
"FB006122";"2026-06-24";"G04545";209;"Restaurant & Bar";83.0
"FB006123";"2026-01-12";"G04546";216;"Restaurant & Bar";98.0
"FB006124";"2026-01-11";"G04546";216;"Breakfast";19.0
"FB006125";"2026-01-11";"G04546";216;"Restaurant & Bar";105.0
"FB006126";"2026-03-12";"G04547";203;"Room Service";65.0
"FB006127";"2026-03-12";"G04547";203;"Breakfast";17.0
"FB006128";"2026-03-12";"G04547";203;"Restaurant & Bar";85.0
"FB006129";"2026-03-12";"G04547";203;"Breakfast";33.0
"FB006130";"2026-03-11";"G04547";203;"Restaurant & Bar";89.0
"FB006131";"2026-03-13";"G04549";221;"Breakfast";13.0
"FB006132";"2026-03-14";"G04549";221;"Breakfast";35.0
"FB006133";"2026-03-15";"G04549";221;"Restaurant & Bar";96.0
"FB006134";"2026-02-14";"G04550";426;"Restaurant & Bar";89.0
"FB006135";"2026-05-27";"G04551";210;"Restaurant & Bar";59.0
"FB006136";"2026-05-26";"G04551";210;"Restaurant & Bar";55.0
"FB006137";"2026-05-25";"G04551";210;"Breakfast";36.0
"FB006138";"2026-02-02";"G04552";515;"Breakfast";18.0
"FB006139";"2026-02-03";"G04552";515;"Breakfast";31.0
"FB006140";"2026-01-18";"G04554";325;"Restaurant & Bar";95.0
"FB006141";"2026-01-19";"G04554";325;"Restaurant & Bar";62.0
"FB006142";"2026-01-18";"G04554";325;"Restaurant & Bar";112.0
"FB006143";"2026-01-18";"G04554";325;"Restaurant & Bar";55.0
"FB006144";"2026-01-19";"G04554";325;"Breakfast";25.0
"FB006145";"2026-06-18";"G04555";306;"Restaurant & Bar";49.0
"FB006146";"2026-03-20";"G04556";231;"Restaurant & Bar";60.0
"FB006147";"2026-03-20";"G04556";231;"Breakfast";22.0
"FB006148";"2026-06-17";"G04557";210;"Restaurant & Bar";73.0
"FB006149";"2026-06-17";"G04557";210;"Restaurant & Bar";104.0
"FB006150";"2026-06-18";"G04557";210;"Restaurant & Bar";33.0
"FB006151";"2026-06-17";"G04557";210;"Restaurant & Bar";89.0
"FB006152";"2026-06-18";"G04557";210;"Breakfast";17.0
"FB006153";"2026-02-01";"G04559";209;"Breakfast";26.0
"FB006154";"2026-04-03";"G04560";523;"Breakfast";21.0
"FB006155";"2026-04-03";"G04560";523;"Restaurant & Bar";22.0
"FB006156";"2026-04-02";"G04560";523;"Restaurant & Bar";88.0
"FB006157";"2026-04-03";"G04560";523;"Breakfast";22.0
"FB006158";"2026-03-18";"G04561";106;"Room Service";46.0
"FB006159";"2026-03-19";"G04561";106;"Room Service";30.0
"FB006160";"2026-03-18";"G04561";106;"Restaurant & Bar";48.0
"FB006161";"2026-03-27";"G04562";101;"Breakfast";20.0
"FB006162";"2026-03-30";"G04562";101;"Restaurant & Bar";67.0
"FB006163";"2026-06-27";"G04563";329;"Restaurant & Bar";35.0
"FB006164";"2026-06-26";"G04563";329;"Room Service";30.0
"FB006165";"2026-06-26";"G04563";329;"Restaurant & Bar";53.0
"FB006166";"2026-06-04";"G04564";119;"Restaurant & Bar";75.0
"FB006167";"2026-06-02";"G04564";119;"Restaurant & Bar";111.0
"FB006168";"2026-03-09";"G04569";215;"Restaurant & Bar";78.0
"FB006169";"2026-03-09";"G04569";215;"Restaurant & Bar";63.0
"FB006170";"2026-06-27";"G04570";216;"Restaurant & Bar";96.0
"FB006171";"2026-06-28";"G04570";216;"Room Service";27.0
"FB006172";"2026-04-23";"G04571";503;"Restaurant & Bar";112.0
"FB006173";"2026-04-23";"G04571";503;"Breakfast";25.0
"FB006174";"2026-04-23";"G04571";503;"Restaurant & Bar";28.0
"FB006175";"2026-04-23";"G04571";503;"Restaurant & Bar";43.0
"FB006176";"2026-02-22";"G04573";322;"Restaurant & Bar";31.0
"FB006177";"2026-02-19";"G04573";322;"Breakfast";34.0
"FB006178";"2026-05-20";"G04574";310;"Restaurant & Bar";43.0
"FB006179";"2026-05-21";"G04574";310;"Restaurant & Bar";67.0
"FB006180";"2026-05-20";"G04574";310;"Breakfast";24.0
"FB006181";"2026-05-20";"G04574";310;"Restaurant & Bar";63.0
"FB006182";"2026-05-21";"G04574";310;"Restaurant & Bar";74.0
"FB006183";"2026-06-29";"G04576";213;"Restaurant & Bar";64.0
"FB006184";"2026-06-30";"G04576";213;"Room Service";18.0
"FB006185";"2026-06-29";"G04576";213;"Restaurant & Bar";69.0
"FB006186";"2026-06-29";"G04576";213;"Breakfast";18.0
"FB006187";"2026-04-03";"G04579";524;"Breakfast";28.0
"FB006188";"2026-04-03";"G04579";524;"Restaurant & Bar";35.0
"FB006189";"2026-04-04";"G04579";524;"Restaurant & Bar";44.0
"FB006190";"2026-03-16";"G04585";334;"Restaurant & Bar";92.0
"FB006191";"2026-04-11";"G04586";203;"Restaurant & Bar";110.0
"FB006192";"2026-04-11";"G04586";203;"Breakfast";35.0
"FB006193";"2026-01-05";"G04587";306;"Breakfast";34.0
"FB006194";"2026-01-07";"G04587";306;"Room Service";61.0
"FB006195";"2026-01-07";"G04587";306;"Restaurant & Bar";113.0
"FB006196";"2026-01-07";"G04587";306;"Restaurant & Bar";97.0
"FB006197";"2026-05-22";"G04588";110;"Room Service";82.0
"FB006198";"2026-05-20";"G04588";110;"Room Service";84.0
"FB006199";"2026-02-05";"G04589";227;"Restaurant & Bar";42.0
"FB006200";"2026-02-05";"G04589";227;"Room Service";64.0
"FB006201";"2026-02-05";"G04589";227;"Restaurant & Bar";67.0
"FB006202";"2026-02-05";"G04589";227;"Restaurant & Bar";84.0
"FB006203";"2026-04-21";"G04590";114;"Breakfast";30.0
"FB006204";"2026-04-20";"G04590";114;"Breakfast";18.0
"FB006205";"2026-04-20";"G04590";114;"Restaurant & Bar";94.0
"FB006206";"2026-01-27";"G04594";229;"Restaurant & Bar";71.0
"FB006207";"2026-01-26";"G04594";229;"Restaurant & Bar";58.0
"FB006208";"2026-05-10";"G04596";528;"Breakfast";15.0
"FB006209";"2026-05-12";"G04596";528;"Restaurant & Bar";52.0
"FB006210";"2026-05-09";"G04596";528;"Restaurant & Bar";26.0
"FB006211";"2026-03-29";"G04597";217;"Restaurant & Bar";91.0
"FB006212";"2026-02-28";"G04598";516;"Room Service";66.0
"FB006213";"2026-01-27";"G04599";308;"Restaurant & Bar";71.0
"FB006214";"2026-01-29";"G04599";308;"Breakfast";29.0
"FB006215";"2026-04-15";"G04602";411;"Breakfast";27.0
"FB006216";"2026-04-20";"G04603";306;"Room Service";63.0
"FB006217";"2026-04-17";"G04603";306;"Breakfast";33.0
"FB006218";"2026-04-17";"G04603";306;"Restaurant & Bar";52.0
"FB006219";"2026-04-16";"G04603";306;"Restaurant & Bar";107.0
"FB006220";"2026-06-06";"G04605";102;"Room Service";74.0
"FB006221";"2026-06-04";"G04605";102;"Breakfast";30.0
"FB006222";"2026-03-04";"G04607";507;"Breakfast";31.0
"FB006223";"2026-02-03";"G04610";528;"Restaurant & Bar";53.0
"FB006224";"2026-02-22";"G04612";111;"Breakfast";13.0
"FB006225";"2026-02-26";"G04613";425;"Restaurant & Bar";40.0
"FB006226";"2026-02-28";"G04613";425;"Restaurant & Bar";69.0
"FB006227";"2026-02-27";"G04613";425;"Restaurant & Bar";68.0
"FB006228";"2026-03-29";"G04614";320;"Room Service";48.0
"FB006229";"2026-06-25";"G04616";230;"Restaurant & Bar";44.0
"FB006230";"2026-04-12";"G04617";110;"Room Service";31.0
"FB006231";"2026-04-12";"G04617";110;"Restaurant & Bar";44.0
"FB006232";"2026-04-16";"G04617";110;"Restaurant & Bar";50.0
"FB006233";"2026-04-12";"G04617";110;"Restaurant & Bar";88.0
"FB006234";"2026-02-01";"G04620";329;"Breakfast";20.0
"FB006235";"2026-03-01";"G04625";432;"Breakfast";18.0
"FB006236";"2026-03-01";"G04625";432;"Restaurant & Bar";63.0
"FB006237";"2026-02-27";"G04625";432;"Breakfast";21.0
"FB006238";"2026-01-26";"G04626";130;"Restaurant & Bar";103.0
"FB006239";"2026-01-25";"G04626";130;"Restaurant & Bar";39.0
"FB006240";"2026-01-23";"G04626";130;"Breakfast";21.0
"FB006241";"2026-01-28";"G04628";124;"Restaurant & Bar";100.0
"FB006242";"2026-01-29";"G04628";124;"Room Service";60.0
"FB006243";"2026-02-01";"G04628";124;"Breakfast";35.0
"FB006244";"2026-01-29";"G04628";124;"Breakfast";19.0
"FB006245";"2026-01-31";"G04628";124;"Breakfast";28.0
"FB006246";"2026-01-31";"G04629";503;"Breakfast";32.0
"FB006247";"2026-04-27";"G04630";412;"Room Service";55.0
"FB006248";"2026-05-10";"G04631";403;"Restaurant & Bar";72.0
"FB006249";"2026-05-08";"G04631";403;"Room Service";21.0
"FB006250";"2026-04-22";"G04632";221;"Restaurant & Bar";112.0
"FB006251";"2026-04-21";"G04632";221;"Restaurant & Bar";65.0
"FB006252";"2026-01-09";"G04633";225;"Breakfast";34.0
"FB006253";"2026-01-09";"G04633";225;"Breakfast";32.0
"FB006254";"2026-01-30";"G04634";516;"Breakfast";12.0
"FB006255";"2026-02-01";"G04634";516;"Room Service";66.0
"FB006256";"2026-02-01";"G04635";108;"Room Service";61.0
"FB006257";"2026-01-28";"G04635";108;"Restaurant & Bar";72.0
"FB006258";"2026-02-01";"G04635";108;"Restaurant & Bar";29.0
"FB006259";"2026-01-31";"G04635";108;"Restaurant & Bar";114.0
"FB006260";"2026-02-14";"G04636";434;"Restaurant & Bar";100.0
"FB006261";"2026-02-16";"G04636";434;"Breakfast";22.0
"FB006262";"2026-02-12";"G04636";434;"Room Service";53.0
"FB006263";"2026-04-19";"G04637";323;"Room Service";22.0
"FB006264";"2026-05-24";"G04640";219;"Room Service";67.0
"FB006265";"2026-03-25";"G04642";430;"Breakfast";27.0
"FB006266";"2026-01-28";"G04645";309;"Restaurant & Bar";32.0
"FB006267";"2026-01-25";"G04645";309;"Breakfast";33.0
"FB006268";"2026-02-22";"G04646";418;"Breakfast";35.0
"FB006269";"2026-01-02";"G04648";334;"Breakfast";35.0
"FB006270";"2026-01-03";"G04648";334;"Restaurant & Bar";53.0
"FB006271";"2026-01-02";"G04648";334;"Breakfast";18.0
"FB006272";"2026-06-11";"G04649";509;"Room Service";37.0
"FB006273";"2026-06-10";"G04649";509;"Breakfast";12.0
"FB006274";"2026-06-11";"G04649";509;"Breakfast";10.0
"FB006275";"2026-06-11";"G04649";509;"Restaurant & Bar";70.0
"FB006276";"2026-03-05";"G04650";425;"Room Service";76.0
"FB006277";"2026-04-27";"G04651";410;"Room Service";66.0
"FB006278";"2026-06-07";"G04653";125;"Restaurant & Bar";90.0
"FB006279";"2026-06-09";"G04653";125;"Restaurant & Bar";50.0
"FB006280";"2026-03-04";"G04654";329;"Restaurant & Bar";75.0
"FB006281";"2026-03-15";"G04655";307;"Breakfast";14.0
"FB006282";"2026-02-05";"G04656";106;"Breakfast";21.0
"FB006283";"2026-05-09";"G04657";218;"Room Service";59.0
"FB006284";"2026-05-09";"G04657";218;"Breakfast";10.0
"FB006285";"2026-06-21";"G04659";503;"Restaurant & Bar";69.0
"FB006286";"2026-06-21";"G04659";503;"Restaurant & Bar";96.0
"FB006287";"2026-04-04";"G04660";213;"Breakfast";27.0
"FB006288";"2026-02-28";"G04661";434;"Breakfast";32.0
"FB006289";"2026-06-02";"G04662";134;"Breakfast";32.0
"FB006290";"2026-06-02";"G04662";134;"Breakfast";35.0
"FB006291";"2026-01-13";"G04663";104;"Restaurant & Bar";45.0
"FB006292";"2026-01-11";"G04663";104;"Breakfast";10.0
"FB006293";"2026-01-13";"G04663";104;"Breakfast";14.0
"FB006294";"2026-03-29";"G04664";505;"Breakfast";22.0
"FB006295";"2026-03-31";"G04664";505;"Breakfast";36.0
"FB006296";"2026-04-01";"G04664";505;"Restaurant & Bar";40.0
"FB006297";"2026-03-30";"G04664";505;"Breakfast";24.0
"FB006298";"2026-06-27";"G04665";422;"Breakfast";12.0
"FB006299";"2026-06-26";"G04665";422;"Breakfast";37.0
"FB006300";"2026-05-30";"G04669";325;"Restaurant & Bar";75.0
"FB006301";"2026-05-30";"G04669";325;"Restaurant & Bar";62.0
"FB006302";"2026-05-30";"G04669";325;"Breakfast";20.0
"FB006303";"2026-05-30";"G04669";325;"Restaurant & Bar";34.0
"FB006304";"2026-05-31";"G04669";325;"Breakfast";22.0
"FB006305";"2026-03-10";"G04671";205;"Restaurant & Bar";95.0
"FB006306";"2026-01-03";"G04672";406;"Breakfast";20.0
"FB006307";"2026-01-01";"G04672";406;"Restaurant & Bar";108.0
"FB006308";"2026-01-03";"G04672";406;"Restaurant & Bar";31.0
"FB006309";"2026-01-04";"G04672";406;"Room Service";74.0
"FB006310";"2026-01-06";"G04672";406;"Room Service";83.0
"FB006311";"2026-02-10";"G04673";321;"Restaurant & Bar";57.0
"FB006312";"2026-02-08";"G04673";321;"Restaurant & Bar";33.0
"FB006313";"2026-02-08";"G04673";321;"Breakfast";17.0
"FB006314";"2026-05-23";"G04674";334;"Room Service";62.0
"FB006315";"2026-06-08";"G04677";506;"Restaurant & Bar";26.0
"FB006316";"2026-06-10";"G04677";506;"Restaurant & Bar";82.0
"FB006317";"2026-06-08";"G04677";506;"Breakfast";20.0
"FB006318";"2026-04-24";"G04679";213;"Breakfast";13.0
"FB006319";"2026-06-01";"G04682";218;"Room Service";26.0
"FB006320";"2026-05-06";"G04683";211;"Breakfast";30.0
"FB006321";"2026-03-01";"G04685";124;"Restaurant & Bar";32.0
"FB006322";"2026-03-31";"G04687";410;"Restaurant & Bar";112.0
"FB006323";"2026-01-24";"G04688";234;"Restaurant & Bar";95.0
"FB006324";"2026-01-24";"G04688";234;"Restaurant & Bar";47.0
"FB006325";"2026-01-24";"G04688";234;"Breakfast";23.0
"FB006326";"2026-01-24";"G04688";234;"Breakfast";15.0
"FB006327";"2026-01-22";"G04692";302;"Breakfast";14.0
"FB006328";"2026-06-14";"G04694";319;"Restaurant & Bar";87.0
"FB006329";"2026-06-12";"G04694";319;"Room Service";80.0
"FB006330";"2026-06-14";"G04694";319;"Breakfast";34.0
"FB006331";"2026-06-14";"G04694";319;"Breakfast";22.0
"FB006332";"2026-06-24";"G04695";119;"Restaurant & Bar";37.0
"FB006333";"2026-05-07";"G04697";421;"Room Service";42.0
"FB006334";"2026-05-06";"G04697";421;"Restaurant & Bar";67.0
"FB006335";"2026-05-07";"G04697";421;"Breakfast";24.0
"FB006336";"2026-05-20";"G04699";425;"Breakfast";23.0
"FB006337";"2026-06-13";"G04700";321;"Room Service";40.0
"FB006338";"2026-06-14";"G04700";321;"Room Service";65.0
"FB006339";"2026-06-16";"G04700";321;"Room Service";65.0
"FB006340";"2026-06-17";"G04700";321;"Restaurant & Bar";99.0
"FB006341";"2026-02-20";"G04701";418;"Breakfast";28.0
"FB006342";"2026-02-18";"G04701";418;"Room Service";24.0
"FB006343";"2026-02-17";"G04701";418;"Breakfast";19.0
"FB006344";"2026-02-18";"G04701";418;"Breakfast";36.0
"FB006345";"2026-02-16";"G04701";418;"Restaurant & Bar";81.0
"FB006346";"2026-06-27";"G04703";315;"Restaurant & Bar";39.0
"FB006347";"2026-06-27";"G04703";315;"Restaurant & Bar";106.0
"FB006348";"2026-01-24";"G04704";107;"Breakfast";30.0
"FB006349";"2026-01-22";"G04704";107;"Room Service";78.0
"FB006350";"2026-01-24";"G04704";107;"Restaurant & Bar";88.0
"FB006351";"2026-01-22";"G04704";107;"Restaurant & Bar";46.0
"FB006352";"2026-01-22";"G04704";107;"Restaurant & Bar";102.0
"FB006353";"2026-06-04";"G04706";223;"Breakfast";18.0
"FB006354";"2026-01-27";"G04707";203;"Room Service";85.0
"FB006355";"2026-03-26";"G04708";418;"Breakfast";15.0
"FB006356";"2026-03-26";"G04708";418;"Room Service";29.0
"FB006357";"2026-03-18";"G04710";430;"Restaurant & Bar";105.0
"FB006358";"2026-01-23";"G04711";417;"Breakfast";15.0
"FB006359";"2026-01-21";"G04711";417;"Restaurant & Bar";67.0
"FB006360";"2026-01-23";"G04711";417;"Restaurant & Bar";71.0
"FB006361";"2026-05-02";"G04712";330;"Breakfast";17.0
"FB006362";"2026-05-02";"G04712";330;"Breakfast";14.0
"FB006363";"2026-03-20";"G04716";420;"Breakfast";11.0
"FB006364";"2026-03-18";"G04717";523;"Room Service";64.0
"FB006365";"2026-01-16";"G04719";308;"Breakfast";21.0
"FB006366";"2026-01-15";"G04719";308;"Restaurant & Bar";98.0
"FB006367";"2026-01-20";"G04719";308;"Breakfast";24.0
"FB006368";"2026-05-25";"G04720";520;"Restaurant & Bar";22.0
"FB006369";"2026-05-22";"G04720";520;"Restaurant & Bar";37.0
"FB006370";"2026-05-23";"G04720";520;"Room Service";77.0
"FB006371";"2026-04-12";"G04723";419;"Restaurant & Bar";36.0
"FB006372";"2026-02-20";"G04724";518;"Breakfast";10.0
"FB006373";"2026-04-24";"G04725";318;"Restaurant & Bar";113.0
"FB006374";"2026-04-24";"G04725";318;"Restaurant & Bar";85.0
"FB006375";"2026-03-03";"G04726";216;"Restaurant & Bar";108.0
"FB006376";"2026-02-08";"G04727";206;"Breakfast";24.0
"FB006377";"2026-02-08";"G04727";206;"Restaurant & Bar";78.0
"FB006378";"2026-02-07";"G04727";206;"Room Service";27.0
"FB006379";"2026-05-31";"G04728";421;"Room Service";68.0
"FB006380";"2026-05-30";"G04728";421;"Restaurant & Bar";26.0
"FB006381";"2026-01-16";"G04729";407;"Room Service";58.0
"FB006382";"2026-01-16";"G04729";407;"Restaurant & Bar";102.0
"FB006383";"2026-01-16";"G04729";407;"Room Service";53.0
"FB006384";"2026-01-16";"G04729";407;"Restaurant & Bar";65.0
"FB006385";"2026-01-06";"G04730";521;"Restaurant & Bar";55.0
"FB006386";"2026-05-13";"G04731";334;"Room Service";80.0
"FB006387";"2026-05-14";"G04731";334;"Restaurant & Bar";50.0
"FB006388";"2026-06-06";"G04732";133;"Restaurant & Bar";97.0
"FB006389";"2026-04-25";"G04733";512;"Restaurant & Bar";98.0
"FB006390";"2026-04-05";"G04735";517;"Restaurant & Bar";98.0
"FB006391";"2026-06-19";"G04737";225;"Restaurant & Bar";91.0
"FB006392";"2026-03-30";"G04738";202;"Breakfast";34.0
"FB006393";"2026-03-12";"G04739";428;"Room Service";20.0
"FB006394";"2026-03-12";"G04739";428;"Restaurant & Bar";74.0
"FB006395";"2026-04-04";"G04741";112;"Breakfast";38.0
"FB006396";"2026-05-15";"G04742";410;"Restaurant & Bar";83.0
"FB006397";"2026-05-17";"G04745";206;"Room Service";76.0
"FB006398";"2026-03-01";"G04747";111;"Breakfast";17.0
"FB006399";"2026-03-02";"G04747";111;"Restaurant & Bar";56.0
"FB006400";"2026-03-02";"G04747";111;"Breakfast";21.0
"FB006401";"2026-04-28";"G04749";334;"Room Service";24.0
"FB006402";"2026-04-27";"G04749";334;"Restaurant & Bar";33.0
"FB006403";"2026-04-28";"G04749";334;"Breakfast";26.0
"FB006404";"2026-04-27";"G04749";334;"Breakfast";29.0
"FB006405";"2026-03-04";"G04750";313;"Restaurant & Bar";92.0
"FB006406";"2026-03-05";"G04750";313;"Restaurant & Bar";100.0
"FB006407";"2026-03-06";"G04750";313;"Restaurant & Bar";44.0
"FB006408";"2026-04-17";"G04751";121;"Restaurant & Bar";103.0
"FB006409";"2026-04-16";"G04751";121;"Restaurant & Bar";54.0
"FB006410";"2026-05-07";"G04753";104;"Restaurant & Bar";58.0
"FB006411";"2026-05-05";"G04753";104;"Restaurant & Bar";37.0
"FB006412";"2026-01-29";"G04754";108;"Restaurant & Bar";100.0
"FB006413";"2026-01-29";"G04754";108;"Restaurant & Bar";63.0
"FB006414";"2026-01-31";"G04754";108;"Room Service";37.0
"FB006415";"2026-01-31";"G04754";108;"Restaurant & Bar";77.0
"FB006416";"2026-01-31";"G04754";108;"Restaurant & Bar";100.0
"FB006417";"2026-06-09";"G04756";128;"Room Service";63.0
"FB006418";"2026-03-03";"G04757";206;"Breakfast";22.0
"FB006419";"2026-03-04";"G04757";206;"Restaurant & Bar";24.0
"FB006420";"2026-03-03";"G04757";206;"Breakfast";22.0
"FB006421";"2026-01-22";"G04758";117;"Breakfast";18.0
"FB006422";"2026-01-20";"G04762";431;"Room Service";30.0
"FB006423";"2026-01-20";"G04762";431;"Restaurant & Bar";30.0
"FB006424";"2026-02-10";"G04763";414;"Room Service";59.0
"FB006425";"2026-04-24";"G04764";114;"Restaurant & Bar";62.0
"FB006426";"2026-05-03";"G04766";315;"Restaurant & Bar";103.0
"FB006427";"2026-05-03";"G04766";315;"Restaurant & Bar";74.0
"FB006428";"2026-01-24";"G04767";330;"Room Service";17.0
"FB006429";"2026-01-24";"G04767";330;"Breakfast";34.0
"FB006430";"2026-01-25";"G04767";330;"Restaurant & Bar";64.0
"FB006431";"2026-01-24";"G04767";330;"Restaurant & Bar";99.0
"FB006432";"2026-03-10";"G04769";306;"Restaurant & Bar";86.0
"FB006433";"2026-06-10";"G04770";309;"Restaurant & Bar";43.0
"FB006434";"2026-06-10";"G04770";309;"Restaurant & Bar";27.0
"FB006435";"2026-06-09";"G04770";309;"Restaurant & Bar";80.0
"FB006436";"2026-06-13";"G04770";309;"Breakfast";27.0
"FB006437";"2026-01-09";"G04771";311;"Breakfast";31.0
"FB006438";"2026-01-09";"G04771";311;"Restaurant & Bar";19.0
"FB006439";"2026-01-10";"G04771";311;"Restaurant & Bar";98.0
"FB006440";"2026-01-09";"G04771";311;"Breakfast";22.0
"FB006441";"2026-01-10";"G04771";311;"Breakfast";28.0
"FB006442";"2026-06-11";"G04772";426;"Restaurant & Bar";47.0
"FB006443";"2026-06-13";"G04772";426;"Restaurant & Bar";21.0
"FB006444";"2026-04-14";"G04775";109;"Restaurant & Bar";102.0
"FB006445";"2026-04-12";"G04775";109;"Room Service";50.0
"FB006446";"2026-03-24";"G04778";432;"Restaurant & Bar";104.0
"FB006447";"2026-03-22";"G04778";432;"Restaurant & Bar";95.0
"FB006448";"2026-03-02";"G04781";406;"Breakfast";34.0
"FB006449";"2026-03-02";"G04781";406;"Restaurant & Bar";75.0
"FB006450";"2026-03-20";"G04785";106;"Restaurant & Bar";103.0
"FB006451";"2026-03-20";"G04785";106;"Restaurant & Bar";30.0
"FB006452";"2026-05-15";"G04786";203;"Restaurant & Bar";22.0
"FB006453";"2026-05-14";"G04786";203;"Breakfast";27.0
"FB006454";"2026-04-28";"G04788";329;"Restaurant & Bar";45.0
"FB006455";"2026-04-20";"G04789";119;"Breakfast";36.0
"FB006456";"2026-04-24";"G04789";119;"Breakfast";34.0
"FB006457";"2026-04-21";"G04789";119;"Restaurant & Bar";85.0
"FB006458";"2026-06-01";"G04792";210;"Room Service";63.0
"FB006459";"2026-05-31";"G04792";210;"Restaurant & Bar";90.0
"FB006460";"2026-05-31";"G04792";210;"Room Service";22.0
"FB006461";"2026-03-28";"G04793";223;"Room Service";49.0
"FB006462";"2026-03-29";"G04793";223;"Restaurant & Bar";44.0
"FB006463";"2026-02-15";"G04794";203;"Restaurant & Bar";62.0
"FB006464";"2026-02-15";"G04794";203;"Restaurant & Bar";37.0
"FB006465";"2026-05-21";"G04795";418;"Breakfast";12.0
"FB006466";"2026-01-05";"G04796";332;"Restaurant & Bar";105.0
"FB006467";"2026-01-05";"G04796";332;"Restaurant & Bar";109.0
"FB006468";"2026-05-16";"G04801";406;"Breakfast";26.0
"FB006469";"2026-05-12";"G04802";529;"Room Service";81.0
"FB006470";"2026-06-06";"G04805";403;"Room Service";28.0
"FB006471";"2026-06-07";"G04805";403;"Breakfast";28.0
"FB006472";"2026-06-07";"G04805";403;"Restaurant & Bar";72.0
"FB006473";"2026-06-20";"G04806";106;"Room Service";31.0
"FB006474";"2026-01-09";"G04807";115;"Room Service";27.0
"FB006475";"2026-01-11";"G04807";115;"Restaurant & Bar";57.0
"FB006476";"2026-01-11";"G04807";115;"Breakfast";14.0
"FB006477";"2026-04-02";"G04808";509;"Restaurant & Bar";66.0
"FB006478";"2026-06-01";"G04810";203;"Restaurant & Bar";110.0
"FB006479";"2026-06-03";"G04810";203;"Room Service";51.0
"FB006480";"2026-05-22";"G04811";121;"Restaurant & Bar";69.0
"FB006481";"2026-01-20";"G04812";413;"Restaurant & Bar";72.0
"FB006482";"2026-01-20";"G04812";413;"Restaurant & Bar";65.0
"FB006483";"2026-04-10";"G04815";131;"Room Service";36.0
"FB006484";"2026-04-12";"G04815";131;"Restaurant & Bar";69.0
"FB006485";"2026-01-09";"G04816";316;"Restaurant & Bar";84.0
"FB006486";"2026-03-27";"G04817";320;"Restaurant & Bar";113.0
"FB006487";"2026-03-25";"G04817";320;"Restaurant & Bar";78.0
"FB006488";"2026-03-28";"G04817";320;"Breakfast";33.0
"FB006489";"2026-03-09";"G04818";128;"Breakfast";11.0
"FB006490";"2026-02-13";"G04819";334;"Room Service";77.0
"FB006491";"2026-02-12";"G04819";334;"Restaurant & Bar";67.0
"FB006492";"2026-02-12";"G04819";334;"Room Service";26.0
"FB006493";"2026-02-15";"G04819";334;"Breakfast";14.0
"FB006494";"2026-05-02";"G04821";217;"Room Service";45.0
"FB006495";"2026-04-30";"G04821";217;"Breakfast";32.0
"FB006496";"2026-05-01";"G04821";217;"Restaurant & Bar";76.0
"FB006497";"2026-05-01";"G04821";217;"Restaurant & Bar";103.0
"FB006498";"2026-02-24";"G04822";234;"Restaurant & Bar";87.0
"FB006499";"2026-02-24";"G04822";234;"Restaurant & Bar";50.0
"FB006500";"2026-02-22";"G04822";234;"Restaurant & Bar";107.0
"FB006501";"2026-02-25";"G04822";234;"Restaurant & Bar";19.0
"FB006502";"2026-05-14";"G04824";323;"Restaurant & Bar";85.0
"FB006503";"2026-05-14";"G04824";323;"Restaurant & Bar";79.0
"FB006504";"2026-02-09";"G04825";527;"Restaurant & Bar";45.0
"FB006505";"2026-04-13";"G04826";107;"Restaurant & Bar";108.0
"FB006506";"2026-04-14";"G04826";107;"Room Service";46.0
"FB006507";"2026-01-21";"G04827";422;"Restaurant & Bar";19.0
"FB006508";"2026-01-20";"G04827";422;"Restaurant & Bar";67.0
"FB006509";"2026-01-21";"G04827";422;"Restaurant & Bar";70.0
"FB006510";"2026-01-22";"G04827";422;"Room Service";63.0
"FB006511";"2026-04-19";"G04828";513;"Breakfast";21.0
"FB006512";"2026-03-20";"G04829";205;"Breakfast";25.0
"FB006513";"2026-02-24";"G04830";132;"Restaurant & Bar";20.0
"FB006514";"2026-01-06";"G04831";112;"Breakfast";11.0
"FB006515";"2026-01-03";"G04832";510;"Room Service";23.0
"FB006516";"2026-01-01";"G04832";510;"Restaurant & Bar";103.0
"FB006517";"2026-01-19";"G04834";411;"Breakfast";31.0
"FB006518";"2026-01-20";"G04834";411;"Restaurant & Bar";110.0
"FB006519";"2026-01-20";"G04834";411;"Restaurant & Bar";96.0
"FB006520";"2026-01-27";"G04836";109;"Breakfast";29.0
"FB006521";"2026-04-10";"G04837";130;"Breakfast";20.0
"FB006522";"2026-04-12";"G04837";130;"Restaurant & Bar";105.0
"FB006523";"2026-05-13";"G04838";315;"Breakfast";34.0
"FB006524";"2026-05-13";"G04838";315;"Room Service";16.0
"FB006525";"2026-03-23";"G04839";308;"Restaurant & Bar";24.0
"FB006526";"2026-03-22";"G04839";308;"Breakfast";38.0
"FB006527";"2026-03-23";"G04839";308;"Breakfast";18.0
"FB006528";"2026-03-22";"G04839";308;"Room Service";24.0
"FB006529";"2026-03-22";"G04839";308;"Restaurant & Bar";104.0
"FB006530";"2026-03-31";"G04841";225;"Restaurant & Bar";70.0
"FB006531";"2026-04-03";"G04841";225;"Restaurant & Bar";34.0
"FB006532";"2026-03-22";"G04844";205;"Restaurant & Bar";34.0
"FB006533";"2026-03-21";"G04844";205;"Restaurant & Bar";57.0
"FB006534";"2026-03-22";"G04844";205;"Room Service";39.0
"FB006535";"2026-06-14";"G04845";318;"Breakfast";23.0
"FB006536";"2026-06-13";"G04845";318;"Restaurant & Bar";92.0
"FB006537";"2026-05-05";"G04846";110;"Restaurant & Bar";109.0
"FB006538";"2026-05-04";"G04846";110;"Room Service";54.0
"FB006539";"2026-03-05";"G04847";403;"Restaurant & Bar";23.0
"FB006540";"2026-03-22";"G04848";213;"Restaurant & Bar";93.0
"FB006541";"2026-03-21";"G04848";213;"Restaurant & Bar";61.0
"FB006542";"2026-03-20";"G04848";213;"Restaurant & Bar";97.0
"FB006543";"2026-01-26";"G04851";333;"Restaurant & Bar";49.0
"FB006544";"2026-06-22";"G04853";526;"Restaurant & Bar";19.0
"FB006545";"2026-06-22";"G04853";526;"Restaurant & Bar";85.0
"FB006546";"2026-05-25";"G04855";127;"Restaurant & Bar";33.0
"FB006547";"2026-06-26";"G04856";134;"Restaurant & Bar";21.0
"FB006548";"2026-06-25";"G04856";134;"Breakfast";27.0
"FB006549";"2026-06-25";"G04856";134;"Room Service";29.0
"FB006550";"2026-06-26";"G04856";134;"Room Service";69.0
"FB006551";"2026-06-25";"G04856";134;"Breakfast";12.0
"FB006552";"2026-01-04";"G04861";113;"Breakfast";21.0
"FB006553";"2026-01-05";"G04861";113;"Restaurant & Bar";50.0
"FB006554";"2026-01-03";"G04861";113;"Room Service";62.0
"FB006555";"2026-01-04";"G04861";113;"Room Service";59.0
"FB006556";"2026-05-06";"G04862";415;"Restaurant & Bar";45.0
"FB006557";"2026-05-04";"G04862";415;"Room Service";83.0
"FB006558";"2026-03-13";"G04865";218;"Restaurant & Bar";94.0
"FB006559";"2026-05-11";"G04866";201;"Restaurant & Bar";74.0
"FB006560";"2026-05-11";"G04866";201;"Breakfast";13.0
"FB006561";"2026-05-15";"G04867";303;"Room Service";41.0
"FB006562";"2026-06-02";"G04868";203;"Restaurant & Bar";78.0
"FB006563";"2026-01-31";"G04869";420;"Room Service";52.0
"FB006564";"2026-01-05";"G04870";210;"Restaurant & Bar";104.0
"FB006565";"2026-01-05";"G04870";210;"Breakfast";37.0
"FB006566";"2026-06-16";"G04871";322;"Restaurant & Bar";36.0
"FB006567";"2026-06-15";"G04871";322;"Restaurant & Bar";29.0
"FB006568";"2026-06-15";"G04871";322;"Restaurant & Bar";60.0
"FB006569";"2026-03-10";"G04874";201;"Restaurant & Bar";53.0
"FB006570";"2026-03-05";"G04874";201;"Room Service";51.0
"FB006571";"2026-03-16";"G04875";415;"Room Service";53.0
"FB006572";"2026-03-16";"G04875";415;"Breakfast";34.0
"FB006573";"2026-05-19";"G04876";303;"Restaurant & Bar";76.0
"FB006574";"2026-05-18";"G04876";303;"Restaurant & Bar";87.0
"FB006575";"2026-05-20";"G04876";303;"Room Service";34.0
"FB006576";"2026-05-20";"G04876";303;"Restaurant & Bar";102.0
"FB006577";"2026-01-18";"G04877";204;"Breakfast";28.0
"FB006578";"2026-01-24";"G04877";204;"Restaurant & Bar";45.0
"FB006579";"2026-06-17";"G04878";326;"Restaurant & Bar";59.0
"FB006580";"2026-06-15";"G04878";326;"Restaurant & Bar";105.0
"FB006581";"2026-06-19";"G04878";326;"Restaurant & Bar";26.0
"FB006582";"2026-06-15";"G04878";326;"Restaurant & Bar";114.0
"FB006583";"2026-04-12";"G04879";127;"Restaurant & Bar";65.0
"FB006584";"2026-02-20";"G04881";430;"Breakfast";38.0
"FB006585";"2026-02-23";"G04881";430;"Restaurant & Bar";95.0
"FB006586";"2026-02-18";"G04881";430;"Restaurant & Bar";77.0
"FB006587";"2026-06-24";"G04882";117;"Restaurant & Bar";56.0
"FB006588";"2026-06-24";"G04882";117;"Restaurant & Bar";38.0
"FB006589";"2026-06-23";"G04882";117;"Breakfast";18.0
"FB006590";"2026-05-22";"G04885";306;"Restaurant & Bar";42.0
"FB006591";"2026-04-19";"G04886";507;"Breakfast";22.0
"FB006592";"2026-04-20";"G04888";434;"Restaurant & Bar";87.0
"FB006593";"2026-06-24";"G04890";227;"Restaurant & Bar";90.0
"FB006594";"2026-03-18";"G04891";425;"Breakfast";30.0
"FB006595";"2026-04-06";"G04892";227;"Restaurant & Bar";62.0
"FB006596";"2026-04-06";"G04892";227;"Breakfast";19.0
"FB006597";"2026-02-13";"G04893";404;"Restaurant & Bar";27.0
"FB006598";"2026-02-15";"G04897";413;"Restaurant & Bar";29.0
"FB006599";"2026-02-15";"G04897";413;"Restaurant & Bar";28.0
"FB006600";"2026-02-25";"G04899";503;"Restaurant & Bar";19.0
"FB006601";"2026-02-25";"G04899";503;"Restaurant & Bar";83.0
"FB006602";"2026-02-24";"G04899";503;"Room Service";46.0
"FB006603";"2026-02-26";"G04899";503;"Restaurant & Bar";101.0
"FB006604";"2026-02-24";"G04899";503;"Breakfast";16.0
"FB006605";"2026-02-05";"G04900";506;"Breakfast";14.0
"FB006606";"2026-02-03";"G04900";506;"Room Service";30.0
"FB006607";"2026-01-05";"G04901";431;"Breakfast";15.0
"FB006608";"2026-05-30";"G04904";525;"Room Service";55.0
"FB006609";"2026-05-31";"G04904";525;"Restaurant & Bar";18.0
"FB006610";"2026-05-31";"G04904";525;"Room Service";67.0
"FB006611";"2026-01-25";"G04905";406;"Breakfast";27.0
"FB006612";"2026-01-21";"G04905";406;"Room Service";59.0
"FB006613";"2026-01-22";"G04905";406;"Breakfast";33.0
"FB006614";"2026-01-05";"G04906";404;"Restaurant & Bar";73.0
"FB006615";"2026-01-06";"G04906";404;"Room Service";21.0
"FB006616";"2026-01-07";"G04906";404;"Breakfast";33.0
"FB006617";"2026-01-05";"G04906";404;"Breakfast";27.0
"FB006618";"2026-06-05";"G04907";514;"Restaurant & Bar";53.0
"FB006619";"2026-06-04";"G04907";514;"Restaurant & Bar";103.0
"FB006620";"2026-06-04";"G04908";316;"Breakfast";20.0
"FB006621";"2026-06-01";"G04908";316;"Restaurant & Bar";86.0
"FB006622";"2026-04-04";"G04909";504;"Room Service";47.0
"FB006623";"2026-04-06";"G04909";504;"Restaurant & Bar";69.0
"FB006624";"2026-04-04";"G04909";504;"Restaurant & Bar";99.0
"FB006625";"2026-04-23";"G04910";327;"Restaurant & Bar";83.0
"FB006626";"2026-04-17";"G04911";203;"Restaurant & Bar";88.0
"FB006627";"2026-01-26";"G04913";420;"Room Service";39.0
"FB006628";"2026-02-15";"G04914";519;"Restaurant & Bar";110.0
"FB006629";"2026-03-08";"G04916";311;"Breakfast";19.0
"FB006630";"2026-03-06";"G04916";311;"Room Service";21.0
"FB006631";"2026-03-08";"G04916";311;"Restaurant & Bar";98.0
"FB006632";"2026-03-07";"G04916";311;"Restaurant & Bar";54.0
"FB006633";"2026-03-08";"G04916";311;"Breakfast";29.0
"FB006634";"2026-06-09";"G04918";131;"Room Service";64.0
"FB006635";"2026-06-10";"G04918";131;"Restaurant & Bar";97.0
"FB006636";"2026-06-07";"G04920";525;"Restaurant & Bar";109.0
"FB006637";"2026-06-07";"G04920";525;"Breakfast";21.0
"FB006638";"2026-03-16";"G04921";412;"Breakfast";13.0
"FB006639";"2026-01-19";"G04922";111;"Restaurant & Bar";94.0
"FB006640";"2026-04-22";"G04923";233;"Breakfast";29.0
"FB006641";"2026-02-21";"G04926";317;"Breakfast";12.0
"FB006642";"2026-02-19";"G04926";317;"Room Service";38.0
"FB006643";"2026-06-21";"G04927";403;"Breakfast";19.0
"FB006644";"2026-06-23";"G04927";403;"Restaurant & Bar";29.0
"FB006645";"2026-06-17";"G04928";405;"Room Service";41.0
"FB006646";"2026-06-13";"G04928";405;"Breakfast";24.0
"FB006647";"2026-03-13";"G04929";316;"Room Service";42.0
"FB006648";"2026-03-14";"G04929";316;"Breakfast";11.0
"FB006649";"2026-06-06";"G04930";127;"Restaurant & Bar";85.0
"FB006650";"2026-06-03";"G04930";127;"Restaurant & Bar";91.0
"FB006651";"2026-06-12";"G04931";405;"Breakfast";12.0
"FB006652";"2026-05-07";"G04932";403;"Breakfast";32.0
"FB006653";"2026-05-07";"G04932";403;"Breakfast";37.0
"FB006654";"2026-06-11";"G04933";304;"Breakfast";20.0
"FB006655";"2026-06-11";"G04933";304;"Restaurant & Bar";113.0
"FB006656";"2026-06-12";"G04933";304;"Room Service";43.0
"FB006657";"2026-06-13";"G04933";304;"Restaurant & Bar";66.0
"FB006658";"2026-02-13";"G04935";303;"Breakfast";37.0
"FB006659";"2026-02-14";"G04935";303;"Room Service";73.0
"FB006660";"2026-02-13";"G04935";303;"Restaurant & Bar";85.0
"FB006661";"2026-02-13";"G04935";303;"Restaurant & Bar";100.0
"FB006662";"2026-05-06";"G04936";406;"Restaurant & Bar";21.0
"FB006663";"2026-05-07";"G04936";406;"Room Service";76.0
"FB006664";"2026-01-30";"G04938";333;"Breakfast";24.0
"FB006665";"2026-02-28";"G04939";334;"Breakfast";18.0
"FB006666";"2026-01-30";"G04940";125;"Restaurant & Bar";90.0
"FB006667";"2026-01-11";"G04943";407;"Room Service";19.0
"FB006668";"2026-05-26";"G04944";425;"Restaurant & Bar";86.0
"FB006669";"2026-05-03";"G04945";107;"Restaurant & Bar";85.0
"FB006670";"2026-06-22";"G04946";118;"Restaurant & Bar";69.0
"FB006671";"2026-06-21";"G04946";118;"Restaurant & Bar";29.0
"FB006672";"2026-02-19";"G04947";424;"Breakfast";25.0
"FB006673";"2026-03-09";"G04951";529;"Room Service";59.0
"FB006674";"2026-03-08";"G04951";529;"Room Service";44.0
"FB006675";"2026-03-06";"G04951";529;"Restaurant & Bar";29.0
"FB006676";"2026-03-09";"G04951";529;"Breakfast";16.0
"FB006677";"2026-06-01";"G04952";415;"Breakfast";21.0
"FB006678";"2026-06-03";"G04952";415;"Restaurant & Bar";84.0
"FB006679";"2026-03-18";"G04953";531;"Room Service";71.0
"FB006680";"2026-05-07";"G04954";434;"Restaurant & Bar";79.0
"FB006681";"2026-05-07";"G04954";434;"Room Service";58.0
"FB006682";"2026-01-16";"G04956";132;"Breakfast";19.0
"FB006683";"2026-06-30";"G04957";116;"Restaurant & Bar";115.0
"FB006684";"2026-06-30";"G04957";116;"Restaurant & Bar";88.0
"FB006685";"2026-06-30";"G04957";116;"Restaurant & Bar";88.0
"FB006686";"2026-04-12";"G04958";213;"Breakfast";11.0
"FB006687";"2026-01-03";"G04959";420;"Restaurant & Bar";110.0
"FB006688";"2026-04-14";"G04960";130;"Restaurant & Bar";65.0
"FB006689";"2026-05-25";"G04961";503;"Room Service";61.0
"FB006690";"2026-05-26";"G04961";503;"Breakfast";16.0
"FB006691";"2026-05-22";"G04962";203;"Breakfast";10.0
"FB006692";"2026-05-03";"G04963";327;"Restaurant & Bar";82.0
"FB006693";"2026-04-22";"G04964";508;"Restaurant & Bar";19.0
"FB006694";"2026-04-23";"G04964";508;"Restaurant & Bar";70.0
"FB006695";"2026-04-24";"G04964";508;"Breakfast";11.0
"FB006696";"2026-06-15";"G04966";209;"Restaurant & Bar";31.0
"FB006697";"2026-02-06";"G04970";512;"Breakfast";34.0
"FB006698";"2026-02-06";"G04970";512;"Restaurant & Bar";32.0
"FB006699";"2026-02-06";"G04970";512;"Breakfast";30.0
"FB006700";"2026-04-11";"G04972";209;"Restaurant & Bar";102.0
"FB006701";"2026-04-12";"G04972";209;"Restaurant & Bar";93.0
"FB006702";"2026-04-11";"G04972";209;"Breakfast";13.0
"FB006703";"2026-02-09";"G04975";322;"Room Service";29.0
"FB006704";"2026-02-09";"G04975";322;"Breakfast";26.0
"FB006705";"2026-02-11";"G04975";322;"Room Service";75.0
"FB006706";"2026-03-11";"G04978";310;"Breakfast";13.0
"FB006707";"2026-03-12";"G04978";310;"Restaurant & Bar";51.0
"FB006708";"2026-03-12";"G04978";310;"Restaurant & Bar";88.0
"FB006709";"2026-03-20";"G04979";130;"Restaurant & Bar";31.0
"FB006710";"2026-02-10";"G04980";530;"Restaurant & Bar";33.0
"FB006711";"2026-06-18";"G04983";134;"Breakfast";36.0
"FB006712";"2026-06-13";"G04984";429;"Restaurant & Bar";21.0
"FB006713";"2026-06-12";"G04984";429;"Restaurant & Bar";96.0
"FB006714";"2026-04-24";"G04986";523;"Breakfast";37.0
"FB006715";"2026-03-22";"G04987";324;"Breakfast";14.0
"FB006716";"2026-03-23";"G04987";324;"Room Service";26.0
"FB006717";"2026-03-18";"G04989";424;"Restaurant & Bar";41.0
"FB006718";"2026-03-10";"G04990";515;"Breakfast";17.0
"FB006719";"2026-03-11";"G04990";515;"Room Service";79.0
"FB006720";"2026-03-09";"G04990";515;"Restaurant & Bar";50.0
"FB006721";"2026-03-09";"G04990";515;"Room Service";61.0
"FB006722";"2026-02-26";"G04991";408;"Restaurant & Bar";23.0
"FB006723";"2026-02-26";"G04991";408;"Restaurant & Bar";106.0
"FB006724";"2026-02-27";"G04991";408;"Breakfast";29.0
"FB006725";"2026-02-20";"G04992";108;"Restaurant & Bar";65.0
"FB006726";"2026-02-20";"G04992";108;"Restaurant & Bar";55.0
"FB006727";"2026-02-20";"G04992";108;"Room Service";76.0
"FB006728";"2026-02-20";"G04992";108;"Breakfast";22.0
"FB006729";"2026-04-07";"G04995";525;"Restaurant & Bar";94.0
"FB006730";"2026-01-30";"G04999";513;"Restaurant & Bar";57.0
"FB006731";"2026-02-04";"G04999";513;"Room Service";16.0
"FB006732";"2026-03-30";"G05000";518;"Restaurant & Bar";24.0
"FB006733";"2026-02-19";"G05001";303;"Restaurant & Bar";36.0
"FB006734";"2026-02-20";"G05001";303;"Room Service";79.0
"FB006735";"2026-06-17";"G05002";132;"Room Service";33.0
"FB006736";"2026-06-19";"G05002";132;"Restaurant & Bar";78.0
"FB006737";"2026-06-18";"G05002";132;"Room Service";73.0
"FB006738";"2026-06-19";"G05002";132;"Restaurant & Bar";60.0
"FB006739";"2026-03-02";"G05003";523;"Breakfast";33.0
"FB006740";"2026-06-29";"G05004";404;"Restaurant & Bar";66.0
"FB006741";"2026-06-30";"G05004";404;"Restaurant & Bar";86.0
"FB006742";"2026-06-29";"G05004";404;"Restaurant & Bar";99.0
"FB006743";"2026-04-30";"G05005";512;"Room Service";61.0
"FB006744";"2026-04-27";"G05005";512;"Restaurant & Bar";72.0
"FB006745";"2026-04-30";"G05005";512;"Restaurant & Bar";105.0
"FB006746";"2026-06-22";"G05006";521;"Breakfast";11.0
"FB006747";"2026-06-22";"G05006";521;"Restaurant & Bar";30.0
"FB006748";"2026-05-27";"G05007";131;"Restaurant & Bar";23.0
"FB006749";"2026-06-12";"G05009";222;"Restaurant & Bar";83.0
"FB006750";"2026-06-13";"G05009";222;"Breakfast";19.0
"FB006751";"2026-06-12";"G05009";222;"Room Service";42.0
"FB006752";"2026-06-11";"G05010";403;"Room Service";26.0
"FB006753";"2026-06-14";"G05010";403;"Restaurant & Bar";115.0
"FB006754";"2026-06-13";"G05010";403;"Restaurant & Bar";105.0
"FB006755";"2026-01-13";"G05011";520;"Breakfast";13.0
"FB006756";"2026-01-11";"G05011";520;"Breakfast";25.0
"FB006757";"2026-05-24";"G05012";514;"Breakfast";18.0
"FB006758";"2026-01-29";"G05013";301;"Restaurant & Bar";24.0
"FB006759";"2026-02-01";"G05013";301;"Restaurant & Bar";42.0
"FB006760";"2026-01-06";"G05014";434;"Restaurant & Bar";23.0
"FB006761";"2026-06-06";"G05021";526;"Restaurant & Bar";61.0
"FB006762";"2026-06-06";"G05021";526;"Restaurant & Bar";114.0
"FB006763";"2026-06-06";"G05021";526;"Room Service";65.0
"FB006764";"2026-06-06";"G05021";526;"Restaurant & Bar";112.0
"FB006765";"2026-06-06";"G05021";526;"Restaurant & Bar";72.0
"FB006766";"2026-06-16";"G05022";211;"Restaurant & Bar";68.0
"FB006767";"2026-03-30";"G05023";317;"Restaurant & Bar";52.0
"FB006768";"2026-03-28";"G05023";317;"Restaurant & Bar";106.0
"FB006769";"2026-03-16";"G05024";212;"Room Service";81.0
"FB006770";"2026-04-20";"G05026";130;"Restaurant & Bar";25.0
"FB006771";"2026-03-02";"G05027";230;"Breakfast";37.0
"FB006772";"2026-03-03";"G05027";230;"Restaurant & Bar";111.0
"FB006773";"2026-06-29";"G05028";408;"Breakfast";33.0
"FB006774";"2026-06-29";"G05028";408;"Breakfast";30.0
"FB006775";"2026-06-29";"G05028";408;"Restaurant & Bar";57.0
"FB006776";"2026-06-29";"G05028";408;"Restaurant & Bar";62.0
"FB006777";"2026-06-30";"G05028";408;"Restaurant & Bar";101.0
"FB006778";"2026-03-02";"G05030";101;"Breakfast";34.0
"FB006779";"2026-04-08";"G05031";229;"Restaurant & Bar";21.0
"FB006780";"2026-04-08";"G05031";229;"Room Service";22.0
"FB006781";"2026-04-08";"G05031";229;"Breakfast";29.0
"FB006782";"2026-03-24";"G05032";305;"Room Service";64.0
"FB006783";"2026-03-23";"G05032";305;"Restaurant & Bar";41.0
"FB006784";"2026-03-24";"G05032";305;"Room Service";78.0
"FB006785";"2026-03-08";"G05035";208;"Breakfast";31.0
"FB006786";"2026-01-18";"G05037";116;"Restaurant & Bar";104.0
"FB006787";"2026-01-18";"G05037";116;"Restaurant & Bar";22.0
"FB006788";"2026-01-19";"G05037";116;"Breakfast";14.0
"FB006789";"2026-06-14";"G05038";125;"Room Service";81.0
"FB006790";"2026-01-27";"G05039";316;"Breakfast";20.0
"FB006791";"2026-01-29";"G05039";316;"Breakfast";27.0
"FB006792";"2026-03-26";"G05040";302;"Room Service";31.0
"FB006793";"2026-03-26";"G05040";302;"Restaurant & Bar";102.0
"FB006794";"2026-04-23";"G05042";402;"Room Service";37.0
"FB006795";"2026-03-22";"G05043";502;"Breakfast";34.0
"FB006796";"2026-03-21";"G05043";502;"Breakfast";17.0
"FB006797";"2026-03-22";"G05043";502;"Breakfast";24.0
"FB006798";"2026-06-11";"G05044";416;"Restaurant & Bar";105.0
"FB006799";"2026-06-12";"G05044";416;"Restaurant & Bar";114.0
"FB006800";"2026-06-12";"G05046";304;"Breakfast";11.0
"FB006801";"2026-06-08";"G05046";304;"Restaurant & Bar";93.0
"FB006802";"2026-01-18";"G05047";415;"Restaurant & Bar";83.0
"FB006803";"2026-01-17";"G05047";415;"Restaurant & Bar";53.0
"FB006804";"2026-01-15";"G05047";415;"Room Service";73.0
"FB006805";"2026-03-05";"G05048";317;"Restaurant & Bar";68.0
"FB006806";"2026-04-10";"G05053";416;"Restaurant & Bar";28.0
"FB006807";"2026-06-04";"G05056";414;"Restaurant & Bar";62.0
"FB006808";"2026-06-02";"G05056";414;"Restaurant & Bar";26.0
"FB006809";"2026-01-05";"G05058";314;"Restaurant & Bar";35.0
"FB006810";"2026-01-05";"G05058";314;"Restaurant & Bar";94.0
"FB006811";"2026-01-06";"G05058";314;"Restaurant & Bar";35.0
"FB006812";"2026-03-30";"G05059";302;"Room Service";64.0
"FB006813";"2026-04-02";"G05059";302;"Room Service";19.0
"FB006814";"2026-01-15";"G05060";504;"Restaurant & Bar";20.0
"FB006815";"2026-06-01";"G05061";521;"Restaurant & Bar";71.0
"FB006816";"2026-05-31";"G05061";521;"Restaurant & Bar";96.0
"FB006817";"2026-01-22";"G05062";505;"Restaurant & Bar";23.0
"FB006818";"2026-02-02";"G05063";331;"Breakfast";37.0
"FB006819";"2026-02-02";"G05063";331;"Breakfast";11.0
"FB006820";"2026-05-26";"G05065";126;"Restaurant & Bar";105.0
"FB006821";"2026-03-03";"G05067";111;"Restaurant & Bar";73.0
"FB006822";"2026-03-24";"G05068";125;"Restaurant & Bar";78.0
"FB006823";"2026-03-24";"G05068";125;"Restaurant & Bar";98.0
"FB006824";"2026-02-26";"G05070";409;"Restaurant & Bar";77.0
"FB006825";"2026-02-26";"G05070";409;"Restaurant & Bar";88.0
"FB006826";"2026-01-29";"G05072";504;"Breakfast";37.0
"FB006827";"2026-01-28";"G05072";504;"Room Service";34.0
"FB006828";"2026-01-28";"G05072";504;"Breakfast";20.0
"FB006829";"2026-06-14";"G05073";530;"Breakfast";20.0
"FB006830";"2026-06-12";"G05073";530;"Restaurant & Bar";30.0
"FB006831";"2026-06-20";"G05074";113;"Restaurant & Bar";47.0
"FB006832";"2026-01-13";"G05075";315;"Restaurant & Bar";48.0
"FB006833";"2026-01-13";"G05075";315;"Restaurant & Bar";81.0
"FB006834";"2026-01-13";"G05075";315;"Room Service";80.0
"FB006835";"2026-02-21";"G05076";509;"Restaurant & Bar";90.0
"FB006836";"2026-02-16";"G05076";509;"Restaurant & Bar";49.0
"FB006837";"2026-05-03";"G05077";218;"Breakfast";33.0
"FB006838";"2026-02-01";"G05078";318;"Restaurant & Bar";71.0
"FB006839";"2026-01-31";"G05078";318;"Breakfast";31.0
"FB006840";"2026-02-01";"G05078";318;"Breakfast";21.0
"FB006841";"2026-06-21";"G05079";421;"Restaurant & Bar";36.0
"FB006842";"2026-06-20";"G05079";421;"Restaurant & Bar";83.0
"FB006843";"2026-06-22";"G05079";421;"Breakfast";36.0
"FB006844";"2026-03-23";"G05080";116;"Room Service";19.0
"FB006845";"2026-04-11";"G05081";118;"Restaurant & Bar";24.0
"FB006846";"2026-06-02";"G05083";118;"Breakfast";25.0
"FB006847";"2026-06-02";"G05083";118;"Breakfast";28.0
"FB006848";"2026-06-04";"G05083";118;"Restaurant & Bar";86.0
"FB006849";"2026-04-25";"G05084";402;"Restaurant & Bar";40.0
"FB006850";"2026-04-24";"G05084";402;"Restaurant & Bar";45.0
"FB006851";"2026-04-26";"G05084";402;"Restaurant & Bar";67.0
"FB006852";"2026-04-24";"G05084";402;"Restaurant & Bar";40.0
"FB006853";"2026-06-19";"G05085";218;"Restaurant & Bar";93.0
"FB006854";"2026-06-21";"G05085";218;"Restaurant & Bar";110.0
"FB006855";"2026-01-05";"G05086";134;"Breakfast";33.0
"FB006856";"2026-01-06";"G05086";134;"Restaurant & Bar";46.0
"FB006857";"2026-01-02";"G05086";134;"Restaurant & Bar";77.0
"FB006858";"2026-01-05";"G05086";134;"Restaurant & Bar";65.0
"FB006859";"2026-01-07";"G05088";101;"Room Service";60.0
"FB006860";"2026-01-08";"G05088";101;"Room Service";42.0
"FB006861";"2026-01-10";"G05089";124;"Restaurant & Bar";63.0
"FB006862";"2026-03-10";"G05091";216;"Restaurant & Bar";59.0
"FB006863";"2026-03-09";"G05091";216;"Restaurant & Bar";85.0
"FB006864";"2026-03-12";"G05091";216;"Restaurant & Bar";113.0
"FB006865";"2026-03-12";"G05091";216;"Room Service";20.0
"FB006866";"2026-05-18";"G05092";229;"Restaurant & Bar";65.0
"FB006867";"2026-05-16";"G05092";229;"Restaurant & Bar";31.0
"FB006868";"2026-05-16";"G05092";229;"Restaurant & Bar";28.0
"FB006869";"2026-05-13";"G05093";313;"Restaurant & Bar";76.0
"FB006870";"2026-05-11";"G05093";313;"Restaurant & Bar";20.0
"FB006871";"2026-01-25";"G05094";308;"Restaurant & Bar";20.0
"FB006872";"2026-01-23";"G05094";308;"Room Service";64.0
"FB006873";"2026-06-03";"G05095";528;"Restaurant & Bar";114.0
"FB006874";"2026-06-03";"G05095";528;"Breakfast";16.0
"FB006875";"2026-03-10";"G05097";117;"Restaurant & Bar";46.0
"FB006876";"2026-03-08";"G05097";117;"Breakfast";19.0
"FB006877";"2026-03-11";"G05097";117;"Restaurant & Bar";66.0
"FB006878";"2026-04-21";"G05100";319;"Breakfast";12.0
"FB006879";"2026-03-07";"G05104";331;"Breakfast";36.0
"FB006880";"2026-05-05";"G05106";124;"Restaurant & Bar";74.0
"FB006881";"2026-05-04";"G05106";124;"Restaurant & Bar";106.0
"FB006882";"2026-05-03";"G05106";124;"Room Service";24.0
"FB006883";"2026-06-03";"G05108";211;"Breakfast";33.0
"FB006884";"2026-01-28";"G05109";306;"Room Service";38.0
"FB006885";"2026-05-07";"G05110";405;"Room Service";74.0
"FB006886";"2026-05-07";"G05110";405;"Breakfast";23.0
"FB006887";"2026-01-12";"G05111";405;"Restaurant & Bar";52.0
"FB006888";"2026-06-26";"G05112";422;"Room Service";79.0
"FB006889";"2026-06-26";"G05112";422;"Room Service";28.0
"FB006890";"2026-05-04";"G05114";109;"Room Service";18.0
"FB006891";"2026-05-08";"G05114";109;"Restaurant & Bar";112.0
"FB006892";"2026-05-05";"G05114";109;"Room Service";65.0
"FB006893";"2026-06-28";"G05115";132;"Breakfast";19.0
"FB006894";"2026-03-20";"G05116";112;"Room Service";55.0
"FB006895";"2026-06-23";"G05118";402;"Breakfast";31.0
"FB006896";"2026-03-20";"G05119";204;"Room Service";75.0
"FB006897";"2026-03-18";"G05119";204;"Restaurant & Bar";76.0
"FB006898";"2026-03-20";"G05119";204;"Restaurant & Bar";92.0
"FB006899";"2026-02-22";"G05120";503;"Room Service";33.0
"FB006900";"2026-02-24";"G05120";503;"Breakfast";16.0
"FB006901";"2026-02-24";"G05120";503;"Restaurant & Bar";32.0
"FB006902";"2026-06-03";"G05121";521;"Room Service";74.0
"FB006903";"2026-03-17";"G05122";214;"Breakfast";24.0
"FB006904";"2026-03-08";"G05124";527;"Restaurant & Bar";99.0
"FB006905";"2026-03-07";"G05125";223;"Restaurant & Bar";97.0
"FB006906";"2026-06-06";"G05127";210;"Restaurant & Bar";107.0
"FB006907";"2026-06-06";"G05127";210;"Restaurant & Bar";104.0
"FB006908";"2026-06-05";"G05127";210;"Room Service";46.0
"FB006909";"2026-04-05";"G05128";417;"Restaurant & Bar";38.0
"FB006910";"2026-04-06";"G05128";417;"Restaurant & Bar";85.0
"FB006911";"2026-01-01";"G05129";507;"Restaurant & Bar";95.0
"FB006912";"2026-01-10";"G05131";122;"Breakfast";14.0
"FB006913";"2026-01-13";"G05131";122;"Restaurant & Bar";41.0
"FB006914";"2026-01-10";"G05131";122;"Breakfast";36.0
"FB006915";"2026-05-13";"G05132";401;"Restaurant & Bar";104.0
"FB006916";"2026-05-12";"G05132";401;"Restaurant & Bar";58.0
"FB006917";"2026-01-24";"G05134";128;"Breakfast";26.0
"FB006918";"2026-01-23";"G05134";128;"Restaurant & Bar";32.0
"FB006919";"2026-01-23";"G05134";128;"Breakfast";15.0
"FB006920";"2026-04-15";"G05136";209;"Breakfast";19.0
"FB006921";"2026-04-12";"G05136";209;"Restaurant & Bar";84.0
"FB006922";"2026-05-30";"G05137";513;"Room Service";62.0
"FB006923";"2026-05-26";"G05137";513;"Breakfast";32.0
"FB006924";"2026-05-12";"G05138";317;"Room Service";76.0
"FB006925";"2026-05-11";"G05138";317;"Restaurant & Bar";25.0
"FB006926";"2026-05-11";"G05138";317;"Restaurant & Bar";67.0
"FB006927";"2026-03-16";"G05140";320;"Restaurant & Bar";23.0
"FB006928";"2026-03-16";"G05140";320;"Restaurant & Bar";53.0
"FB006929";"2026-03-16";"G05140";320;"Room Service";72.0
"FB006930";"2026-06-06";"G05141";517;"Breakfast";13.0
"FB006931";"2026-06-07";"G05141";517;"Breakfast";18.0
"FB006932";"2026-06-07";"G05141";517;"Restaurant & Bar";95.0
"FB006933";"2026-06-03";"G05141";517;"Room Service";20.0
"FB006934";"2026-02-03";"G05142";513;"Breakfast";13.0
"FB006935";"2026-02-09";"G05143";417;"Breakfast";11.0
"FB006936";"2026-02-10";"G05143";417;"Restaurant & Bar";87.0
"FB006937";"2026-02-08";"G05143";417;"Room Service";72.0
"FB006938";"2026-01-22";"G05144";125;"Room Service";74.0
"FB006939";"2026-01-21";"G05144";125;"Restaurant & Bar";70.0
"FB006940";"2026-05-17";"G05145";501;"Breakfast";23.0
"FB006941";"2026-05-17";"G05145";501;"Breakfast";22.0
"FB006942";"2026-05-16";"G05145";501;"Restaurant & Bar";35.0
"FB006943";"2026-01-03";"G05146";221;"Restaurant & Bar";71.0
"FB006944";"2026-01-03";"G05146";221;"Room Service";61.0
"FB006945";"2026-01-02";"G05146";221;"Restaurant & Bar";100.0
"FB006946";"2026-01-03";"G05146";221;"Breakfast";25.0
"FB006947";"2026-04-29";"G05149";120;"Breakfast";25.0
"FB006948";"2026-04-28";"G05149";120;"Breakfast";35.0
"FB006949";"2026-04-09";"G05151";226;"Room Service";24.0
"FB006950";"2026-04-10";"G05151";226;"Breakfast";25.0
"FB006951";"2026-04-10";"G05151";226;"Restaurant & Bar";102.0
"FB006952";"2026-04-09";"G05151";226;"Restaurant & Bar";36.0
"FB006953";"2026-04-09";"G05151";226;"Restaurant & Bar";24.0
"FB006954";"2026-06-07";"G05153";103;"Restaurant & Bar";93.0
"FB006955";"2026-04-28";"G05155";112;"Restaurant & Bar";21.0
"FB006956";"2026-04-27";"G05155";112;"Breakfast";27.0
"FB006957";"2026-04-28";"G05155";112;"Restaurant & Bar";83.0
"FB006958";"2026-04-26";"G05155";112;"Restaurant & Bar";50.0
"FB006959";"2026-04-27";"G05155";112;"Breakfast";25.0
"FB006960";"2026-03-14";"G05156";110;"Breakfast";15.0
"FB006961";"2026-03-14";"G05156";110;"Room Service";59.0
"FB006962";"2026-04-05";"G05157";433;"Restaurant & Bar";33.0
"FB006963";"2026-04-12";"G05158";211;"Breakfast";34.0
"FB006964";"2026-04-06";"G05159";310;"Breakfast";27.0
"FB006965";"2026-04-08";"G05159";310;"Breakfast";29.0
"FB006966";"2026-04-06";"G05159";310;"Breakfast";15.0
"FB006967";"2026-03-25";"G05163";206;"Restaurant & Bar";27.0
"FB006968";"2026-03-24";"G05163";206;"Restaurant & Bar";96.0
"FB006969";"2026-03-24";"G05163";206;"Breakfast";25.0
"FB006970";"2026-03-26";"G05163";206;"Restaurant & Bar";111.0
"FB006971";"2026-02-27";"G05165";326;"Restaurant & Bar";34.0
"FB006972";"2026-02-27";"G05165";326;"Breakfast";35.0
"FB006973";"2026-02-27";"G05165";326;"Restaurant & Bar";68.0
"FB006974";"2026-02-27";"G05165";326;"Restaurant & Bar";65.0
"FB006975";"2026-02-26";"G05165";326;"Restaurant & Bar";81.0
"FB006976";"2026-01-03";"G05169";401;"Restaurant & Bar";94.0
"FB006977";"2026-01-02";"G05169";401;"Restaurant & Bar";86.0
"FB006978";"2026-01-04";"G05169";401;"Room Service";28.0
"FB006979";"2026-01-09";"G05170";517;"Breakfast";24.0
"FB006980";"2026-01-10";"G05170";517;"Breakfast";36.0
"FB006981";"2026-06-06";"G05171";529;"Room Service";67.0
"FB006982";"2026-06-05";"G05171";529;"Breakfast";18.0
"FB006983";"2026-06-03";"G05171";529;"Room Service";45.0
"FB006984";"2026-06-06";"G05171";529;"Restaurant & Bar";33.0
"FB006985";"2026-04-24";"G05173";223;"Restaurant & Bar";71.0
"FB006986";"2026-04-25";"G05173";223;"Restaurant & Bar";77.0
"FB006987";"2026-04-05";"G05174";410;"Restaurant & Bar";19.0
"FB006988";"2026-05-15";"G05176";432;"Restaurant & Bar";29.0
"FB006989";"2026-05-15";"G05176";432;"Breakfast";22.0
"FB006990";"2026-05-16";"G05176";432;"Restaurant & Bar";28.0
"FB006991";"2026-04-07";"G05178";534;"Restaurant & Bar";55.0
"FB006992";"2026-04-06";"G05178";534;"Room Service";71.0
"FB006993";"2026-04-07";"G05178";534;"Restaurant & Bar";42.0
"FB006994";"2026-04-06";"G05178";534;"Breakfast";37.0
"FB006995";"2026-05-03";"G05179";327;"Room Service";27.0
"FB006996";"2026-05-02";"G05179";327;"Room Service";19.0
"FB006997";"2026-05-01";"G05179";327;"Restaurant & Bar";38.0
"FB006998";"2026-04-01";"G05181";312;"Restaurant & Bar";109.0
"FB006999";"2026-04-01";"G05181";312;"Room Service";77.0
"FB007000";"2026-02-22";"G05182";226;"Breakfast";30.0
"FB007001";"2026-02-22";"G05182";226;"Restaurant & Bar";66.0
"FB007002";"2026-05-26";"G05183";502;"Room Service";46.0
"FB007003";"2026-05-06";"G05186";512;"Restaurant & Bar";28.0
"FB007004";"2026-05-07";"G05186";512;"Breakfast";23.0
"FB007005";"2026-05-07";"G05186";512;"Breakfast";31.0
"FB007006";"2026-02-19";"G05187";532;"Room Service";23.0
"FB007007";"2026-02-20";"G05187";532;"Breakfast";20.0
"FB007008";"2026-02-19";"G05187";532;"Room Service";66.0
"FB007009";"2026-02-19";"G05187";532;"Breakfast";28.0
"FB007010";"2026-02-21";"G05187";532;"Restaurant & Bar";57.0
"FB007011";"2026-05-29";"G05189";209;"Breakfast";37.0
"FB007012";"2026-05-29";"G05189";209;"Breakfast";18.0
"FB007013";"2026-05-30";"G05189";209;"Restaurant & Bar";39.0
"FB007014";"2026-05-30";"G05189";209;"Restaurant & Bar";36.0
"FB007015";"2026-02-15";"G05190";209;"Breakfast";29.0
"FB007016";"2026-02-15";"G05190";209;"Restaurant & Bar";59.0
"FB007017";"2026-02-16";"G05190";209;"Room Service";78.0
"FB007018";"2026-01-28";"G05191";531;"Restaurant & Bar";114.0
"FB007019";"2026-01-29";"G05191";531;"Room Service";50.0
"FB007020";"2026-01-29";"G05191";531;"Room Service";65.0
"FB007021";"2026-03-01";"G05192";502;"Restaurant & Bar";69.0
"FB007022";"2026-02-27";"G05192";502;"Breakfast";12.0
"FB007023";"2026-03-19";"G05193";423;"Breakfast";19.0
"FB007024";"2026-03-19";"G05193";423;"Breakfast";16.0
"FB007025";"2026-05-23";"G05196";133;"Breakfast";20.0
"FB007026";"2026-05-22";"G05196";133;"Restaurant & Bar";61.0
"FB007027";"2026-05-22";"G05196";133;"Breakfast";21.0
"FB007028";"2026-05-19";"G05198";131;"Restaurant & Bar";89.0
"FB007029";"2026-01-29";"G05199";109;"Breakfast";27.0
"FB007030";"2026-01-29";"G05199";109;"Room Service";26.0
"FB007031";"2026-01-29";"G05199";109;"Breakfast";12.0
"FB007032";"2026-01-28";"G05199";109;"Restaurant & Bar";32.0
"FB007033";"2026-06-13";"G05200";126;"Breakfast";35.0
"FB007034";"2026-06-17";"G05200";126;"Room Service";28.0
"FB007035";"2026-06-17";"G05200";126;"Restaurant & Bar";26.0
"FB007036";"2026-06-02";"G05201";202;"Restaurant & Bar";61.0
"FB007037";"2026-05-26";"G05202";126;"Restaurant & Bar";76.0
"FB007038";"2026-05-26";"G05202";126;"Restaurant & Bar";56.0
"FB007039";"2026-05-29";"G05204";308;"Restaurant & Bar";69.0
"FB007040";"2026-03-18";"G05207";302;"Breakfast";37.0
"FB007041";"2026-03-16";"G05207";302;"Restaurant & Bar";100.0
"FB007042";"2026-03-18";"G05207";302;"Breakfast";31.0
"FB007043";"2026-01-26";"G05208";526;"Room Service";68.0
"FB007044";"2026-04-09";"G05209";321;"Room Service";40.0
"FB007045";"2026-04-10";"G05209";321;"Restaurant & Bar";92.0
"FB007046";"2026-02-26";"G05210";509;"Room Service";33.0
"FB007047";"2026-02-26";"G05210";509;"Restaurant & Bar";87.0
"FB007048";"2026-02-25";"G05210";509;"Room Service";77.0
"FB007049";"2026-02-27";"G05210";509;"Restaurant & Bar";72.0
"FB007050";"2026-04-29";"G05211";221;"Restaurant & Bar";89.0
"FB007051";"2026-04-29";"G05211";221;"Restaurant & Bar";88.0
"FB007052";"2026-03-27";"G05212";215;"Restaurant & Bar";62.0
"FB007053";"2026-03-27";"G05212";215;"Breakfast";32.0
"FB007054";"2026-03-25";"G05212";215;"Room Service";28.0
"FB007055";"2026-03-26";"G05212";215;"Breakfast";29.0
"FB007056";"2026-03-26";"G05212";215;"Restaurant & Bar";63.0
"FB007057";"2026-03-06";"G05214";310;"Room Service";54.0
"FB007058";"2026-03-06";"G05214";310;"Restaurant & Bar";109.0
"FB007059";"2026-01-23";"G05216";529;"Breakfast";27.0
"FB007060";"2026-01-25";"G05216";529;"Restaurant & Bar";80.0
"FB007061";"2026-02-04";"G05217";119;"Room Service";30.0
"FB007062";"2026-02-04";"G05217";119;"Breakfast";30.0
"FB007063";"2026-05-28";"G05218";422;"Breakfast";20.0
"FB007064";"2026-05-31";"G05218";422;"Breakfast";29.0
"FB007065";"2026-04-08";"G05219";532;"Breakfast";38.0
"FB007066";"2026-04-08";"G05219";532;"Room Service";71.0
"FB007067";"2026-04-08";"G05219";532;"Restaurant & Bar";41.0
"FB007068";"2026-04-10";"G05219";532;"Breakfast";21.0
"FB007069";"2026-04-10";"G05219";532;"Restaurant & Bar";74.0
"FB007070";"2026-01-07";"G05220";332;"Breakfast";34.0
"FB007071";"2026-01-07";"G05220";332;"Restaurant & Bar";49.0
"FB007072";"2026-04-03";"G05221";203;"Restaurant & Bar";77.0
"FB007073";"2026-03-06";"G05225";121;"Restaurant & Bar";66.0
"FB007074";"2026-03-08";"G05225";121;"Restaurant & Bar";66.0
"FB007075";"2026-03-08";"G05225";121;"Restaurant & Bar";65.0
"FB007076";"2026-05-26";"G05227";209;"Breakfast";28.0
"FB007077";"2026-03-27";"G05228";411;"Breakfast";10.0
"FB007078";"2026-03-28";"G05228";411;"Restaurant & Bar";44.0
"FB007079";"2026-03-30";"G05228";411;"Restaurant & Bar";53.0
"FB007080";"2026-04-11";"G05229";501;"Breakfast";30.0
"FB007081";"2026-04-12";"G05229";501;"Breakfast";38.0
"FB007082";"2026-04-10";"G05229";501;"Room Service";30.0
"FB007083";"2026-01-24";"G05231";433;"Breakfast";30.0
"FB007084";"2026-01-26";"G05231";433;"Breakfast";29.0
"FB007085";"2026-03-29";"G05232";129;"Restaurant & Bar";112.0
"FB007086";"2026-03-28";"G05232";129;"Room Service";81.0
"FB007087";"2026-01-28";"G05233";423;"Restaurant & Bar";31.0
"FB007088";"2026-03-26";"G05234";523;"Restaurant & Bar";41.0
"FB007089";"2026-03-24";"G05236";319;"Restaurant & Bar";100.0
"FB007090";"2026-03-24";"G05236";319;"Restaurant & Bar";25.0
"FB007091";"2026-03-24";"G05236";319;"Restaurant & Bar";50.0
"FB007092";"2026-03-23";"G05236";319;"Restaurant & Bar";25.0
"FB007093";"2026-04-07";"G05237";132;"Room Service";30.0
"FB007094";"2026-04-08";"G05237";132;"Room Service";32.0
"FB007095";"2026-02-23";"G05238";227;"Breakfast";30.0
"FB007096";"2026-02-23";"G05238";227;"Breakfast";36.0
"FB007097";"2026-02-20";"G05238";227;"Room Service";46.0
"FB007098";"2026-02-20";"G05238";227;"Restaurant & Bar";83.0
"FB007099";"2026-04-28";"G05242";221;"Room Service";63.0
"FB007100";"2026-05-01";"G05242";221;"Restaurant & Bar";60.0
"FB007101";"2026-04-29";"G05242";221;"Breakfast";22.0
"FB007102";"2026-04-28";"G05242";221;"Restaurant & Bar";103.0
"FB007103";"2026-05-01";"G05242";221;"Breakfast";19.0
"FB007104";"2026-02-25";"G05243";501;"Restaurant & Bar";68.0
"FB007105";"2026-02-26";"G05243";501;"Room Service";84.0
"FB007106";"2026-04-18";"G05244";506;"Restaurant & Bar";74.0
"FB007107";"2026-04-20";"G05244";506;"Breakfast";26.0
"FB007108";"2026-04-20";"G05244";506;"Restaurant & Bar";63.0
"FB007109";"2026-04-21";"G05245";523;"Restaurant & Bar";52.0
"FB007110";"2026-04-23";"G05245";523;"Restaurant & Bar";51.0
"FB007111";"2026-04-23";"G05245";523;"Breakfast";16.0
"FB007112";"2026-04-24";"G05246";421;"Room Service";77.0
"FB007113";"2026-03-21";"G05247";221;"Breakfast";23.0
"FB007114";"2026-03-20";"G05247";221;"Room Service";30.0
"FB007115";"2026-03-20";"G05247";221;"Breakfast";28.0
"FB007116";"2026-03-30";"G05249";208;"Room Service";77.0
"FB007117";"2026-03-31";"G05249";208;"Restaurant & Bar";51.0
"FB007118";"2026-03-29";"G05249";208;"Room Service";56.0
