"guest_id";"guest_name";"country";"room_number";"credit_limit";"current_balance";"checkin_date";"checkout_date"
"G00001";"King Mitchell";"USA";307;0.0;77.83;"2026-06-18";"2026-06-21"
"G00002";"Mitchell Mitchell";"UK";102;150.0;45.74;"2026-01-29";"2026-01-31"
"G00003";"Ahmed Taylor";"UK";530;100.0;76.45;"2026-02-14";"2026-02-17"
"G00004";"Lee Davis";"UK";405;200.0;135.14;"2026-01-11";"2026-01-17"
"G00005";"Williams Boateng";"Spain";325;200.0;126.03;"2026-04-09";"2026-04-10"
"G00006";"Ahmed Nwosu";"UK";322;50.0;56.45;"2026-06-28";"2026-06-30"
"G00007";"Cook Wright";"UK";106;200.0;128.6;"2026-06-16";"2026-06-17"
"G00008";"Walker Martinez";"France";511;0.0;77.91;"2026-02-07";"2026-02-11"
"G00009";"Collins Nelson";"Ghana";104;100.0;48.41;"2026-01-14";"2026-01-19"
"G00010";"Okafor Shah";"UK";229;100.0;33.35;"2026-05-25";"2026-05-26"
"G00011";"Khan Perez";"UK";323;50.0;17.89;"2026-03-09";"2026-03-11"
"G00012";"Turner Scott";"USA";306;100.0;100.2;"2026-05-11";"2026-05-16"
"G00013";"Campbell Thompson";"USA";216;150.0;77.94;"2026-03-15";"2026-03-16"
"G00014";"Perez Rahman";"South Korea";534;50.0;38.96;"2026-04-30";"2026-05-05"
"G00015";"Brown Davis";"UK";428;0.0;0.0;"2026-04-17";"2026-04-21"
"G00016";"Green Jones";"UK";501;200.0;179.71;"2026-03-22";"2026-03-27"
"G00017";"Patel Baker";"USA";330;200.0;17.8;"2026-02-21";"2026-02-24"
"G00018";"Smith Nwosu";"USA";502;100.0;84.52;"2026-01-21";"2026-01-24"
"G00019";"Anderson Scott";"USA";232;200.0;200.73;"2026-04-24";"2026-05-01"
"G00020";"Adams Rahman";"Spain";327;200.0;48.37;"2026-02-28";"2026-03-04"
"G00021";"Smith Martinez";"UK";419;100.0;73.16;"2026-02-06";"2026-02-07"
"G00022";"Bailey Boateng";"Nigeria";132;100.0;18.02;"2026-02-28";"2026-03-03"
"G00023";"Patel Hall";"South Korea";102;200.0;98.05;"2026-02-23";"2026-02-25"
"G00024";"Martin Shah";"UK";226;200.0;91.42;"2026-05-31";"2026-06-01"
"G00025";"Martin Turner";"USA";304;50.0;33.1;"2026-06-13";"2026-06-15"
"G00026";"Taylor Shah";"USA";516;150.0;76.13;"2026-05-08";"2026-05-10"
"G00027";"Hall Adams";"Ireland";428;100.0;55.6;"2026-01-30";"2026-01-31"
"G00028";"Parker Reid";"USA";433;100.0;9.16;"2026-04-18";"2026-04-19"
"G00029";"Hall King";"Netherlands";214;0.0;0.0;"2026-03-31";"2026-04-02"
"G00030";"Perez Reid";"USA";432;200.0;155.24;"2026-05-10";"2026-05-12"
"G00031";"Ali Wright";"UK";509;50.0;18.23;"2026-01-01";"2026-01-05"
"G00032";"Bailey Shah";"UK";413;50.0;40.78;"2026-05-05";"2026-05-07"
"G00033";"Ali Ahmed";"Italy";210;200.0;11.7;"2026-06-21";"2026-06-24"
"G00034";"Adams Ahmed";"Netherlands";332;0.0;0.0;"2026-05-06";"2026-05-08"
"G00035";"King Nelson";"South Korea";104;100.0;50.53;"2026-03-24";"2026-03-26"
"G00036";"Evans Carter";"USA";329;0.0;66.27;"2026-06-13";"2026-06-15"
"G00037";"Wilson Roberts";"UK";121;200.0;193.21;"2026-02-21";"2026-02-23"
"G00040";"Bell Martinez";"Ireland";405;100.0;94.08;"2026-05-17";"2026-05-23"
"G00041";"Walker Phillips";"France";530;150.0;173.25;"2026-06-09";"2026-06-13"
"G00042";"Phillips Nwosu";"UK";314;50.0;28.29;"2026-04-05";"2026-04-07"
"G00043";"Walker Ahmed";"USA";104;100.0;73.56;"2026-01-03";"2026-01-07"
"G00044";"Morgan White";"UK";420;150.0;41.0;"2026-05-28";"2026-05-30"
"G00045";"Young Reid";"UK";412;100.0;52.37;"2026-06-23";"2026-06-24"
"G00046";"Perez White";"UK";217;100.0;100.96;"2026-04-03";"2026-04-05"
"G00047";"Anderson Roberts";"UK";216;200.0;52.25;"2026-06-11";"2026-06-16"
"G00048";"Stewart White";"USA";131;200.0;139.64;"2026-02-12";"2026-02-15"
"G00049";"Smith Rahman";"USA";232;150.0;113.64;"2026-01-17";"2026-01-20"
"G00050";"Murphy Young";"Canada";216;100.0;35.62;"2026-06-24";"2026-06-27"
"G00051";"Morgan Ahmed";"UK";221;50.0;40.24;"2026-06-18";"2026-06-20"
"G00052";"Bell Lewis";"Spain";227;0.0;0.0;"2026-04-24";"2026-04-25"
"G00053";"Williams Nelson";"Ghana";210;100.0;57.18;"2026-02-12";"2026-02-16"
"G00054";"Williams Evans";"Ireland";125;50.0;12.5;"2026-04-17";"2026-04-20"
"G00055";"Wilson Scott";"Netherlands";530;100.0;10.6;"2026-01-09";"2026-01-13"
"G00056";"Cooper Martinez";"South Korea";227;150.0;125.91;"2026-04-15";"2026-04-20"
"G00057";"Okafor Turner";"UK";315;200.0;52.3;"2026-04-14";"2026-04-16"
"G00058";"Bell Phillips";"UK";502;100.0;74.45;"2026-04-08";"2026-04-09"
"G00059";"Morris Shah";"Germany";505;100.0;77.73;"2026-02-15";"2026-02-18"
"G00060";"Hall Reid";"Nigeria";424;100.0;113.1;"2026-01-29";"2026-01-31"
"G00061";"Nelson King";"UK";327;50.0;2.19;"2026-01-19";"2026-01-20"
"G00062";"Green Nelson";"USA";405;0.0;0.0;"2026-03-03";"2026-03-05"
"G00063";"Brown Jones";"Italy";230;0.0;0.0;"2026-06-20";"2026-06-25"
"G00064";"Green Harris";"Nigeria";114;50.0;45.06;"2026-04-04";"2026-04-09"
"G00065";"Okafor Taylor";"Spain";405;0.0;0.0;"2026-03-30";"2026-04-02"
"G00066";"Morris Thompson";"UK";128;0.0;61.89;"2026-04-11";"2026-04-13"
"G00067";"Johnson Carter";"UK";131;100.0;69.72;"2026-02-28";"2026-03-02"
"G00068";"Carter Martinez";"UK";530;100.0;71.01;"2026-03-20";"2026-03-23"
"G00069";"Bell Ahmed";"UK";510;0.0;0.0;"2026-03-06";"2026-03-09"
"G00070";"King Kim";"USA";415;150.0;125.87;"2026-03-07";"2026-03-12"
"G00071";"Cook Scott";"UK";519;150.0;138.47;"2026-01-21";"2026-01-22"
"G00072";"Khan Hall";"UK";411;150.0;163.5;"2026-04-11";"2026-04-13"
"G00073";"Ahmed Hussain";"UK";412;50.0;0.75;"2026-06-06";"2026-06-10"
"G00075";"Wright Kim";"Canada";303;100.0;100.25;"2026-02-17";"2026-02-18"
"G00076";"Bailey Lewis";"Nigeria";318;0.0;0.0;"2026-02-06";"2026-02-12"
"G00077";"Stewart Nelson";"USA";511;100.0;21.99;"2026-04-08";"2026-04-09"
"G00078";"Evans Ahmed";"UK";226;0.0;0.0;"2026-06-21";"2026-06-22"
"G00079";"Taylor Nelson";"UK";531;200.0;60.39;"2026-01-09";"2026-01-11"
"G00080";"Young Kim";"France";403;50.0;13.26;"2026-04-28";"2026-05-03"
"G00081";"Patel Taylor";"UK";517;100.0;31.91;"2026-01-28";"2026-01-30"
"G00082";"Garcia Nelson";"UK";418;100.0;76.86;"2026-04-25";"2026-04-27"
"G00083";"Hall Jones";"Ghana";405;0.0;0.0;"2026-01-25";"2026-01-27"
"G00084";"Ali Perez";"UK";430;150.0;37.41;"2026-06-07";"2026-06-09"
"G00085";"Martin Campbell";"UK";120;0.0;0.0;"2026-03-30";"2026-04-01"
"G00086";"Patel Wright";"UK";120;200.0;212.86;"2026-06-08";"2026-06-11"
"G00087";"Thomas Parker";"UK";433;100.0;74.57;"2026-03-20";"2026-03-23"
"G00088";"Wright Hussain";"USA";220;200.0;156.45;"2026-06-06";"2026-06-08"
"G00089";"Nelson Boateng";"Germany";332;200.0;104.14;"2026-01-31";"2026-02-02"
"G00090";"Garcia King";"South Korea";321;50.0;18.31;"2026-06-04";"2026-06-07"
"G00091";"Cooper Mitchell";"Netherlands";210;100.0;81.06;"2026-01-24";"2026-01-28"
"G00092";"Thomas Davis";"Spain";120;0.0;0.0;"2026-04-06";"2026-04-09"
"G00093";"Anderson Turner";"UK";103;100.0;108.78;"2026-04-04";"2026-04-06"
"G00094";"Lee Shah";"Ireland";526;200.0;124.37;"2026-05-30";"2026-06-03"
"G00095";"Roberts Wright";"UK";527;0.0;85.94;"2026-05-09";"2026-05-10"
"G00096";"Williams Nwosu";"South Korea";431;0.0;0.0;"2026-03-09";"2026-03-11"
"G00097";"Phillips Bernard";"USA";102;100.0;50.93;"2026-06-26";"2026-06-29"
"G00098";"Green Martinez";"Italy";232;0.0;0.0;"2026-01-10";"2026-01-15"
"G00099";"Turner Scott";"UK";530;150.0;121.48;"2026-03-29";"2026-04-05"
"G00100";"Bell Adams";"UK";329;100.0;17.12;"2026-05-12";"2026-05-19"
"G00101";"Khan Walker";"UK";427;100.0;106.87;"2026-01-21";"2026-01-26"
"G00102";"Edwards Baker";"UK";503;100.0;8.9;"2026-05-08";"2026-05-12"
"G00103";"Wright Moore";"Germany";423;150.0;132.37;"2026-03-18";"2026-03-20"
"G00104";"Stewart Scott";"Ghana";402;150.0;116.16;"2026-05-14";"2026-05-18"
"G00105";"Perez Moore";"Spain";533;150.0;148.94;"2026-06-13";"2026-06-14"
"G00106";"Martin Boateng";"USA";305;0.0;0.0;"2026-06-24";"2026-06-30"
"G00107";"Rogers Lewis";"Germany";325;100.0;114.7;"2026-02-09";"2026-02-12"
"G00108";"Khan Campbell";"Spain";333;0.0;0.0;"2026-04-30";"2026-05-01"
"G00109";"Khan Taylor";"USA";431;200.0;112.65;"2026-01-28";"2026-01-31"
"G00110";"Wright Nelson";"UK";129;0.0;0.0;"2026-05-18";"2026-05-19"
"G00111";"Wilson Martinez";"Ireland";320;50.0;27.98;"2026-03-24";"2026-03-25"
"G00112";"Miller Nwosu";"Canada";502;150.0;22.47;"2026-01-28";"2026-01-29"
"G00113";"Edwards Lewis";"Nigeria";421;100.0;80.44;"2026-06-19";"2026-06-20"
"G00114";"Wright Hall";"UK";128;150.0;160.24;"2026-02-19";"2026-02-20"
"G00115";"Evans Green";"Spain";114;100.0;14.37;"2026-01-10";"2026-01-13"
"G00116";"Taylor Wright";"USA";428;100.0;22.22;"2026-01-18";"2026-01-22"
"G00117";"Walker Harris";"Ireland";231;50.0;47.65;"2026-01-06";"2026-01-08"
"G00118";"Stewart Nwosu";"France";316;150.0;164.3;"2026-06-24";"2026-06-29"
"G00119";"Brown Lewis";"Nigeria";328;150.0;6.89;"2026-01-08";"2026-01-11"
"G00120";"Carter Moore";"UK";127;100.0;113.11;"2026-06-23";"2026-06-25"
"G00121";"Mitchell Walker";"UK";526;200.0;197.74;"2026-06-24";"2026-06-29"
"G00122";"Ahmed Mitchell";"UK";101;100.0;87.25;"2026-05-04";"2026-05-05"
"G00123";"Adams Phillips";"USA";328;50.0;33.63;"2026-06-24";"2026-06-25"
"G00124";"Cook Phillips";"UK";504;200.0;140.38;"2026-05-26";"2026-05-27"
"G00125";"Carter Bernard";"France";214;50.0;10.99;"2026-04-22";"2026-04-26"
"G00126";"Collins Phillips";"Nigeria";414;100.0;7.98;"2026-05-06";"2026-05-09"
"G00127";"Perez Wright";"UK";415;150.0;167.9;"2026-06-23";"2026-06-24"
"G00128";"King Harris";"UK";207;200.0;207.27;"2026-05-22";"2026-05-26"
"G00129";"Baker Carter";"Spain";530;100.0;79.56;"2026-04-14";"2026-04-18"
"G00130";"Morris Green";"France";104;150.0;105.51;"2026-06-24";"2026-06-27"
"G00131";"Lee Hall";"Ireland";226;200.0;32.02;"2026-03-07";"2026-03-08"
"G00132";"Stewart Evans";"Canada";306;50.0;56.49;"2026-01-27";"2026-01-30"
"G00133";"Adebayo Ahmed";"USA";228;100.0;69.53;"2026-02-11";"2026-02-14"
"G00134";"Patel Adams";"France";531;0.0;0.0;"2026-03-29";"2026-03-31"
"G00135";"Brown Evans";"Germany";315;0.0;0.0;"2026-02-16";"2026-02-18"
"G00136";"Bailey Jones";"Nigeria";501;150.0;5.8;"2026-06-12";"2026-06-13"
"G00137";"Edwards King";"UK";107;200.0;183.09;"2026-02-12";"2026-02-14"
"G00138";"Mensah Taylor";"UK";301;200.0;169.55;"2026-04-13";"2026-04-15"
"G00139";"Mensah Harris";"Germany";416;200.0;223.79;"2026-05-12";"2026-05-14"
"G00140";"Williams Perez";"Nigeria";224;200.0;13.28;"2026-01-09";"2026-01-14"
"G00141";"Young Nwosu";"Spain";307;100.0;105.16;"2026-02-22";"2026-02-24"
"G00142";"Ali Phillips";"UK";107;150.0;143.27;"2026-05-02";"2026-05-03"
"G00143";"Williams Jones";"France";122;150.0;127.88;"2026-06-28";"2026-06-29"
"G00144";"Thomas Rahman";"UK";307;150.0;70.72;"2026-05-13";"2026-05-14"
"G00145";"Phillips Evans";"UK";234;150.0;13.79;"2026-01-25";"2026-01-29"
"G00146";"Murphy Jones";"Ireland";214;0.0;0.0;"2026-05-11";"2026-05-15"
"G00147";"Campbell Jones";"France";416;200.0;144.57;"2026-03-11";"2026-03-17"
"G00148";"Young Green";"UK";114;100.0;47.99;"2026-01-22";"2026-01-24"
"G00149";"Ali Phillips";"UK";530;100.0;96.25;"2026-03-16";"2026-03-19"
"G00150";"Davies Baker";"UK";232;0.0;0.0;"2026-01-02";"2026-01-04"
"G00151";"Lee Adams";"Germany";133;150.0;153.53;"2026-01-11";"2026-01-14"
"G00152";"Walker Thompson";"Nigeria";420;200.0;62.63;"2026-04-11";"2026-04-14"
"G00153";"Morgan Green";"Ireland";325;0.0;49.96;"2026-01-19";"2026-01-20"
"G00154";"Murphy Hall";"France";425;150.0;47.08;"2026-02-22";"2026-02-25"
"G00155";"Carter Perez";"Canada";225;100.0;6.99;"2026-01-31";"2026-02-02"
"G00156";"Patel Phillips";"UK";221;150.0;102.01;"2026-05-02";"2026-05-03"
"G00157";"King Baker";"Germany";328;200.0;191.63;"2026-02-03";"2026-02-05"
"G00158";"Edwards Moore";"Spain";214;200.0;135.12;"2026-03-06";"2026-03-07"
"G00159";"Phillips Shah";"Spain";503;0.0;0.0;"2026-04-14";"2026-04-16"
"G00160";"Smith Green";"USA";423;200.0;227.81;"2026-04-20";"2026-04-23"
"G00161";"Patel Murphy";"UK";107;0.0;0.0;"2026-04-13";"2026-04-18"
"G00162";"Turner Murphy";"UK";234;200.0;6.61;"2026-04-15";"2026-04-17"
"G00163";"Clark Adeyemi";"UK";417;100.0;53.6;"2026-03-11";"2026-03-13"
"G00164";"Hall Rahman";"France";203;200.0;205.6;"2026-05-05";"2026-05-08"
"G00165";"Phillips Hussain";"Spain";103;200.0;221.67;"2026-04-12";"2026-04-13"
"G00167";"Mitchell Murphy";"USA";431;200.0;80.22;"2026-05-24";"2026-05-27"
"G00168";"Turner Evans";"Nigeria";419;50.0;6.49;"2026-05-14";"2026-05-17"
"G00169";"Wilson Harris";"UK";419;0.0;11.29;"2026-04-02";"2026-04-03"
"G00170";"Baker Thompson";"USA";205;100.0;47.33;"2026-01-29";"2026-01-31"
"G00171";"Young Murphy";"UK";504;150.0;37.62;"2026-04-25";"2026-04-28"
"G00172";"Brown Perez";"UK";312;200.0;201.7;"2026-04-04";"2026-04-06"
"G00174";"Smith Green";"Ghana";312;150.0;149.16;"2026-03-11";"2026-03-18"
"G00175";"Davies Harris";"UK";527;150.0;158.0;"2026-03-29";"2026-04-03"
"G00176";"Walker Carter";"France";533;200.0;41.49;"2026-02-12";"2026-02-19"
"G00177";"Martin Davis";"France";403;100.0;98.22;"2026-03-17";"2026-03-20"
"G00178";"Stewart Evans";"UK";324;0.0;0.0;"2026-06-09";"2026-06-10"
"G00179";"Brown Shah";"USA";317;100.0;13.29;"2026-02-13";"2026-02-15"
"G00180";"Johnson Carter";"UK";411;100.0;40.3;"2026-03-02";"2026-03-05"
"G00181";"Campbell Walker";"Ghana";330;50.0;39.98;"2026-04-19";"2026-04-23"
"G00182";"Miller Mitchell";"UK";533;0.0;0.0;"2026-03-08";"2026-03-09"
"G00183";"Mensah Kim";"Canada";102;0.0;0.0;"2026-02-02";"2026-02-05"
"G00184";"Bell Adams";"UK";419;0.0;0.0;"2026-02-13";"2026-02-14"
"G00185";"Mitchell White";"USA";412;200.0;125.45;"2026-06-29";"2026-06-30"
"G00186";"Morgan Carter";"Italy";118;100.0;49.79;"2026-03-21";"2026-03-25"
"G00187";"Bell Scott";"Italy";510;200.0;19.17;"2026-06-12";"2026-06-17"
"G00188";"Mensah Wilson";"UK";231;200.0;72.75;"2026-03-10";"2026-03-11"
"G00189";"King Adeyemi";"UK";421;0.0;0.0;"2026-06-19";"2026-06-23"
"G00190";"Ahmed Hussain";"France";108;150.0;14.57;"2026-06-23";"2026-06-26"
"G00191";"Ahmed Adams";"UK";409;200.0;97.51;"2026-02-28";"2026-03-03"
"G00192";"Morgan Wright";"Spain";421;200.0;70.69;"2026-04-27";"2026-04-28"
"G00193";"Patel Baker";"Germany";234;200.0;123.6;"2026-03-24";"2026-03-27"
"G00194";"Rogers Bernard";"Ghana";401;150.0;138.14;"2026-02-04";"2026-02-07"
"G00195";"Williams Boateng";"Nigeria";309;150.0;174.81;"2026-05-16";"2026-05-17"
"G00196";"Martin Taylor";"UK";209;0.0;0.0;"2026-04-19";"2026-04-20"
"G00197";"Cooper Bernard";"UK";507;100.0;83.43;"2026-01-07";"2026-01-09"
"G00198";"Adebayo Baker";"USA";422;150.0;86.84;"2026-02-23";"2026-02-27"
"G00199";"Ali Harris";"USA";505;50.0;27.4;"2026-03-18";"2026-03-19"
"G00200";"Bell Bernard";"Italy";215;0.0;0.0;"2026-03-18";"2026-03-19"
"G00202";"Smith Carter";"USA";404;200.0;20.09;"2026-01-20";"2026-01-23"
"G00203";"Wright Perez";"Ghana";114;150.0;160.99;"2026-04-16";"2026-04-17"
"G00204";"Adams Rahman";"France";410;200.0;183.31;"2026-03-02";"2026-03-03"
"G00205";"Edwards Harris";"USA";532;50.0;37.48;"2026-04-11";"2026-04-13"
"G00206";"Bailey Rahman";"UK";513;100.0;5.04;"2026-04-12";"2026-04-15"
"G00207";"Nelson Lewis";"Netherlands";314;200.0;90.7;"2026-03-29";"2026-04-02"
"G00208";"Baker Reid";"Ireland";222;200.0;204.48;"2026-01-06";"2026-01-08"
"G00209";"Clark Martinez";"USA";417;0.0;0.0;"2026-04-18";"2026-04-23"
"G00210";"Baker Reid";"USA";312;150.0;34.71;"2026-06-25";"2026-06-30"
"G00211";"Thomas Roberts";"UK";432;200.0;211.48;"2026-06-10";"2026-06-16"
"G00212";"Smith Rahman";"UK";412;150.0;47.77;"2026-03-13";"2026-03-16"
"G00213";"Miller Adams";"UK";125;150.0;10.7;"2026-01-07";"2026-01-11"
"G00214";"Anderson Murphy";"UK";502;200.0;227.19;"2026-04-12";"2026-04-14"
"G00215";"Morris Wilson";"UK";523;150.0;170.23;"2026-02-21";"2026-02-25"
"G00216";"Edwards Mitchell";"UK";503;0.0;0.0;"2026-02-20";"2026-02-21"
"G00217";"Perez Jones";"UK";418;150.0;44.92;"2026-05-05";"2026-05-07"
"G00218";"Green White";"South Korea";119;200.0;119.74;"2026-06-23";"2026-06-25"
"G00219";"Mensah Harris";"Italy";509;200.0;19.79;"2026-05-04";"2026-05-11"
"G00220";"Williams Adams";"UK";429;200.0;66.16;"2026-06-13";"2026-06-17"
"G00221";"Walker Ahmed";"UK";226;150.0;47.83;"2026-05-31";"2026-06-02"
"G00222";"Ali Davis";"UK";207;100.0;13.77;"2026-03-22";"2026-03-24"
"G00223";"Wilson Jones";"UK";330;50.0;51.49;"2026-02-01";"2026-02-03"
"G00224";"Evans Reid";"UK";122;100.0;3.33;"2026-06-29";"2026-06-30"
"G00225";"Wilson King";"USA";221;0.0;0.0;"2026-02-08";"2026-02-13"
"G00226";"Cooper Hussain";"UK";405;100.0;16.98;"2026-04-17";"2026-04-20"
"G00227";"Bailey Rahman";"Nigeria";333;50.0;22.53;"2026-02-08";"2026-02-10"
"G00228";"Rogers Phillips";"UK";429;0.0;28.74;"2026-04-05";"2026-04-07"
"G00229";"Smith Wright";"USA";429;0.0;0.0;"2026-05-27";"2026-05-28"
"G00230";"Nelson Young";"UK";303;100.0;84.39;"2026-01-15";"2026-01-17"
"G00231";"Edwards Hall";"UK";134;100.0;48.06;"2026-03-10";"2026-03-13"
"G00232";"Perez Wilson";"France";215;0.0;0.0;"2026-02-23";"2026-02-25"
"G00233";"Bailey Taylor";"Italy";213;200.0;45.48;"2026-02-23";"2026-02-24"
"G00234";"Davies Hall";"UK";128;50.0;41.94;"2026-03-15";"2026-03-17"
"G00235";"Brown Adeyemi";"UK";202;100.0;102.91;"2026-01-23";"2026-01-27"
"G00236";"Clark Turner";"Italy";422;50.0;6.84;"2026-03-21";"2026-03-22"
"G00237";"Lee Wilson";"UK";405;0.0;0.0;"2026-01-10";"2026-01-12"
"G00238";"Taylor Moore";"UK";511;150.0;32.68;"2026-02-25";"2026-02-28"
"G00239";"Evans Kim";"Canada";208;100.0;63.05;"2026-06-28";"2026-06-30"
"G00240";"Thomas Perez";"South Korea";106;100.0;98.84;"2026-06-01";"2026-06-04"
"G00241";"Carter King";"Ghana";122;0.0;0.0;"2026-06-23";"2026-06-26"
"G00242";"Morris Baker";"Canada";312;50.0;30.13;"2026-02-07";"2026-02-09"
"G00243";"Phillips Boateng";"South Korea";228;100.0;50.01;"2026-05-31";"2026-06-04"
"G00244";"Ahmed Kim";"Italy";226;200.0;209.18;"2026-02-01";"2026-02-04"
"G00245";"Young Reid";"USA";133;50.0;11.49;"2026-05-25";"2026-05-26"
"G00246";"Anderson Parker";"UK";405;150.0;24.41;"2026-05-15";"2026-05-17"
"G00247";"Taylor Adeyemi";"USA";524;150.0;54.98;"2026-04-18";"2026-04-25"
"G00248";"Adebayo Hussain";"Canada";208;100.0;12.98;"2026-02-10";"2026-02-12"
"G00249";"Williams Roberts";"Nigeria";531;150.0;166.64;"2026-03-21";"2026-03-23"
"G00250";"Young Adeyemi";"Spain";131;100.0;58.6;"2026-01-09";"2026-01-10"
"G00251";"Carter Shah";"Canada";302;150.0;59.55;"2026-02-14";"2026-02-15"
"G00252";"Mitchell Adams";"UK";226;0.0;0.0;"2026-01-24";"2026-01-26"
"G00253";"Collins Hall";"Spain";512;150.0;34.95;"2026-04-08";"2026-04-11"
"G00254";"Garcia Green";"USA";203;200.0;69.95;"2026-05-11";"2026-05-13"
"G00255";"Johnson Phillips";"Germany";102;200.0;109.71;"2026-03-09";"2026-03-10"
"G00256";"Carter Taylor";"USA";308;0.0;0.0;"2026-04-16";"2026-04-19"
"G00257";"Green White";"USA";303;200.0;28.52;"2026-06-04";"2026-06-05"
"G00258";"Baker Hall";"France";217;200.0;5.4;"2026-06-15";"2026-06-16"
"G00259";"Mitchell Roberts";"Ghana";431;100.0;58.41;"2026-03-27";"2026-03-28"
"G00260";"Phillips Taylor";"France";527;50.0;43.65;"2026-02-16";"2026-02-18"
"G00261";"Bell Roberts";"Germany";514;100.0;7.91;"2026-04-15";"2026-04-20"
"G00262";"Khan Adeyemi";"UK";429;50.0;50.01;"2026-01-18";"2026-01-20"
"G00263";"Mensah Turner";"Ireland";207;50.0;35.81;"2026-05-15";"2026-05-16"
"G00264";"Mitchell Mitchell";"UK";401;150.0;62.6;"2026-04-03";"2026-04-05"
"G00265";"Johnson Hall";"UK";423;50.0;54.95;"2026-03-04";"2026-03-06"
"G00266";"Brown Ahmed";"USA";413;100.0;117.99;"2026-06-17";"2026-06-22"
"G00267";"Parker Parker";"UK";305;100.0;114.56;"2026-03-06";"2026-03-10"
"G00268";"Davies Kim";"Netherlands";102;200.0;15.21;"2026-05-10";"2026-05-13"
"G00269";"Ali Lewis";"Ghana";232;0.0;0.0;"2026-03-14";"2026-03-18"
"G00270";"Green Wright";"UK";205;100.0;40.26;"2026-03-19";"2026-03-21"
"G00271";"Campbell Reid";"Spain";412;100.0;60.47;"2026-05-19";"2026-05-24"
"G00272";"Cook Mitchell";"France";220;100.0;3.37;"2026-06-04";"2026-06-07"
"G00273";"Green Boateng";"USA";403;0.0;0.0;"2026-03-20";"2026-03-27"
"G00274";"Rogers Kim";"USA";508;150.0;100.32;"2026-05-22";"2026-05-24"
"G00275";"Parker King";"Spain";107;150.0;58.1;"2026-01-27";"2026-01-28"
"G00276";"Lee Shah";"Ireland";512;200.0;111.35;"2026-04-26";"2026-04-30"
"G00277";"Johnson Green";"UK";307;100.0;35.27;"2026-01-07";"2026-01-08"
"G00278";"Adebayo Hussain";"Ghana";323;0.0;0.0;"2026-01-09";"2026-01-13"
"G00279";"Green White";"Ghana";329;100.0;76.8;"2026-05-24";"2026-05-28"
"G00280";"Wright Wright";"Germany";423;150.0;120.06;"2026-02-24";"2026-02-25"
"G00281";"Nelson King";"Nigeria";110;200.0;19.13;"2026-05-07";"2026-05-10"
"G00282";"King Moore";"UK";303;150.0;53.41;"2026-06-01";"2026-06-03"
"G00283";"Hall Reid";"USA";207;100.0;59.42;"2026-01-17";"2026-01-21"
"G00284";"Murphy Shah";"UK";514;100.0;19.98;"2026-03-15";"2026-03-18"
"G00285";"Williams Reid";"UK";302;0.0;0.0;"2026-01-19";"2026-01-22"
"G00286";"Stewart Thompson";"UK";417;150.0;124.1;"2026-03-01";"2026-03-02"
"G00287";"Green Lewis";"Germany";416;200.0;176.64;"2026-04-20";"2026-04-24"
"G00288";"Bailey Baker";"USA";123;50.0;53.03;"2026-05-20";"2026-05-23"
"G00289";"Brown Martinez";"UK";404;100.0;62.79;"2026-05-12";"2026-05-13"
"G00290";"Cook Walker";"Netherlands";220;150.0;129.1;"2026-04-19";"2026-04-22"
"G00291";"Morgan Young";"Spain";408;150.0;64.56;"2026-04-14";"2026-04-15"
"G00292";"Miller Reid";"UK";510;0.0;0.0;"2026-06-24";"2026-06-28"
"G00293";"Patel Bernard";"UK";519;150.0;27.88;"2026-06-10";"2026-06-14"
"G00294";"Khan Lewis";"UK";216;0.0;0.0;"2026-06-23";"2026-06-25"
"G00295";"Nelson Wright";"UK";110;200.0;159.37;"2026-01-08";"2026-01-10"
"G00296";"King Hussain";"USA";114;100.0;74.31;"2026-05-04";"2026-05-06"
"G00297";"Parker Evans";"South Korea";414;200.0;56.79;"2026-05-26";"2026-05-27"
"G00298";"Morris Walker";"Spain";129;0.0;0.0;"2026-01-30";"2026-02-02"
"G00299";"Carter Perez";"Netherlands";518;100.0;104.28;"2026-03-16";"2026-03-20"
"G00300";"Collins Kim";"UK";416;200.0;159.67;"2026-05-05";"2026-05-07"
"G00301";"Johnson White";"UK";421;100.0;54.04;"2026-04-10";"2026-04-16"
"G00302";"Johnson Davis";"UK";529;100.0;83.08;"2026-02-21";"2026-02-23"
"G00303";"Davies Reid";"UK";225;150.0;14.09;"2026-03-25";"2026-03-27"
"G00304";"Roberts Wilson";"Nigeria";202;100.0;57.77;"2026-06-14";"2026-06-16"
"G00305";"Wilson Rahman";"USA";104;150.0;54.27;"2026-02-19";"2026-02-20"
"G00306";"Davies Nelson";"Nigeria";228;150.0;157.2;"2026-04-23";"2026-04-27"
"G00307";"Wilson Shah";"UK";312;200.0;186.78;"2026-01-13";"2026-01-16"
"G00308";"Miller Perez";"UK";323;200.0;83.94;"2026-06-07";"2026-06-10"
"G00309";"Cook Hussain";"Ghana";511;200.0;84.98;"2026-01-12";"2026-01-15"
"G00310";"Bell Martinez";"Germany";503;150.0;71.67;"2026-03-05";"2026-03-08"
"G00311";"Lee Shah";"UK";324;150.0;33.46;"2026-01-09";"2026-01-16"
"G00312";"Adams Davis";"Canada";301;150.0;21.27;"2026-02-28";"2026-03-04"
"G00313";"Young Green";"South Korea";428;200.0;69.4;"2026-06-21";"2026-06-22"
"G00314";"Parker Mitchell";"Ireland";430;100.0;8.12;"2026-05-20";"2026-05-24"
"G00315";"Thomas Hall";"UK";334;100.0;56.96;"2026-01-05";"2026-01-06"
"G00316";"Martin Phillips";"Italy";109;50.0;36.45;"2026-01-28";"2026-01-31"
"G00317";"Bailey Wright";"UK";516;100.0;46.08;"2026-03-11";"2026-03-13"
"G00318";"Morgan Mitchell";"USA";524;0.0;0.0;"2026-06-16";"2026-06-18"
"G00319";"Morris Mitchell";"UK";312;200.0;94.23;"2026-05-04";"2026-05-05"
"G00320";"Roberts Boateng";"UK";424;0.0;0.0;"2026-06-02";"2026-06-04"
"G00321";"Young Lewis";"Ghana";211;100.0;11.66;"2026-01-16";"2026-01-19"
"G00322";"Evans Adams";"UK";425;100.0;34.4;"2026-02-16";"2026-02-17"
"G00323";"Mensah Perez";"Nigeria";306;100.0;45.96;"2026-06-16";"2026-06-21"
"G00324";"Bailey Perez";"UK";522;0.0;0.0;"2026-06-06";"2026-06-09"
"G00325";"Bell Ahmed";"UK";132;100.0;3.1;"2026-05-09";"2026-05-13"
"G00326";"Parker Kim";"Ghana";123;200.0;206.55;"2026-02-22";"2026-02-26"
"G00327";"Parker Shah";"Netherlands";102;0.0;0.0;"2026-01-22";"2026-01-27"
"G00328";"Baker Boateng";"USA";101;100.0;79.38;"2026-04-30";"2026-05-02"
"G00329";"Murphy Turner";"USA";527;200.0;44.57;"2026-05-21";"2026-05-24"
"G00330";"Phillips Nelson";"UK";132;0.0;0.0;"2026-02-06";"2026-02-08"
"G00333";"Taylor Wright";"Nigeria";315;200.0;129.21;"2026-03-17";"2026-03-21"
"G00334";"Stewart Campbell";"Nigeria";419;0.0;0.0;"2026-03-26";"2026-03-28"
"G00335";"Campbell Bernard";"USA";220;100.0;109.85;"2026-05-09";"2026-05-16"
"G00336";"Adams Kim";"France";409;0.0;0.0;"2026-01-22";"2026-01-25"
"G00337";"Martin Lewis";"Spain";205;200.0;1.26;"2026-03-17";"2026-03-18"
"G00338";"Phillips Ahmed";"Germany";308;100.0;32.25;"2026-02-11";"2026-02-16"
"G00339";"Green Nwosu";"Germany";326;100.0;44.78;"2026-04-02";"2026-04-06"
"G00340";"Okafor Martinez";"UK";407;200.0;230.17;"2026-03-20";"2026-03-21"
"G00341";"Ali Thompson";"Italy";228;50.0;58.57;"2026-04-20";"2026-04-24"
"G00342";"Stewart Lewis";"Canada";319;0.0;0.0;"2026-06-17";"2026-06-23"
"G00343";"Walker Davis";"UK";233;200.0;68.28;"2026-02-10";"2026-02-13"
"G00344";"Wright Hussain";"Canada";205;100.0;116.2;"2026-04-02";"2026-04-04"
"G00345";"Young Walker";"Nigeria";127;200.0;233.34;"2026-05-03";"2026-05-05"
"G00346";"Ahmed Green";"UK";313;50.0;42.09;"2026-02-23";"2026-02-25"
"G00347";"Cook Davis";"Canada";516;0.0;0.0;"2026-02-09";"2026-02-11"
"G00348";"Martin King";"UK";429;100.0;100.8;"2026-01-23";"2026-01-25"
"G00349";"Edwards Thompson";"Spain";307;0.0;31.3;"2026-05-18";"2026-05-23"
"G00350";"Brown Nelson";"France";432;0.0;0.0;"2026-03-31";"2026-04-05"
"G00351";"Taylor Young";"UK";301;100.0;69.72;"2026-05-16";"2026-05-18"
"G00352";"Lee Walker";"UK";302;150.0;16.58;"2026-01-25";"2026-01-27"
"G00353";"Thomas Wright";"UK";125;100.0;30.71;"2026-05-04";"2026-05-10"
"G00355";"Wright Green";"South Korea";103;0.0;0.0;"2026-01-30";"2026-02-01"
"G00356";"Ahmed Evans";"USA";201;150.0;151.71;"2026-05-17";"2026-05-20"
"G00357";"Thomas Ahmed";"Ghana";508;200.0;170.35;"2026-03-07";"2026-03-14"
"G00358";"Anderson Perez";"UK";511;150.0;33.84;"2026-05-01";"2026-05-04"
"G00359";"Clark Jones";"UK";422;100.0;31.43;"2026-06-29";"2026-06-30"
"G00360";"Davies Young";"UK";303;200.0;23.22;"2026-02-28";"2026-03-02"
"G00361";"Martin Perez";"UK";314;200.0;59.83;"2026-03-04";"2026-03-07"
"G00362";"Lee Baker";"Nigeria";231;0.0;0.0;"2026-04-29";"2026-05-01"
"G00363";"Evans Rahman";"UK";129;150.0;65.67;"2026-05-09";"2026-05-12"
"G00364";"Young Perez";"South Korea";329;150.0;3.97;"2026-02-13";"2026-02-15"
"G00365";"Cook Green";"UK";414;100.0;69.91;"2026-03-01";"2026-03-05"
"G00366";"Cooper Lewis";"UK";424;100.0;76.66;"2026-05-23";"2026-05-26"
"G00367";"Clark Green";"UK";514;50.0;10.59;"2026-01-25";"2026-01-26"
"G00368";"Baker Martinez";"France";224;100.0;64.28;"2026-03-01";"2026-03-03"
"G00369";"Mensah Boateng";"UK";431;100.0;23.49;"2026-06-25";"2026-06-27"
"G00370";"Evans Scott";"UK";207;200.0;205.48;"2026-04-19";"2026-04-22"
"G00371";"Ali Adeyemi";"USA";225;150.0;120.59;"2026-03-06";"2026-03-10"
"G00372";"Campbell Walker";"France";203;200.0;224.12;"2026-05-01";"2026-05-04"
"G00373";"Bell Phillips";"Nigeria";312;150.0;172.35;"2026-03-08";"2026-03-10"
"G00374";"Young Murphy";"UK";228;200.0;92.47;"2026-01-21";"2026-01-23"
"G00375";"Stewart Adams";"UK";123;100.0;14.92;"2026-04-24";"2026-04-25"
"G00376";"Roberts Kim";"USA";314;100.0;62.76;"2026-04-14";"2026-04-19"
"G00377";"Phillips Roberts";"Ireland";512;150.0;14.23;"2026-01-11";"2026-01-13"
"G00378";"Perez Thompson";"UK";510;200.0;104.61;"2026-04-28";"2026-04-30"
"G00379";"Johnson Phillips";"UK";211;0.0;0.0;"2026-06-02";"2026-06-04"
"G00380";"Williams Evans";"Ireland";421;200.0;112.91;"2026-01-09";"2026-01-12"
"G00381";"Williams Phillips";"UK";115;150.0;166.87;"2026-06-24";"2026-06-26"
"G00382";"Baker Wilson";"UK";215;150.0;146.75;"2026-01-16";"2026-01-18"
"G00383";"Perez Shah";"UK";525;200.0;170.85;"2026-02-18";"2026-02-20"
"G00384";"Stewart Walker";"Nigeria";114;200.0;223.72;"2026-03-08";"2026-03-10"
"G00385";"Mensah Murphy";"Spain";512;100.0;79.47;"2026-03-15";"2026-03-17"
"G00386";"Stewart Campbell";"USA";501;100.0;31.04;"2026-03-01";"2026-03-04"
"G00387";"Perez Reid";"UK";125;100.0;1.14;"2026-06-15";"2026-06-18"
"G00388";"Young Moore";"France";423;50.0;3.85;"2026-03-11";"2026-03-14"
"G00389";"Nelson Campbell";"UK";310;200.0;9.07;"2026-06-02";"2026-06-04"
"G00390";"Mitchell Roberts";"USA";516;50.0;1.96;"2026-04-01";"2026-04-04"
"G00391";"Perez Walker";"South Korea";128;200.0;66.99;"2026-03-26";"2026-03-28"
"G00392";"Brown Evans";"UK";533;200.0;176.09;"2026-04-29";"2026-05-03"
"G00393";"Garcia Adeyemi";"USA";520;200.0;220.8;"2026-05-23";"2026-05-24"
"G00394";"Clark Lewis";"USA";223;100.0;26.55;"2026-03-30";"2026-03-31"
"G00395";"Turner Davis";"South Korea";329;50.0;48.88;"2026-05-18";"2026-05-21"
"G00396";"King Baker";"UK";308;100.0;104.74;"2026-04-19";"2026-04-26"
"G00397";"Walker Hall";"UK";227;150.0;145.54;"2026-04-23";"2026-04-25"
"G00398";"Phillips Harris";"UK";520;200.0;124.6;"2026-01-26";"2026-01-29"
"G00399";"Martin Taylor";"UK";130;0.0;0.0;"2026-02-01";"2026-02-03"
"G00400";"Campbell Adeyemi";"UK";408;100.0;11.01;"2026-04-13";"2026-04-16"
"G00401";"Cook Lewis";"UK";427;200.0;165.43;"2026-04-29";"2026-05-06"
"G00402";"Anderson Wilson";"UK";206;100.0;77.95;"2026-02-19";"2026-02-23"
"G00403";"Okafor Ahmed";"UK";313;200.0;128.3;"2026-02-16";"2026-02-20"
"G00404";"Campbell Lewis";"UK";421;50.0;44.63;"2026-01-04";"2026-01-05"
"G00405";"Ahmed Wilson";"UK";514;0.0;0.0;"2026-02-08";"2026-02-11"
"G00406";"Turner Jones";"UK";121;50.0;47.85;"2026-03-03";"2026-03-04"
"G00407";"Murphy Murphy";"Ghana";214;50.0;42.76;"2026-03-31";"2026-04-04"
"G00408";"Wilson Walker";"UK";411;0.0;0.0;"2026-05-15";"2026-05-17"
"G00409";"Perez Wright";"USA";102;100.0;112.54;"2026-05-08";"2026-05-11"
"G00410";"Ali Carter";"Ireland";115;200.0;56.4;"2026-04-13";"2026-04-14"
"G00411";"Ali King";"USA";225;100.0;67.3;"2026-02-11";"2026-02-14"
"G00412";"Williams Thompson";"USA";504;200.0;207.53;"2026-05-02";"2026-05-04"
"G00413";"Hall Shah";"UK";228;100.0;61.39;"2026-03-14";"2026-03-18"
"G00414";"Roberts Perez";"USA";310;100.0;93.82;"2026-05-20";"2026-05-21"
"G00415";"Collins Wilson";"USA";502;100.0;0.98;"2026-02-06";"2026-02-08"
"G00416";"Morris Evans";"UK";505;150.0;120.46;"2026-03-18";"2026-03-20"
"G00417";"Murphy Baker";"Ghana";205;150.0;109.37;"2026-02-08";"2026-02-10"
"G00418";"Cook Shah";"Italy";527;200.0;83.62;"2026-05-23";"2026-05-25"
"G00419";"Taylor White";"UK";115;200.0;233.92;"2026-04-02";"2026-04-04"
"G00420";"Wright Bernard";"South Korea";202;150.0;53.87;"2026-06-18";"2026-06-20"
"G00421";"Okafor Harris";"Ghana";514;150.0;28.72;"2026-01-15";"2026-01-17"
"G00422";"Garcia Mitchell";"Netherlands";232;100.0;108.42;"2026-01-14";"2026-01-21"
"G00423";"Bailey Adeyemi";"Nigeria";323;100.0;88.53;"2026-01-14";"2026-01-15"
"G00424";"Adebayo Adams";"UK";119;100.0;54.29;"2026-01-31";"2026-02-02"
"G00425";"Brown Mitchell";"Netherlands";128;100.0;29.43;"2026-05-24";"2026-05-27"
"G00426";"Ali Thompson";"UK";532;100.0;14.06;"2026-05-03";"2026-05-05"
"G00427";"Bailey Adeyemi";"UK";421;150.0;51.42;"2026-04-26";"2026-04-29"
"G00428";"Adams Young";"USA";506;100.0;13.76;"2026-03-26";"2026-03-28"
"G00429";"Morgan Jones";"Italy";215;50.0;6.07;"2026-03-29";"2026-04-01"
"G00430";"Morris Moore";"Netherlands";112;200.0;222.61;"2026-04-04";"2026-04-08"
"G00431";"Carter Green";"Canada";422;200.0;218.75;"2026-05-11";"2026-05-13"
"G00432";"Cook Martinez";"Germany";223;0.0;0.0;"2026-02-13";"2026-02-15"
"G00433";"Johnson Carter";"UK";512;0.0;0.0;"2026-05-10";"2026-05-12"
"G00434";"Cook Scott";"Nigeria";422;100.0;109.26;"2026-02-20";"2026-02-23"
"G00435";"Cook Young";"Ghana";203;100.0;38.22;"2026-05-10";"2026-05-13"
"G00436";"Nelson Wilson";"UK";306;50.0;30.46;"2026-06-18";"2026-06-21"
"G00437";"Phillips Adams";"UK";211;150.0;29.41;"2026-03-25";"2026-03-27"
"G00438";"Johnson Nwosu";"USA";334;200.0;69.61;"2026-04-04";"2026-04-06"
"G00439";"Stewart Perez";"USA";315;150.0;48.79;"2026-06-05";"2026-06-07"
"G00440";"Hall Davis";"Nigeria";206;150.0;117.81;"2026-02-16";"2026-02-18"
"G00441";"Parker Evans";"France";333;150.0;154.9;"2026-04-08";"2026-04-09"
"G00442";"Brown Boateng";"UK";234;150.0;23.31;"2026-04-17";"2026-04-24"
"G00443";"Khan Moore";"Ireland";427;50.0;54.95;"2026-05-26";"2026-05-28"
"G00444";"Mensah Roberts";"USA";431;150.0;165.06;"2026-04-01";"2026-04-03"
"G00445";"Parker Turner";"South Korea";501;100.0;52.33;"2026-06-14";"2026-06-18"
"G00446";"Cook Campbell";"Ireland";410;100.0;66.37;"2026-03-19";"2026-03-22"
"G00447";"Williams Scott";"South Korea";504;100.0;84.48;"2026-01-02";"2026-01-04"
"G00448";"Stewart King";"France";412;150.0;12.6;"2026-05-05";"2026-05-09"
"G00449";"Lee Turner";"Italy";533;100.0;51.39;"2026-05-13";"2026-05-14"
"G00450";"Morris Perez";"UK";108;200.0;183.21;"2026-05-25";"2026-05-27"
"G00451";"Rogers Boateng";"Canada";106;200.0;220.35;"2026-06-14";"2026-06-20"
"G00452";"Perez Turner";"UK";102;100.0;21.22;"2026-02-15";"2026-02-16"
"G00453";"Anderson Parker";"Germany";421;100.0;6.59;"2026-04-22";"2026-04-25"
"G00454";"Wright Bernard";"Nigeria";120;150.0;98.92;"2026-01-08";"2026-01-11"
"G00455";"Stewart Lewis";"Netherlands";509;150.0;92.39;"2026-03-10";"2026-03-13"
"G00456";"Murphy Roberts";"Germany";130;0.0;0.0;"2026-02-04";"2026-02-08"
"G00457";"Rogers Wright";"UK";328;0.0;0.0;"2026-06-03";"2026-06-07"
"G00458";"Davies Hussain";"UK";430;150.0;117.75;"2026-06-20";"2026-06-23"
"G00459";"Hall Wilson";"Ghana";522;0.0;0.0;"2026-02-18";"2026-02-21"
"G00460";"Collins Rahman";"UK";527;150.0;67.86;"2026-05-31";"2026-06-05"
"G00461";"Cooper Reid";"UK";420;200.0;81.7;"2026-03-13";"2026-03-16"
"G00462";"Adams Harris";"Ghana";116;150.0;121.74;"2026-01-03";"2026-01-05"
"G00463";"Roberts Martinez";"Spain";317;0.0;63.9;"2026-05-06";"2026-05-10"
"G00464";"Parker Davis";"UK";310;150.0;82.48;"2026-03-21";"2026-03-23"
"G00465";"Carter Nwosu";"UK";201;100.0;8.97;"2026-06-16";"2026-06-20"
"G00467";"Bell King";"UK";231;200.0;219.72;"2026-01-17";"2026-01-20"
"G00468";"Davies Turner";"Nigeria";416;200.0;95.48;"2026-06-19";"2026-06-21"
"G00469";"Mensah Murphy";"UK";131;150.0;72.2;"2026-03-25";"2026-03-29"
"G00470";"Rogers Roberts";"Germany";523;150.0;134.1;"2026-01-03";"2026-01-10"
"G00471";"King Reid";"UK";334;150.0;97.92;"2026-01-23";"2026-01-26"
"G00472";"Mensah Walker";"UK";515;200.0;46.25;"2026-05-13";"2026-05-14"
"G00473";"Garcia Green";"UK";221;100.0;11.47;"2026-02-11";"2026-02-12"
"G00474";"Lee Nwosu";"UK";203;100.0;35.55;"2026-02-16";"2026-02-22"
"G00475";"Morgan Taylor";"Canada";103;100.0;92.4;"2026-03-11";"2026-03-15"
"G00476";"Bailey Boateng";"South Korea";205;150.0;156.97;"2026-04-13";"2026-04-16"
"G00477";"Adebayo Kim";"Germany";412;100.0;52.09;"2026-02-03";"2026-02-05"
"G00478";"Roberts Thompson";"USA";528;200.0;137.73;"2026-04-28";"2026-05-04"
"G00479";"Bailey Rahman";"France";423;50.0;12.13;"2026-05-24";"2026-05-26"
"G00480";"Bell Hall";"UK";520;200.0;233.28;"2026-05-24";"2026-05-26"
"G00481";"Wright Martinez";"Nigeria";326;0.0;0.0;"2026-03-07";"2026-03-10"
"G00482";"Davies Harris";"UK";307;100.0;117.92;"2026-04-28";"2026-04-30"
"G00483";"Phillips Adeyemi";"USA";233;200.0;45.46;"2026-03-22";"2026-03-25"
"G00484";"Taylor Parker";"UK";323;50.0;24.8;"2026-05-30";"2026-06-02"
"G00485";"Mitchell Mitchell";"UK";301;100.0;21.4;"2026-06-22";"2026-06-25"
"G00486";"Cook Baker";"Nigeria";203;200.0;225.83;"2026-05-14";"2026-05-18"
"G00487";"Wright Ahmed";"UK";522;0.0;0.0;"2026-05-06";"2026-05-13"
"G00488";"Parker White";"UK";201;100.0;104.65;"2026-03-08";"2026-03-10"
"G00489";"Williams Green";"USA";403;150.0;141.45;"2026-03-13";"2026-03-16"
"G00490";"Baker Hussain";"Spain";134;0.0;0.0;"2026-04-08";"2026-04-10"
"G00491";"Patel Bernard";"USA";411;150.0;3.41;"2026-04-09";"2026-04-11"
"G00492";"Davies Hussain";"Ireland";123;200.0;119.42;"2026-05-28";"2026-06-03"
"G00493";"Williams Wright";"UK";325;150.0;141.72;"2026-05-24";"2026-05-30"
"G00494";"Mensah Nwosu";"UK";201;150.0;126.92;"2026-03-13";"2026-03-14"
"G00495";"Ahmed Harris";"Spain";126;50.0;43.79;"2026-05-13";"2026-05-16"
"G00496";"Morgan Adams";"South Korea";105;150.0;121.72;"2026-06-21";"2026-06-27"
"G00497";"Bell Boateng";"Nigeria";206;100.0;17.97;"2026-02-24";"2026-02-26"
"G00498";"Khan Campbell";"UK";408;200.0;234.19;"2026-04-04";"2026-04-09"
"G00499";"Nelson Harris";"Germany";315;200.0;158.17;"2026-02-02";"2026-02-05"
"G00500";"Garcia Bernard";"USA";320;200.0;227.17;"2026-01-23";"2026-01-25"
"G00501";"Wilson Green";"UK";217;0.0;0.0;"2026-06-03";"2026-06-04"
"G00502";"Cook Jones";"UK";516;100.0;0.53;"2026-05-21";"2026-05-23"
"G00503";"Roberts Taylor";"UK";333;150.0;122.86;"2026-05-16";"2026-05-17"
"G00504";"Walker Adams";"UK";310;200.0;97.22;"2026-01-26";"2026-01-31"
"G00505";"Adams Wright";"UK";312;150.0;102.39;"2026-01-14";"2026-01-18"
"G00506";"Clark Wright";"Germany";217;0.0;0.0;"2026-06-04";"2026-06-11"
"G00507";"Johnson Harris";"UK";103;0.0;0.0;"2026-03-13";"2026-03-15"
"G00508";"Stewart Bernard";"USA";227;200.0;75.48;"2026-04-25";"2026-04-28"
"G00509";"Campbell Ahmed";"Canada";308;150.0;144.46;"2026-02-02";"2026-02-07"
"G00510";"Nelson Perez";"Italy";230;100.0;26.9;"2026-04-19";"2026-04-23"
"G00511";"Lee Davis";"Nigeria";504;50.0;28.36;"2026-05-10";"2026-05-12"
"G00512";"Young Kim";"South Korea";434;50.0;34.12;"2026-05-04";"2026-05-06"
"G00513";"Williams Green";"Spain";229;100.0;109.97;"2026-06-23";"2026-06-28"
"G00514";"Bell Young";"USA";230;100.0;18.86;"2026-02-07";"2026-02-12"
"G00515";"Martin Hall";"USA";222;100.0;62.1;"2026-06-13";"2026-06-15"
"G00516";"Murphy Wilson";"USA";204;0.0;0.0;"2026-02-04";"2026-02-07"
"G00517";"Patel Kim";"UK";515;100.0;28.39;"2026-02-21";"2026-02-22"
"G00518";"Rogers Scott";"France";333;100.0;15.66;"2026-05-04";"2026-05-05"
"G00519";"Cook Thompson";"UK";114;100.0;105.33;"2026-02-11";"2026-02-12"
"G00520";"Young Parker";"South Korea";529;0.0;70.15;"2026-04-07";"2026-04-11"
"G00521";"Adebayo Evans";"USA";410;150.0;82.55;"2026-06-21";"2026-06-27"
"G00522";"Cook Reid";"UK";328;100.0;80.58;"2026-05-17";"2026-05-18"
"G00523";"Nelson Boateng";"UK";120;100.0;101.19;"2026-03-25";"2026-03-30"
"G00524";"Campbell White";"Spain";306;100.0;90.37;"2026-03-20";"2026-03-27"
"G00525";"Perez Rahman";"USA";421;100.0;49.49;"2026-02-13";"2026-02-17"
"G00526";"Carter Bernard";"Nigeria";422;200.0;202.18;"2026-02-12";"2026-02-16"
"G00527";"Mensah Young";"UK";211;100.0;104.7;"2026-02-27";"2026-03-04"
"G00528";"Baker Phillips";"Netherlands";524;0.0;0.0;"2026-03-30";"2026-04-01"
"G00529";"Okafor Moore";"UK";310;200.0;161.35;"2026-04-28";"2026-05-02"
"G00530";"Clark Davis";"USA";512;0.0;0.0;"2026-03-22";"2026-03-24"
"G00531";"Taylor King";"USA";424;100.0;11.14;"2026-01-24";"2026-01-26"
"G00532";"Mensah Reid";"USA";325;0.0;0.0;"2026-05-13";"2026-05-14"
"G00533";"Adebayo Harris";"UK";225;200.0;18.35;"2026-04-07";"2026-04-09"
"G00534";"Phillips Wright";"UK";333;200.0;185.91;"2026-05-05";"2026-05-08"
"G00535";"Ali Moore";"UK";431;200.0;83.59;"2026-06-23";"2026-06-26"
"G00536";"Morgan Nwosu";"UK";118;0.0;0.0;"2026-03-09";"2026-03-11"
"G00537";"Martin Mitchell";"Ghana";426;50.0;6.2;"2026-05-30";"2026-05-31"
"G00538";"Williams Martinez";"UK";517;100.0;100.27;"2026-06-21";"2026-06-24"
"G00539";"Mensah Davis";"Spain";413;0.0;54.28;"2026-02-05";"2026-02-11"
"G00540";"Williams Bernard";"Nigeria";221;100.0;9.31;"2026-04-07";"2026-04-09"
"G00541";"Murphy Kim";"France";519;0.0;0.0;"2026-06-26";"2026-06-30"
"G00542";"Green Hussain";"Canada";330;200.0;158.66;"2026-05-17";"2026-05-18"
"G00543";"Perez Thompson";"UK";522;100.0;117.98;"2026-03-24";"2026-03-27"
"G00544";"Cooper Parker";"USA";324;150.0;73.38;"2026-06-21";"2026-06-24"
"G00545";"Smith Turner";"Ireland";323;0.0;0.0;"2026-06-05";"2026-06-08"
"G00546";"Thomas Davis";"UK";432;100.0;60.83;"2026-04-17";"2026-04-21"
"G00547";"Morris Scott";"USA";503;0.0;85.71;"2026-01-02";"2026-01-06"
"G00548";"Thomas Kim";"France";134;100.0;53.19;"2026-03-01";"2026-03-08"
"G00549";"Anderson Nelson";"UK";227;200.0;147.92;"2026-05-05";"2026-05-10"
"G00550";"Adams Bernard";"UK";524;200.0;220.87;"2026-05-29";"2026-06-02"
"G00551";"Hall Nwosu";"UK";425;50.0;49.93;"2026-02-13";"2026-02-20"
"G00552";"Ali Davis";"Germany";324;200.0;94.48;"2026-03-03";"2026-03-04"
"G00553";"Williams Wilson";"France";526;150.0;91.4;"2026-02-17";"2026-02-23"
"G00554";"Evans Adams";"Italy";401;100.0;104.35;"2026-06-21";"2026-06-23"
"G00555";"Nelson Evans";"Germany";401;100.0;67.0;"2026-01-14";"2026-01-20"
"G00556";"Adebayo Thompson";"Ghana";311;150.0;103.19;"2026-03-11";"2026-03-18"
"G00557";"Ahmed Walker";"USA";504;0.0;0.0;"2026-01-25";"2026-01-28"
"G00558";"Mitchell Nelson";"UK";425;100.0;56.57;"2026-06-08";"2026-06-14"
"G00559";"Patel Adams";"France";520;150.0;105.22;"2026-06-29";"2026-06-30"
"G00560";"Campbell Roberts";"UK";519;200.0;217.8;"2026-05-02";"2026-05-04"
"G00561";"Collins Wright";"UK";402;150.0;35.77;"2026-05-29";"2026-05-30"
"G00562";"Anderson Nwosu";"Ireland";305;0.0;0.0;"2026-05-02";"2026-05-08"
"G00563";"Rogers Baker";"UK";225;200.0;40.88;"2026-04-22";"2026-04-29"
"G00564";"Walker Young";"UK";319;50.0;23.58;"2026-02-10";"2026-02-11"
"G00565";"Stewart Thompson";"USA";414;150.0;33.95;"2026-04-07";"2026-04-08"
"G00566";"Carter Roberts";"Ireland";411;100.0;65.77;"2026-03-14";"2026-03-18"
"G00567";"Parker Jones";"UK";522;150.0;24.54;"2026-04-04";"2026-04-06"
"G00568";"Martin King";"UK";109;150.0;114.27;"2026-02-23";"2026-02-25"
"G00570";"Nelson Adams";"USA";218;150.0;32.84;"2026-05-31";"2026-06-02"
"G00571";"Taylor Shah";"USA";420;100.0;21.19;"2026-06-19";"2026-06-21"
"G00572";"Wilson Campbell";"UK";530;100.0;104.41;"2026-03-28";"2026-04-02"
"G00573";"Campbell Phillips";"UK";123;200.0;121.13;"2026-03-31";"2026-04-01"
"G00574";"Lee Thompson";"France";129;0.0;0.0;"2026-03-10";"2026-03-12"
"G00575";"Miller Scott";"France";331;0.0;0.0;"2026-03-29";"2026-03-30"
"G00576";"Davies Hussain";"UK";532;100.0;54.39;"2026-01-30";"2026-02-02"
"G00577";"Carter Reid";"Ghana";229;100.0;85.71;"2026-06-29";"2026-06-30"
"G00578";"Cook Phillips";"Italy";232;200.0;90.95;"2026-04-18";"2026-04-22"
"G00579";"Collins Taylor";"UK";429;100.0;61.31;"2026-02-01";"2026-02-02"
"G00580";"Patel Shah";"USA";129;100.0;12.59;"2026-04-01";"2026-04-05"
"G00581";"Davies Martinez";"UK";229;100.0;113.77;"2026-05-01";"2026-05-06"
"G00582";"Johnson Wright";"UK";421;200.0;3.83;"2026-01-14";"2026-01-19"
"G00583";"Brown Moore";"South Korea";429;0.0;0.0;"2026-03-28";"2026-03-31"
"G00584";"Mitchell Wright";"Canada";329;0.0;16.21;"2026-03-26";"2026-03-28"
"G00585";"Thomas Taylor";"Ghana";433;150.0;176.41;"2026-02-17";"2026-02-20"
"G00587";"Adebayo Mitchell";"UK";108;0.0;52.51;"2026-03-11";"2026-03-15"
"G00588";"Davies Hussain";"UK";108;150.0;13.56;"2026-01-08";"2026-01-09"
"G00589";"Parker Wilson";"UK";122;100.0;34.53;"2026-02-24";"2026-02-25"
"G00590";"Smith Wilson";"Ghana";229;200.0;60.63;"2026-03-15";"2026-03-18"
"G00591";"Anderson Parker";"UK";321;200.0;3.44;"2026-01-17";"2026-01-19"
"G00592";"Anderson Jones";"UK";225;100.0;69.75;"2026-03-30";"2026-03-31"
"G00593";"Davies Wilson";"Ireland";114;200.0;161.74;"2026-03-09";"2026-03-13"
"G00594";"Adams Parker";"USA";310;100.0;71.28;"2026-06-27";"2026-06-30"
"G00595";"Nelson Moore";"USA";202;0.0;0.0;"2026-01-18";"2026-01-25"
"G00596";"Miller Murphy";"Ghana";315;100.0;66.76;"2026-06-17";"2026-06-19"
"G00597";"Davies Young";"UK";510;0.0;0.0;"2026-04-24";"2026-04-28"
"G00598";"Walker Jones";"France";527;100.0;80.84;"2026-02-27";"2026-03-02"
"G00599";"Adams Harris";"Italy";134;150.0;88.44;"2026-01-16";"2026-01-17"
"G00600";"Campbell Harris";"Ghana";319;0.0;0.0;"2026-04-20";"2026-04-26"
"G00601";"Green Scott";"Spain";409;200.0;70.56;"2026-01-19";"2026-01-24"
"G00602";"Miller Young";"Ghana";524;150.0;140.82;"2026-01-12";"2026-01-14"
"G00603";"Adams Taylor";"Nigeria";516;200.0;88.95;"2026-01-12";"2026-01-13"
"G00604";"Walker White";"UK";110;100.0;43.36;"2026-05-02";"2026-05-03"
"G00606";"Edwards King";"Ghana";505;0.0;0.0;"2026-01-10";"2026-01-11"
"G00607";"Mensah Phillips";"UK";121;200.0;64.97;"2026-02-19";"2026-02-22"
"G00608";"Taylor Martinez";"UK";425;50.0;10.49;"2026-03-15";"2026-03-17"
"G00609";"Anderson Adeyemi";"Germany";511;100.0;29.76;"2026-04-29";"2026-05-01"
"G00610";"Taylor Kim";"Italy";428;100.0;107.66;"2026-02-09";"2026-02-12"
"G00611";"Baker Reid";"UK";520;200.0;203.55;"2026-06-10";"2026-06-11"
"G00612";"Williams Davis";"UK";233;200.0;166.39;"2026-01-13";"2026-01-14"
"G00613";"Carter Bernard";"UK";125;200.0;154.25;"2026-05-27";"2026-05-30"
"G00614";"Roberts Adams";"Ireland";306;100.0;30.47;"2026-03-04";"2026-03-05"
"G00615";"Hall Nwosu";"Germany";307;100.0;72.46;"2026-05-09";"2026-05-16"
"G00616";"Thomas Adams";"Canada";515;200.0;229.86;"2026-06-16";"2026-06-19"
"G00617";"Davies Green";"UK";105;0.0;0.0;"2026-01-19";"2026-01-21"
"G00618";"Adams Carter";"UK";416;150.0;171.71;"2026-04-03";"2026-04-05"
"G00620";"Smith Hussain";"UK";415;200.0;211.61;"2026-05-26";"2026-05-28"
"G00621";"Adams Thompson";"UK";509;200.0;211.09;"2026-06-07";"2026-06-09"
"G00622";"Morris Martinez";"UK";321;150.0;176.08;"2026-02-07";"2026-02-12"
"G00623";"Carter Bernard";"USA";124;0.0;0.0;"2026-06-10";"2026-06-12"
"G00624";"Brown Shah";"UK";121;200.0;156.89;"2026-03-30";"2026-04-02"
"G00625";"Bailey Martinez";"Nigeria";318;100.0;55.91;"2026-03-10";"2026-03-14"
"G00626";"Perez Hussain";"USA";406;100.0;100.36;"2026-05-01";"2026-05-04"
"G00627";"Wilson Young";"Ghana";401;100.0;22.3;"2026-01-10";"2026-01-12"
"G00628";"Martin Parker";"Spain";514;200.0;76.63;"2026-06-24";"2026-06-29"
"G00629";"Adams Green";"USA";411;0.0;84.52;"2026-06-11";"2026-06-12"
"G00630";"Martin Taylor";"Ireland";412;100.0;91.68;"2026-01-31";"2026-02-02"
"G00631";"Ahmed Wright";"Italy";403;150.0;47.39;"2026-01-26";"2026-01-30"
"G00632";"Bailey Campbell";"UK";427;200.0;190.84;"2026-02-03";"2026-02-04"
"G00633";"Khan Perez";"UK";516;200.0;179.97;"2026-03-16";"2026-03-18"
"G00634";"Ahmed Evans";"UK";428;150.0;99.2;"2026-06-19";"2026-06-22"
"G00635";"King Evans";"France";331;200.0;110.59;"2026-01-01";"2026-01-02"
"G00636";"Baker Bernard";"UK";221;50.0;2.4;"2026-04-09";"2026-04-13"
"G00637";"Roberts Green";"UK";111;200.0;192.17;"2026-03-10";"2026-03-12"
"G00638";"Cook Scott";"UK";114;0.0;0.0;"2026-04-13";"2026-04-17"
"G00639";"King Shah";"UK";531;100.0;13.66;"2026-02-25";"2026-02-27"
"G00640";"Taylor Campbell";"USA";527;200.0;187.24;"2026-01-17";"2026-01-20"
"G00642";"Johnson Nwosu";"Ireland";209;100.0;40.47;"2026-04-03";"2026-04-04"
"G00643";"Cook Jones";"UK";320;0.0;0.0;"2026-01-30";"2026-02-06"
"G00644";"Parker Scott";"UK";124;200.0;102.02;"2026-02-22";"2026-02-23"
"G00645";"King Wilson";"UK";122;100.0;89.93;"2026-01-14";"2026-01-15"
"G00646";"Patel Evans";"UK";223;0.0;0.0;"2026-05-16";"2026-05-19"
"G00647";"Smith Bernard";"UK";418;100.0;97.48;"2026-04-20";"2026-04-21"
"G00648";"Adebayo Reid";"UK";521;100.0;1.37;"2026-04-10";"2026-04-13"
"G00649";"Edwards Ahmed";"UK";413;100.0;71.43;"2026-01-18";"2026-01-21"
"G00650";"Bailey Thompson";"Ireland";421;150.0;150.97;"2026-02-11";"2026-02-14"
"G00651";"Ahmed Mitchell";"Netherlands";108;150.0;102.11;"2026-02-09";"2026-02-15"
"G00652";"Adams Hussain";"USA";309;100.0;96.52;"2026-01-04";"2026-01-08"
"G00653";"Roberts Hussain";"Spain";417;150.0;151.39;"2026-01-31";"2026-02-05"
"G00654";"Adams Turner";"UK";223;100.0;112.47;"2026-04-30";"2026-05-03"
"G00655";"Mensah Wright";"Spain";434;150.0;29.01;"2026-03-20";"2026-03-23"
"G00656";"Wright Young";"Spain";320;100.0;97.33;"2026-01-04";"2026-01-05"
"G00657";"Ali Parker";"USA";312;100.0;98.4;"2026-04-09";"2026-04-11"
"G00658";"Baker Young";"UK";508;100.0;113.37;"2026-06-24";"2026-06-27"
"G00659";"Johnson Perez";"France";104;150.0;162.8;"2026-01-07";"2026-01-10"
"G00660";"Hall Ahmed";"USA";434;200.0;160.19;"2026-03-27";"2026-03-30"
"G00661";"Roberts Turner";"USA";421;150.0;124.44;"2026-03-31";"2026-04-01"
"G00662";"Adebayo Taylor";"UK";109;200.0;160.04;"2026-04-27";"2026-05-01"
"G00663";"Cook Mitchell";"UK";206;100.0;79.56;"2026-06-24";"2026-06-26"
"G00664";"Bell Taylor";"Ireland";124;200.0;214.44;"2026-06-08";"2026-06-14"
"G00665";"Carter Kim";"Ireland";319;0.0;43.51;"2026-01-30";"2026-02-03"
"G00666";"Young Murphy";"UK";302;50.0;24.12;"2026-03-13";"2026-03-14"
"G00667";"Thomas Ahmed";"UK";502;0.0;0.0;"2026-01-27";"2026-01-30"
"G00668";"Morris Mitchell";"Ireland";208;100.0;116.1;"2026-05-14";"2026-05-21"
"G00669";"Morgan Roberts";"Nigeria";106;50.0;38.16;"2026-04-25";"2026-04-28"
"G00670";"Garcia Phillips";"UK";505;0.0;0.0;"2026-05-26";"2026-05-27"
"G00671";"Phillips Hall";"Netherlands";214;150.0;159.01;"2026-03-31";"2026-04-02"
"G00672";"Wilson King";"UK";323;200.0;114.86;"2026-01-24";"2026-01-26"
"G00673";"Phillips Moore";"Nigeria";207;0.0;50.35;"2026-06-27";"2026-06-29"
"G00674";"Okafor Nwosu";"Italy";134;200.0;33.27;"2026-03-31";"2026-04-03"
"G00675";"Taylor Harris";"Ireland";216;100.0;24.76;"2026-01-22";"2026-01-25"
"G00676";"Lee Lewis";"UK";520;50.0;47.41;"2026-04-15";"2026-04-17"
"G00677";"Davies White";"France";331;150.0;53.23;"2026-06-21";"2026-06-24"
"G00678";"Mensah Adams";"UK";417;50.0;7.23;"2026-01-01";"2026-01-03"
"G00679";"Thomas Moore";"UK";520;200.0;104.94;"2026-06-28";"2026-06-29"
"G00680";"Collins Hussain";"UK";404;0.0;0.0;"2026-03-07";"2026-03-09"
"G00681";"Williams Hussain";"USA";203;0.0;13.43;"2026-01-13";"2026-01-15"
"G00682";"Williams Scott";"USA";215;100.0;19.25;"2026-02-13";"2026-02-16"
"G00683";"Mitchell Baker";"UK";530;150.0;10.64;"2026-06-06";"2026-06-12"
"G00684";"Lee Hall";"USA";224;100.0;63.83;"2026-06-11";"2026-06-13"
"G00685";"Stewart Nelson";"UK";530;100.0;53.6;"2026-04-13";"2026-04-15"
"G00686";"Evans White";"Ireland";321;100.0;43.27;"2026-04-04";"2026-04-06"
"G00687";"Campbell Davis";"Germany";218;200.0;134.46;"2026-04-09";"2026-04-12"
"G00688";"Roberts Mitchell";"UK";121;100.0;86.44;"2026-06-13";"2026-06-15"
"G00689";"Phillips Scott";"UK";122;100.0;107.08;"2026-02-20";"2026-02-24"
"G00690";"Mensah Green";"UK";229;200.0;207.04;"2026-01-29";"2026-02-01"
"G00691";"Khan Wilson";"USA";102;50.0;34.86;"2026-02-09";"2026-02-12"
"G00692";"Phillips Phillips";"USA";316;200.0;59.7;"2026-02-28";"2026-03-01"
"G00693";"Morgan Martinez";"France";204;100.0;42.65;"2026-03-27";"2026-03-28"
"G00694";"Baker Lewis";"UK";406;200.0;53.68;"2026-04-14";"2026-04-15"
"G00695";"Perez Boateng";"USA";209;50.0;30.0;"2026-01-28";"2026-01-29"
"G00696";"Bailey Boateng";"Ireland";513;0.0;0.0;"2026-02-19";"2026-02-22"
"G00697";"Campbell Roberts";"UK";316;0.0;0.0;"2026-03-11";"2026-03-12"
"G00698";"Thomas Mitchell";"Nigeria";434;150.0;23.46;"2026-01-23";"2026-01-26"
"G00699";"Wright Adams";"UK";124;0.0;0.0;"2026-06-10";"2026-06-12"
"G00700";"Evans Murphy";"France";515;200.0;209.06;"2026-05-07";"2026-05-09"
"G00701";"Mensah Evans";"Ireland";423;0.0;0.0;"2026-03-06";"2026-03-09"
"G00702";"Brown Adams";"UK";118;100.0;87.34;"2026-02-01";"2026-02-04"
"G00703";"Roberts Hall";"UK";126;100.0;91.97;"2026-02-01";"2026-02-05"
"G00704";"Mitchell Wilson";"UK";432;100.0;33.88;"2026-01-02";"2026-01-03"
"G00705";"Cooper Moore";"Spain";123;200.0;73.48;"2026-03-02";"2026-03-04"
"G00706";"Cook Phillips";"UK";527;150.0;39.96;"2026-05-19";"2026-05-23"
"G00707";"Morgan Reid";"USA";420;50.0;41.45;"2026-03-10";"2026-03-12"
"G00708";"Morris Hall";"UK";108;50.0;8.73;"2026-04-18";"2026-04-22"
"G00709";"Campbell Thompson";"UK";207;100.0;99.22;"2026-02-15";"2026-02-17"
"G00710";"Carter Parker";"UK";329;200.0;184.13;"2026-03-02";"2026-03-06"
"G00711";"Wright Hussain";"UK";116;200.0;78.9;"2026-06-26";"2026-06-30"
"G00712";"Parker Reid";"South Korea";324;150.0;7.03;"2026-05-07";"2026-05-09"
"G00714";"Garcia Evans";"UK";307;200.0;215.17;"2026-06-03";"2026-06-08"
"G00715";"Ahmed Harris";"USA";102;50.0;44.23;"2026-05-04";"2026-05-08"
"G00716";"Garcia Rahman";"South Korea";308;50.0;18.39;"2026-03-23";"2026-03-24"
"G00717";"Mitchell Hussain";"France";218;100.0;101.4;"2026-03-06";"2026-03-08"
"G00718";"King Parker";"UK";321;200.0;76.2;"2026-06-12";"2026-06-14"
"G00719";"Rogers Phillips";"Spain";313;150.0;114.37;"2026-05-19";"2026-05-22"
"G00720";"Miller Rahman";"USA";525;0.0;0.0;"2026-06-07";"2026-06-09"
"G00721";"Evans Hussain";"Nigeria";214;100.0;117.11;"2026-05-25";"2026-05-29"
"G00722";"Cook Carter";"UK";321;100.0;4.31;"2026-01-31";"2026-02-03"
"G00723";"Mitchell Harris";"UK";129;150.0;47.6;"2026-05-10";"2026-05-17"
"G00724";"Nelson Walker";"France";525;150.0;146.64;"2026-03-10";"2026-03-13"
"G00725";"Edwards Parker";"Netherlands";527;150.0;124.9;"2026-03-23";"2026-03-25"
"G00726";"Baker Boateng";"UK";533;0.0;0.0;"2026-06-18";"2026-06-21"
"G00727";"Morris Moore";"USA";219;0.0;0.0;"2026-06-04";"2026-06-05"
"G00728";"Johnson Lewis";"USA";502;100.0;6.07;"2026-04-23";"2026-04-26"
"G00729";"Phillips Lewis";"UK";224;200.0;230.85;"2026-06-03";"2026-06-04"
"G00730";"Patel Hall";"Nigeria";225;200.0;197.94;"2026-06-01";"2026-06-02"
"G00731";"Khan Wright";"UK";411;200.0;211.32;"2026-06-04";"2026-06-06"
"G00732";"Carter Taylor";"Nigeria";527;150.0;88.59;"2026-04-15";"2026-04-18"
"G00733";"Patel Perez";"France";206;150.0;45.19;"2026-02-08";"2026-02-14"
"G00734";"Green Phillips";"Spain";401;50.0;16.49;"2026-04-20";"2026-04-22"
"G00735";"Martin Reid";"USA";506;150.0;23.11;"2026-04-23";"2026-04-25"
"G00736";"Edwards Mitchell";"UK";501;200.0;65.58;"2026-05-23";"2026-05-28"
"G00737";"Garcia Wright";"USA";326;200.0;151.91;"2026-01-28";"2026-01-30"
"G00738";"Roberts Shah";"USA";501;100.0;92.4;"2026-06-01";"2026-06-05"
"G00739";"Rogers Baker";"UK";421;200.0;196.75;"2026-03-25";"2026-03-27"
"G00740";"Cook Phillips";"UK";515;150.0;2.05;"2026-06-25";"2026-06-29"
"G00741";"Hall Campbell";"USA";528;150.0;87.09;"2026-04-15";"2026-04-18"
"G00742";"Green Ahmed";"South Korea";106;0.0;0.0;"2026-01-20";"2026-01-22"
"G00743";"Cook Walker";"Ghana";411;150.0;77.34;"2026-04-26";"2026-04-29"
"G00744";"Adams Walker";"Nigeria";502;50.0;17.27;"2026-03-21";"2026-03-22"
"G00745";"Turner Nwosu";"USA";110;200.0;48.65;"2026-05-13";"2026-05-15"
"G00746";"Ali Nelson";"Spain";411;50.0;51.65;"2026-03-03";"2026-03-05"
"G00747";"Bailey Martinez";"UK";503;150.0;5.8;"2026-05-13";"2026-05-15"
"G00748";"Stewart Adeyemi";"UK";403;200.0;219.43;"2026-03-21";"2026-03-27"
"G00749";"Campbell Lewis";"Italy";532;200.0;195.9;"2026-06-29";"2026-06-30"
"G00750";"Bailey Turner";"USA";412;200.0;98.56;"2026-06-13";"2026-06-14"
"G00751";"Turner Shah";"USA";131;50.0;33.73;"2026-06-19";"2026-06-20"
"G00752";"Morgan Harris";"Ghana";204;100.0;106.41;"2026-01-03";"2026-01-07"
"G00753";"Morgan Roberts";"France";305;200.0;214.36;"2026-05-01";"2026-05-07"
"G00754";"Smith Young";"USA";313;150.0;172.19;"2026-03-06";"2026-03-11"
"G00755";"Carter Scott";"UK";215;100.0;60.37;"2026-02-13";"2026-02-17"
"G00756";"Smith Campbell";"Italy";501;0.0;0.0;"2026-02-02";"2026-02-04"
"G00757";"Clark Hall";"USA";122;100.0;23.77;"2026-01-05";"2026-01-07"
"G00758";"Khan Jones";"Italy";410;100.0;55.52;"2026-03-03";"2026-03-06"
"G00759";"Cook Martinez";"UK";101;200.0;47.72;"2026-06-07";"2026-06-09"
"G00760";"Hall Adams";"UK";132;200.0;159.47;"2026-06-01";"2026-06-05"
"G00761";"Ahmed Parker";"Nigeria";409;100.0;108.45;"2026-02-08";"2026-02-09"
"G00762";"Young Davis";"Spain";231;100.0;110.07;"2026-05-04";"2026-05-07"
"G00763";"Smith Thompson";"USA";207;200.0;137.19;"2026-02-09";"2026-02-13"
"G00764";"Baker Young";"UK";126;0.0;6.96;"2026-02-06";"2026-02-08"
"G00765";"Miller Hall";"USA";104;0.0;0.0;"2026-02-22";"2026-02-24"
"G00766";"Turner Harris";"Canada";221;200.0;213.16;"2026-02-11";"2026-02-13"
"G00767";"Garcia King";"South Korea";310;100.0;96.09;"2026-03-12";"2026-03-15"
"G00768";"Taylor Adeyemi";"UK";532;50.0;38.55;"2026-02-25";"2026-03-03"
"G00769";"Young Carter";"Germany";302;50.0;27.13;"2026-06-14";"2026-06-15"
"G00770";"Wright Scott";"UK";217;0.0;0.0;"2026-03-08";"2026-03-09"
"G00771";"King Young";"Netherlands";218;0.0;0.0;"2026-02-07";"2026-02-11"
"G00772";"Miller Scott";"UK";134;150.0;112.43;"2026-03-27";"2026-03-30"
"G00773";"Okafor Hall";"USA";416;200.0;197.46;"2026-03-09";"2026-03-14"
"G00774";"Rogers Ahmed";"UK";320;50.0;22.95;"2026-04-20";"2026-04-22"
"G00775";"Young Roberts";"Italy";422;100.0;3.8;"2026-03-30";"2026-04-02"
"G00776";"Williams Hall";"Spain";428;200.0;207.83;"2026-04-10";"2026-04-15"
"G00777";"Thomas Nwosu";"Nigeria";425;0.0;0.0;"2026-06-11";"2026-06-13"
"G00778";"Patel Moore";"UK";133;0.0;35.58;"2026-01-14";"2026-01-16"
"G00779";"Thomas Hall";"UK";208;150.0;7.42;"2026-03-06";"2026-03-09"
"G00780";"Hall Murphy";"Spain";307;200.0;76.31;"2026-06-03";"2026-06-06"
"G00781";"Morgan Turner";"Netherlands";212;150.0;86.99;"2026-05-24";"2026-05-27"
"G00782";"Edwards Rahman";"Spain";104;0.0;0.0;"2026-06-28";"2026-06-30"
"G00783";"Rogers Murphy";"Nigeria";408;200.0;136.5;"2026-02-23";"2026-02-27"
"G00784";"Mitchell Nelson";"Spain";231;100.0;6.69;"2026-01-09";"2026-01-16"
"G00785";"Brown Young";"UK";410;100.0;12.71;"2026-04-05";"2026-04-07"
"G00786";"Parker Mitchell";"Ghana";216;100.0;109.58;"2026-04-25";"2026-04-27"
"G00787";"Ahmed Adams";"UK";124;100.0;74.57;"2026-04-18";"2026-04-20"
"G00788";"Wilson Hall";"Ireland";106;0.0;26.0;"2026-02-18";"2026-02-21"
"G00789";"Morgan Nelson";"Ghana";109;100.0;27.63;"2026-02-12";"2026-02-14"
"G00790";"Nelson Rahman";"Ireland";520;100.0;61.83;"2026-05-14";"2026-05-15"
"G00791";"Parker Harris";"USA";428;200.0;161.81;"2026-01-10";"2026-01-11"
"G00792";"Okafor Nelson";"UK";132;150.0;52.43;"2026-02-23";"2026-02-26"
"G00793";"Stewart Campbell";"UK";424;50.0;56.88;"2026-03-19";"2026-03-23"
"G00794";"Edwards Roberts";"Germany";504;200.0;33.41;"2026-03-25";"2026-03-26"
"G00795";"Khan Boateng";"France";433;200.0;61.56;"2026-02-27";"2026-03-01"
"G00796";"Carter Reid";"UK";313;200.0;31.77;"2026-02-09";"2026-02-12"
"G00797";"Clark Parker";"Spain";415;200.0;17.17;"2026-03-29";"2026-04-05"
"G00798";"Taylor Murphy";"France";118;100.0;68.02;"2026-01-22";"2026-01-24"
"G00799";"Turner White";"Ghana";129;0.0;0.0;"2026-01-18";"2026-01-20"
"G00800";"Patel Jones";"USA";105;200.0;131.17;"2026-04-10";"2026-04-14"
"G00801";"King Evans";"UK";201;150.0;89.66;"2026-03-06";"2026-03-08"
"G00803";"Taylor Adams";"UK";520;200.0;0.8;"2026-04-12";"2026-04-14"
"G00804";"Phillips Adeyemi";"Ghana";134;0.0;61.96;"2026-04-22";"2026-04-24"
"G00805";"Adebayo Moore";"USA";132;100.0;34.18;"2026-02-08";"2026-02-10"
"G00806";"Turner Hall";"Ireland";534;200.0;89.1;"2026-05-22";"2026-05-25"
"G00807";"Adams Baker";"UK";421;150.0;74.11;"2026-05-19";"2026-05-20"
"G00808";"Young King";"UK";417;200.0;20.86;"2026-05-16";"2026-05-19"
"G00809";"Roberts Carter";"USA";425;100.0;21.91;"2026-06-02";"2026-06-04"
"G00810";"Morgan Adeyemi";"Nigeria";515;200.0;139.82;"2026-04-09";"2026-04-11"
"G00811";"Roberts Kim";"Italy";521;100.0;3.08;"2026-04-29";"2026-05-02"
"G00812";"Wright Murphy";"Canada";301;150.0;98.06;"2026-01-06";"2026-01-07"
"G00813";"Clark Carter";"Spain";402;150.0;100.09;"2026-01-05";"2026-01-12"
"G00814";"Turner Davis";"UK";414;100.0;109.41;"2026-03-24";"2026-03-31"
"G00815";"Hall Reid";"Netherlands";306;100.0;42.72;"2026-01-27";"2026-01-30"
"G00816";"Phillips Kim";"UK";502;200.0;156.21;"2026-05-05";"2026-05-07"
"G00817";"Cooper King";"UK";523;100.0;16.96;"2026-04-24";"2026-04-27"
"G00818";"Garcia Lewis";"UK";415;100.0;94.24;"2026-02-16";"2026-02-17"
"G00819";"Adams Taylor";"UK";304;200.0;97.53;"2026-06-29";"2026-06-30"
"G00820";"Morris Perez";"UK";405;150.0;130.57;"2026-05-25";"2026-05-28"
"G00821";"Nelson Reid";"Spain";332;150.0;148.59;"2026-05-08";"2026-05-10"
"G00822";"Edwards Taylor";"USA";111;100.0;78.36;"2026-05-01";"2026-05-06"
"G00823";"Campbell Thompson";"USA";316;200.0;126.28;"2026-01-02";"2026-01-08"
"G00824";"Johnson Reid";"USA";419;50.0;39.76;"2026-06-13";"2026-06-16"
"G00825";"Johnson Parker";"UK";428;0.0;25.79;"2026-05-01";"2026-05-04"
"G00826";"Morris Adams";"UK";423;150.0;141.91;"2026-02-14";"2026-02-18"
"G00827";"Nelson Turner";"Ghana";425;150.0;24.85;"2026-02-01";"2026-02-03"
"G00828";"Edwards Boateng";"Spain";111;100.0;50.42;"2026-01-05";"2026-01-07"
"G00829";"Davies Walker";"Canada";505;200.0;94.1;"2026-02-28";"2026-03-06"
"G00830";"Davies Hussain";"UK";534;200.0;98.87;"2026-06-12";"2026-06-13"
"G00831";"Clark Shah";"Spain";427;150.0;117.45;"2026-01-09";"2026-01-10"
"G00832";"Phillips King";"Ghana";112;0.0;0.0;"2026-03-04";"2026-03-07"
"G00833";"Brown Reid";"UK";407;200.0;107.73;"2026-06-15";"2026-06-19"
"G00834";"Okafor Green";"Germany";528;200.0;162.99;"2026-01-23";"2026-01-25"
"G00835";"Morris Roberts";"Canada";332;0.0;81.07;"2026-06-13";"2026-06-15"
"G00836";"Morgan Nwosu";"UK";208;200.0;31.57;"2026-02-01";"2026-02-02"
"G00837";"Morris Hussain";"Germany";303;0.0;0.0;"2026-02-24";"2026-03-01"
"G00839";"Martin Moore";"USA";431;0.0;0.0;"2026-06-05";"2026-06-09"
"G00840";"Carter Nelson";"UK";427;100.0;107.41;"2026-05-13";"2026-05-15"
"G00841";"Wright Carter";"Italy";416;0.0;0.0;"2026-05-24";"2026-05-28"
"G00842";"Walker Jones";"USA";532;100.0;64.38;"2026-05-23";"2026-05-25"
"G00843";"Edwards Thompson";"UK";102;200.0;84.62;"2026-05-03";"2026-05-04"
"G00844";"Clark Murphy";"Spain";316;200.0;110.61;"2026-01-25";"2026-01-29"
"G00845";"Clark Nwosu";"Spain";234;100.0;66.93;"2026-05-02";"2026-05-03"
"G00847";"Davies Taylor";"Nigeria";209;50.0;31.7;"2026-03-27";"2026-03-28"
"G00848";"Cooper Bernard";"Netherlands";127;150.0;56.78;"2026-03-15";"2026-03-20"
"G00849";"Baker Campbell";"UK";527;150.0;143.11;"2026-03-26";"2026-04-02"
"G00850";"Bell Moore";"Germany";326;200.0;220.86;"2026-06-26";"2026-06-30"
"G00851";"Evans Green";"USA";318;200.0;174.19;"2026-03-21";"2026-03-23"
"G00852";"Ahmed Green";"UK";406;100.0;48.32;"2026-04-18";"2026-04-20"
"G00854";"Lee Nwosu";"USA";423;200.0;148.29;"2026-01-31";"2026-02-03"
"G00855";"Lee Thompson";"Ghana";401;50.0;3.35;"2026-05-04";"2026-05-05"
"G00856";"Wilson Hussain";"UK";401;150.0;130.42;"2026-01-08";"2026-01-10"
"G00857";"King Roberts";"UK";110;100.0;51.81;"2026-01-26";"2026-01-30"
"G00858";"Okafor Wright";"UK";119;200.0;18.83;"2026-04-14";"2026-04-17"
"G00859";"Green Murphy";"South Korea";225;150.0;76.49;"2026-03-22";"2026-03-23"
"G00860";"Clark Boateng";"UK";522;100.0;41.39;"2026-03-30";"2026-04-01"
"G00861";"Williams Shah";"South Korea";511;0.0;0.0;"2026-04-01";"2026-04-05"
"G00862";"Smith Shah";"South Korea";429;0.0;82.91;"2026-06-25";"2026-06-30"
"G00863";"Anderson Nwosu";"UK";217;100.0;14.99;"2026-05-29";"2026-06-01"
"G00865";"Garcia Hussain";"France";124;150.0;15.37;"2026-01-07";"2026-01-11"
"G00866";"Adebayo Baker";"Spain";207;150.0;84.13;"2026-06-22";"2026-06-23"
"G00867";"Garcia Moore";"UK";306;0.0;57.8;"2026-04-01";"2026-04-03"
"G00868";"King Hall";"UK";323;100.0;35.3;"2026-03-17";"2026-03-19"
"G00869";"Adebayo Perez";"Ghana";431;0.0;92.42;"2026-05-09";"2026-05-11"
"G00870";"Campbell King";"UK";426;50.0;23.2;"2026-05-16";"2026-05-18"
"G00871";"Mitchell Adams";"Germany";104;0.0;0.0;"2026-01-16";"2026-01-21"
"G00873";"Edwards Nwosu";"UK";530;50.0;35.19;"2026-06-26";"2026-06-30"
"G00874";"Rogers Murphy";"UK";218;100.0;11.62;"2026-06-01";"2026-06-06"
"G00875";"King Kim";"USA";133;200.0;141.34;"2026-04-17";"2026-04-20"
"G00876";"Mensah Walker";"Canada";204;0.0;53.78;"2026-03-20";"2026-03-23"
"G00877";"Roberts Carter";"Nigeria";412;0.0;0.0;"2026-06-21";"2026-06-25"
"G00878";"Thomas Perez";"Ghana";124;100.0;79.08;"2026-01-13";"2026-01-16"
"G00879";"Ali Wilson";"Netherlands";106;50.0;26.48;"2026-02-05";"2026-02-09"
"G00880";"Patel Shah";"UK";309;0.0;0.0;"2026-06-01";"2026-06-02"
"G00881";"Green Roberts";"UK";302;100.0;43.9;"2026-05-24";"2026-05-25"
"G00882";"Baker Kim";"Netherlands";431;0.0;0.0;"2026-06-23";"2026-06-28"
"G00883";"Edwards King";"Germany";313;0.0;0.0;"2026-02-13";"2026-02-15"
"G00884";"Khan Parker";"UK";402;150.0;38.4;"2026-02-28";"2026-03-01"
"G00885";"Mensah King";"Nigeria";215;200.0;167.16;"2026-02-18";"2026-02-23"
"G00886";"Collins Parker";"Italy";310;100.0;5.0;"2026-03-02";"2026-03-03"
"G00887";"Clark Bernard";"South Korea";110;200.0;178.08;"2026-02-23";"2026-02-28"
"G00888";"Evans Young";"UK";215;200.0;215.61;"2026-04-08";"2026-04-11"
"G00889";"Hall Hall";"Canada";525;0.0;0.0;"2026-02-27";"2026-03-06"
"G00890";"Phillips Young";"UK";322;0.0;0.0;"2026-06-19";"2026-06-22"
"G00891";"Williams Kim";"Nigeria";321;50.0;41.41;"2026-02-21";"2026-02-22"
"G00892";"Evans Perez";"UK";211;0.0;0.0;"2026-03-29";"2026-04-02"
"G00893";"Morgan Perez";"South Korea";206;100.0;95.74;"2026-03-04";"2026-03-08"
"G00894";"Cook Reid";"Canada";303;0.0;0.0;"2026-01-24";"2026-01-30"
"G00895";"Bell Baker";"UK";209;50.0;53.02;"2026-05-09";"2026-05-11"
"G00896";"Parker Ahmed";"UK";127;150.0;154.93;"2026-01-05";"2026-01-06"
"G00897";"Campbell Jones";"Ghana";404;200.0;49.24;"2026-01-15";"2026-01-18"
"G00898";"Turner Carter";"UK";403;0.0;0.0;"2026-02-22";"2026-02-27"
"G00899";"Anderson Hall";"UK";304;200.0;157.45;"2026-01-18";"2026-01-20"
"G00900";"Martin Ahmed";"France";405;0.0;0.0;"2026-05-07";"2026-05-09"
"G00901";"Thomas Walker";"Ireland";407;200.0;66.49;"2026-01-03";"2026-01-04"
"G00902";"Parker Roberts";"UK";213;100.0;95.28;"2026-01-20";"2026-01-24"
"G00903";"Nelson Boateng";"USA";225;100.0;41.4;"2026-04-21";"2026-04-24"
"G00904";"Turner Adams";"UK";308;100.0;9.57;"2026-03-19";"2026-03-23"
"G00905";"Patel King";"USA";310;150.0;21.04;"2026-05-05";"2026-05-06"
"G00906";"Ahmed Thompson";"UK";507;150.0;167.22;"2026-03-24";"2026-03-29"
"G00907";"Rogers Wilson";"UK";432;100.0;98.01;"2026-02-14";"2026-02-15"
"G00908";"Bailey Boateng";"USA";403;100.0;41.87;"2026-06-22";"2026-06-25"
"G00909";"Turner Moore";"France";216;150.0;135.51;"2026-01-26";"2026-01-29"
"G00910";"Wilson Lewis";"Ireland";327;100.0;54.54;"2026-02-12";"2026-02-13"
"G00911";"Walker Hussain";"Nigeria";420;150.0;152.04;"2026-06-17";"2026-06-20"
"G00912";"Cook Parker";"UK";228;200.0;91.42;"2026-01-12";"2026-01-15"
"G00913";"King Murphy";"Canada";310;200.0;40.46;"2026-03-21";"2026-03-28"
"G00914";"Ali Moore";"UK";220;100.0;40.67;"2026-02-16";"2026-02-19"
"G00915";"Thomas Campbell";"USA";430;100.0;111.37;"2026-04-06";"2026-04-07"
"G00916";"Patel Green";"UK";115;100.0;95.01;"2026-03-14";"2026-03-18"
"G00917";"Perez Reid";"Spain";503;100.0;70.31;"2026-04-13";"2026-04-15"
"G00918";"Williams Reid";"UK";427;200.0;232.36;"2026-03-10";"2026-03-13"
"G00919";"Adams Walker";"Nigeria";222;100.0;39.78;"2026-04-20";"2026-04-21"
"G00920";"Miller Parker";"Italy";231;150.0;117.97;"2026-02-01";"2026-02-06"
"G00921";"Stewart Harris";"UK";424;150.0;20.73;"2026-04-27";"2026-05-02"
"G00922";"Thomas Wright";"UK";218;0.0;0.0;"2026-05-10";"2026-05-15"
"G00923";"Green Wright";"Ireland";518;100.0;61.95;"2026-01-12";"2026-01-15"
"G00924";"Edwards Nwosu";"Germany";525;100.0;56.64;"2026-06-04";"2026-06-07"
"G00925";"Davies Ahmed";"Netherlands";319;200.0;160.18;"2026-06-04";"2026-06-06"
"G00926";"Bell Adeyemi";"Netherlands";407;200.0;31.23;"2026-06-15";"2026-06-17"
"G00927";"Mensah Kim";"France";431;0.0;0.0;"2026-01-18";"2026-01-21"
"G00928";"Brown White";"Spain";516;200.0;117.62;"2026-04-30";"2026-05-01"
"G00929";"Perez Murphy";"Germany";503;150.0;14.77;"2026-04-08";"2026-04-13"
"G00930";"Garcia White";"UK";513;150.0;151.34;"2026-02-24";"2026-02-28"
"G00931";"Hall Harris";"USA";128;150.0;20.61;"2026-01-06";"2026-01-07"
"G00933";"Young Phillips";"USA";418;150.0;169.13;"2026-05-02";"2026-05-05"
"G00934";"Smith Harris";"Nigeria";514;200.0;145.17;"2026-06-25";"2026-06-27"
"G00935";"Thomas Nwosu";"South Korea";121;100.0;97.12;"2026-01-03";"2026-01-06"
"G00936";"Khan Perez";"Spain";427;100.0;54.83;"2026-04-20";"2026-04-26"
"G00937";"Adebayo Evans";"UK";411;100.0;33.14;"2026-05-16";"2026-05-20"
"G00938";"Miller Carter";"Ireland";225;150.0;76.33;"2026-04-12";"2026-04-15"
"G00939";"Rogers Young";"Netherlands";226;0.0;0.0;"2026-03-05";"2026-03-08"
"G00940";"Garcia Shah";"Ghana";525;100.0;75.05;"2026-06-16";"2026-06-19"
"G00941";"Bailey Hussain";"Ghana";410;150.0;135.92;"2026-02-22";"2026-02-24"
"G00942";"Khan Hall";"UK";406;100.0;22.6;"2026-04-03";"2026-04-06"
"G00943";"Patel Perez";"USA";409;0.0;89.75;"2026-04-08";"2026-04-15"
"G00944";"Rogers Shah";"USA";324;200.0;147.92;"2026-03-08";"2026-03-09"
"G00945";"Thomas Mitchell";"UK";434;200.0;87.21;"2026-03-19";"2026-03-21"
"G00946";"Davies Adeyemi";"USA";332;0.0;0.0;"2026-01-23";"2026-01-24"
"G00947";"Perez Rahman";"France";228;0.0;0.0;"2026-05-12";"2026-05-15"
"G00948";"Martin Bernard";"UK";203;0.0;0.0;"2026-05-19";"2026-05-21"
"G00949";"Adams Green";"South Korea";230;50.0;51.83;"2026-05-15";"2026-05-21"
"G00950";"Mitchell Moore";"South Korea";304;50.0;37.33;"2026-06-11";"2026-06-15"
"G00951";"Wilson Jones";"USA";514;100.0;111.42;"2026-02-18";"2026-02-20"
"G00952";"Okafor Baker";"Nigeria";321;200.0;143.99;"2026-02-15";"2026-02-17"
"G00953";"Wilson Murphy";"UK";402;0.0;0.0;"2026-01-23";"2026-01-26"
"G00954";"Edwards Carter";"UK";111;150.0;139.81;"2026-06-18";"2026-06-20"
"G00955";"Wright Wright";"Spain";107;100.0;75.97;"2026-02-28";"2026-03-02"
"G00956";"Ahmed Evans";"Spain";533;150.0;91.32;"2026-04-07";"2026-04-10"
"G00957";"Mitchell Parker";"UK";423;100.0;34.5;"2026-03-14";"2026-03-19"
"G00958";"Green Campbell";"Ghana";502;0.0;32.25;"2026-04-22";"2026-04-25"
"G00959";"Stewart Reid";"UK";517;100.0;62.25;"2026-02-11";"2026-02-13"
"G00960";"Nelson Green";"UK";411;100.0;42.7;"2026-04-24";"2026-04-30"
"G00961";"Wright Wright";"Germany";329;150.0;115.04;"2026-06-05";"2026-06-12"
"G00962";"Khan Harris";"UK";502;200.0;160.04;"2026-06-02";"2026-06-03"
"G00963";"Patel Hussain";"Spain";205;200.0;179.59;"2026-03-24";"2026-03-27"
"G00964";"Collins Thompson";"UK";213;200.0;43.71;"2026-03-22";"2026-03-26"
"G00965";"Bailey Carter";"USA";214;0.0;0.0;"2026-05-14";"2026-05-15"
"G00966";"Anderson Reid";"UK";406;100.0;76.72;"2026-03-29";"2026-04-02"
"G00967";"Cook White";"UK";118;100.0;51.63;"2026-01-02";"2026-01-04"
"G00968";"Stewart Taylor";"USA";104;100.0;6.14;"2026-02-06";"2026-02-08"
"G00969";"Brown Murphy";"France";504;0.0;0.0;"2026-04-04";"2026-04-08"
"G00970";"Taylor Ahmed";"USA";420;150.0;40.49;"2026-01-27";"2026-01-28"
"G00971";"Phillips Davis";"UK";229;200.0;48.58;"2026-05-16";"2026-05-17"
"G00972";"Cooper Green";"Nigeria";526;100.0;2.49;"2026-05-16";"2026-05-19"
"G00973";"Hall Hall";"Ireland";513;200.0;54.15;"2026-06-23";"2026-06-25"
"G00974";"Collins Parker";"USA";303;0.0;40.73;"2026-01-29";"2026-01-31"
"G00975";"Martin Boateng";"UK";429;100.0;72.63;"2026-03-23";"2026-03-26"
"G00976";"Smith Turner";"Spain";511;200.0;105.42;"2026-04-20";"2026-04-24"
"G00977";"Adams Shah";"Spain";430;150.0;21.67;"2026-05-29";"2026-06-01"
"G00978";"Bell Nelson";"UK";314;0.0;0.0;"2026-04-23";"2026-04-25"
"G00979";"Hall Murphy";"UK";515;100.0;44.84;"2026-06-21";"2026-06-24"
"G00980";"Turner Murphy";"UK";515;0.0;0.0;"2026-05-06";"2026-05-09"
"G00981";"Cooper Lewis";"Netherlands";408;100.0;76.35;"2026-03-21";"2026-03-23"
"G00982";"Cook Young";"USA";412;150.0;33.09;"2026-06-10";"2026-06-11"
"G00983";"Okafor Taylor";"USA";228;0.0;0.0;"2026-02-04";"2026-02-06"
"G00984";"Johnson Carter";"UK";413;200.0;206.44;"2026-01-29";"2026-02-01"
"G00985";"Cooper Martinez";"UK";413;0.0;68.93;"2026-04-09";"2026-04-12"
"G00986";"Bailey Lewis";"Nigeria";119;200.0;137.56;"2026-03-23";"2026-03-26"
"G00987";"Phillips Nelson";"South Korea";118;200.0;165.39;"2026-04-15";"2026-04-16"
"G00988";"Morris Campbell";"UK";423;150.0;133.09;"2026-04-21";"2026-04-23"
"G00989";"Perez Young";"UK";512;100.0;18.07;"2026-05-20";"2026-05-22"
"G00990";"Bailey Davis";"UK";106;0.0;0.0;"2026-06-13";"2026-06-17"
"G00991";"Anderson Harris";"UK";501;150.0;10.58;"2026-02-28";"2026-03-01"
"G00992";"Green Nwosu";"UK";402;150.0;149.04;"2026-02-26";"2026-02-28"
"G00993";"Phillips Scott";"UK";209;50.0;7.7;"2026-01-07";"2026-01-10"
"G00994";"Taylor Scott";"UK";133;150.0;170.65;"2026-01-27";"2026-01-28"
"G00995";"Wilson Wright";"UK";117;200.0;36.33;"2026-04-13";"2026-04-14"
"G00996";"Khan Lewis";"Ireland";413;200.0;138.97;"2026-06-12";"2026-06-15"
"G00997";"Clark Nwosu";"UK";503;0.0;0.0;"2026-03-17";"2026-03-19"
"G00998";"Edwards Davis";"UK";405;0.0;0.0;"2026-03-10";"2026-03-12"
"G00999";"Rogers Wilson";"Spain";316;0.0;11.64;"2026-05-13";"2026-05-15"
"G01000";"Taylor Lewis";"UK";329;200.0;172.63;"2026-06-08";"2026-06-11"
"G01001";"Anderson Carter";"Italy";328;200.0;76.86;"2026-06-13";"2026-06-16"
"G01002";"Ahmed Rahman";"UK";324;0.0;0.0;"2026-03-28";"2026-03-31"
"G01003";"Carter Nwosu";"USA";103;100.0;85.99;"2026-01-29";"2026-02-01"
"G01004";"Mensah Young";"USA";222;0.0;0.0;"2026-04-17";"2026-04-20"
"G01005";"Carter Nwosu";"Germany";515;200.0;179.07;"2026-05-22";"2026-05-24"
"G01006";"Davies Taylor";"UK";219;0.0;0.0;"2026-04-20";"2026-04-24"
"G01007";"Nelson Mitchell";"UK";130;100.0;82.73;"2026-01-08";"2026-01-09"
"G01008";"Garcia Kim";"USA";225;50.0;43.1;"2026-05-22";"2026-05-25"
"G01009";"Campbell Martinez";"Germany";229;100.0;4.81;"2026-05-28";"2026-06-02"
"G01010";"Mensah White";"France";103;150.0;3.61;"2026-02-21";"2026-02-26"
"G01011";"Anderson Wright";"Nigeria";201;100.0;97.74;"2026-02-13";"2026-02-16"
"G01012";"Lee Young";"UK";506;100.0;93.16;"2026-03-21";"2026-03-24"
"G01013";"Murphy Campbell";"Spain";221;100.0;29.27;"2026-05-14";"2026-05-16"
"G01014";"Nelson Green";"USA";429;0.0;0.0;"2026-02-11";"2026-02-15"
"G01015";"Nelson Evans";"USA";101;150.0;33.89;"2026-01-31";"2026-02-03"
"G01016";"Cook Green";"UK";314;0.0;0.0;"2026-03-10";"2026-03-13"
"G01017";"Hall Rahman";"UK";416;100.0;114.8;"2026-06-04";"2026-06-08"
"G01018";"Taylor Lewis";"UK";223;100.0;19.84;"2026-06-17";"2026-06-18"
"G01019";"Morgan Nwosu";"Spain";216;150.0;147.28;"2026-01-30";"2026-02-03"
"G01020";"Phillips Harris";"Spain";503;100.0;102.77;"2026-02-06";"2026-02-07"
"G01021";"Mitchell Rahman";"USA";521;100.0;111.88;"2026-04-28";"2026-05-03"
"G01022";"Hall White";"UK";101;200.0;126.81;"2026-05-07";"2026-05-11"
"G01023";"Patel Nwosu";"South Korea";113;100.0;64.36;"2026-03-20";"2026-03-25"
"G01024";"Campbell Evans";"USA";129;200.0;158.14;"2026-04-06";"2026-04-11"
"G01025";"Parker Wright";"UK";533;100.0;4.59;"2026-05-24";"2026-05-27"
"G01026";"Nelson Nwosu";"Ghana";408;100.0;71.24;"2026-04-06";"2026-04-07"
"G01027";"King Carter";"USA";201;200.0;94.76;"2026-01-22";"2026-01-28"
"G01028";"Ahmed Lewis";"Germany";215;100.0;73.16;"2026-06-04";"2026-06-08"
"G01029";"Morgan Harris";"USA";217;100.0;74.75;"2026-01-04";"2026-01-06"
"G01030";"Williams Perez";"Canada";222;150.0;152.97;"2026-03-22";"2026-03-25"
"G01031";"Adebayo Lewis";"Ghana";120;200.0;58.96;"2026-06-22";"2026-06-25"
"G01032";"Williams Parker";"Ghana";122;150.0;149.81;"2026-03-13";"2026-03-17"
"G01033";"Adams Wilson";"UK";326;100.0;13.73;"2026-05-23";"2026-05-24"
"G01034";"Parker Rahman";"Spain";331;200.0;235.68;"2026-06-02";"2026-06-05"
"G01035";"Patel Roberts";"UK";502;100.0;35.14;"2026-05-10";"2026-05-14"
"G01036";"Mensah Ahmed";"USA";520;100.0;70.73;"2026-03-02";"2026-03-05"
"G01037";"Wright Hussain";"UK";522;200.0;161.34;"2026-06-20";"2026-06-22"
"G01038";"Stewart Wilson";"UK";401;100.0;53.71;"2026-01-25";"2026-01-27"
"G01039";"Murphy Turner";"USA";129;200.0;131.58;"2026-05-13";"2026-05-17"
"G01040";"Cooper Ahmed";"USA";115;150.0;112.35;"2026-03-28";"2026-03-29"
"G01041";"Ali Green";"Spain";419;50.0;49.5;"2026-03-26";"2026-03-29"
"G01042";"Walker Davis";"Ireland";107;200.0;96.21;"2026-05-04";"2026-05-08"
"G01043";"Evans Turner";"UK";420;200.0;96.53;"2026-06-22";"2026-06-26"
"G01044";"Murphy Thompson";"UK";313;150.0;30.51;"2026-06-12";"2026-06-14"
"G01046";"Martin Baker";"UK";312;100.0;79.2;"2026-06-24";"2026-06-28"
"G01047";"Cook Parker";"Germany";430;100.0;100.77;"2026-05-14";"2026-05-16"
"G01048";"Phillips Phillips";"Ireland";207;100.0;74.5;"2026-03-14";"2026-03-18"
"G01049";"Wright Murphy";"Netherlands";323;150.0;146.4;"2026-02-05";"2026-02-08"
"G01050";"Turner Taylor";"USA";329;200.0;211.09;"2026-06-20";"2026-06-22"
"G01051";"Nelson Martinez";"UK";531;100.0;108.22;"2026-05-19";"2026-05-23"
"G01052";"Young Evans";"Nigeria";226;0.0;0.0;"2026-05-02";"2026-05-06"
"G01053";"Lee Kim";"UK";520;100.0;76.47;"2026-05-06";"2026-05-07"
"G01054";"Ahmed Evans";"Nigeria";202;50.0;8.43;"2026-06-11";"2026-06-12"
"G01055";"Bailey Davis";"UK";403;150.0;111.68;"2026-05-11";"2026-05-13"
"G01056";"Ali Ahmed";"UK";219;100.0;96.36;"2026-02-13";"2026-02-14"
"G01057";"Baker Carter";"South Korea";206;100.0;21.72;"2026-04-05";"2026-04-12"
"G01058";"Young Davis";"UK";211;200.0;15.11;"2026-01-01";"2026-01-02"
"G01059";"Parker Nelson";"UK";329;200.0;208.19;"2026-05-27";"2026-05-28"
"G01060";"Taylor Adeyemi";"Spain";330;0.0;0.0;"2026-02-14";"2026-02-17"
"G01061";"Lee Nelson";"USA";319;50.0;0.58;"2026-03-29";"2026-03-30"
"G01062";"Baker Martinez";"UK";301;100.0;107.99;"2026-04-04";"2026-04-08"
"G01063";"Clark Reid";"UK";511;150.0;143.27;"2026-03-18";"2026-03-21"
"G01064";"Morris Bernard";"South Korea";125;200.0;229.34;"2026-04-10";"2026-04-13"
"G01065";"Phillips King";"UK";102;150.0;73.13;"2026-04-07";"2026-04-09"
"G01066";"Phillips Taylor";"France";305;50.0;1.1;"2026-04-01";"2026-04-06"
"G01067";"Lee Walker";"UK";430;50.0;56.54;"2026-02-25";"2026-02-28"
"G01068";"Anderson Perez";"UK";426;150.0;104.42;"2026-02-01";"2026-02-05"
"G01069";"Morgan Moore";"USA";426;200.0;86.16;"2026-03-18";"2026-03-23"
"G01070";"Turner Thompson";"UK";122;150.0;41.45;"2026-02-03";"2026-02-06"
"G01071";"Adams Campbell";"UK";123;200.0;181.43;"2026-06-21";"2026-06-23"
"G01072";"Khan Harris";"Ghana";119;0.0;0.0;"2026-03-26";"2026-03-28"
"G01073";"Mitchell Hussain";"UK";522;0.0;71.08;"2026-02-25";"2026-02-28"
"G01074";"Smith Wilson";"UK";105;200.0;19.02;"2026-02-02";"2026-02-06"
"G01075";"Smith Mitchell";"Germany";329;0.0;0.0;"2026-03-15";"2026-03-19"
"G01076";"Thomas Wilson";"Spain";128;200.0;149.06;"2026-02-28";"2026-03-03"
"G01077";"Evans Kim";"Italy";423;50.0;23.26;"2026-06-02";"2026-06-03"
"G01078";"Johnson King";"USA";509;200.0;135.83;"2026-01-15";"2026-01-16"
"G01079";"Brown Green";"Spain";119;100.0;20.92;"2026-02-01";"2026-02-04"
"G01081";"Martin Ahmed";"Ireland";330;100.0;7.34;"2026-01-02";"2026-01-04"
"G01082";"Nelson Young";"Nigeria";304;100.0;24.87;"2026-04-29";"2026-05-01"
"G01083";"Phillips Jones";"Italy";113;0.0;0.0;"2026-06-21";"2026-06-24"
"G01084";"Roberts Parker";"Nigeria";107;200.0;155.77;"2026-06-02";"2026-06-03"
"G01085";"King Young";"UK";233;100.0;29.53;"2026-01-25";"2026-01-28"
"G01086";"Johnson Nelson";"Germany";323;100.0;26.21;"2026-03-10";"2026-03-14"
"G01087";"Williams Rahman";"USA";306;50.0;24.65;"2026-05-14";"2026-05-15"
"G01088";"Ahmed Turner";"Ireland";508;100.0;3.91;"2026-04-11";"2026-04-12"
"G01089";"Ahmed Wright";"South Korea";115;50.0;22.16;"2026-03-14";"2026-03-19"
"G01090";"Green Walker";"UK";524;200.0;233.12;"2026-01-02";"2026-01-07"
"G01091";"Carter Ahmed";"Nigeria";317;100.0;25.6;"2026-01-25";"2026-01-28"
"G01092";"Parker Wilson";"USA";215;200.0;16.95;"2026-02-12";"2026-02-17"
"G01093";"Davies Young";"Spain";519;150.0;101.35;"2026-01-31";"2026-02-01"
"G01094";"Mitchell Roberts";"USA";329;50.0;18.15;"2026-02-09";"2026-02-12"
"G01095";"Roberts Roberts";"South Korea";209;150.0;11.66;"2026-03-18";"2026-03-19"
"G01096";"Hall Nelson";"Germany";417;100.0;72.34;"2026-01-08";"2026-01-12"
"G01097";"Adams King";"USA";322;0.0;0.0;"2026-04-21";"2026-04-23"
"G01099";"Baker Wilson";"UK";403;0.0;0.0;"2026-06-22";"2026-06-24"
"G01100";"Bailey Thompson";"UK";431;50.0;28.89;"2026-02-13";"2026-02-14"
"G01101";"Hall Baker";"Spain";411;200.0;104.36;"2026-03-18";"2026-03-20"
"G01102";"Morgan Green";"USA";414;200.0;182.5;"2026-05-28";"2026-06-02"
"G01103";"Thomas Green";"Spain";207;0.0;0.0;"2026-03-04";"2026-03-08"
"G01104";"Edwards Nwosu";"Ghana";330;50.0;55.82;"2026-06-29";"2026-06-30"
"G01105";"Roberts Evans";"UK";123;100.0;94.88;"2026-02-04";"2026-02-05"
"G01106";"Smith Ahmed";"USA";102;150.0;83.59;"2026-04-21";"2026-04-23"
"G01107";"Garcia Phillips";"UK";402;100.0;2.34;"2026-06-18";"2026-06-20"
"G01108";"Khan Campbell";"Ghana";111;200.0;191.0;"2026-02-25";"2026-03-04"
"G01109";"Phillips Lewis";"USA";112;200.0;46.73;"2026-03-29";"2026-04-01"
"G01110";"Cook Walker";"UK";504;100.0;113.32;"2026-03-12";"2026-03-15"
"G01111";"Wilson Mitchell";"UK";223;150.0;7.9;"2026-01-11";"2026-01-13"
"G01112";"Anderson Shah";"UK";519;100.0;26.15;"2026-04-16";"2026-04-18"
"G01113";"Anderson King";"USA";110;150.0;153.88;"2026-01-18";"2026-01-22"
"G01114";"Davies Boateng";"UK";520;150.0;11.81;"2026-05-10";"2026-05-11"
"G01115";"Edwards Jones";"Ghana";112;150.0;15.08;"2026-02-22";"2026-02-27"
"G01116";"Phillips Adeyemi";"UK";512;150.0;168.79;"2026-05-20";"2026-05-21"
"G01117";"Wilson Turner";"UK";317;0.0;0.0;"2026-05-03";"2026-05-04"
"G01118";"Clark Moore";"UK";215;200.0;98.35;"2026-03-08";"2026-03-12"
"G01119";"Adams Hussain";"UK";421;150.0;65.44;"2026-05-24";"2026-05-28"
"G01120";"Brown Perez";"UK";129;50.0;52.5;"2026-04-08";"2026-04-14"
"G01121";"Miller White";"France";402;0.0;0.0;"2026-01-12";"2026-01-13"
"G01122";"Hall Perez";"Ghana";328;200.0;212.72;"2026-03-23";"2026-03-24"
"G01123";"Wilson Martinez";"UK";110;150.0;22.73;"2026-01-04";"2026-01-06"
"G01124";"Green Hussain";"USA";411;200.0;7.77;"2026-03-02";"2026-03-06"
"G01125";"Thomas Campbell";"UK";514;200.0;174.22;"2026-03-28";"2026-03-30"
"G01126";"Lee Adeyemi";"USA";511;100.0;72.94;"2026-04-18";"2026-04-20"
"G01127";"Collins Jones";"Spain";530;50.0;3.09;"2026-01-09";"2026-01-12"
"G01128";"Green Martinez";"Ireland";128;150.0;109.59;"2026-06-23";"2026-06-24"
"G01129";"Adebayo Jones";"UK";201;100.0;108.77;"2026-01-11";"2026-01-15"
"G01130";"Nelson Scott";"UK";314;200.0;177.27;"2026-02-22";"2026-02-25"
"G01131";"Phillips Wright";"Nigeria";219;150.0;47.87;"2026-06-16";"2026-06-18"
"G01132";"Parker Phillips";"Spain";225;100.0;20.52;"2026-03-27";"2026-04-01"
"G01133";"Murphy Adams";"USA";522;200.0;157.19;"2026-02-28";"2026-03-05"
"G01134";"Collins Boateng";"UK";133;50.0;10.32;"2026-06-08";"2026-06-10"
"G01135";"Martin Rahman";"Nigeria";432;100.0;116.07;"2026-05-09";"2026-05-14"
"G01136";"Parker Lewis";"USA";415;100.0;40.32;"2026-03-22";"2026-03-25"
"G01137";"Nelson Green";"Germany";313;0.0;0.0;"2026-02-17";"2026-02-21"
"G01138";"Murphy Nelson";"Ireland";124;100.0;43.82;"2026-01-06";"2026-01-09"
"G01139";"Brown White";"Spain";427;200.0;117.08;"2026-02-04";"2026-02-06"
"G01140";"Carter Boateng";"Italy";308;150.0;125.34;"2026-06-20";"2026-06-23"
"G01141";"Mensah Phillips";"UK";429;0.0;0.0;"2026-04-10";"2026-04-11"
"G01142";"Bell Mitchell";"Nigeria";512;100.0;53.07;"2026-03-19";"2026-03-20"
"G01143";"Davies Kim";"Ireland";334;100.0;92.34;"2026-04-01";"2026-04-02"
"G01144";"Murphy Wright";"UK";124;150.0;37.16;"2026-01-29";"2026-01-30"
"G01145";"Anderson King";"USA";525;150.0;111.67;"2026-01-07";"2026-01-14"
"G01146";"Rogers Kim";"Nigeria";232;200.0;14.83;"2026-04-20";"2026-04-23"
"G01148";"Cooper Roberts";"Netherlands";527;150.0;165.76;"2026-04-29";"2026-05-06"
"G01149";"Rogers Rahman";"UK";324;200.0;118.53;"2026-06-02";"2026-06-08"
"G01150";"Garcia Evans";"Ireland";106;0.0;0.0;"2026-05-02";"2026-05-06"
"G01151";"Green Campbell";"Nigeria";225;150.0;19.38;"2026-06-09";"2026-06-11"
"G01152";"Taylor Bernard";"UK";407;100.0;2.69;"2026-01-02";"2026-01-04"
"G01153";"Campbell Hussain";"UK";526;150.0;45.27;"2026-01-01";"2026-01-03"
"G01154";"Baker Wright";"Italy";209;100.0;109.14;"2026-01-24";"2026-01-26"
"G01155";"Roberts White";"UK";331;0.0;0.0;"2026-01-24";"2026-01-29"
"G01156";"Miller Martinez";"Germany";204;200.0;223.78;"2026-05-02";"2026-05-07"
"G01157";"Parker Nwosu";"Nigeria";206;100.0;87.58;"2026-04-13";"2026-04-17"
"G01158";"Wilson Lewis";"USA";403;200.0;199.47;"2026-01-18";"2026-01-21"
"G01159";"Clark Rahman";"Ghana";217;100.0;56.72;"2026-05-12";"2026-05-16"
"G01160";"Carter King";"Nigeria";106;150.0;90.66;"2026-05-12";"2026-05-14"
"G01161";"Taylor Perez";"UK";115;100.0;8.74;"2026-06-18";"2026-06-24"
"G01162";"Bailey Moore";"Nigeria";230;150.0;32.03;"2026-05-20";"2026-05-24"
"G01163";"Williams Young";"South Korea";410;100.0;29.43;"2026-03-23";"2026-03-27"
"G01164";"Edwards Harris";"USA";126;200.0;23.0;"2026-06-23";"2026-06-26"
"G01165";"Garcia Campbell";"UK";322;100.0;32.6;"2026-01-28";"2026-01-30"
"G01166";"Clark Ahmed";"USA";210;200.0;179.43;"2026-06-07";"2026-06-10"
"G01167";"Campbell Hussain";"Germany";221;0.0;0.0;"2026-02-21";"2026-02-24"
"G01168";"Roberts Reid";"UK";120;200.0;146.7;"2026-06-20";"2026-06-21"
"G01169";"Williams Lewis";"South Korea";203;150.0;60.51;"2026-04-14";"2026-04-16"
"G01170";"Ali Parker";"Ghana";421;150.0;7.3;"2026-06-14";"2026-06-19"
"G01171";"Clark Baker";"Germany";306;150.0;103.4;"2026-06-29";"2026-06-30"
"G01172";"Khan Shah";"UK";330;0.0;0.0;"2026-01-26";"2026-01-31"
"G01173";"Davies Roberts";"USA";323;150.0;104.41;"2026-04-01";"2026-04-02"
"G01174";"Garcia Reid";"UK";319;150.0;51.6;"2026-05-13";"2026-05-17"
"G01175";"Garcia Campbell";"Germany";314;100.0;115.5;"2026-02-19";"2026-02-22"
"G01176";"Stewart Thompson";"Ireland";130;150.0;143.6;"2026-01-04";"2026-01-10"
"G01177";"Edwards Evans";"USA";412;150.0;4.84;"2026-06-18";"2026-06-20"
"G01178";"Hall Wright";"Spain";116;100.0;54.91;"2026-02-18";"2026-02-22"
"G01179";"Rogers Nwosu";"Spain";117;50.0;12.63;"2026-06-26";"2026-06-28"
"G01180";"Garcia Carter";"UK";522;50.0;48.43;"2026-05-28";"2026-05-29"
"G01181";"Parker Baker";"UK";105;200.0;68.63;"2026-05-16";"2026-05-18"
"G01182";"Johnson Nwosu";"USA";218;100.0;5.76;"2026-03-23";"2026-03-26"
"G01183";"Roberts Jones";"USA";508;100.0;112.3;"2026-05-12";"2026-05-14"
"G01184";"Clark Parker";"South Korea";215;100.0;82.63;"2026-01-14";"2026-01-19"
"G01185";"Campbell Evans";"South Korea";327;50.0;51.65;"2026-05-18";"2026-05-21"
"G01186";"Walker Adeyemi";"Canada";214;100.0;16.25;"2026-04-25";"2026-04-30"
"G01187";"Cooper Adeyemi";"UK";307;150.0;49.23;"2026-01-09";"2026-01-12"
"G01188";"Hall Taylor";"UK";531;200.0;206.01;"2026-02-04";"2026-02-05"
"G01189";"Lee King";"Nigeria";109;100.0;90.92;"2026-06-11";"2026-06-13"
"G01190";"Bailey Shah";"UK";128;0.0;0.0;"2026-01-27";"2026-01-31"
"G01191";"Edwards Young";"Germany";505;200.0;137.55;"2026-01-22";"2026-01-26"
"G01192";"Adams Young";"UK";304;200.0;11.08;"2026-04-16";"2026-04-21"
"G01193";"Collins Young";"USA";212;50.0;46.96;"2026-03-21";"2026-03-24"
"G01194";"Collins Carter";"UK";504;0.0;0.0;"2026-05-21";"2026-05-28"
"G01195";"Adams Ahmed";"USA";411;150.0;68.2;"2026-03-27";"2026-03-29"
"G01196";"Martin Perez";"USA";107;100.0;61.94;"2026-02-03";"2026-02-05"
"G01197";"Martin Lewis";"UK";318;0.0;79.26;"2026-04-22";"2026-04-27"
"G01198";"Anderson King";"South Korea";214;150.0;46.68;"2026-03-10";"2026-03-14"
"G01199";"Bell Scott";"France";310;100.0;32.72;"2026-03-30";"2026-04-06"
"G01200";"Parker Davis";"France";308;200.0;53.65;"2026-02-15";"2026-02-16"
"G01201";"Taylor Shah";"Nigeria";406;50.0;0.57;"2026-01-13";"2026-01-16"
"G01202";"Murphy Hussain";"UK";128;100.0;71.04;"2026-05-13";"2026-05-16"
"G01203";"Mitchell Shah";"Canada";513;50.0;0.56;"2026-01-04";"2026-01-07"
"G01204";"Martin Wright";"Ghana";133;100.0;116.49;"2026-01-28";"2026-01-29"
"G01205";"Martin Boateng";"Germany";412;100.0;47.26;"2026-06-04";"2026-06-05"
"G01206";"Rogers Taylor";"Nigeria";114;50.0;17.55;"2026-03-27";"2026-03-30"
"G01207";"Parker Harris";"France";118;100.0;13.89;"2026-03-20";"2026-03-22"
"G01208";"Perez Nelson";"Germany";334;150.0;175.42;"2026-06-07";"2026-06-09"
"G01209";"Williams White";"USA";411;100.0;4.07;"2026-06-11";"2026-06-14"
"G01210";"Mensah Harris";"Ghana";511;150.0;61.26;"2026-05-09";"2026-05-10"
"G01211";"Morris Parker";"Nigeria";325;200.0;15.85;"2026-01-10";"2026-01-11"
"G01212";"Adebayo Hussain";"USA";327;150.0;0.2;"2026-06-15";"2026-06-18"
"G01213";"Green Roberts";"USA";406;150.0;80.01;"2026-04-20";"2026-04-22"
"G01215";"Mensah Wilson";"Spain";112;200.0;18.05;"2026-02-20";"2026-02-22"
"G01216";"Bailey Evans";"UK";519;100.0;73.62;"2026-06-02";"2026-06-05"
"G01217";"Evans Moore";"Spain";521;0.0;0.0;"2026-06-20";"2026-06-25"
"G01218";"Thomas Harris";"UK";428;0.0;0.0;"2026-05-29";"2026-06-04"
"G01219";"Perez Thompson";"Spain";101;50.0;19.95;"2026-05-15";"2026-05-18"
"G01220";"Martin Campbell";"UK";212;150.0;114.89;"2026-05-18";"2026-05-19"
"G01221";"Cooper Moore";"USA";529;200.0;61.74;"2026-04-03";"2026-04-06"
"G01222";"Hall Davis";"UK";425;100.0;99.76;"2026-04-04";"2026-04-05"
"G01223";"Stewart Martinez";"USA";107;150.0;108.26;"2026-02-07";"2026-02-08"
"G01224";"Carter Wilson";"France";304;100.0;33.88;"2026-02-15";"2026-02-16"
"G01225";"Adebayo Hall";"UK";227;100.0;90.44;"2026-04-23";"2026-04-28"
"G01226";"Miller Roberts";"Germany";110;50.0;20.52;"2026-06-29";"2026-06-30"
"G01227";"Cooper Bernard";"Netherlands";322;100.0;31.23;"2026-01-25";"2026-01-29"
"G01228";"Phillips Davis";"Germany";216;0.0;0.0;"2026-04-08";"2026-04-11"
"G01229";"Turner Kim";"France";403;200.0;121.51;"2026-04-24";"2026-05-01"
"G01230";"Young Lewis";"Germany";226;100.0;90.34;"2026-02-25";"2026-03-01"
"G01231";"Campbell Lewis";"Ghana";110;100.0;45.43;"2026-05-07";"2026-05-08"
"G01232";"Khan Davis";"USA";403;100.0;116.6;"2026-03-01";"2026-03-02"
"G01233";"Smith Martinez";"France";222;0.0;0.0;"2026-05-17";"2026-05-22"
"G01234";"Mitchell Scott";"UK";505;0.0;88.82;"2026-04-16";"2026-04-17"
"G01235";"Davies Baker";"USA";402;100.0;44.66;"2026-04-04";"2026-04-05"
"G01236";"Johnson Adams";"Germany";322;200.0;19.36;"2026-03-14";"2026-03-16"
"G01237";"Adebayo Murphy";"Nigeria";412;150.0;158.3;"2026-05-31";"2026-06-02"
"G01239";"Parker Perez";"UK";329;200.0;232.72;"2026-04-29";"2026-05-06"
"G01240";"Taylor Ahmed";"Ireland";207;200.0;24.57;"2026-01-10";"2026-01-11"
"G01241";"Cook White";"UK";210;100.0;20.61;"2026-05-04";"2026-05-05"
"G01242";"Johnson Parker";"France";310;100.0;16.69;"2026-02-03";"2026-02-06"
"G01243";"Khan Perez";"Germany";228;100.0;52.26;"2026-03-26";"2026-03-30"
"G01244";"Adams Baker";"UK";305;100.0;53.72;"2026-05-29";"2026-05-30"
"G01245";"Davies Davis";"Ireland";328;200.0;34.17;"2026-03-06";"2026-03-09"
"G01246";"Collins Evans";"Canada";134;200.0;111.43;"2026-03-08";"2026-03-09"
"G01247";"Green Lewis";"France";123;0.0;0.0;"2026-02-21";"2026-02-24"
"G01248";"Turner Martinez";"UK";217;150.0;79.48;"2026-06-01";"2026-06-04"
"G01249";"Wilson King";"UK";121;150.0;104.42;"2026-02-23";"2026-02-25"
"G01250";"Martin Young";"UK";319;200.0;71.38;"2026-02-10";"2026-02-13"
"G01251";"Green Wright";"UK";419;100.0;50.51;"2026-05-27";"2026-05-29"
"G01252";"Bell Thompson";"Canada";412;50.0;16.14;"2026-02-06";"2026-02-07"
"G01253";"Anderson Walker";"Nigeria";320;50.0;50.91;"2026-06-23";"2026-06-24"
"G01254";"Ahmed Reid";"UK";327;100.0;24.26;"2026-03-27";"2026-04-03"
"G01255";"Rogers Boateng";"France";209;200.0;34.59;"2026-04-04";"2026-04-06"
"G01256";"Wilson Adams";"UK";218;200.0;150.63;"2026-01-20";"2026-01-22"
"G01257";"Okafor Scott";"Italy";311;150.0;88.23;"2026-06-27";"2026-06-28"
"G01258";"Martin Davis";"UK";402;200.0;112.03;"2026-04-29";"2026-05-02"
"G01259";"Khan Parker";"France";422;50.0;39.48;"2026-02-01";"2026-02-07"
"G01260";"Martin King";"UK";229;100.0;86.28;"2026-01-28";"2026-01-31"
"G01261";"Perez Bernard";"USA";315;100.0;66.9;"2026-04-02";"2026-04-05"
"G01262";"Adebayo White";"UK";332;150.0;147.43;"2026-01-09";"2026-01-10"
"G01263";"Martin Perez";"UK";532;100.0;91.18;"2026-05-19";"2026-05-21"
"G01264";"Roberts Adams";"USA";109;150.0;113.68;"2026-02-06";"2026-02-08"
"G01265";"Bell Bernard";"Nigeria";431;200.0;4.62;"2026-02-24";"2026-02-27"
"G01266";"Johnson Evans";"UK";116;0.0;0.0;"2026-03-23";"2026-03-26"
"G01267";"Rogers Parker";"UK";519;150.0;28.43;"2026-02-21";"2026-02-23"
"G01268";"Bailey Hall";"UK";201;100.0;41.44;"2026-03-31";"2026-04-05"
"G01269";"Garcia Nwosu";"USA";303;150.0;66.97;"2026-01-07";"2026-01-10"
"G01270";"Martin Moore";"USA";303;50.0;35.32;"2026-05-28";"2026-06-01"
"G01271";"Young Phillips";"USA";323;150.0;64.77;"2026-06-20";"2026-06-23"
"G01272";"Wright Reid";"UK";112;150.0;90.42;"2026-02-17";"2026-02-21"
"G01273";"Bell Nwosu";"UK";402;50.0;31.63;"2026-03-27";"2026-03-29"
"G01274";"Thomas King";"UK";514;150.0;84.23;"2026-03-11";"2026-03-14"
"G01275";"Hall Nelson";"UK";218;200.0;86.96;"2026-01-18";"2026-01-21"
"G01276";"Roberts Davis";"UK";533;150.0;100.08;"2026-05-29";"2026-05-31"
"G01277";"Wilson Adeyemi";"UK";318;200.0;141.91;"2026-06-19";"2026-06-21"
"G01278";"Baker Turner";"Spain";203;200.0;224.84;"2026-06-11";"2026-06-12"
"G01279";"Thomas Scott";"UK";426;0.0;0.0;"2026-05-11";"2026-05-12"
"G01280";"Thomas Ahmed";"Ireland";405;100.0;41.66;"2026-06-28";"2026-06-30"
"G01281";"Adams Rahman";"UK";121;150.0;33.9;"2026-03-04";"2026-03-09"
"G01282";"Ahmed Hall";"UK";102;0.0;26.24;"2026-06-22";"2026-06-24"
"G01283";"Collins Wright";"UK";405;100.0;47.97;"2026-02-11";"2026-02-13"
"G01284";"Cook Lewis";"USA";520;100.0;88.31;"2026-01-30";"2026-02-03"
"G01285";"Morgan Hall";"France";312;150.0;82.46;"2026-04-12";"2026-04-16"
"G01286";"Edwards Adeyemi";"UK";133;100.0;36.17;"2026-06-02";"2026-06-06"
"G01287";"Adams Martinez";"UK";117;150.0;54.69;"2026-04-08";"2026-04-10"
"G01288";"King Harris";"South Korea";423;150.0;126.36;"2026-03-15";"2026-03-16"
"G01289";"Perez Jones";"France";227;100.0;32.89;"2026-03-23";"2026-03-26"
"G01290";"Morris Wright";"Ireland";313;100.0;15.51;"2026-01-25";"2026-01-26"
"G01291";"Martin Adams";"Ireland";518;200.0;58.95;"2026-02-06";"2026-02-10"
"G01292";"Williams Evans";"UK";414;0.0;0.0;"2026-05-08";"2026-05-10"
"G01293";"Lee Perez";"UK";319;200.0;44.0;"2026-02-04";"2026-02-08"
"G01294";"Green Baker";"UK";402;0.0;0.0;"2026-04-08";"2026-04-15"
"G01296";"Davies Adams";"Spain";115;50.0;44.34;"2026-06-14";"2026-06-21"
"G01297";"Anderson Turner";"USA";301;200.0;202.4;"2026-03-20";"2026-03-21"
"G01298";"Rogers Young";"UK";501;100.0;74.57;"2026-05-30";"2026-06-02"
"G01299";"Anderson Shah";"USA";232;200.0;88.66;"2026-05-29";"2026-06-03"
"G01300";"Martin Adeyemi";"UK";222;0.0;0.0;"2026-01-25";"2026-01-27"
"G01301";"Bailey Carter";"UK";117;100.0;89.9;"2026-05-09";"2026-05-12"
"G01302";"Anderson Wilson";"UK";332;100.0;116.97;"2026-05-20";"2026-05-24"
"G01303";"Lee Murphy";"UK";430;100.0;41.38;"2026-05-03";"2026-05-06"
"G01304";"Okafor Adeyemi";"USA";131;100.0;112.63;"2026-02-12";"2026-02-17"
"G01305";"Roberts Nwosu";"Netherlands";127;0.0;0.0;"2026-03-12";"2026-03-14"
"G01306";"Adebayo Adeyemi";"France";323;100.0;49.1;"2026-06-25";"2026-06-26"
"G01307";"Adebayo Murphy";"UK";104;150.0;120.59;"2026-04-25";"2026-04-29"
"G01308";"Davies Wilson";"USA";318;0.0;0.0;"2026-02-24";"2026-02-27"
"G01309";"King Carter";"UK";234;200.0;42.8;"2026-03-15";"2026-03-17"
"G01310";"Young Scott";"USA";513;100.0;116.77;"2026-05-03";"2026-05-04"
"G01311";"Adams Nelson";"Ireland";524;200.0;136.84;"2026-01-26";"2026-01-27"
"G01312";"Wilson Murphy";"France";530;150.0;123.95;"2026-04-03";"2026-04-04"
"G01313";"Mensah Murphy";"UK";425;100.0;40.75;"2026-02-27";"2026-03-03"
"G01314";"Walker Wilson";"Germany";403;200.0;144.82;"2026-06-22";"2026-06-27"
"G01315";"Clark Lewis";"Spain";229;0.0;0.0;"2026-04-29";"2026-04-30"
"G01316";"Turner Shah";"USA";318;150.0;27.07;"2026-01-20";"2026-01-22"
"G01317";"Williams Bernard";"Ghana";518;100.0;47.78;"2026-02-24";"2026-03-02"
"G01318";"Phillips Carter";"UK";519;150.0;71.45;"2026-06-19";"2026-06-20"
"G01319";"Perez Adams";"Ghana";328;200.0;29.81;"2026-02-24";"2026-02-26"
"G01320";"Hall King";"Germany";433;50.0;47.14;"2026-01-09";"2026-01-11"
"G01321";"Adebayo Thompson";"USA";319;100.0;15.88;"2026-04-10";"2026-04-12"
"G01322";"Mensah Kim";"USA";222;150.0;18.49;"2026-03-28";"2026-04-04"
"G01323";"Wilson Roberts";"UK";219;200.0;99.1;"2026-03-31";"2026-04-02"
"G01324";"Williams Perez";"Nigeria";419;150.0;47.74;"2026-05-29";"2026-05-31"
"G01325";"Perez Murphy";"France";509;150.0;48.16;"2026-05-16";"2026-05-18"
"G01326";"Mensah Nwosu";"UK";510;0.0;0.0;"2026-06-01";"2026-06-02"
"G01327";"Roberts Jones";"France";111;150.0;121.85;"2026-03-26";"2026-03-27"
"G01328";"Campbell Carter";"UK";222;150.0;166.09;"2026-06-17";"2026-06-20"
"G01329";"Hall Adams";"Nigeria";328;200.0;204.52;"2026-04-26";"2026-05-02"
"G01330";"Bailey Martinez";"UK";224;0.0;0.0;"2026-02-17";"2026-02-22"
"G01331";"Hall Boateng";"France";525;150.0;49.21;"2026-04-16";"2026-04-19"
"G01332";"Hall Thompson";"Spain";515;50.0;48.93;"2026-06-03";"2026-06-06"
"G01333";"Young Boateng";"Ghana";225;0.0;0.0;"2026-06-28";"2026-06-30"
"G01334";"Khan Carter";"Italy";218;0.0;0.0;"2026-06-01";"2026-06-03"
"G01335";"Wright Martinez";"UK";518;200.0;50.13;"2026-04-24";"2026-04-30"
"G01336";"Cook Harris";"South Korea";411;100.0;0.72;"2026-01-15";"2026-01-17"
"G01337";"Miller Shah";"USA";505;150.0;25.66;"2026-01-07";"2026-01-12"
"G01338";"Baker Nelson";"Germany";332;0.0;0.0;"2026-05-31";"2026-06-03"
"G01339";"Ali King";"South Korea";419;200.0;233.62;"2026-01-13";"2026-01-14"
"G01340";"Walker Walker";"UK";518;200.0;75.79;"2026-03-31";"2026-04-01"
"G01341";"Wright Hussain";"USA";434;50.0;24.17;"2026-03-25";"2026-03-29"
"G01342";"Cooper Kim";"Ghana";424;0.0;0.0;"2026-03-25";"2026-03-29"
"G01343";"Clark King";"Nigeria";316;200.0;185.86;"2026-01-19";"2026-01-20"
"G01344";"Patel Nwosu";"Spain";418;150.0;14.92;"2026-02-01";"2026-02-03"
"G01345";"Hall Murphy";"USA";129;100.0;93.13;"2026-06-16";"2026-06-18"
"G01346";"Miller Evans";"Italy";413;200.0;27.56;"2026-06-06";"2026-06-09"
"G01347";"Thomas Kim";"USA";509;50.0;29.34;"2026-04-21";"2026-04-23"
"G01348";"Rogers Martinez";"Spain";117;200.0;55.73;"2026-06-07";"2026-06-13"
"G01349";"Garcia Rahman";"USA";304;200.0;128.76;"2026-01-28";"2026-01-29"
"G01350";"Morris Adams";"UK";517;0.0;0.0;"2026-02-26";"2026-02-27"
"G01351";"Clark Mitchell";"UK";330;100.0;40.12;"2026-05-17";"2026-05-20"
"G01352";"Taylor Shah";"Nigeria";228;100.0;7.96;"2026-02-06";"2026-02-12"
"G01353";"Wilson Harris";"UK";432;150.0;134.86;"2026-03-16";"2026-03-18"
"G01354";"Wilson Nelson";"UK";223;0.0;0.0;"2026-03-17";"2026-03-19"
"G01355";"Collins Adams";"UK";302;0.0;17.54;"2026-06-03";"2026-06-08"
"G01356";"Garcia White";"Nigeria";334;200.0;53.57;"2026-04-27";"2026-04-30"
"G01357";"Wright Bernard";"USA";307;200.0;226.91;"2026-03-29";"2026-04-01"
"G01358";"Ali Turner";"Ghana";516;150.0;54.54;"2026-03-17";"2026-03-21"
"G01359";"Ali Kim";"Nigeria";514;150.0;64.45;"2026-03-30";"2026-04-01"
"G01360";"Turner Parker";"UK";327;100.0;39.65;"2026-03-03";"2026-03-04"
"G01361";"Phillips Thompson";"France";121;100.0;61.28;"2026-02-27";"2026-03-04"
"G01363";"Anderson Roberts";"USA";223;0.0;14.94;"2026-05-21";"2026-05-26"
"G01364";"Bell Baker";"UK";219;150.0;52.63;"2026-06-16";"2026-06-17"
"G01365";"Wilson Turner";"UK";212;200.0;48.81;"2026-04-18";"2026-04-20"
"G01366";"Rogers Bernard";"UK";511;150.0;72.46;"2026-05-29";"2026-05-30"
"G01367";"Hall Wilson";"UK";209;0.0;0.0;"2026-03-26";"2026-03-29"
"G01368";"Adams King";"UK";115;100.0;20.31;"2026-03-28";"2026-03-31"
"G01369";"Evans Wilson";"USA";215;0.0;0.0;"2026-02-10";"2026-02-12"
"G01370";"Taylor Hussain";"UK";202;100.0;63.41;"2026-04-30";"2026-05-02"
"G01371";"Bell Bernard";"UK";531;200.0;195.7;"2026-02-23";"2026-02-25"
"G01372";"Campbell Reid";"USA";528;0.0;0.0;"2026-06-28";"2026-06-30"
"G01373";"Perez Baker";"Netherlands";217;100.0;9.31;"2026-06-01";"2026-06-03"
"G01374";"Garcia Parker";"USA";112;150.0;82.92;"2026-05-14";"2026-05-15"
"G01375";"King Hussain";"USA";416;100.0;3.06;"2026-02-09";"2026-02-13"
"G01376";"Walker Moore";"Netherlands";524;100.0;55.51;"2026-02-23";"2026-02-25"
"G01377";"Okafor Wright";"UK";203;200.0;115.62;"2026-01-28";"2026-02-01"
"G01378";"Campbell Phillips";"UK";423;200.0;15.62;"2026-01-30";"2026-02-01"
"G01379";"Morgan Green";"UK";101;100.0;98.6;"2026-01-03";"2026-01-05"
"G01381";"Johnson Bernard";"Germany";505;150.0;68.23;"2026-06-11";"2026-06-13"
"G01382";"Cooper Martinez";"France";506;200.0;213.71;"2026-04-08";"2026-04-10"
"G01383";"Adebayo Shah";"Ghana";403;150.0;138.48;"2026-06-01";"2026-06-02"
"G01384";"Stewart Harris";"UK";213;150.0;64.25;"2026-03-07";"2026-03-08"
"G01385";"Turner King";"USA";333;0.0;0.0;"2026-01-29";"2026-01-30"
"G01386";"Turner Adams";"Ireland";130;150.0;119.52;"2026-06-12";"2026-06-15"
"G01387";"Baker Adeyemi";"UK";326;0.0;0.0;"2026-01-24";"2026-01-26"
"G01388";"Collins Walker";"UK";521;150.0;115.15;"2026-02-27";"2026-02-28"
"G01389";"Bailey Nwosu";"Nigeria";212;50.0;33.58;"2026-02-11";"2026-02-12"
"G01390";"Morris Perez";"UK";531;100.0;74.01;"2026-05-31";"2026-06-03"
"G01391";"Adams Wilson";"South Korea";111;100.0;68.29;"2026-04-25";"2026-05-01"
"G01392";"Green Carter";"Spain";328;200.0;11.55;"2026-05-04";"2026-05-06"
"G01393";"Morgan Young";"UK";512;150.0;112.21;"2026-01-10";"2026-01-11"
"G01394";"Green Evans";"USA";522;100.0;32.13;"2026-03-25";"2026-03-27"
"G01395";"Ahmed Carter";"UK";502;100.0;117.77;"2026-06-26";"2026-06-27"
"G01396";"Garcia Hall";"Nigeria";112;150.0;174.38;"2026-04-29";"2026-05-01"
"G01397";"Okafor Hall";"Nigeria";132;200.0;91.59;"2026-04-23";"2026-04-24"
"G01398";"Smith Moore";"UK";412;100.0;24.53;"2026-05-17";"2026-05-18"
"G01399";"Bailey Bernard";"USA";225;0.0;0.0;"2026-04-08";"2026-04-10"
"G01400";"Martin Adeyemi";"UK";310;50.0;15.62;"2026-05-21";"2026-05-22"
"G01401";"Edwards Harris";"Nigeria";413;200.0;34.64;"2026-06-13";"2026-06-14"
"G01402";"Anderson Davis";"Italy";402;200.0;140.01;"2026-05-02";"2026-05-04"
"G01403";"Morgan Young";"USA";207;100.0;88.79;"2026-03-12";"2026-03-13"
"G01404";"Wright White";"USA";122;200.0;24.88;"2026-03-19";"2026-03-24"
"G01405";"Ahmed Murphy";"UK";310;200.0;41.53;"2026-05-04";"2026-05-11"
"G01406";"Cooper Adams";"UK";122;100.0;3.73;"2026-01-07";"2026-01-11"
"G01407";"Khan White";"UK";333;50.0;1.76;"2026-04-01";"2026-04-04"
"G01408";"Khan Evans";"UK";422;0.0;0.0;"2026-04-29";"2026-04-30"
"G01409";"Bell Adeyemi";"South Korea";408;200.0;67.57;"2026-04-23";"2026-04-27"
"G01410";"Murphy Bernard";"UK";514;0.0;0.0;"2026-01-04";"2026-01-05"
"G01411";"Stewart Phillips";"Ghana";306;0.0;0.0;"2026-02-07";"2026-02-09"
"G01412";"Walker Nwosu";"Spain";332;0.0;0.0;"2026-01-03";"2026-01-07"
"G01413";"Baker Boateng";"South Korea";520;150.0;160.8;"2026-06-28";"2026-06-30"
"G01414";"Patel Shah";"UK";210;0.0;0.0;"2026-03-15";"2026-03-17"
"G01415";"Bailey Roberts";"Spain";427;150.0;109.58;"2026-04-03";"2026-04-05"
"G01416";"Turner Boateng";"France";434;200.0;46.17;"2026-02-24";"2026-03-03"
"G01417";"Roberts Carter";"Spain";202;200.0;207.03;"2026-03-22";"2026-03-27"
"G01418";"Morris Adeyemi";"UK";131;100.0;56.33;"2026-03-23";"2026-03-28"
"G01419";"Bell Phillips";"Nigeria";113;100.0;94.05;"2026-05-20";"2026-05-23"
"G01420";"Ahmed Baker";"UK";402;200.0;108.14;"2026-03-29";"2026-04-02"
"G01421";"Rogers Evans";"USA";507;150.0;158.48;"2026-06-06";"2026-06-12"
"G01422";"Ali Thompson";"UK";330;0.0;0.0;"2026-02-09";"2026-02-11"
"G01423";"Morgan Turner";"UK";516;100.0;21.09;"2026-05-11";"2026-05-12"
"G01424";"Hall Perez";"Canada";422;150.0;104.74;"2026-02-19";"2026-02-20"
"G01425";"Hall Nwosu";"Ireland";311;0.0;0.0;"2026-01-31";"2026-02-02"
"G01426";"Bailey Parker";"UK";324;150.0;96.52;"2026-03-21";"2026-03-26"
"G01427";"Martin White";"USA";122;100.0;17.28;"2026-01-15";"2026-01-19"
"G01428";"Mitchell Moore";"UK";206;100.0;66.14;"2026-01-07";"2026-01-08"
"G01429";"Williams Roberts";"UK";321;200.0;5.06;"2026-05-07";"2026-05-08"
"G01430";"Adebayo Shah";"Ghana";234;150.0;43.7;"2026-01-27";"2026-01-29"
"G01431";"Baker Parker";"UK";317;150.0;109.61;"2026-01-26";"2026-01-28"
"G01432";"Garcia Turner";"UK";301;0.0;0.0;"2026-06-13";"2026-06-17"
"G01433";"Martin Jones";"UK";109;150.0;84.12;"2026-06-29";"2026-06-30"
"G01434";"Turner Nelson";"UK";117;200.0;165.83;"2026-05-07";"2026-05-11"
"G01435";"Bailey Rahman";"UK";225;150.0;128.05;"2026-06-06";"2026-06-08"
"G01436";"Williams Nwosu";"Ireland";334;200.0;147.77;"2026-02-07";"2026-02-08"
"G01437";"Cook Evans";"UK";521;200.0;79.01;"2026-04-01";"2026-04-04"
"G01438";"Bailey Mitchell";"UK";325;0.0;0.0;"2026-01-12";"2026-01-14"
"G01439";"Phillips Green";"UK";323;200.0;25.36;"2026-03-21";"2026-03-23"
"G01440";"Rogers Perez";"UK";519;150.0;70.14;"2026-01-11";"2026-01-14"
"G01441";"Cooper Davis";"UK";108;100.0;104.43;"2026-03-11";"2026-03-18"
"G01442";"Mitchell Harris";"UK";109;200.0;101.82;"2026-06-14";"2026-06-18"
"G01443";"Anderson Martinez";"UK";207;100.0;93.91;"2026-06-28";"2026-06-30"
"G01444";"Khan Kim";"UK";423;200.0;30.23;"2026-02-05";"2026-02-07"
"G01445";"Walker Young";"Canada";526;100.0;46.95;"2026-01-29";"2026-02-01"
"G01446";"Rogers Reid";"UK";123;200.0;89.99;"2026-04-10";"2026-04-14"
"G01447";"Cook Taylor";"France";325;200.0;127.01;"2026-02-25";"2026-02-28"
"G01448";"Clark Rahman";"Canada";125;100.0;31.92;"2026-02-11";"2026-02-18"
"G01449";"Murphy Davis";"Netherlands";107;100.0;50.56;"2026-02-27";"2026-03-04"
"G01450";"Adebayo Walker";"UK";532;50.0;57.94;"2026-06-11";"2026-06-13"
"G01451";"Miller Rahman";"USA";432;100.0;86.97;"2026-02-23";"2026-02-27"
"G01452";"Martin Wilson";"USA";312;100.0;104.81;"2026-05-01";"2026-05-02"
"G01453";"Smith Turner";"France";431;200.0;120.23;"2026-05-08";"2026-05-12"
"G01455";"Williams Kim";"USA";226;200.0;22.74;"2026-04-06";"2026-04-10"
"G01456";"Lee Hussain";"Ghana";417;100.0;9.19;"2026-06-22";"2026-06-25"
"G01457";"Collins Boateng";"UK";503;0.0;0.0;"2026-04-23";"2026-04-27"
"G01458";"Rogers Baker";"Nigeria";303;100.0;50.66;"2026-01-04";"2026-01-08"
"G01459";"Clark Ahmed";"UK";515;100.0;104.66;"2026-06-06";"2026-06-09"
"G01460";"Phillips Adams";"UK";414;150.0;7.23;"2026-05-12";"2026-05-13"
"G01461";"Baker Bernard";"Nigeria";107;200.0;17.28;"2026-03-16";"2026-03-17"
"G01462";"Lee Carter";"Ghana";302;0.0;59.49;"2026-01-12";"2026-01-13"
"G01463";"Morris Jones";"Germany";222;200.0;48.29;"2026-03-27";"2026-03-28"
"G01464";"Edwards Hussain";"Netherlands";324;50.0;53.94;"2026-06-24";"2026-06-28"
"G01465";"Walker Kim";"UK";313;200.0;32.43;"2026-03-05";"2026-03-08"
"G01466";"Williams Perez";"Ghana";331;200.0;33.39;"2026-05-19";"2026-05-26"
"G01467";"Evans Moore";"South Korea";327;150.0;130.04;"2026-04-22";"2026-04-25"
"G01468";"Clark Kim";"USA";134;100.0;53.47;"2026-02-18";"2026-02-20"
"G01469";"Parker Shah";"Canada";502;100.0;85.49;"2026-01-17";"2026-01-19"
"G01470";"Parker White";"Ireland";328;200.0;94.45;"2026-06-27";"2026-06-30"
"G01471";"Adams Nelson";"Ghana";308;200.0;33.38;"2026-05-28";"2026-05-30"
"G01472";"Adams Adams";"Nigeria";509;100.0;86.36;"2026-01-03";"2026-01-06"
"G01473";"Cook Wright";"UK";103;150.0;26.95;"2026-05-06";"2026-05-10"
"G01474";"Williams Phillips";"USA";308;100.0;35.3;"2026-04-21";"2026-04-25"
"G01475";"Thomas Thompson";"UK";507;150.0;108.29;"2026-01-17";"2026-01-22"
"G01476";"Collins Green";"UK";420;100.0;78.9;"2026-01-11";"2026-01-14"
"G01477";"Brown Campbell";"USA";405;150.0;139.51;"2026-06-28";"2026-06-30"
"G01478";"Wilson Nwosu";"USA";231;200.0;89.63;"2026-01-20";"2026-01-22"
"G01479";"Baker Harris";"USA";433;0.0;0.0;"2026-03-15";"2026-03-17"
"G01480";"Evans Harris";"UK";503;100.0;65.64;"2026-01-15";"2026-01-20"
"G01481";"Williams Kim";"UK";101;200.0;112.21;"2026-05-31";"2026-06-02"
"G01482";"Adebayo Moore";"USA";533;200.0;11.38;"2026-02-25";"2026-03-01"
"G01483";"Morris Lewis";"UK";533;100.0;94.18;"2026-02-17";"2026-02-24"
"G01484";"Phillips Murphy";"USA";407;100.0;68.55;"2026-06-04";"2026-06-09"
"G01485";"Phillips Nwosu";"USA";316;50.0;33.65;"2026-03-04";"2026-03-07"
"G01486";"Parker Baker";"USA";210;100.0;4.74;"2026-05-11";"2026-05-16"
"G01487";"Stewart Boateng";"UK";507;200.0;25.76;"2026-03-07";"2026-03-08"
"G01488";"Clark Martinez";"UK";232;100.0;62.21;"2026-02-19";"2026-02-23"
"G01489";"Edwards Rahman";"UK";111;0.0;0.0;"2026-04-02";"2026-04-04"
"G01490";"Mitchell Kim";"UK";129;200.0;124.97;"2026-05-13";"2026-05-14"
"G01491";"Turner Campbell";"Germany";408;0.0;0.0;"2026-02-27";"2026-03-01"
"G01492";"Clark Moore";"South Korea";506;150.0;95.61;"2026-04-08";"2026-04-11"
"G01493";"Hall Adams";"UK";529;0.0;63.0;"2026-01-23";"2026-01-27"
"G01494";"Miller Green";"Germany";234;200.0;27.47;"2026-02-06";"2026-02-10"
"G01495";"Adebayo White";"UK";411;50.0;4.05;"2026-06-12";"2026-06-17"
"G01496";"Martin Moore";"South Korea";107;100.0;16.24;"2026-02-14";"2026-02-16"
"G01497";"Adams Rahman";"UK";331;50.0;29.57;"2026-05-23";"2026-05-26"
"G01498";"Ali Boateng";"Nigeria";428;50.0;0.7;"2026-01-20";"2026-01-22"
"G01499";"Hall Nelson";"Ireland";329;100.0;116.87;"2026-06-05";"2026-06-09"
"G01500";"Anderson Wilson";"UK";227;100.0;37.84;"2026-02-28";"2026-03-03"
"G01501";"Nelson Green";"USA";221;50.0;47.7;"2026-02-10";"2026-02-13"
"G01502";"Wilson Carter";"UK";312;200.0;218.37;"2026-06-03";"2026-06-04"
"G01503";"Morgan Baker";"Nigeria";226;150.0;115.14;"2026-01-25";"2026-01-26"
"G01504";"Phillips Boateng";"Ireland";528;100.0;117.55;"2026-06-21";"2026-06-25"
"G01505";"Wright Parker";"UK";114;200.0;168.54;"2026-04-04";"2026-04-07"
"G01506";"Ahmed Moore";"UK";434;200.0;31.66;"2026-03-09";"2026-03-10"
"G01507";"Garcia Nwosu";"USA";332;200.0;176.3;"2026-04-23";"2026-04-24"
"G01508";"Green Thompson";"UK";215;100.0;27.43;"2026-04-12";"2026-04-18"
"G01509";"Young Phillips";"UK";412;0.0;0.0;"2026-03-21";"2026-03-22"
"G01510";"Walker Kim";"Nigeria";207;50.0;5.35;"2026-06-04";"2026-06-05"
"G01511";"Williams Adams";"UK";227;0.0;0.0;"2026-03-27";"2026-03-29"
"G01512";"Phillips Wilson";"Canada";121;0.0;0.0;"2026-03-06";"2026-03-09"
"G01514";"Phillips Campbell";"Netherlands";131;0.0;0.0;"2026-03-13";"2026-03-17"
"G01516";"Parker Hall";"Ireland";224;0.0;0.0;"2026-02-02";"2026-02-03"
"G01517";"Adebayo Adeyemi";"UK";303;200.0;36.27;"2026-06-12";"2026-06-13"
"G01518";"Patel Lewis";"Italy";414;100.0;52.63;"2026-01-11";"2026-01-14"
"G01519";"Mitchell Harris";"UK";206;50.0;40.19;"2026-01-14";"2026-01-17"
"G01520";"Cooper Rahman";"UK";108;150.0;105.43;"2026-01-07";"2026-01-10"
"G01521";"Taylor Perez";"USA";332;0.0;0.0;"2026-04-24";"2026-04-30"
"G01522";"Lee Adams";"UK";533;150.0;128.86;"2026-04-01";"2026-04-04"
"G01523";"Nelson Wilson";"USA";505;200.0;232.43;"2026-01-01";"2026-01-04"
"G01524";"Baker Wright";"USA";421;0.0;0.0;"2026-02-03";"2026-02-09"
"G01525";"Morgan Evans";"France";308;150.0;63.22;"2026-02-27";"2026-03-03"
"G01526";"Miller Turner";"UK";415;100.0;6.13;"2026-03-24";"2026-03-25"
"G01527";"Collins Jones";"UK";320;100.0;108.49;"2026-02-28";"2026-03-03"
"G01528";"Phillips Adeyemi";"UK";128;100.0;7.42;"2026-01-17";"2026-01-20"
"G01529";"Anderson Jones";"Ghana";315;200.0;173.8;"2026-01-23";"2026-01-25"
"G01530";"Garcia Wright";"Ireland";518;100.0;45.05;"2026-05-22";"2026-05-24"
"G01531";"Wilson Wright";"Nigeria";321;0.0;0.0;"2026-02-14";"2026-02-18"
"G01532";"Morgan Moore";"UK";416;150.0;133.7;"2026-04-11";"2026-04-18"
"G01533";"Johnson Parker";"Canada";413;150.0;155.41;"2026-03-27";"2026-04-03"
"G01534";"Evans Baker";"Nigeria";526;200.0;11.4;"2026-03-01";"2026-03-05"
"G01535";"Murphy Evans";"Spain";423;200.0;222.43;"2026-05-02";"2026-05-03"
"G01536";"Wright Scott";"Nigeria";214;200.0;1.72;"2026-02-21";"2026-02-24"
"G01537";"Cook Perez";"Ghana";205;150.0;154.27;"2026-06-19";"2026-06-21"
"G01538";"Wilson Wilson";"UK";506;200.0;185.87;"2026-01-11";"2026-01-17"
"G01539";"Turner Mitchell";"South Korea";226;100.0;63.17;"2026-04-02";"2026-04-03"
"G01540";"Rogers Thompson";"Germany";401;200.0;203.27;"2026-01-07";"2026-01-11"
"G01541";"Stewart Jones";"Germany";504;100.0;20.47;"2026-06-15";"2026-06-21"
"G01542";"Cook Martinez";"UK";534;50.0;30.35;"2026-04-28";"2026-04-29"
"G01543";"Stewart Nelson";"Spain";511;100.0;22.59;"2026-03-03";"2026-03-06"
"G01544";"Parker Lewis";"USA";204;150.0;168.04;"2026-05-10";"2026-05-12"
"G01545";"Mitchell Scott";"Nigeria";115;50.0;22.92;"2026-06-01";"2026-06-03"
"G01546";"Nelson Boateng";"UK";403;150.0;11.82;"2026-06-23";"2026-06-24"
"G01547";"Bailey Kim";"Germany";204;200.0;77.06;"2026-06-23";"2026-06-26"
"G01548";"Stewart Phillips";"UK";111;200.0;74.63;"2026-04-04";"2026-04-08"
"G01549";"Nelson King";"France";308;200.0;225.88;"2026-04-16";"2026-04-21"
"G01550";"Baker Hall";"Nigeria";134;200.0;153.21;"2026-06-03";"2026-06-04"
"G01551";"Bell Murphy";"France";103;0.0;47.23;"2026-01-24";"2026-01-27"
"G01552";"Young Mitchell";"South Korea";209;200.0;131.72;"2026-02-17";"2026-02-18"
"G01553";"Williams Nwosu";"UK";524;200.0;181.94;"2026-01-31";"2026-02-02"
"G01554";"Adams Wilson";"UK";404;100.0;75.76;"2026-05-10";"2026-05-11"
"G01555";"Wilson Hussain";"USA";321;0.0;0.0;"2026-01-11";"2026-01-12"
"G01556";"Green Evans";"USA";321;50.0;34.42;"2026-06-10";"2026-06-13"
"G01557";"Walker Carter";"Germany";330;200.0;182.95;"2026-04-22";"2026-04-29"
"G01558";"Carter Roberts";"UK";421;100.0;46.11;"2026-01-30";"2026-02-03"
"G01559";"Turner Lewis";"Spain";325;100.0;26.69;"2026-01-30";"2026-01-31"
"G01560";"Cooper White";"UK";207;150.0;107.62;"2026-06-29";"2026-06-30"
"G01561";"Adams Reid";"UK";415;100.0;90.35;"2026-01-30";"2026-02-05"
"G01562";"Parker Baker";"UK";205;0.0;0.0;"2026-05-28";"2026-05-30"
"G01563";"Ahmed Phillips";"Germany";108;150.0;6.3;"2026-03-17";"2026-03-19"
"G01564";"Adebayo Adeyemi";"Netherlands";310;0.0;0.0;"2026-02-15";"2026-02-17"
"G01565";"Edwards Nelson";"South Korea";332;150.0;122.24;"2026-03-09";"2026-03-11"
"G01566";"Martin Nelson";"Ireland";127;200.0;162.54;"2026-02-26";"2026-02-27"
"G01567";"Murphy Wilson";"Nigeria";312;100.0;99.35;"2026-02-26";"2026-02-28"
"G01568";"Cooper Martinez";"Nigeria";118;200.0;200.65;"2026-03-21";"2026-03-22"
"G01569";"Morris Bernard";"Germany";233;150.0;66.19;"2026-04-08";"2026-04-11"
"G01570";"Lee Nwosu";"UK";331;0.0;0.0;"2026-03-18";"2026-03-22"
"G01571";"Perez Baker";"Ireland";407;200.0;173.88;"2026-01-12";"2026-01-16"
"G01573";"Clark Nwosu";"UK";201;0.0;57.77;"2026-03-23";"2026-03-25"
"G01574";"Collins Nelson";"Ireland";112;200.0;139.26;"2026-06-17";"2026-06-19"
"G01575";"Stewart Rahman";"UK";207;50.0;10.39;"2026-05-11";"2026-05-15"
"G01576";"Mensah Parker";"Nigeria";516;200.0;84.57;"2026-03-23";"2026-03-27"
"G01577";"Turner Ahmed";"UK";231;100.0;9.77;"2026-01-06";"2026-01-09"
"G01578";"Morgan Ahmed";"UK";406;150.0;48.3;"2026-02-14";"2026-02-17"
"G01579";"Nelson Baker";"USA";522;150.0;122.78;"2026-01-29";"2026-01-31"
"G01580";"Johnson Bernard";"UK";507;200.0;65.26;"2026-04-22";"2026-04-25"
"G01581";"Bell Hussain";"UK";313;150.0;142.95;"2026-05-11";"2026-05-12"
"G01582";"Walker Wright";"UK";530;150.0;87.08;"2026-06-05";"2026-06-08"
"G01583";"Miller Parker";"Spain";227;100.0;90.94;"2026-06-05";"2026-06-09"
"G01584";"Khan Rahman";"UK";314;100.0;91.05;"2026-06-08";"2026-06-09"
"G01585";"Miller Ahmed";"USA";215;100.0;33.36;"2026-01-29";"2026-01-30"
"G01586";"Perez Nwosu";"Nigeria";514;100.0;30.15;"2026-04-13";"2026-04-17"
"G01587";"Johnson Roberts";"Spain";520;0.0;0.0;"2026-06-06";"2026-06-09"
"G01588";"Brown Moore";"South Korea";224;150.0;140.11;"2026-02-04";"2026-02-06"
"G01589";"Parker Roberts";"South Korea";512;100.0;78.05;"2026-04-26";"2026-04-30"
"G01590";"Morris Shah";"Ghana";311;0.0;0.0;"2026-03-16";"2026-03-19"
"G01591";"Wright Mitchell";"UK";303;100.0;55.71;"2026-05-01";"2026-05-02"
"G01592";"Adebayo Nwosu";"Germany";233;200.0;52.51;"2026-02-14";"2026-02-16"
"G01593";"Thomas Moore";"South Korea";316;150.0;98.18;"2026-06-29";"2026-06-30"
"G01594";"Bell Adeyemi";"UK";211;100.0;13.75;"2026-03-23";"2026-03-24"
"G01595";"Clark Turner";"UK";529;200.0;13.43;"2026-04-07";"2026-04-08"
"G01596";"Johnson Young";"Nigeria";530;200.0;216.15;"2026-02-18";"2026-02-21"
"G01597";"Davies Carter";"UK";417;200.0;6.65;"2026-03-05";"2026-03-07"
"G01598";"Rogers Rahman";"Spain";331;0.0;0.0;"2026-02-11";"2026-02-12"
"G01600";"Mensah Davis";"Netherlands";220;200.0;124.52;"2026-01-13";"2026-01-19"
"G01601";"Hall Scott";"UK";522;150.0;95.9;"2026-01-04";"2026-01-08"
"G01602";"Morgan Nwosu";"UK";529;150.0;156.12;"2026-02-28";"2026-03-01"
"G01603";"Patel Baker";"UK";415;150.0;105.62;"2026-03-16";"2026-03-20"
"G01604";"Anderson Jones";"Italy";212;200.0;45.49;"2026-05-27";"2026-05-29"
"G01605";"Garcia Hall";"UK";123;50.0;8.83;"2026-03-05";"2026-03-10"
"G01606";"Mitchell Roberts";"UK";109;200.0;99.44;"2026-06-15";"2026-06-18"
"G01607";"Walker White";"USA";432;150.0;132.93;"2026-03-28";"2026-03-29"
"G01608";"Perez Nelson";"UK";111;150.0;9.54;"2026-05-07";"2026-05-09"
"G01609";"Turner Nelson";"Spain";532;0.0;0.0;"2026-05-01";"2026-05-05"
"G01610";"Johnson King";"Canada";512;100.0;48.94;"2026-02-15";"2026-02-18"
"G01611";"King Adams";"UK";301;100.0;34.32;"2026-06-26";"2026-06-27"
"G01612";"Lee Reid";"UK";208;0.0;35.82;"2026-02-28";"2026-03-03"
"G01613";"Perez Shah";"UK";311;0.0;0.0;"2026-05-01";"2026-05-05"
"G01614";"Carter Phillips";"Ireland";201;0.0;0.0;"2026-05-20";"2026-05-23"
"G01615";"Ali Perez";"Ghana";327;200.0;136.67;"2026-03-17";"2026-03-18"
"G01616";"Mensah Davis";"South Korea";516;200.0;27.32;"2026-05-21";"2026-05-27"
"G01617";"Davies Kim";"Netherlands";532;100.0;97.72;"2026-01-16";"2026-01-17"
"G01618";"Murphy Reid";"Nigeria";427;0.0;0.0;"2026-02-27";"2026-02-28"
"G01619";"Evans Taylor";"UK";102;0.0;0.0;"2026-04-05";"2026-04-08"
"G01620";"Miller Hall";"UK";103;200.0;174.68;"2026-06-22";"2026-06-23"
"G01621";"Collins Hall";"UK";507;200.0;22.1;"2026-05-10";"2026-05-12"
"G01622";"Ali King";"USA";203;150.0;114.21;"2026-02-16";"2026-02-20"
"G01623";"Stewart Ahmed";"UK";323;150.0;66.96;"2026-01-01";"2026-01-04"
"G01624";"Williams Hussain";"Ghana";505;200.0;206.07;"2026-03-06";"2026-03-08"
"G01625";"Walker Scott";"Ireland";518;0.0;0.0;"2026-05-09";"2026-05-10"
"G01626";"Walker Murphy";"UK";102;100.0;63.13;"2026-06-24";"2026-06-26"
"G01627";"Clark Parker";"UK";428;150.0;29.65;"2026-03-17";"2026-03-19"
"G01629";"Roberts Wilson";"UK";421;150.0;110.77;"2026-01-16";"2026-01-17"
"G01630";"Williams Turner";"UK";122;150.0;145.62;"2026-05-10";"2026-05-12"
"G01631";"Wilson Perez";"UK";403;100.0;57.78;"2026-03-15";"2026-03-18"
"G01632";"Wright Walker";"Canada";228;100.0;62.75;"2026-04-04";"2026-04-10"
"G01633";"Mitchell Davis";"Ghana";112;150.0;103.55;"2026-04-20";"2026-04-27"
"G01634";"Murphy Bernard";"UK";425;150.0;101.92;"2026-01-14";"2026-01-15"
"G01635";"Walker Lewis";"Germany";408;100.0;106.3;"2026-01-10";"2026-01-11"
"G01636";"Ahmed Mitchell";"UK";331;0.0;84.44;"2026-02-11";"2026-02-13"
"G01637";"Carter Mitchell";"USA";206;100.0;57.52;"2026-02-16";"2026-02-17"
"G01638";"Lee Thompson";"USA";226;0.0;41.8;"2026-02-10";"2026-02-14"
"G01639";"Adams Boateng";"Spain";527;0.0;0.0;"2026-03-03";"2026-03-04"
"G01640";"Mitchell Evans";"USA";411;100.0;23.69;"2026-04-04";"2026-04-06"
"G01641";"Perez Shah";"USA";309;200.0;43.85;"2026-04-18";"2026-04-20"
"G01642";"Walker Turner";"USA";509;0.0;0.0;"2026-06-21";"2026-06-22"
"G01643";"Williams Martinez";"UK";330;0.0;0.0;"2026-03-20";"2026-03-22"
"G01644";"Smith Scott";"Ghana";327;100.0;8.49;"2026-06-13";"2026-06-14"
"G01645";"Bell Carter";"UK";302;150.0;77.77;"2026-03-29";"2026-03-30"
"G01646";"Mitchell King";"UK";230;150.0;32.0;"2026-04-22";"2026-04-24"
"G01647";"Collins Hall";"UK";101;0.0;51.07;"2026-03-27";"2026-03-29"
"G01648";"Patel Bernard";"Netherlands";118;100.0;72.4;"2026-02-19";"2026-02-22"
"G01649";"Wright Bernard";"UK";113;150.0;80.95;"2026-06-03";"2026-06-04"
"G01650";"Hall Shah";"UK";402;0.0;0.0;"2026-05-31";"2026-06-02"
"G01651";"Parker Nelson";"Spain";508;0.0;0.0;"2026-06-08";"2026-06-10"
"G01652";"Perez Young";"UK";505;150.0;24.5;"2026-03-15";"2026-03-18"
"G01653";"Green Taylor";"UK";432;150.0;151.13;"2026-04-24";"2026-04-26"
"G01654";"Green Nwosu";"USA";533;100.0;43.02;"2026-01-23";"2026-01-27"
"G01655";"Adebayo Rahman";"UK";120;200.0;67.92;"2026-01-16";"2026-01-17"
"G01656";"King Harris";"UK";114;100.0;20.86;"2026-03-16";"2026-03-20"
"G01657";"Miller Davis";"Nigeria";102;0.0;0.0;"2026-01-20";"2026-01-21"
"G01658";"Cooper Adeyemi";"UK";101;200.0;157.3;"2026-02-25";"2026-03-01"
"G01659";"Baker King";"USA";434;100.0;17.03;"2026-06-29";"2026-06-30"
"G01660";"Smith Green";"UK";233;100.0;15.95;"2026-06-10";"2026-06-15"
"G01661";"Khan Harris";"Nigeria";430;0.0;61.39;"2026-05-07";"2026-05-10"
"G01662";"Walker Ahmed";"Spain";201;200.0;43.65;"2026-05-01";"2026-05-07"
"G01664";"Perez Turner";"UK";219;0.0;0.0;"2026-02-19";"2026-02-22"
"G01665";"Campbell Walker";"USA";127;150.0;162.44;"2026-03-21";"2026-03-25"
"G01666";"Baker Davis";"Nigeria";120;150.0;111.82;"2026-05-11";"2026-05-14"
"G01667";"Miller White";"UK";324;0.0;0.0;"2026-04-15";"2026-04-17"
"G01668";"Williams Reid";"Spain";121;150.0;132.74;"2026-01-28";"2026-01-29"
"G01669";"Baker Roberts";"UK";512;100.0;37.85;"2026-06-15";"2026-06-19"
"G01670";"Baker Scott";"UK";505;100.0;19.64;"2026-01-23";"2026-01-26"
"G01671";"Ali Harris";"Ghana";201;200.0;90.14;"2026-03-03";"2026-03-06"
"G01672";"Phillips Thompson";"Ghana";429;0.0;0.0;"2026-03-30";"2026-04-04"
"G01673";"Clark Jones";"Ghana";511;150.0;114.05;"2026-04-05";"2026-04-10"
"G01674";"Phillips Campbell";"Nigeria";222;200.0;13.55;"2026-05-08";"2026-05-10"
"G01675";"Miller Reid";"Italy";217;200.0;74.16;"2026-06-29";"2026-06-30"
"G01676";"Turner Carter";"Nigeria";427;50.0;44.36;"2026-01-10";"2026-01-11"
"G01677";"King Hall";"Spain";413;50.0;53.41;"2026-02-03";"2026-02-09"
"G01678";"Nelson Thompson";"Nigeria";125;150.0;158.45;"2026-03-05";"2026-03-10"
"G01679";"Okafor Lewis";"France";304;150.0;55.12;"2026-02-11";"2026-02-14"
"G01680";"Cooper Harris";"UK";130;50.0;34.89;"2026-03-17";"2026-03-18"
"G01681";"Lee Walker";"UK";423;150.0;100.66;"2026-03-20";"2026-03-23"
"G01682";"Miller Hall";"UK";514;150.0;69.23;"2026-04-08";"2026-04-09"
"G01683";"Adebayo Evans";"Germany";415;150.0;142.12;"2026-02-24";"2026-02-27"
"G01684";"Parker Moore";"USA";405;0.0;0.0;"2026-02-13";"2026-02-17"
"G01685";"Carter Taylor";"USA";534;150.0;127.25;"2026-05-03";"2026-05-05"
"G01686";"Bailey Davis";"USA";225;150.0;116.31;"2026-06-10";"2026-06-11"
"G01687";"Mensah Turner";"Ghana";323;0.0;26.55;"2026-03-09";"2026-03-14"
"G01688";"Evans Rahman";"Canada";519;50.0;53.85;"2026-02-28";"2026-03-01"
"G01689";"Thomas Harris";"Ireland";205;200.0;86.74;"2026-04-05";"2026-04-12"
"G01690";"Bell Nwosu";"Nigeria";401;150.0;169.47;"2026-06-24";"2026-06-26"
"G01691";"Edwards Moore";"Nigeria";215;200.0;96.44;"2026-01-10";"2026-01-15"
"G01692";"Campbell Green";"Nigeria";204;0.0;0.0;"2026-05-10";"2026-05-14"
"G01693";"Mensah Young";"UK";420;50.0;35.73;"2026-03-28";"2026-03-30"
"G01694";"Ali Shah";"Spain";114;150.0;101.65;"2026-04-20";"2026-04-21"
"G01695";"Adams Boateng";"UK";410;150.0;7.04;"2026-04-15";"2026-04-16"
"G01696";"Johnson Jones";"UK";513;150.0;89.6;"2026-02-07";"2026-02-08"
"G01697";"Martin Carter";"Spain";215;0.0;0.0;"2026-01-21";"2026-01-23"
"G01698";"Young Adams";"Canada";413;0.0;0.0;"2026-06-13";"2026-06-16"
"G01699";"Taylor Jones";"Netherlands";505;100.0;64.33;"2026-05-08";"2026-05-09"
"G01700";"Williams Campbell";"Nigeria";234;200.0;233.35;"2026-03-06";"2026-03-08"
"G01701";"Adebayo Walker";"USA";127;150.0;139.76;"2026-06-15";"2026-06-16"
"G01702";"Campbell Nwosu";"UK";218;50.0;47.38;"2026-05-19";"2026-05-22"
"G01703";"Davies King";"Nigeria";106;100.0;47.11;"2026-03-07";"2026-03-09"
"G01704";"Walker Wright";"UK";128;100.0;70.13;"2026-02-03";"2026-02-06"
"G01705";"Adebayo Wilson";"Italy";327;50.0;30.31;"2026-01-08";"2026-01-11"
"G01706";"Baker King";"UK";511;200.0;171.59;"2026-05-08";"2026-05-15"
"G01707";"Roberts Hall";"France";129;0.0;58.26;"2026-05-24";"2026-05-25"
"G01708";"Lee Hall";"UK";202;150.0;106.88;"2026-06-03";"2026-06-05"
"G01709";"Thomas Bernard";"UK";211;150.0;78.7;"2026-06-09";"2026-06-11"
"G01710";"Williams Reid";"UK";507;0.0;0.0;"2026-02-02";"2026-02-07"
"G01711";"Okafor Hussain";"Nigeria";420;150.0;134.09;"2026-02-09";"2026-02-12"
"G01712";"Walker Adeyemi";"Spain";122;100.0;57.93;"2026-04-17";"2026-04-19"
"G01713";"Evans King";"UK";509;0.0;0.0;"2026-01-16";"2026-01-18"
"G01714";"Morris Moore";"UK";501;0.0;0.0;"2026-01-23";"2026-01-25"
"G01715";"Brown Carter";"UK";121;0.0;52.9;"2026-05-26";"2026-05-28"
"G01716";"Mitchell Shah";"UK";412;100.0;98.44;"2026-02-18";"2026-02-22"
"G01717";"Bell Bernard";"Germany";402;200.0;118.24;"2026-04-21";"2026-04-25"
"G01718";"Brown Ahmed";"UK";522;200.0;144.4;"2026-03-03";"2026-03-08"
"G01720";"Thomas Perez";"Italy";113;50.0;32.13;"2026-06-15";"2026-06-17"
"G01721";"Bell Hall";"France";126;50.0;44.64;"2026-05-23";"2026-05-24"
"G01722";"Bailey Murphy";"UK";124;50.0;25.54;"2026-03-30";"2026-03-31"
"G01723";"Green Wright";"Spain";317;200.0;50.18;"2026-02-06";"2026-02-09"
"G01724";"Johnson Phillips";"Nigeria";408;200.0;196.26;"2026-05-23";"2026-05-29"
"G01725";"Khan Boateng";"UK";409;200.0;169.45;"2026-04-04";"2026-04-06"
"G01726";"Campbell Hussain";"USA";107;150.0;17.01;"2026-02-07";"2026-02-10"
"G01727";"Anderson Lewis";"Spain";110;0.0;0.0;"2026-05-13";"2026-05-20"
"G01728";"Khan Perez";"USA";111;100.0;23.51;"2026-01-24";"2026-01-29"
"G01729";"Thomas Scott";"South Korea";229;100.0;79.92;"2026-03-19";"2026-03-22"
"G01730";"Miller Harris";"UK";221;100.0;74.36;"2026-02-21";"2026-02-24"
"G01731";"Wilson Ahmed";"UK";509;200.0;141.91;"2026-02-15";"2026-02-18"
"G01732";"Bailey Ahmed";"Nigeria";309;0.0;0.0;"2026-05-10";"2026-05-12"
"G01733";"Evans Lewis";"Italy";220;0.0;88.25;"2026-01-13";"2026-01-15"
"G01734";"Young Adeyemi";"South Korea";133;100.0;67.68;"2026-06-26";"2026-06-30"
"G01735";"Smith Rahman";"Italy";131;100.0;0.76;"2026-05-14";"2026-05-17"
"G01736";"Cook Parker";"Nigeria";308;100.0;109.37;"2026-04-05";"2026-04-06"
"G01737";"Perez Reid";"UK";505;50.0;17.39;"2026-04-10";"2026-04-12"
"G01738";"Nelson Taylor";"Italy";506;200.0;55.41;"2026-05-18";"2026-05-19"
"G01739";"Cook Evans";"France";432;200.0;128.53;"2026-06-25";"2026-06-27"
"G01740";"Clark Nelson";"UK";415;0.0;0.0;"2026-05-16";"2026-05-21"
"G01741";"Baker Hall";"UK";119;150.0;59.5;"2026-01-24";"2026-01-26"
"G01742";"Murphy Scott";"Nigeria";512;0.0;0.0;"2026-02-22";"2026-02-23"
"G01743";"Brown Reid";"USA";515;100.0;24.56;"2026-06-28";"2026-06-30"
"G01744";"Williams Turner";"Ghana";533;200.0;0.92;"2026-06-28";"2026-06-30"
"G01745";"Nelson Boateng";"Ireland";432;150.0;47.29;"2026-01-28";"2026-01-31"
"G01746";"Cook Shah";"Nigeria";324;200.0;95.37;"2026-04-08";"2026-04-15"
"G01747";"Wilson Rahman";"UK";525;150.0;150.5;"2026-04-23";"2026-04-26"
"G01748";"Anderson Ahmed";"Ghana";120;50.0;6.97;"2026-06-14";"2026-06-17"
"G01749";"Young Young";"USA";106;200.0;142.9;"2026-02-28";"2026-03-04"
"G01750";"Adebayo Ahmed";"UK";508;150.0;173.16;"2026-03-20";"2026-03-22"
"G01751";"Baker Taylor";"France";309;100.0;110.67;"2026-06-27";"2026-06-30"
"G01752";"Bailey Carter";"France";306;100.0;21.85;"2026-04-12";"2026-04-13"
"G01753";"Nelson Turner";"USA";204;150.0;142.69;"2026-06-06";"2026-06-08"
"G01754";"Cook Carter";"UK";119;50.0;52.4;"2026-06-15";"2026-06-18"
"G01755";"Thomas Wright";"USA";528;150.0;21.39;"2026-05-20";"2026-05-21"
"G01756";"Brown Ahmed";"UK";405;0.0;61.85;"2026-02-19";"2026-02-20"
"G01757";"Bailey King";"UK";407;100.0;34.5;"2026-02-04";"2026-02-05"
"G01758";"Cook Adeyemi";"UK";213;200.0;176.03;"2026-05-29";"2026-06-02"
"G01759";"Wilson Harris";"USA";515;100.0;18.74;"2026-01-16";"2026-01-17"
"G01760";"Morgan Martinez";"Italy";317;0.0;34.37;"2026-03-14";"2026-03-16"
"G01761";"Green Turner";"UK";103;100.0;111.31;"2026-05-28";"2026-05-31"
"G01763";"Collins Taylor";"France";110;200.0;90.86;"2026-05-14";"2026-05-15"
"G01764";"Johnson Kim";"USA";226;50.0;44.15;"2026-03-10";"2026-03-12"
"G01765";"Morgan Hussain";"Spain";212;50.0;23.09;"2026-01-07";"2026-01-10"
"G01766";"Mitchell King";"UK";303;200.0;233.71;"2026-01-10";"2026-01-11"
"G01767";"Perez Hussain";"South Korea";216;50.0;12.06;"2026-06-20";"2026-06-22"
"G01768";"Ahmed Kim";"Spain";516;150.0;53.8;"2026-04-22";"2026-04-25"
"G01769";"Brown Adeyemi";"Nigeria";118;200.0;50.76;"2026-06-02";"2026-06-04"
"G01770";"Mensah Rahman";"UK";510;100.0;40.34;"2026-01-25";"2026-01-27"
"G01771";"Stewart Hall";"USA";408;100.0;70.67;"2026-03-18";"2026-03-20"
"G01772";"Mensah Perez";"Ghana";522;100.0;67.45;"2026-05-15";"2026-05-22"
"G01773";"Hall Adams";"UK";404;100.0;39.42;"2026-02-22";"2026-03-01"
"G01774";"Walker Nelson";"Nigeria";127;0.0;16.59;"2026-06-23";"2026-06-24"
"G01775";"Collins Evans";"USA";211;100.0;1.92;"2026-03-09";"2026-03-13"
"G01776";"Perez Evans";"UK";521;200.0;44.79;"2026-04-08";"2026-04-10"
"G01777";"Smith Ahmed";"Ireland";411;150.0;1.51;"2026-01-16";"2026-01-19"
"G01778";"Cook Nwosu";"UK";125;0.0;0.0;"2026-02-20";"2026-02-21"
"G01779";"Williams Jones";"Canada";415;150.0;52.91;"2026-02-17";"2026-02-19"
"G01780";"Lee Hussain";"UK";419;200.0;222.39;"2026-01-17";"2026-01-19"
"G01781";"Stewart Taylor";"USA";126;200.0;172.3;"2026-06-23";"2026-06-24"
"G01782";"Cook Harris";"South Korea";325;100.0;42.39;"2026-03-19";"2026-03-22"
"G01783";"Smith Reid";"UK";314;100.0;67.09;"2026-01-05";"2026-01-08"
"G01784";"Evans Taylor";"USA";402;150.0;159.99;"2026-05-14";"2026-05-18"
"G01785";"Evans Davis";"Spain";203;200.0;139.17;"2026-02-15";"2026-02-21"
"G01786";"Williams Carter";"USA";414;100.0;53.25;"2026-03-12";"2026-03-15"
"G01787";"Turner Wright";"USA";127;200.0;196.36;"2026-05-20";"2026-05-21"
"G01788";"Ali Perez";"Ghana";231;100.0;6.07;"2026-06-02";"2026-06-05"
"G01789";"Garcia Boateng";"Ireland";122;200.0;210.41;"2026-04-22";"2026-04-26"
"G01790";"Rogers Jones";"USA";511;150.0;121.54;"2026-03-17";"2026-03-19"
"G01791";"Taylor Martinez";"UK";527;200.0;31.54;"2026-06-24";"2026-06-25"
"G01792";"Adams Harris";"UK";309;0.0;0.0;"2026-02-08";"2026-02-10"
"G01793";"Morris Parker";"UK";107;50.0;33.89;"2026-02-06";"2026-02-08"
"G01794";"Evans Carter";"Spain";133;200.0;185.6;"2026-06-24";"2026-06-25"
"G01795";"Davies Nwosu";"Ghana";105;150.0;2.41;"2026-03-15";"2026-03-18"
"G01796";"Stewart Shah";"UK";217;100.0;83.29;"2026-02-11";"2026-02-14"
"G01797";"Murphy Nwosu";"Spain";422;200.0;4.67;"2026-03-26";"2026-03-27"
"G01798";"Wright Lewis";"UK";217;100.0;68.29;"2026-02-17";"2026-02-20"
"G01799";"Edwards Kim";"France";316;100.0;106.71;"2026-03-09";"2026-03-11"
"G01800";"Miller Green";"Germany";512;0.0;0.0;"2026-02-06";"2026-02-07"
"G01801";"Adebayo Campbell";"Canada";102;0.0;0.0;"2026-06-28";"2026-06-30"
"G01802";"Lee Green";"UK";206;150.0;76.22;"2026-06-03";"2026-06-08"
"G01803";"Parker Lewis";"UK";305;0.0;0.0;"2026-05-01";"2026-05-02"
"G01804";"Williams Kim";"Nigeria";431;100.0;11.76;"2026-01-08";"2026-01-11"
"G01805";"Murphy Adams";"USA";326;150.0;55.37;"2026-03-01";"2026-03-05"
"G01806";"Collins Phillips";"France";104;100.0;108.13;"2026-01-26";"2026-01-27"
"G01807";"Thomas Boateng";"UK";330;50.0;39.51;"2026-06-03";"2026-06-07"
"G01808";"Perez Baker";"UK";231;200.0;208.18;"2026-06-21";"2026-06-24"
"G01809";"Bell Nelson";"UK";231;150.0;99.84;"2026-03-14";"2026-03-16"
"G01810";"Collins Nwosu";"France";518;50.0;3.2;"2026-05-22";"2026-05-26"
"G01811";"Adams Kim";"UK";327;200.0;216.39;"2026-05-17";"2026-05-20"
"G01812";"Green Hussain";"UK";410;100.0;25.65;"2026-02-05";"2026-02-07"
"G01813";"Cooper Turner";"USA";512;0.0;0.0;"2026-04-30";"2026-05-02"
"G01814";"Roberts Davis";"USA";526;150.0;24.15;"2026-02-03";"2026-02-06"
"G01815";"Bell Campbell";"Germany";205;150.0;96.07;"2026-05-13";"2026-05-14"
"G01816";"Stewart Rahman";"UK";514;200.0;125.46;"2026-02-19";"2026-02-21"
"G01817";"Campbell Bernard";"UK";415;200.0;71.54;"2026-02-08";"2026-02-09"
"G01818";"Miller Ahmed";"USA";312;100.0;7.02;"2026-01-09";"2026-01-10"
"G01819";"Young King";"USA";108;200.0;152.32;"2026-04-19";"2026-04-20"
"G01820";"Mensah Murphy";"Germany";511;150.0;165.56;"2026-02-28";"2026-03-02"
"G01821";"Khan Wilson";"UK";421;200.0;133.88;"2026-04-17";"2026-04-20"
"G01822";"Turner Wright";"Ireland";508;50.0;53.79;"2026-02-18";"2026-02-21"
"G01823";"Turner Harris";"UK";203;100.0;45.88;"2026-04-21";"2026-04-24"
"G01824";"Lee Boateng";"South Korea";434;150.0;146.94;"2026-03-09";"2026-03-11"
"G01825";"Mensah Hall";"UK";532;150.0;129.07;"2026-06-19";"2026-06-22"
"G01826";"Evans Hall";"South Korea";421;0.0;0.0;"2026-06-14";"2026-06-17"
"G01827";"Davies Taylor";"Canada";127;100.0;86.82;"2026-05-17";"2026-05-21"
"G01828";"Brown Campbell";"Italy";128;0.0;0.0;"2026-05-19";"2026-05-23"
"G01829";"Campbell Kim";"France";416;150.0;4.5;"2026-02-19";"2026-02-22"
"G01830";"Nelson Lewis";"UK";434;150.0;81.41;"2026-03-08";"2026-03-09"
"G01831";"Clark Adams";"UK";315;150.0;101.83;"2026-04-03";"2026-04-06"
"G01832";"Roberts Baker";"UK";124;150.0;145.51;"2026-04-20";"2026-04-22"
"G01833";"Bailey Thompson";"Spain";416;100.0;52.26;"2026-01-07";"2026-01-09"
"G01834";"Murphy Shah";"UK";407;50.0;6.67;"2026-06-19";"2026-06-24"
"G01835";"Cooper Young";"Italy";306;100.0;26.93;"2026-01-27";"2026-01-30"
"G01836";"Hall Murphy";"USA";203;100.0;13.4;"2026-03-29";"2026-03-31"
"G01837";"King Harris";"UK";233;50.0;1.29;"2026-02-05";"2026-02-07"
"G01838";"Collins Thompson";"Ireland";315;0.0;0.0;"2026-04-18";"2026-04-19"
"G01839";"Patel Moore";"USA";307;100.0;10.15;"2026-04-11";"2026-04-16"
"G01840";"Cook Adeyemi";"Italy";409;50.0;15.0;"2026-01-19";"2026-01-23"
"G01841";"Nelson Taylor";"USA";519;150.0;71.67;"2026-04-26";"2026-04-28"
"G01842";"Phillips Green";"UK";501;0.0;0.0;"2026-05-17";"2026-05-21"
"G01843";"Phillips Perez";"UK";309;100.0;63.51;"2026-01-03";"2026-01-09"
"G01844";"Patel Perez";"USA";431;0.0;41.92;"2026-06-27";"2026-06-30"
"G01845";"Garcia Carter";"UK";133;200.0;58.16;"2026-05-18";"2026-05-20"
"G01846";"Cooper Thompson";"USA";227;0.0;65.19;"2026-03-23";"2026-03-27"
"G01847";"Cook Wilson";"South Korea";516;150.0;35.03;"2026-06-08";"2026-06-09"
"G01848";"Cook Taylor";"UK";423;150.0;109.41;"2026-03-14";"2026-03-19"
"G01849";"Smith Campbell";"Ghana";416;100.0;43.03;"2026-01-19";"2026-01-25"
"G01850";"Mensah Thompson";"Ghana";301;0.0;0.0;"2026-05-17";"2026-05-18"
"G01851";"Clark Ahmed";"UK";223;0.0;0.0;"2026-01-09";"2026-01-16"
"G01852";"Rogers Campbell";"Germany";118;50.0;41.7;"2026-04-22";"2026-04-24"
"G01853";"Morgan Thompson";"South Korea";310;150.0;91.05;"2026-01-25";"2026-01-30"
"G01854";"Morgan Evans";"Ghana";407;100.0;6.07;"2026-01-25";"2026-01-27"
"G01855";"Johnson Hussain";"USA";306;200.0;189.19;"2026-02-01";"2026-02-02"
"G01856";"Williams Murphy";"France";218;100.0;49.62;"2026-05-01";"2026-05-04"
"G01857";"Brown Bernard";"USA";225;150.0;76.92;"2026-01-18";"2026-01-19"
"G01858";"Wilson Thompson";"USA";429;200.0;131.74;"2026-05-24";"2026-05-26"
"G01859";"Perez Phillips";"UK";415;0.0;0.0;"2026-02-21";"2026-02-23"
"G01860";"Evans Ahmed";"France";518;150.0;27.93;"2026-06-25";"2026-06-27"
"G01861";"Collins Turner";"Nigeria";222;100.0;88.93;"2026-05-08";"2026-05-12"
"G01862";"Mitchell Shah";"Ireland";118;150.0;52.1;"2026-01-25";"2026-01-27"
"G01863";"Bell Campbell";"UK";309;200.0;0.39;"2026-05-18";"2026-05-19"
"G01864";"Nelson Murphy";"UK";114;0.0;0.0;"2026-06-25";"2026-06-28"
"G01865";"Rogers White";"USA";323;150.0;135.36;"2026-01-25";"2026-01-29"
"G01866";"Williams Shah";"UK";323;100.0;41.18;"2026-02-08";"2026-02-13"
"G01867";"Evans Perez";"France";229;200.0;176.17;"2026-01-08";"2026-01-12"
"G01868";"Patel Taylor";"UK";323;150.0;103.57;"2026-04-15";"2026-04-19"
"G01869";"Hall Moore";"France";105;200.0;213.99;"2026-04-21";"2026-04-22"
"G01870";"Clark Adams";"Nigeria";134;200.0;216.99;"2026-04-05";"2026-04-07"
"G01871";"Taylor Campbell";"Spain";415;100.0;68.12;"2026-04-05";"2026-04-08"
"G01872";"Cooper White";"UK";515;0.0;0.0;"2026-05-26";"2026-05-27"
"G01873";"Mensah Baker";"UK";128;200.0;205.86;"2026-03-01";"2026-03-03"
"G01874";"Walker Harris";"Spain";510;0.0;0.0;"2026-04-09";"2026-04-11"
"G01875";"Davies Adeyemi";"Spain";426;100.0;20.18;"2026-02-13";"2026-02-14"
"G01876";"Smith Ahmed";"Italy";505;0.0;0.0;"2026-06-22";"2026-06-25"
"G01877";"Turner Hall";"Italy";203;100.0;60.58;"2026-04-10";"2026-04-14"
"G01878";"Edwards Adams";"UK";526;200.0;76.69;"2026-06-09";"2026-06-13"
"G01879";"Ahmed Moore";"USA";320;0.0;0.0;"2026-01-22";"2026-01-26"
"G01880";"Taylor Baker";"Germany";314;0.0;0.0;"2026-03-13";"2026-03-17"
"G01881";"Ahmed Nwosu";"UK";407;150.0;168.05;"2026-04-03";"2026-04-08"
"G01882";"Nelson Rahman";"Spain";115;0.0;0.0;"2026-01-04";"2026-01-07"
"G01883";"Parker Shah";"Ghana";113;200.0;186.14;"2026-06-20";"2026-06-21"
"G01884";"Mensah Young";"UK";514;150.0;172.73;"2026-03-22";"2026-03-25"
"G01885";"Perez Walker";"Spain";523;200.0;214.18;"2026-03-02";"2026-03-05"
"G01886";"Khan Adeyemi";"UK";323;0.0;0.0;"2026-05-07";"2026-05-09"
"G01887";"Miller Carter";"UK";323;200.0;140.36;"2026-05-16";"2026-05-22"
"G01888";"Cook Roberts";"Canada";329;50.0;49.57;"2026-01-10";"2026-01-13"
"G01889";"Green Mitchell";"UK";131;150.0;5.84;"2026-01-29";"2026-02-05"
"G01890";"Williams Martinez";"Ireland";234;0.0;0.0;"2026-06-19";"2026-06-22"
"G01891";"Wright Adeyemi";"Nigeria";308;0.0;0.0;"2026-04-01";"2026-04-03"
"G01892";"Okafor Phillips";"UK";315;50.0;58.03;"2026-05-29";"2026-06-01"
"G01893";"Roberts Wilson";"South Korea";510;50.0;24.74;"2026-04-08";"2026-04-11"
"G01894";"Carter Phillips";"USA";329;200.0;55.8;"2026-05-19";"2026-05-20"
"G01895";"Phillips Nelson";"UK";112;100.0;114.8;"2026-01-06";"2026-01-07"
"G01896";"Adebayo Parker";"Nigeria";319;200.0;131.9;"2026-05-28";"2026-05-31"
"G01897";"Miller Harris";"UK";405;150.0;150.77;"2026-05-19";"2026-05-20"
"G01898";"Edwards King";"UK";405;0.0;43.67;"2026-05-14";"2026-05-16"
"G01899";"Ahmed White";"Ghana";320;200.0;21.38;"2026-02-11";"2026-02-15"
"G01900";"Taylor Perez";"South Korea";302;100.0;56.91;"2026-02-21";"2026-02-22"
"G01901";"Johnson Wilson";"Nigeria";114;150.0;158.22;"2026-04-09";"2026-04-12"
"G01902";"Khan Murphy";"USA";126;0.0;78.2;"2026-06-01";"2026-06-04"
"G01903";"Green Ahmed";"Ireland";123;100.0;82.36;"2026-03-20";"2026-03-23"
"G01904";"Baker Roberts";"USA";109;0.0;8.58;"2026-06-29";"2026-06-30"
"G01905";"Martin Turner";"Ghana";421;100.0;55.38;"2026-03-20";"2026-03-23"
"G01906";"Green Parker";"Ireland";304;100.0;106.63;"2026-06-09";"2026-06-16"
"G01907";"Lee Hussain";"UK";132;150.0;102.45;"2026-06-28";"2026-06-30"
"G01908";"Phillips Davis";"Nigeria";419;0.0;0.0;"2026-01-09";"2026-01-12"
"G01909";"Stewart Bernard";"Germany";409;150.0;123.32;"2026-03-11";"2026-03-14"
"G01910";"Davies Campbell";"Germany";326;200.0;41.48;"2026-04-11";"2026-04-14"
"G01911";"Stewart Bernard";"UK";223;100.0;24.23;"2026-04-01";"2026-04-05"
"G01912";"Phillips Harris";"South Korea";419;150.0;32.35;"2026-05-16";"2026-05-17"
"G01913";"Adebayo Evans";"Germany";123;150.0;101.27;"2026-06-06";"2026-06-07"
"G01914";"Murphy Kim";"UK";228;100.0;100.6;"2026-05-11";"2026-05-13"
"G01915";"Morris Nelson";"USA";521;150.0;164.24;"2026-05-05";"2026-05-06"
"G01916";"Khan Thompson";"UK";229;100.0;97.76;"2026-04-24";"2026-04-26"
"G01917";"Clark Evans";"UK";204;100.0;54.78;"2026-04-09";"2026-04-13"
"G01918";"Martin Bernard";"UK";424;100.0;115.35;"2026-05-09";"2026-05-10"
"G01919";"Roberts Mitchell";"France";218;100.0;15.02;"2026-05-30";"2026-06-01"
"G01920";"Campbell Scott";"Germany";102;50.0;2.57;"2026-06-15";"2026-06-18"
"G01921";"Walker Adeyemi";"UK";424;100.0;27.14;"2026-05-22";"2026-05-24"
"G01922";"Evans Turner";"UK";409;0.0;0.0;"2026-01-23";"2026-01-26"
"G01923";"Taylor Nwosu";"Ireland";515;0.0;0.0;"2026-03-08";"2026-03-11"
"G01924";"Mitchell Lewis";"USA";223;200.0;83.5;"2026-03-30";"2026-03-31"
"G01925";"Evans Walker";"USA";529;200.0;137.57;"2026-03-15";"2026-03-16"
"G01926";"Lee Taylor";"UK";105;200.0;82.41;"2026-04-15";"2026-04-17"
"G01927";"Williams Turner";"UK";422;100.0;94.37;"2026-06-08";"2026-06-12"
"G01928";"Mensah Kim";"Nigeria";313;200.0;95.28;"2026-01-01";"2026-01-03"
"G01929";"Turner Martinez";"Germany";426;150.0;173.05;"2026-05-16";"2026-05-17"
"G01930";"Smith Murphy";"UK";413;100.0;6.81;"2026-03-10";"2026-03-13"
"G01931";"Campbell Jones";"UK";506;150.0;77.28;"2026-06-28";"2026-06-29"
"G01932";"Ahmed Carter";"Germany";503;100.0;18.45;"2026-04-15";"2026-04-18"
"G01933";"Garcia King";"Ghana";117;100.0;90.68;"2026-04-07";"2026-04-10"
"G01934";"Edwards Taylor";"UK";523;0.0;0.0;"2026-04-08";"2026-04-13"
"G01935";"Parker Reid";"South Korea";215;200.0;187.83;"2026-06-23";"2026-06-29"
"G01936";"Wright Adams";"USA";503;200.0;114.07;"2026-02-14";"2026-02-21"
"G01937";"Bailey Young";"USA";309;150.0;158.28;"2026-02-04";"2026-02-07"
"G01938";"Miller Reid";"Germany";225;150.0;147.41;"2026-02-20";"2026-02-22"
"G01939";"Morgan Perez";"UK";324;200.0;154.05;"2026-01-31";"2026-02-02"
"G01940";"Adebayo Carter";"Spain";513;100.0;111.16;"2026-06-20";"2026-06-25"
"G01941";"Wright Phillips";"UK";229;100.0;2.78;"2026-03-16";"2026-03-22"
"G01942";"Taylor Phillips";"UK";512;0.0;0.0;"2026-06-23";"2026-06-24"
"G01943";"Phillips Roberts";"Ireland";224;100.0;112.43;"2026-05-27";"2026-05-29"
"G01944";"Clark Parker";"France";226;50.0;43.0;"2026-05-03";"2026-05-06"
"G01945";"Collins Scott";"France";322;200.0;135.97;"2026-03-08";"2026-03-10"
"G01946";"Cook Lewis";"USA";234;150.0;32.82;"2026-03-18";"2026-03-20"
"G01947";"Carter White";"Canada";107;0.0;0.0;"2026-06-02";"2026-06-05"
"G01949";"Collins Jones";"UK";415;100.0;64.81;"2026-03-31";"2026-04-01"
"G01950";"Phillips Harris";"UK";422;200.0;25.14;"2026-04-01";"2026-04-05"
"G01951";"Okafor Evans";"Ghana";324;150.0;93.94;"2026-01-23";"2026-01-25"
"G01952";"Williams King";"Nigeria";213;100.0;83.13;"2026-02-15";"2026-02-17"
"G01953";"Nelson King";"UK";427;100.0;66.47;"2026-03-24";"2026-03-25"
"G01954";"Bailey Bernard";"USA";217;150.0;7.97;"2026-03-30";"2026-04-01"
"G01955";"Garcia King";"UK";130;150.0;130.71;"2026-02-06";"2026-02-10"
"G01956";"Cooper Phillips";"USA";418;100.0;75.14;"2026-02-21";"2026-02-24"
"G01957";"Garcia Thompson";"Italy";412;200.0;9.58;"2026-03-23";"2026-03-25"
"G01959";"Roberts Boateng";"Ireland";523;200.0;25.0;"2026-05-08";"2026-05-11"
"G01960";"Cooper Evans";"UK";119;100.0;66.09;"2026-06-09";"2026-06-11"
"G01961";"Patel Young";"UK";423;200.0;34.37;"2026-03-29";"2026-03-30"
"G01962";"Johnson Thompson";"USA";213;100.0;78.36;"2026-02-28";"2026-03-05"
"G01963";"Wright Murphy";"UK";218;150.0;84.15;"2026-03-25";"2026-03-26"
"G01964";"Smith Nelson";"Ghana";232;150.0;93.3;"2026-06-23";"2026-06-26"
"G01966";"Cooper Thompson";"UK";213;200.0;72.1;"2026-01-21";"2026-01-22"
"G01967";"King Green";"Nigeria";515;0.0;0.0;"2026-05-03";"2026-05-06"
"G01968";"Adebayo Young";"Germany";523;50.0;10.42;"2026-04-09";"2026-04-13"
"G01970";"Martin Lewis";"South Korea";421;200.0;27.6;"2026-01-01";"2026-01-04"
"G01971";"Anderson Perez";"Canada";211;100.0;9.54;"2026-04-16";"2026-04-18"
"G01973";"Phillips Harris";"UK";110;200.0;114.19;"2026-06-10";"2026-06-11"
"G01974";"Ahmed Parker";"UK";108;50.0;15.39;"2026-04-24";"2026-04-25"
"G01975";"Thomas Adeyemi";"France";522;200.0;186.11;"2026-03-18";"2026-03-22"
"G01976";"Patel Thompson";"UK";129;100.0;12.94;"2026-06-19";"2026-06-20"
"G01977";"Campbell Turner";"Nigeria";318;0.0;0.0;"2026-05-24";"2026-05-28"
"G01978";"Miller Roberts";"France";110;200.0;165.48;"2026-05-21";"2026-05-25"
"G01979";"Thomas Taylor";"Ghana";230;50.0;43.32;"2026-03-27";"2026-03-29"
"G01980";"Campbell Walker";"Germany";116;100.0;114.64;"2026-03-23";"2026-03-25"
"G01981";"Mitchell Young";"UK";225;100.0;86.81;"2026-05-05";"2026-05-09"
"G01982";"Anderson Walker";"USA";226;200.0;111.84;"2026-05-09";"2026-05-11"
"G01983";"Edwards White";"Ireland";320;200.0;177.99;"2026-04-25";"2026-04-26"
"G01984";"Wright Green";"USA";523;200.0;187.42;"2026-04-25";"2026-04-28"
"G01985";"Young Ahmed";"Ghana";316;200.0;108.13;"2026-02-04";"2026-02-05"
"G01986";"Brown Davis";"UK";116;50.0;16.91;"2026-05-13";"2026-05-14"
"G01987";"Green White";"UK";431;50.0;27.34;"2026-02-07";"2026-02-10"
"G01988";"Walker Wilson";"UK";112;200.0;147.4;"2026-04-26";"2026-04-28"
"G01989";"Adebayo Harris";"USA";327;0.0;0.0;"2026-03-08";"2026-03-10"
"G01990";"Cook Wilson";"France";215;50.0;52.5;"2026-06-17";"2026-06-18"
"G01991";"Garcia Davis";"UK";330;100.0;20.41;"2026-06-05";"2026-06-10"
"G01992";"Miller Phillips";"Italy";427;150.0;48.53;"2026-02-04";"2026-02-08"
"G01993";"Roberts Scott";"UK";528;200.0;214.83;"2026-02-18";"2026-02-21"
"G01994";"Roberts Walker";"UK";410;150.0;176.29;"2026-03-28";"2026-03-30"
"G01995";"Phillips Reid";"France";313;200.0;83.87;"2026-04-09";"2026-04-13"
"G01996";"Miller Harris";"Ireland";330;150.0;133.69;"2026-01-22";"2026-01-23"
"G01997";"Davies Moore";"UK";332;150.0;108.21;"2026-01-19";"2026-01-21"
"G01998";"Patel Kim";"UK";520;150.0;21.69;"2026-05-04";"2026-05-06"
"G01999";"Bailey Rahman";"Italy";517;50.0;45.83;"2026-02-06";"2026-02-08"
"G02000";"Clark Turner";"UK";533;50.0;34.54;"2026-05-26";"2026-06-02"
"G02001";"Stewart Rahman";"UK";501;200.0;208.12;"2026-03-12";"2026-03-16"
"G02002";"Lee King";"USA";101;200.0;2.84;"2026-02-05";"2026-02-07"
"G02003";"Perez Hall";"UK";214;0.0;0.0;"2026-05-26";"2026-05-31"
"G02004";"Davies Lewis";"UK";511;0.0;0.0;"2026-01-07";"2026-01-11"
"G02005";"Garcia Harris";"UK";214;100.0;116.68;"2026-05-08";"2026-05-12"
"G02006";"Parker Bernard";"USA";429;200.0;50.41;"2026-06-22";"2026-06-26"
"G02007";"Collins Thompson";"Nigeria";315;100.0;44.2;"2026-05-20";"2026-05-22"
"G02008";"Bell Hall";"UK";425;200.0;181.19;"2026-05-05";"2026-05-07"
"G02009";"Parker Davis";"Spain";117;0.0;0.0;"2026-05-12";"2026-05-14"
"G02010";"Clark Kim";"USA";114;200.0;101.11;"2026-03-05";"2026-03-08"
"G02011";"Garcia Scott";"Canada";110;150.0;38.76;"2026-03-03";"2026-03-06"
"G02012";"Ali Taylor";"UK";116;150.0;63.39;"2026-03-18";"2026-03-19"
"G02013";"Williams Davis";"France";314;50.0;2.91;"2026-01-24";"2026-01-25"
"G02014";"Adams Boateng";"France";425;200.0;196.99;"2026-03-27";"2026-03-29"
"G02015";"Walker Phillips";"South Korea";431;0.0;0.0;"2026-03-02";"2026-03-03"
"G02016";"Parker Davis";"France";319;200.0;15.84;"2026-01-22";"2026-01-26"
"G02017";"Patel Davis";"South Korea";532;200.0;204.33;"2026-01-20";"2026-01-23"
"G02018";"Anderson Reid";"USA";416;200.0;187.36;"2026-05-10";"2026-05-15"
"G02019";"Lee King";"UK";204;200.0;109.07;"2026-04-17";"2026-04-19"
"G02020";"Nelson Moore";"USA";230;200.0;178.07;"2026-02-04";"2026-02-07"
"G02021";"Ali Rahman";"USA";517;200.0;164.96;"2026-02-21";"2026-02-22"
"G02022";"Martin Parker";"USA";425;0.0;13.88;"2026-03-04";"2026-03-06"
"G02023";"Cooper Hussain";"UK";518;100.0;12.38;"2026-06-17";"2026-06-18"
"G02024";"King Evans";"UK";321;150.0;107.45;"2026-06-08";"2026-06-11"
"G02025";"Morgan Bernard";"UK";230;0.0;0.0;"2026-04-10";"2026-04-13"
"G02026";"Anderson Ahmed";"Ghana";117;200.0;77.9;"2026-04-30";"2026-05-01"
"G02027";"Morgan Walker";"Ghana";332;100.0;103.3;"2026-01-20";"2026-01-22"
"G02028";"Nelson Walker";"Ireland";313;150.0;166.33;"2026-03-15";"2026-03-16"
"G02029";"Miller Parker";"Italy";325;150.0;25.32;"2026-05-25";"2026-05-30"
"G02030";"Cooper Roberts";"Nigeria";101;100.0;55.16;"2026-02-03";"2026-02-04"
"G02031";"King Moore";"UK";404;0.0;0.0;"2026-01-26";"2026-01-27"
"G02032";"Lee Green";"UK";434;200.0;27.4;"2026-06-17";"2026-06-19"
"G02033";"Brown Hall";"UK";414;150.0;142.14;"2026-03-15";"2026-03-18"
"G02034";"Stewart Jones";"Ireland";405;150.0;127.67;"2026-06-02";"2026-06-04"
"G02035";"Williams Jones";"Germany";404;0.0;0.0;"2026-05-17";"2026-05-18"
"G02036";"Taylor Wilson";"USA";427;150.0;152.04;"2026-06-17";"2026-06-21"
"G02037";"Roberts Turner";"Nigeria";334;50.0;8.69;"2026-05-23";"2026-05-24"
"G02038";"Phillips Perez";"Ghana";224;100.0;97.52;"2026-05-02";"2026-05-08"
"G02040";"Okafor Adams";"USA";433;200.0;11.72;"2026-01-14";"2026-01-17"
"G02041";"Walker Mitchell";"Ireland";211;100.0;87.25;"2026-05-16";"2026-05-19"
"G02042";"Okafor Jones";"Nigeria";206;0.0;0.0;"2026-02-10";"2026-02-12"
"G02043";"King Martinez";"France";309;150.0;72.13;"2026-01-28";"2026-02-01"
"G02044";"Adebayo Thompson";"UK";425;0.0;0.0;"2026-03-13";"2026-03-19"
"G02045";"Parker Rahman";"UK";113;0.0;0.0;"2026-02-19";"2026-02-20"
"G02046";"Smith Walker";"Canada";409;0.0;0.0;"2026-04-23";"2026-04-25"
"G02047";"Martin Evans";"Ghana";405;100.0;90.17;"2026-04-12";"2026-04-15"
"G02048";"Murphy Adams";"UK";403;100.0;83.98;"2026-03-05";"2026-03-10"
"G02049";"Walker Boateng";"France";407;50.0;7.54;"2026-01-26";"2026-01-29"
"G02050";"Bell Scott";"UK";303;200.0;103.66;"2026-02-18";"2026-02-20"
"G02051";"Turner Moore";"UK";512;100.0;109.55;"2026-04-30";"2026-05-02"
"G02052";"Ali Hussain";"South Korea";408;200.0;30.59;"2026-03-07";"2026-03-10"
"G02053";"Carter Evans";"Nigeria";230;0.0;0.0;"2026-04-18";"2026-04-20"
"G02054";"Davies Roberts";"Netherlands";407;100.0;29.62;"2026-02-06";"2026-02-11"
"G02055";"Murphy White";"USA";426;100.0;24.12;"2026-01-28";"2026-01-29"
"G02056";"Mitchell Taylor";"UK";202;0.0;0.0;"2026-02-07";"2026-02-10"
"G02057";"Young Wright";"UK";432;0.0;0.0;"2026-02-08";"2026-02-10"
"G02058";"Hall Lewis";"UK";418;100.0;102.43;"2026-03-27";"2026-03-29"
"G02059";"Martin Evans";"UK";504;200.0;156.45;"2026-01-07";"2026-01-08"
"G02060";"Adebayo Phillips";"Canada";122;100.0;109.81;"2026-03-19";"2026-03-22"
"G02061";"Morgan Carter";"UK";333;100.0;46.97;"2026-06-23";"2026-06-25"
"G02062";"Stewart Walker";"UK";426;0.0;0.0;"2026-02-21";"2026-02-23"
"G02063";"Cooper Murphy";"Spain";430;150.0;120.55;"2026-06-19";"2026-06-23"
"G02064";"Ahmed Adams";"Spain";325;200.0;53.73;"2026-02-15";"2026-02-18"
"G02065";"Hall White";"Ghana";519;200.0;57.13;"2026-01-23";"2026-01-25"
"G02066";"Bailey Turner";"Ghana";318;100.0;59.91;"2026-02-18";"2026-02-21"
"G02067";"Ali Turner";"Spain";107;200.0;108.23;"2026-04-06";"2026-04-08"
"G02068";"King Thompson";"UK";317;200.0;174.74;"2026-03-31";"2026-04-02"
"G02069";"Patel White";"France";425;0.0;0.0;"2026-05-07";"2026-05-09"
"G02070";"Garcia Hall";"UK";417;100.0;27.43;"2026-01-22";"2026-01-24"
"G02071";"Patel Green";"UK";129;100.0;83.99;"2026-05-27";"2026-05-29"
"G02072";"Taylor Moore";"USA";121;150.0;48.74;"2026-04-03";"2026-04-06"
"G02073";"Khan Kim";"Italy";501;100.0;34.17;"2026-01-10";"2026-01-14"
"G02074";"Khan Rahman";"UK";115;100.0;116.48;"2026-04-01";"2026-04-04"
"G02075";"Adams Evans";"UK";504;100.0;92.7;"2026-03-27";"2026-03-29"
"G02076";"Campbell White";"Netherlands";114;150.0;113.47;"2026-05-05";"2026-05-07"
"G02077";"Brown Thompson";"France";306;0.0;49.2;"2026-06-04";"2026-06-07"
"G02078";"Smith Young";"UK";405;0.0;0.0;"2026-06-21";"2026-06-22"
"G02079";"Evans Harris";"UK";120;100.0;73.53;"2026-04-11";"2026-04-13"
"G02080";"Miller Phillips";"UK";121;200.0;158.34;"2026-05-16";"2026-05-19"
"G02081";"Wright Wright";"USA";130;50.0;46.13;"2026-05-10";"2026-05-12"
"G02082";"Edwards Carter";"USA";523;200.0;139.69;"2026-04-22";"2026-04-25"
"G02083";"Adams Perez";"Ireland";201;150.0;43.83;"2026-06-27";"2026-06-30"
"G02084";"Morgan Green";"Canada";330;0.0;0.0;"2026-02-08";"2026-02-11"
"G02085";"Hall Hussain";"Canada";229;0.0;42.37;"2026-01-18";"2026-01-25"
"G02086";"Morgan Bernard";"UK";215;0.0;0.0;"2026-02-25";"2026-02-27"
"G02087";"Miller Adeyemi";"Netherlands";414;200.0;154.1;"2026-04-10";"2026-04-11"
"G02089";"Brown Boateng";"UK";410;0.0;0.0;"2026-04-30";"2026-05-02"
"G02090";"Morris King";"Italy";517;50.0;15.0;"2026-06-10";"2026-06-11"
"G02091";"Mensah Boateng";"USA";430;150.0;17.41;"2026-02-07";"2026-02-11"
"G02092";"Walker Perez";"UK";527;100.0;74.38;"2026-04-03";"2026-04-05"
"G02093";"Brown Perez";"UK";412;100.0;93.67;"2026-05-28";"2026-06-02"
"G02094";"Mitchell Boateng";"UK";419;100.0;61.59;"2026-04-09";"2026-04-12"
"G02095";"Hall Bernard";"UK";515;200.0;191.81;"2026-01-19";"2026-01-20"
"G02096";"Campbell Carter";"Italy";109;0.0;0.0;"2026-01-04";"2026-01-05"
"G02097";"Cook Nelson";"UK";202;150.0;108.39;"2026-05-13";"2026-05-18"
"G02098";"Cook Wilson";"UK";207;0.0;0.0;"2026-04-30";"2026-05-03"
"G02099";"Adams White";"USA";320;100.0;3.77;"2026-04-23";"2026-04-26"
"G02100";"Wilson White";"UK";422;100.0;91.55;"2026-02-07";"2026-02-10"
"G02101";"Ali Turner";"USA";312;200.0;42.71;"2026-05-21";"2026-05-22"
"G02103";"Phillips Evans";"UK";528;100.0;72.59;"2026-01-11";"2026-01-14"
"G02104";"Walker Wilson";"Netherlands";507;0.0;0.0;"2026-02-26";"2026-03-04"
"G02105";"Clark Ahmed";"USA";115;100.0;51.32;"2026-06-05";"2026-06-09"
"G02106";"Johnson Nelson";"Nigeria";126;150.0;21.04;"2026-02-04";"2026-02-06"
"G02107";"Taylor Evans";"UK";412;200.0;34.64;"2026-05-19";"2026-05-21"
"G02108";"Mensah Adams";"UK";407;100.0;11.38;"2026-02-01";"2026-02-04"
"G02109";"Mitchell Boateng";"UK";324;150.0;82.76;"2026-06-07";"2026-06-09"
"G02110";"Davies Bernard";"France";212;0.0;53.75;"2026-01-19";"2026-01-20"
"G02111";"Baker Nelson";"UK";124;100.0;49.37;"2026-05-19";"2026-05-26"
"G02112";"Garcia Bernard";"UK";433;150.0;72.71;"2026-04-01";"2026-04-02"
"G02113";"Evans Reid";"Ireland";222;50.0;30.39;"2026-04-09";"2026-04-12"
"G02114";"Perez Walker";"Italy";533;100.0;67.59;"2026-04-11";"2026-04-12"
"G02115";"Mensah Green";"UK";326;100.0;70.6;"2026-05-19";"2026-05-23"
"G02116";"Martin Hall";"Nigeria";207;50.0;55.33;"2026-06-14";"2026-06-16"
"G02117";"Mensah Davis";"UK";231;200.0;104.23;"2026-01-03";"2026-01-05"
"G02118";"Stewart Hussain";"UK";122;0.0;0.0;"2026-04-18";"2026-04-20"
"G02119";"Morgan Walker";"Ghana";404;200.0;94.4;"2026-06-27";"2026-06-28"
"G02120";"Nelson Adams";"UK";432;200.0;68.75;"2026-05-10";"2026-05-17"
"G02121";"Adams Roberts";"Netherlands";132;50.0;51.68;"2026-05-20";"2026-05-23"
"G02122";"Lee Harris";"USA";120;100.0;81.92;"2026-04-06";"2026-04-09"
"G02123";"Ahmed Walker";"France";333;100.0;97.46;"2026-01-13";"2026-01-16"
"G02124";"Bell Wright";"UK";115;0.0;0.0;"2026-03-26";"2026-03-29"
"G02125";"Davies Shah";"France";126;100.0;7.35;"2026-06-20";"2026-06-21"
"G02126";"Collins Jones";"UK";203;200.0;114.01;"2026-01-10";"2026-01-13"
"G02127";"Taylor Ahmed";"Nigeria";119;200.0;168.4;"2026-04-04";"2026-04-05"
"G02128";"Walker Lewis";"UK";110;200.0;222.69;"2026-02-08";"2026-02-11"
"G02129";"Nelson Young";"UK";120;150.0;169.57;"2026-02-07";"2026-02-10"
"G02130";"Phillips Reid";"UK";428;200.0;30.21;"2026-02-18";"2026-02-20"
"G02131";"Cook Kim";"UK";226;150.0;42.85;"2026-05-28";"2026-05-30"
"G02132";"Patel Hall";"UK";521;150.0;137.3;"2026-05-29";"2026-05-30"
"G02133";"Brown Parker";"South Korea";428;200.0;144.13;"2026-01-25";"2026-01-29"
"G02134";"Rogers Ahmed";"UK";207;0.0;0.0;"2026-03-11";"2026-03-14"
"G02135";"Bailey Evans";"Spain";524;150.0;68.81;"2026-04-06";"2026-04-07"
"G02136";"Miller Boateng";"Canada";202;150.0;174.29;"2026-03-12";"2026-03-16"
"G02137";"Parker Shah";"UK";217;200.0;0.7;"2026-06-21";"2026-06-23"
"G02138";"Brown White";"USA";214;200.0;165.39;"2026-03-06";"2026-03-07"
"G02139";"Okafor Nwosu";"Spain";211;0.0;72.19;"2026-01-09";"2026-01-12"
"G02140";"Clark Young";"Germany";111;0.0;0.0;"2026-06-06";"2026-06-07"
"G02141";"King Nelson";"UK";517;150.0;87.96;"2026-05-23";"2026-05-28"
"G02142";"Young White";"Nigeria";408;0.0;71.27;"2026-06-21";"2026-06-24"
"G02143";"Rogers Davis";"South Korea";214;100.0;93.36;"2026-05-18";"2026-05-19"
"G02144";"Nelson Nelson";"UK";121;100.0;47.92;"2026-04-19";"2026-04-20"
"G02145";"Johnson Phillips";"UK";419;100.0;26.46;"2026-04-28";"2026-05-03"
"G02146";"Garcia Taylor";"Spain";431;100.0;105.91;"2026-05-21";"2026-05-25"
"G02147";"Taylor Reid";"UK";411;150.0;79.88;"2026-02-24";"2026-02-26"
"G02148";"Johnson Parker";"France";218;200.0;31.34;"2026-02-23";"2026-02-24"
"G02149";"Evans Walker";"UK";312;0.0;32.06;"2026-03-30";"2026-04-01"
"G02150";"Parker Scott";"USA";134;200.0;113.56;"2026-04-11";"2026-04-14"
"G02151";"Brown Boateng";"USA";502;100.0;66.07;"2026-05-25";"2026-05-27"
"G02152";"Johnson Martinez";"South Korea";424;150.0;154.43;"2026-04-26";"2026-04-29"
"G02153";"Edwards Shah";"South Korea";318;50.0;38.42;"2026-02-17";"2026-02-18"
"G02154";"Thomas Evans";"UK";102;0.0;0.0;"2026-06-06";"2026-06-09"
"G02155";"Okafor Hussain";"UK";319;0.0;0.0;"2026-05-18";"2026-05-23"
"G02156";"Davies Rahman";"USA";133;200.0;185.8;"2026-01-29";"2026-02-01"
"G02158";"Thomas Mitchell";"UK";120;0.0;0.0;"2026-04-15";"2026-04-18"
"G02159";"Rogers Davis";"UK";116;100.0;42.09;"2026-06-16";"2026-06-19"
"G02160";"Morgan Reid";"Ireland";215;150.0;123.82;"2026-03-14";"2026-03-15"
"G02161";"Carter Davis";"Ghana";401;50.0;54.87;"2026-01-22";"2026-01-26"
"G02162";"Murphy Davis";"UK";211;0.0;81.35;"2026-06-27";"2026-06-29"
"G02163";"Parker Phillips";"Nigeria";228;100.0;33.58;"2026-01-30";"2026-02-01"
"G02164";"Anderson Rahman";"UK";127;0.0;0.0;"2026-05-16";"2026-05-20"
"G02165";"Davies Baker";"UK";111;100.0;117.12;"2026-05-28";"2026-05-29"
"G02166";"Smith White";"UK";528;200.0;84.76;"2026-05-20";"2026-05-26"
"G02167";"Evans White";"Ghana";430;200.0;33.75;"2026-01-04";"2026-01-07"
"G02168";"Mensah King";"UK";311;0.0;70.11;"2026-04-20";"2026-04-22"
"G02169";"Garcia Hussain";"UK";101;0.0;0.0;"2026-04-20";"2026-04-22"
"G02170";"Adams Davis";"Nigeria";112;100.0;72.41;"2026-05-16";"2026-05-17"
"G02171";"Morris Harris";"Italy";520;200.0;87.63;"2026-02-25";"2026-03-01"
"G02172";"Nelson Moore";"Spain";504;50.0;20.69;"2026-02-28";"2026-03-02"
"G02173";"Stewart Campbell";"USA";304;200.0;37.47;"2026-01-24";"2026-01-27"
"G02174";"Collins Taylor";"USA";330;200.0;188.7;"2026-03-20";"2026-03-27"
"G02175";"Anderson Walker";"UK";209;100.0;19.64;"2026-01-02";"2026-01-03"
"G02176";"Mitchell Moore";"UK";129;50.0;28.31;"2026-03-15";"2026-03-18"
"G02177";"Adebayo Moore";"Canada";225;200.0;133.84;"2026-01-27";"2026-01-29"
"G02178";"Carter Nwosu";"Ireland";304;200.0;34.82;"2026-01-04";"2026-01-08"
"G02180";"Campbell Harris";"UK";222;150.0;159.84;"2026-03-02";"2026-03-05"
"G02181";"Cooper Taylor";"France";427;50.0;26.88;"2026-04-02";"2026-04-03"
"G02182";"Wilson Perez";"USA";514;150.0;44.28;"2026-05-22";"2026-05-26"
"G02183";"Parker Ahmed";"USA";125;100.0;60.79;"2026-02-24";"2026-02-28"
"G02184";"Stewart King";"USA";131;100.0;38.06;"2026-05-14";"2026-05-18"
"G02185";"Morris Martinez";"UK";405;0.0;0.0;"2026-06-07";"2026-06-08"
"G02186";"Evans Perez";"UK";220;200.0;48.09;"2026-02-01";"2026-02-03"
"G02187";"Green Parker";"UK";314;100.0;32.74;"2026-06-08";"2026-06-13"
"G02188";"Patel Kim";"UK";513;100.0;41.48;"2026-04-14";"2026-04-19"
"G02189";"Phillips Green";"UK";303;100.0;94.38;"2026-06-04";"2026-06-06"
"G02190";"Wilson Thompson";"UK";313;100.0;90.21;"2026-05-16";"2026-05-20"
"G02191";"Edwards Phillips";"UK";318;0.0;0.0;"2026-01-11";"2026-01-12"
"G02192";"Patel Hussain";"USA";402;0.0;0.0;"2026-02-18";"2026-02-21"
"G02193";"Murphy Young";"South Korea";326;100.0;10.19;"2026-03-30";"2026-03-31"
"G02194";"Collins Kim";"UK";410;0.0;0.0;"2026-03-25";"2026-03-26"
"G02195";"Smith Martinez";"UK";325;200.0;10.42;"2026-06-15";"2026-06-17"
"G02196";"Taylor Ahmed";"Ghana";409;100.0;1.51;"2026-04-30";"2026-05-01"
"G02197";"Adams Wright";"UK";505;200.0;63.12;"2026-06-01";"2026-06-03"
"G02198";"Anderson Bernard";"USA";523;100.0;3.87;"2026-05-31";"2026-06-02"
"G02199";"Adebayo Bernard";"UK";217;50.0;27.45;"2026-01-16";"2026-01-19"
"G02200";"Roberts Moore";"UK";204;100.0;14.24;"2026-04-18";"2026-04-21"
"G02201";"Young Martinez";"UK";206;200.0;184.38;"2026-03-08";"2026-03-13"
"G02202";"Morgan Martinez";"UK";406;200.0;22.93;"2026-03-18";"2026-03-19"
"G02203";"Thomas Shah";"UK";421;50.0;25.11;"2026-06-13";"2026-06-15"
"G02204";"Johnson King";"UK";322;100.0;18.66;"2026-01-17";"2026-01-24"
"G02205";"Morris Taylor";"UK";529;150.0;98.04;"2026-03-21";"2026-03-23"
"G02206";"Murphy Turner";"USA";520;200.0;159.42;"2026-01-30";"2026-02-06"
"G02207";"Williams Taylor";"South Korea";117;0.0;0.0;"2026-06-22";"2026-06-24"
"G02208";"Baker Kim";"UK";101;200.0;183.39;"2026-05-11";"2026-05-13"
"G02209";"Parker Mitchell";"Germany";102;100.0;112.78;"2026-05-04";"2026-05-05"
"G02210";"Okafor Murphy";"Spain";410;150.0;107.07;"2026-01-08";"2026-01-15"
"G02211";"Carter Bernard";"UK";333;100.0;106.22;"2026-02-12";"2026-02-15"
"G02212";"Adebayo Murphy";"Germany";408;200.0;99.32;"2026-05-04";"2026-05-08"
"G02213";"Bailey Green";"USA";329;100.0;4.67;"2026-04-14";"2026-04-15"
"G02214";"Khan Hussain";"UK";407;100.0;11.84;"2026-05-29";"2026-06-01"
"G02215";"Baker Taylor";"USA";133;200.0;25.64;"2026-06-08";"2026-06-09"
"G02216";"Perez Shah";"UK";116;200.0;115.3;"2026-05-08";"2026-05-12"
"G02217";"Nelson Perez";"USA";101;100.0;11.0;"2026-04-04";"2026-04-05"
"G02218";"Williams Bernard";"UK";227;200.0;76.74;"2026-04-28";"2026-04-30"
"G02219";"Collins Murphy";"UK";506;100.0;85.52;"2026-01-01";"2026-01-03"
"G02220";"Collins Carter";"UK";125;0.0;0.0;"2026-05-27";"2026-05-30"
"G02221";"Perez Adeyemi";"UK";311;0.0;69.34;"2026-01-28";"2026-01-30"
"G02222";"Mensah Reid";"Ghana";317;50.0;35.38;"2026-02-01";"2026-02-03"
"G02223";"Nelson Boateng";"Nigeria";234;100.0;87.42;"2026-04-30";"2026-05-03"
"G02224";"Taylor Evans";"Ghana";311;100.0;23.66;"2026-01-27";"2026-01-31"
"G02225";"Phillips Boateng";"Nigeria";203;100.0;3.79;"2026-05-02";"2026-05-04"
"G02226";"Morris Turner";"Spain";219;200.0;100.21;"2026-03-29";"2026-03-30"
"G02227";"Murphy Moore";"UK";314;0.0;0.0;"2026-06-19";"2026-06-23"
"G02228";"Garcia Perez";"Germany";324;150.0;106.04;"2026-04-26";"2026-04-29"
"G02229";"Edwards Wright";"France";126;150.0;92.09;"2026-01-29";"2026-02-01"
"G02230";"Smith White";"UK";322;100.0;87.9;"2026-06-01";"2026-06-08"
"G02231";"Williams Ahmed";"Spain";420;200.0;119.09;"2026-04-29";"2026-05-02"
"G02232";"Patel Adams";"UK";302;0.0;0.0;"2026-04-13";"2026-04-15"
"G02233";"King Turner";"Germany";306;100.0;9.81;"2026-04-03";"2026-04-05"
"G02234";"Anderson Hussain";"France";527;150.0;133.18;"2026-03-01";"2026-03-03"
"G02235";"Cooper Adeyemi";"UK";232;100.0;8.53;"2026-02-26";"2026-02-27"
"G02236";"Hall Harris";"Ghana";404;100.0;51.5;"2026-04-03";"2026-04-07"
"G02237";"Nelson Harris";"UK";127;100.0;3.26;"2026-02-24";"2026-02-27"
"G02238";"King Lewis";"USA";309;150.0;49.96;"2026-04-11";"2026-04-14"
"G02239";"Hall Mitchell";"UK";507;200.0;150.85;"2026-04-02";"2026-04-05"
"G02240";"Anderson Nelson";"Spain";134;200.0;15.84;"2026-05-05";"2026-05-08"
"G02241";"Adebayo Roberts";"UK";229;200.0;41.91;"2026-01-14";"2026-01-17"
"G02242";"Edwards Rahman";"Germany";334;200.0;12.77;"2026-02-16";"2026-02-18"
"G02243";"Rogers Campbell";"Ghana";415;200.0;152.05;"2026-05-26";"2026-05-28"
"G02244";"Carter Hussain";"Canada";120;100.0;84.4;"2026-04-04";"2026-04-06"
"G02245";"Taylor Jones";"UK";113;200.0;134.46;"2026-04-08";"2026-04-10"
"G02246";"Martin Ahmed";"Netherlands";233;50.0;47.15;"2026-04-22";"2026-04-24"
"G02247";"Adams Bernard";"UK";406;200.0;152.72;"2026-04-16";"2026-04-17"
"G02248";"Parker Evans";"Italy";405;150.0;124.67;"2026-05-24";"2026-05-27"
"G02249";"Campbell Adams";"UK";132;200.0;169.06;"2026-05-18";"2026-05-20"
"G02250";"Green Boateng";"Nigeria";106;0.0;0.0;"2026-02-15";"2026-02-17"
"G02251";"Okafor Baker";"UK";313;150.0;43.79;"2026-06-01";"2026-06-07"
"G02252";"Thomas Harris";"USA";302;100.0;116.43;"2026-02-17";"2026-02-18"
"G02253";"Roberts Murphy";"UK";123;100.0;4.26;"2026-02-20";"2026-02-24"
"G02254";"Miller Moore";"UK";329;100.0;65.51;"2026-03-28";"2026-03-31"
"G02255";"Carter Kim";"Spain";432;200.0;186.97;"2026-06-17";"2026-06-18"
"G02256";"Lee White";"UK";308;0.0;0.0;"2026-01-07";"2026-01-08"
"G02257";"Clark Ahmed";"UK";309;100.0;30.65;"2026-03-20";"2026-03-21"
"G02258";"Collins Hall";"Spain";303;0.0;0.0;"2026-02-19";"2026-02-23"
"G02259";"Okafor Carter";"UK";129;0.0;0.0;"2026-06-13";"2026-06-16"
"G02260";"Edwards Roberts";"UK";120;100.0;19.02;"2026-03-09";"2026-03-16"
"G02261";"Phillips Perez";"Nigeria";114;0.0;0.0;"2026-06-28";"2026-06-30"
"G02262";"Adebayo Shah";"UK";327;150.0;29.66;"2026-05-25";"2026-05-27"
"G02263";"Thomas Martinez";"Spain";414;150.0;52.37;"2026-06-03";"2026-06-05"
"G02264";"Okafor Lewis";"UK";508;200.0;178.45;"2026-04-27";"2026-04-28"
"G02265";"Young Nelson";"UK";216;200.0;65.81;"2026-02-18";"2026-02-21"
"G02266";"Roberts Shah";"Ghana";111;150.0;166.19;"2026-03-05";"2026-03-07"
"G02267";"Smith Lewis";"UK";529;150.0;101.28;"2026-03-12";"2026-03-19"
"G02268";"Wright White";"Italy";532;150.0;128.79;"2026-01-05";"2026-01-08"
"G02269";"Adams Lewis";"Spain";513;100.0;33.51;"2026-03-18";"2026-03-22"
"G02270";"Mitchell Harris";"UK";527;50.0;22.2;"2026-06-23";"2026-06-25"
"G02271";"Lee Phillips";"UK";129;150.0;4.45;"2026-02-04";"2026-02-08"
"G02272";"Smith Carter";"UK";407;0.0;0.0;"2026-03-23";"2026-03-25"
"G02273";"Taylor Rahman";"Nigeria";117;200.0;115.63;"2026-05-09";"2026-05-10"
"G02274";"Mitchell Jones";"USA";209;150.0;44.33;"2026-06-12";"2026-06-14"
"G02275";"Smith Reid";"Canada";508;150.0;86.98;"2026-03-18";"2026-03-19"
"G02276";"Mensah Baker";"Nigeria";109;150.0;142.38;"2026-04-01";"2026-04-04"
"G02277";"Baker Ahmed";"South Korea";117;100.0;68.12;"2026-05-17";"2026-05-20"
"G02278";"Mitchell Green";"UK";213;100.0;34.79;"2026-04-15";"2026-04-18"
"G02279";"Roberts Kim";"USA";323;0.0;0.0;"2026-05-14";"2026-05-16"
"G02280";"Stewart Martinez";"South Korea";410;0.0;0.0;"2026-04-12";"2026-04-14"
"G02281";"Perez Ahmed";"UK";334;100.0;31.98;"2026-05-03";"2026-05-04"
"G02282";"Okafor Roberts";"Ireland";230;100.0;13.25;"2026-01-22";"2026-01-24"
"G02283";"Lee Mitchell";"UK";506;0.0;0.0;"2026-01-04";"2026-01-10"
"G02284";"Davies Carter";"UK";319;100.0;26.1;"2026-05-02";"2026-05-06"
"G02285";"Okafor Kim";"UK";532;100.0;33.26;"2026-05-24";"2026-05-25"
"G02286";"Wright Parker";"UK";104;150.0;78.55;"2026-03-24";"2026-03-26"
"G02287";"Anderson Campbell";"USA";116;100.0;72.05;"2026-05-26";"2026-05-28"
"G02288";"Miller Mitchell";"Ghana";113;200.0;116.04;"2026-02-18";"2026-02-19"
"G02289";"Smith Moore";"Spain";303;0.0;0.0;"2026-04-04";"2026-04-05"
"G02290";"Turner Green";"UK";308;0.0;9.25;"2026-05-26";"2026-05-28"
"G02291";"Williams Jones";"USA";504;200.0;42.22;"2026-06-13";"2026-06-16"
"G02292";"Walker Carter";"France";407;200.0;178.66;"2026-06-12";"2026-06-15"
"G02293";"Smith Carter";"Ireland";425;100.0;75.91;"2026-04-29";"2026-05-01"
"G02294";"Taylor Walker";"UK";529;0.0;0.0;"2026-03-25";"2026-03-27"
"G02295";"Patel Ahmed";"Ghana";508;100.0;115.76;"2026-04-28";"2026-05-02"
"G02296";"Khan Campbell";"USA";504;200.0;44.82;"2026-05-03";"2026-05-04"
"G02297";"Bell Hussain";"Ghana";318;100.0;96.5;"2026-01-14";"2026-01-15"
"G02298";"Wright Moore";"Spain";322;100.0;11.44;"2026-06-07";"2026-06-11"
"G02299";"Young Baker";"UK";128;0.0;20.95;"2026-04-20";"2026-04-23"
"G02300";"Morgan Thompson";"UK";501;0.0;0.0;"2026-02-23";"2026-02-25"
"G02301";"Davies King";"UK";231;200.0;34.69;"2026-04-15";"2026-04-18"
"G02302";"Cooper Adams";"Netherlands";301;150.0;42.1;"2026-02-15";"2026-02-18"
"G02303";"Cook Murphy";"Nigeria";432;0.0;41.58;"2026-03-15";"2026-03-16"
"G02304";"Stewart Nwosu";"Ghana";207;200.0;178.79;"2026-03-29";"2026-04-02"
"G02305";"Williams Hussain";"UK";425;200.0;54.1;"2026-04-17";"2026-04-24"
"G02306";"Collins Thompson";"UK";229;0.0;0.0;"2026-05-03";"2026-05-07"
"G02307";"Hall Roberts";"UK";329;100.0;70.19;"2026-05-10";"2026-05-11"
"G02308";"Brown Moore";"UK";202;0.0;0.0;"2026-03-09";"2026-03-12"
"G02309";"Bell Harris";"Spain";527;150.0;52.55;"2026-02-10";"2026-02-14"
"G02310";"Anderson Thompson";"UK";202;100.0;79.57;"2026-04-01";"2026-04-03"
"G02311";"Okafor White";"UK";327;150.0;10.06;"2026-05-01";"2026-05-04"
"G02312";"Ahmed Turner";"UK";131;200.0;66.19;"2026-05-07";"2026-05-11"
"G02313";"Thomas Turner";"Netherlands";407;200.0;176.94;"2026-03-11";"2026-03-14"
"G02314";"Miller Adeyemi";"USA";125;50.0;0.61;"2026-02-28";"2026-03-05"
"G02315";"Adams Turner";"UK";334;150.0;130.54;"2026-05-08";"2026-05-11"
"G02316";"Lee Turner";"Ireland";221;200.0;112.8;"2026-04-18";"2026-04-22"
"G02317";"Cooper Shah";"UK";122;50.0;47.28;"2026-01-03";"2026-01-05"
"G02318";"Bailey Baker";"UK";406;200.0;103.27;"2026-01-02";"2026-01-05"
"G02319";"Davies Nwosu";"Netherlands";426;200.0;81.41;"2026-01-03";"2026-01-05"
"G02320";"Morris Roberts";"Germany";305;150.0;52.43;"2026-06-25";"2026-06-30"
"G02321";"Roberts Shah";"USA";104;200.0;219.87;"2026-03-13";"2026-03-14"
"G02322";"Mitchell Moore";"UK";312;100.0;82.89;"2026-02-07";"2026-02-08"
"G02323";"Bailey Boateng";"UK";221;100.0;26.73;"2026-04-18";"2026-04-23"
"G02324";"Williams Wilson";"UK";229;150.0;151.87;"2026-03-28";"2026-03-30"
"G02325";"Collins Hall";"UK";212;200.0;229.77;"2026-01-27";"2026-01-30"
"G02326";"Nelson Scott";"USA";222;150.0;166.91;"2026-02-26";"2026-02-28"
"G02327";"Green Carter";"USA";204;200.0;30.18;"2026-03-17";"2026-03-18"
"G02328";"Stewart Lewis";"UK";108;150.0;128.92;"2026-01-30";"2026-02-01"
"G02329";"Johnson White";"UK";424;150.0;77.19;"2026-04-06";"2026-04-08"
"G02330";"Cook Shah";"South Korea";320;150.0;0.65;"2026-05-21";"2026-05-23"
"G02331";"Green Turner";"UK";514;200.0;85.62;"2026-02-10";"2026-02-13"
"G02332";"Hall Nelson";"UK";523;0.0;0.0;"2026-03-06";"2026-03-08"
"G02333";"Lee Boateng";"UK";505;150.0;63.24;"2026-05-07";"2026-05-09"
"G02334";"Lee Martinez";"UK";204;150.0;73.26;"2026-02-26";"2026-02-27"
"G02335";"Walker Roberts";"UK";408;200.0;1.25;"2026-05-06";"2026-05-08"
"G02336";"Campbell Perez";"UK";524;0.0;0.0;"2026-01-14";"2026-01-19"
"G02337";"Young Hussain";"UK";531;200.0;32.29;"2026-03-01";"2026-03-04"
"G02339";"Taylor Hall";"Ghana";526;100.0;50.81;"2026-01-21";"2026-01-22"
"G02340";"Okafor Ahmed";"UK";127;200.0;0.43;"2026-03-14";"2026-03-17"
"G02341";"Okafor Davis";"Italy";533;100.0;39.86;"2026-01-03";"2026-01-07"
"G02342";"Martin Hussain";"South Korea";517;50.0;38.87;"2026-05-30";"2026-06-01"
"G02343";"Williams King";"France";422;100.0;103.62;"2026-01-19";"2026-01-22"
"G02344";"Campbell Murphy";"UK";228;50.0;46.82;"2026-01-02";"2026-01-04"
"G02345";"Williams Adeyemi";"Ireland";508;200.0;69.44;"2026-01-31";"2026-02-03"
"G02346";"Mitchell Bernard";"USA";227;100.0;27.38;"2026-02-11";"2026-02-12"
"G02347";"Wright Martinez";"UK";428;150.0;33.66;"2026-05-01";"2026-05-03"
"G02348";"Clark Harris";"France";433;150.0;61.36;"2026-01-29";"2026-02-03"
"G02349";"Baker Phillips";"UK";212;200.0;193.97;"2026-01-22";"2026-01-28"
"G02350";"Carter Thompson";"UK";229;50.0;30.68;"2026-03-25";"2026-03-27"
"G02351";"Adams Carter";"Ireland";218;0.0;0.0;"2026-03-27";"2026-03-28"
"G02352";"Nelson Mitchell";"South Korea";132;200.0;130.9;"2026-02-13";"2026-02-15"
"G02353";"Evans Bernard";"UK";209;0.0;0.0;"2026-06-13";"2026-06-16"
"G02354";"Martin Rahman";"UK";319;200.0;56.8;"2026-01-25";"2026-01-26"
"G02355";"Ali Phillips";"UK";320;100.0;77.72;"2026-03-02";"2026-03-04"
"G02356";"Davies Martinez";"UK";429;0.0;0.0;"2026-03-31";"2026-04-04"
"G02357";"Davies Parker";"Germany";114;200.0;48.77;"2026-05-14";"2026-05-17"
"G02358";"Edwards Wright";"Ghana";513;0.0;54.13;"2026-04-04";"2026-04-07"
"G02359";"Miller Martinez";"Nigeria";204;100.0;68.68;"2026-02-06";"2026-02-09"
"G02360";"Davies Bernard";"UK";332;50.0;4.51;"2026-06-07";"2026-06-11"
"G02361";"Khan Reid";"France";108;0.0;0.0;"2026-05-23";"2026-05-27"
"G02362";"Cooper Mitchell";"UK";105;0.0;0.0;"2026-04-04";"2026-04-06"
"G02363";"Morgan Phillips";"Spain";529;100.0;88.7;"2026-02-23";"2026-02-27"
"G02364";"Mitchell Nelson";"UK";114;0.0;0.0;"2026-03-23";"2026-03-26"
"G02365";"Brown Reid";"UK";431;150.0;10.16;"2026-06-08";"2026-06-12"
"G02366";"Khan Martinez";"Ireland";106;100.0;100.83;"2026-04-23";"2026-04-24"
"G02367";"Evans Mitchell";"France";314;0.0;0.0;"2026-01-16";"2026-01-19"
"G02368";"Williams Lewis";"Nigeria";112;0.0;0.0;"2026-05-07";"2026-05-10"
"G02369";"Khan Rahman";"Nigeria";224;150.0;105.94;"2026-03-23";"2026-03-25"
"G02370";"Hall Walker";"Nigeria";404;200.0;163.52;"2026-06-06";"2026-06-08"
"G02371";"Smith King";"USA";421;150.0;26.37;"2026-06-25";"2026-06-26"
"G02372";"Wright King";"UK";327;150.0;157.58;"2026-04-27";"2026-04-28"
"G02373";"Mitchell Boateng";"UK";304;0.0;0.0;"2026-04-27";"2026-04-28"
"G02374";"Martin Jones";"UK";434;150.0;45.53;"2026-02-22";"2026-02-25"
"G02375";"Garcia Mitchell";"Nigeria";312;0.0;0.0;"2026-04-17";"2026-04-18"
"G02376";"Patel Perez";"France";511;150.0;18.08;"2026-02-13";"2026-02-16"
"G02377";"Young Nelson";"Germany";520;0.0;0.0;"2026-01-04";"2026-01-08"
"G02378";"Turner Murphy";"USA";127;100.0;32.82;"2026-04-29";"2026-04-30"
"G02379";"Mitchell Phillips";"UK";314;100.0;25.5;"2026-04-17";"2026-04-20"
"G02380";"Wilson Murphy";"USA";227;200.0;43.3;"2026-05-25";"2026-05-28"
"G02381";"Garcia Phillips";"Nigeria";424;200.0;18.84;"2026-03-12";"2026-03-15"
"G02382";"Nelson Taylor";"UK";201;200.0;17.49;"2026-05-04";"2026-05-06"
"G02383";"Lee Martinez";"USA";325;150.0;13.77;"2026-04-13";"2026-04-16"
"G02384";"Turner Carter";"USA";517;100.0;62.7;"2026-04-28";"2026-04-30"
"G02385";"Ahmed Boateng";"France";222;200.0;104.25;"2026-03-23";"2026-03-25"
"G02386";"Turner Parker";"UK";532;0.0;0.0;"2026-05-26";"2026-05-31"
"G02387";"Wilson Harris";"Ireland";507;0.0;0.0;"2026-01-22";"2026-01-29"
"G02388";"Johnson Hall";"France";110;150.0;109.47;"2026-03-15";"2026-03-18"
"G02389";"Rogers Reid";"USA";501;0.0;0.0;"2026-04-10";"2026-04-12"
"G02390";"Nelson Hall";"Spain";320;200.0;213.93;"2026-06-29";"2026-06-30"
"G02392";"Murphy Martinez";"USA";428;200.0;192.66;"2026-02-21";"2026-02-24"
"G02393";"Smith Reid";"UK";227;100.0;61.67;"2026-06-24";"2026-06-25"
"G02394";"Parker Kim";"France";109;0.0;54.42;"2026-01-16";"2026-01-17"
"G02395";"Parker Phillips";"UK";321;150.0;30.06;"2026-01-13";"2026-01-16"
"G02396";"Murphy Taylor";"USA";227;0.0;0.0;"2026-02-05";"2026-02-08"
"G02397";"Perez Phillips";"UK";508;100.0;58.84;"2026-02-08";"2026-02-12"
"G02398";"Smith King";"USA";429;50.0;18.92;"2026-03-27";"2026-03-29"
"G02400";"Garcia Kim";"UK";218;150.0;7.5;"2026-02-02";"2026-02-03"
"G02401";"Campbell Davis";"UK";519;150.0;97.48;"2026-05-18";"2026-05-21"
"G02402";"Martin Wright";"UK";327;200.0;7.79;"2026-02-18";"2026-02-20"
"G02403";"Campbell White";"USA";204;50.0;40.39;"2026-04-07";"2026-04-09"
"G02404";"Bell Phillips";"USA";203;0.0;0.0;"2026-02-22";"2026-02-24"
"G02405";"Lee King";"UK";227;100.0;82.36;"2026-03-03";"2026-03-07"
"G02406";"Okafor Thompson";"USA";112;50.0;28.12;"2026-05-29";"2026-06-02"
"G02407";"Stewart Harris";"UK";117;150.0;103.79;"2026-03-19";"2026-03-20"
"G02408";"Khan Reid";"UK";216;200.0;15.54;"2026-05-29";"2026-05-30"
"G02409";"Perez Lewis";"Spain";508;150.0;6.32;"2026-03-19";"2026-03-24"
"G02411";"Smith Martinez";"Nigeria";213;150.0;69.35;"2026-02-18";"2026-02-23"
"G02412";"Lee Campbell";"USA";417;100.0;117.3;"2026-02-17";"2026-02-18"
"G02413";"Clark Roberts";"USA";234;100.0;100.87;"2026-04-12";"2026-04-15"
"G02414";"Williams Kim";"UK";307;100.0;90.24;"2026-04-30";"2026-05-02"
"G02415";"Bell Kim";"Ghana";133;150.0;84.26;"2026-04-10";"2026-04-15"
"G02416";"Rogers Nelson";"UK";208;100.0;26.85;"2026-01-28";"2026-01-30"
"G02417";"Adams Nwosu";"UK";107;200.0;122.67;"2026-01-15";"2026-01-17"
"G02418";"Johnson Kim";"Nigeria";217;0.0;0.0;"2026-04-18";"2026-04-20"
"G02419";"Taylor Adams";"UK";217;100.0;90.87;"2026-05-11";"2026-05-12"
"G02420";"Patel Boateng";"UK";125;200.0;188.82;"2026-02-26";"2026-02-27"
"G02421";"Davies Jones";"USA";332;100.0;101.23;"2026-06-02";"2026-06-04"
"G02422";"Young Thompson";"Ghana";227;0.0;93.76;"2026-02-18";"2026-02-21"
"G02423";"Ahmed Reid";"Spain";317;0.0;0.0;"2026-05-14";"2026-05-17"
"G02424";"Murphy Kim";"Spain";424;50.0;36.14;"2026-03-27";"2026-03-30"
"G02425";"Stewart Rahman";"UK";231;100.0;38.7;"2026-04-11";"2026-04-15"
"G02426";"Garcia Young";"Ghana";206;150.0;130.39;"2026-02-02";"2026-02-09"
"G02427";"Collins Adams";"Ghana";421;100.0;53.51;"2026-05-30";"2026-06-02"
"G02428";"Brown Ahmed";"Netherlands";201;150.0;7.09;"2026-01-09";"2026-01-11"
"G02429";"Miller Walker";"UK";524;100.0;11.84;"2026-03-21";"2026-03-23"
"G02430";"Turner Scott";"Nigeria";105;50.0;45.58;"2026-01-05";"2026-01-07"
"G02431";"Bailey Moore";"Germany";110;100.0;53.45;"2026-03-22";"2026-03-28"
"G02432";"Nelson Shah";"Ireland";430;100.0;64.77;"2026-01-18";"2026-01-21"
"G02433";"Williams Moore";"Nigeria";524;150.0;6.67;"2026-04-06";"2026-04-08"
"G02434";"Martin Evans";"UK";508;150.0;79.76;"2026-06-07";"2026-06-12"
"G02435";"Murphy Adeyemi";"USA";306;150.0;15.3;"2026-05-22";"2026-05-27"
"G02436";"Thomas Carter";"UK";212;0.0;92.97;"2026-05-12";"2026-05-13"
"G02437";"Adebayo White";"Spain";332;0.0;0.0;"2026-04-16";"2026-04-19"
"G02438";"Adams Perez";"Netherlands";513;0.0;41.76;"2026-03-11";"2026-03-16"
"G02439";"Baker Jones";"Germany";102;0.0;0.0;"2026-04-23";"2026-04-25"
"G02440";"Cooper Perez";"Ghana";303;100.0;95.79;"2026-03-26";"2026-03-27"
"G02441";"Adams Hussain";"UK";516;0.0;0.0;"2026-05-28";"2026-05-30"
"G02442";"Mensah Carter";"USA";314;50.0;49.26;"2026-01-09";"2026-01-11"
"G02443";"Walker Adeyemi";"Ghana";503;200.0;225.19;"2026-05-20";"2026-05-22"
"G02444";"Miller Thompson";"USA";107;150.0;150.91;"2026-03-26";"2026-03-27"
"G02445";"Cook Adams";"France";107;100.0;91.1;"2026-05-05";"2026-05-08"
"G02446";"Phillips Young";"UK";112;100.0;17.13;"2026-05-03";"2026-05-04"
"G02447";"Miller Perez";"USA";201;200.0;190.38;"2026-05-07";"2026-05-14"
"G02448";"Wright Nwosu";"Netherlands";533;50.0;31.56;"2026-03-10";"2026-03-11"
"G02449";"Anderson Phillips";"Ghana";515;0.0;0.0;"2026-01-11";"2026-01-13"
"G02450";"Miller Turner";"USA";225;150.0;33.76;"2026-01-21";"2026-01-25"
"G02451";"Morgan Scott";"Germany";315;0.0;0.0;"2026-03-05";"2026-03-07"
"G02452";"Wright Adams";"UK";230;200.0;25.24;"2026-04-08";"2026-04-10"
"G02453";"Thomas Rahman";"UK";311;200.0;97.72;"2026-05-13";"2026-05-15"
"G02454";"Bell Bernard";"Ireland";224;150.0;101.3;"2026-02-01";"2026-02-03"
"G02455";"Wilson Phillips";"UK";305;150.0;22.65;"2026-01-09";"2026-01-12"
"G02456";"Green Campbell";"UK";309;0.0;0.0;"2026-01-07";"2026-01-10"
"G02457";"Brown Reid";"Nigeria";217;150.0;70.57;"2026-05-03";"2026-05-05"
"G02458";"Khan Thompson";"UK";312;100.0;56.84;"2026-06-22";"2026-06-24"
"G02459";"Murphy Boateng";"USA";323;0.0;0.0;"2026-06-10";"2026-06-15"
"G02460";"Roberts Wright";"UK";412;150.0;169.71;"2026-02-02";"2026-02-06"
"G02461";"Wilson Davis";"UK";219;50.0;51.57;"2026-02-20";"2026-02-24"
"G02462";"Stewart Carter";"Netherlands";323;200.0;220.26;"2026-01-09";"2026-01-12"
"G02463";"Adebayo Wilson";"Ghana";130;100.0;69.8;"2026-01-20";"2026-01-24"
"G02464";"Adebayo Moore";"UK";412;200.0;193.02;"2026-05-22";"2026-05-25"
"G02465";"Lee Green";"Canada";411;150.0;169.98;"2026-06-22";"2026-06-25"
"G02466";"Morgan Nwosu";"France";121;150.0;77.54;"2026-02-13";"2026-02-15"
"G02467";"Anderson Phillips";"USA";131;100.0;70.57;"2026-01-09";"2026-01-13"
"G02468";"Adebayo Taylor";"UK";222;0.0;0.0;"2026-01-10";"2026-01-11"
"G02469";"King Thompson";"UK";226;100.0;11.33;"2026-03-08";"2026-03-09"
"G02470";"Morris Davis";"USA";214;150.0;60.57;"2026-04-26";"2026-04-27"
"G02471";"Mitchell Adeyemi";"USA";221;0.0;0.0;"2026-04-15";"2026-04-22"
"G02472";"Cooper Young";"UK";402;0.0;0.0;"2026-05-03";"2026-05-05"
"G02473";"Taylor Carter";"UK";105;100.0;29.9;"2026-02-20";"2026-02-23"
"G02474";"Clark Green";"Spain";528;100.0;89.52;"2026-02-04";"2026-02-05"
"G02476";"Miller Walker";"Ghana";108;200.0;101.72;"2026-01-21";"2026-01-23"
"G02477";"Mitchell Parker";"USA";309;100.0;37.61;"2026-02-17";"2026-02-21"
"G02478";"Bailey Nwosu";"Ghana";504;100.0;41.35;"2026-01-27";"2026-01-29"
"G02479";"Young Davis";"Germany";204;100.0;12.97;"2026-04-19";"2026-04-21"
"G02481";"Lee Boateng";"USA";108;0.0;0.0;"2026-04-18";"2026-04-20"
"G02482";"Thomas Evans";"France";421;150.0;150.9;"2026-02-19";"2026-02-20"
"G02483";"Ahmed Turner";"UK";118;200.0;67.99;"2026-02-24";"2026-02-28"
"G02484";"Wilson Wright";"Nigeria";316;50.0;38.31;"2026-05-29";"2026-06-01"
"G02485";"Wilson Boateng";"UK";234;150.0;47.46;"2026-05-16";"2026-05-18"
"G02486";"Murphy Hall";"Spain";429;100.0;23.36;"2026-05-18";"2026-05-19"
"G02487";"Edwards Martinez";"UK";119;200.0;139.79;"2026-06-26";"2026-06-30"
"G02488";"King Parker";"UK";410;100.0;32.65;"2026-03-05";"2026-03-12"
"G02489";"Smith King";"UK";431;0.0;0.0;"2026-06-13";"2026-06-14"
"G02490";"Nelson Phillips";"UK";520;100.0;48.88;"2026-06-27";"2026-06-30"
"G02491";"Edwards Davis";"Canada";501;150.0;71.2;"2026-03-01";"2026-03-02"
"G02492";"Murphy Thompson";"USA";118;150.0;171.02;"2026-05-19";"2026-05-26"
"G02493";"Walker Nwosu";"UK";225;100.0;110.62;"2026-02-27";"2026-03-02"
"G02494";"Adebayo Shah";"UK";319;150.0;66.16;"2026-04-26";"2026-05-02"
"G02495";"Carter Adams";"Nigeria";529;100.0;104.85;"2026-06-02";"2026-06-03"
"G02496";"Lee Young";"France";411;200.0;130.65;"2026-04-02";"2026-04-05"
"G02497";"Walker Hall";"USA";301;200.0;37.66;"2026-02-25";"2026-02-27"
"G02498";"Parker Nwosu";"Spain";310;0.0;0.0;"2026-01-28";"2026-01-31"
"G02500";"Cooper Mitchell";"UK";428;200.0;178.78;"2026-04-23";"2026-04-29"
"G02501";"King Evans";"USA";101;0.0;0.0;"2026-03-09";"2026-03-12"
"G02502";"Morgan Taylor";"South Korea";514;150.0;128.84;"2026-02-21";"2026-02-24"
"G02503";"Murphy Jones";"Nigeria";202;200.0;224.01;"2026-02-05";"2026-02-06"
"G02504";"Miller Bernard";"Canada";234;0.0;0.0;"2026-03-08";"2026-03-11"
"G02505";"Okafor Hussain";"UK";429;150.0;27.37;"2026-03-28";"2026-04-01"
"G02506";"Wright Campbell";"UK";202;100.0;102.52;"2026-03-23";"2026-03-29"
"G02507";"Baker Young";"UK";125;100.0;61.03;"2026-06-01";"2026-06-03"
"G02508";"Cook Perez";"UK";219;200.0;35.63;"2026-05-13";"2026-05-15"
"G02509";"Patel Nelson";"Spain";313;100.0;38.54;"2026-04-01";"2026-04-06"
"G02510";"Cook Shah";"UK";213;0.0;0.0;"2026-02-04";"2026-02-05"
"G02511";"Roberts Young";"UK";429;200.0;32.56;"2026-05-13";"2026-05-14"
"G02512";"Mensah Adams";"UK";209;0.0;0.0;"2026-05-05";"2026-05-10"
"G02513";"Williams Phillips";"South Korea";425;0.0;0.0;"2026-06-15";"2026-06-20"
"G02514";"Parker Carter";"USA";119;200.0;51.58;"2026-06-02";"2026-06-05"
"G02515";"Thomas Davis";"UK";227;50.0;42.24;"2026-06-23";"2026-06-26"
"G02516";"Ali Wright";"Ghana";211;150.0;55.06;"2026-01-17";"2026-01-19"
"G02517";"Lee Harris";"USA";414;200.0;137.75;"2026-01-26";"2026-01-29"
"G02518";"Brown Shah";"USA";215;150.0;93.27;"2026-03-26";"2026-03-31"
"G02519";"Stewart Wright";"UK";106;150.0;62.09;"2026-03-15";"2026-03-17"
"G02520";"Cooper Shah";"USA";509;100.0;46.62;"2026-06-29";"2026-06-30"
"G02522";"Morris Harris";"Nigeria";509;100.0;58.72;"2026-01-08";"2026-01-09"
"G02523";"Patel Lewis";"France";419;200.0;128.48;"2026-02-15";"2026-02-19"
"G02524";"Evans Campbell";"Spain";534;200.0;156.2;"2026-02-05";"2026-02-07"
"G02525";"Cook Shah";"UK";504;0.0;0.0;"2026-06-05";"2026-06-06"
"G02526";"Clark Martinez";"Canada";421;100.0;36.18;"2026-01-13";"2026-01-14"
"G02527";"Williams Wright";"UK";518;100.0;86.68;"2026-03-04";"2026-03-06"
"G02528";"Carter Perez";"Nigeria";504;200.0;164.58;"2026-04-15";"2026-04-16"
"G02529";"Parker King";"UK";315;100.0;51.54;"2026-01-10";"2026-01-14"
"G02530";"Martin Rahman";"France";210;150.0;171.21;"2026-06-13";"2026-06-15"
"G02531";"Ali Boateng";"Nigeria";314;200.0;156.37;"2026-06-19";"2026-06-23"
"G02532";"Cook Wright";"USA";304;50.0;29.58;"2026-02-21";"2026-02-24"
"G02533";"Cook Scott";"UK";120;200.0;117.49;"2026-04-25";"2026-04-27"
"G02534";"Taylor Boateng";"France";211;150.0;40.62;"2026-03-17";"2026-03-22"
"G02535";"Miller Wright";"Spain";218;200.0;116.35;"2026-01-17";"2026-01-22"
"G02536";"Cooper Taylor";"UK";529;100.0;82.48;"2026-05-14";"2026-05-21"
"G02537";"Adams Nelson";"South Korea";214;100.0;13.42;"2026-06-25";"2026-06-27"
"G02538";"Stewart Turner";"Germany";123;150.0;58.89;"2026-04-25";"2026-04-27"
"G02539";"Clark Scott";"UK";330;200.0;98.04;"2026-01-04";"2026-01-06"
"G02540";"Martin Wright";"UK";525;100.0;13.53;"2026-04-18";"2026-04-21"
"G02541";"Mensah Adeyemi";"UK";517;150.0;65.86;"2026-03-29";"2026-04-01"
"G02542";"Johnson Lewis";"UK";123;50.0;19.68;"2026-02-19";"2026-02-22"
"G02543";"Bell Hussain";"Germany";110;100.0;72.03;"2026-06-12";"2026-06-15"
"G02544";"Patel Nelson";"USA";215;200.0;25.49;"2026-05-26";"2026-05-27"
"G02545";"Young Wilson";"UK";534;0.0;0.0;"2026-01-17";"2026-01-22"
"G02546";"Miller Nelson";"UK";205;100.0;64.11;"2026-03-15";"2026-03-19"
"G02547";"Edwards King";"UK";132;150.0;141.61;"2026-02-11";"2026-02-12"
"G02549";"Stewart Harris";"UK";526;100.0;23.42;"2026-05-28";"2026-05-31"
"G02550";"Rogers Taylor";"UK";507;100.0;63.51;"2026-03-30";"2026-04-02"
"G02551";"Walker Moore";"Netherlands";329;0.0;0.0;"2026-01-05";"2026-01-07"
"G02552";"Morgan Ahmed";"South Korea";103;100.0;81.38;"2026-04-24";"2026-04-26"
"G02553";"Mensah Boateng";"France";421;0.0;59.74;"2026-04-19";"2026-04-21"
"G02554";"Ali Campbell";"Canada";325;150.0;85.24;"2026-02-07";"2026-02-08"
"G02555";"Ahmed Roberts";"Ghana";331;150.0;129.97;"2026-04-23";"2026-04-29"
"G02556";"Johnson Shah";"USA";313;100.0;53.64;"2026-04-16";"2026-04-19"
"G02557";"Nelson Thompson";"UK";417;0.0;0.0;"2026-04-14";"2026-04-15"
"G02558";"Adebayo Ahmed";"USA";315;200.0;3.84;"2026-05-10";"2026-05-15"
"G02559";"Turner Hussain";"UK";316;50.0;21.34;"2026-02-08";"2026-02-09"
"G02560";"Collins Nwosu";"UK";434;50.0;18.08;"2026-03-25";"2026-03-27"
"G02561";"Martin Parker";"UK";427;150.0;103.92;"2026-05-29";"2026-06-01"
"G02562";"Carter Perez";"Canada";201;100.0;101.27;"2026-04-21";"2026-04-22"
"G02563";"Cook Kim";"USA";122;0.0;0.0;"2026-05-20";"2026-05-22"
"G02564";"Campbell Davis";"USA";434;0.0;0.0;"2026-04-28";"2026-04-30"
"G02565";"Wright Bernard";"UK";106;100.0;7.58;"2026-05-07";"2026-05-10"
"G02566";"Mitchell Walker";"UK";210;0.0;0.0;"2026-02-06";"2026-02-09"
"G02567";"Adams Taylor";"Netherlands";134;100.0;5.74;"2026-03-15";"2026-03-17"
"G02568";"Smith Perez";"USA";225;50.0;49.45;"2026-04-14";"2026-04-16"
"G02569";"Mitchell Perez";"Nigeria";212;200.0;97.47;"2026-05-12";"2026-05-14"
"G02570";"Adebayo Lewis";"UK";416;50.0;13.29;"2026-04-24";"2026-04-26"
"G02571";"Baker White";"USA";314;100.0;5.86;"2026-03-11";"2026-03-13"
"G02572";"Thomas Baker";"UK";530;0.0;0.0;"2026-02-28";"2026-03-05"
"G02573";"Carter Jones";"USA";412;200.0;211.7;"2026-05-20";"2026-05-21"
"G02574";"Cooper Nwosu";"USA";129;100.0;26.3;"2026-01-28";"2026-01-29"
"G02575";"Clark Moore";"Nigeria";213;100.0;1.49;"2026-02-12";"2026-02-14"
"G02576";"Williams Turner";"France";415;150.0;91.21;"2026-05-04";"2026-05-09"
"G02577";"Taylor Rahman";"UK";124;200.0;157.09;"2026-05-30";"2026-06-02"
"G02578";"Johnson Taylor";"USA";219;0.0;0.0;"2026-01-07";"2026-01-09"
"G02579";"Miller Shah";"South Korea";105;200.0;223.51;"2026-06-01";"2026-06-03"
"G02581";"Thomas Rahman";"Germany";104;100.0;53.41;"2026-02-02";"2026-02-05"
"G02582";"Carter Wilson";"UK";324;200.0;50.16;"2026-02-21";"2026-02-25"
"G02583";"Cook Hall";"UK";520;0.0;0.0;"2026-01-30";"2026-02-01"
"G02584";"Adebayo Carter";"UK";334;200.0;142.46;"2026-03-06";"2026-03-08"
"G02585";"Ali Boateng";"UK";534;0.0;0.0;"2026-03-28";"2026-04-01"
"G02586";"King Ahmed";"UK";117;50.0;54.88;"2026-05-12";"2026-05-14"
"G02587";"Mensah Walker";"USA";214;100.0;87.48;"2026-06-08";"2026-06-09"
"G02588";"Thomas Hussain";"Italy";522;200.0;105.12;"2026-02-04";"2026-02-09"
"G02589";"Nelson Jones";"Ghana";421;200.0;229.21;"2026-04-06";"2026-04-10"
"G02591";"Young Roberts";"UK";220;200.0;213.72;"2026-05-31";"2026-06-01"
"G02592";"Miller Taylor";"Netherlands";113;100.0;113.18;"2026-06-07";"2026-06-12"
"G02593";"Green Baker";"Spain";332;200.0;66.14;"2026-06-25";"2026-06-28"
"G02594";"Patel Jones";"UK";124;150.0;82.69;"2026-04-06";"2026-04-07"
"G02595";"Lee White";"UK";305;150.0;95.39;"2026-06-28";"2026-06-30"
"G02596";"Green Baker";"Ireland";314;200.0;197.58;"2026-02-13";"2026-02-15"
"G02597";"Murphy Wright";"UK";406;100.0;47.35;"2026-03-04";"2026-03-06"
"G02598";"Mensah Rahman";"Germany";515;100.0;87.51;"2026-03-27";"2026-03-29"
"G02599";"Adebayo Moore";"USA";502;100.0;34.95;"2026-06-17";"2026-06-19"
"G02600";"Morris Martinez";"Spain";418;100.0;83.34;"2026-05-15";"2026-05-17"
"G02601";"Nelson Shah";"USA";125;150.0;65.75;"2026-03-02";"2026-03-04"
"G02602";"Garcia Walker";"UK";207;0.0;35.93;"2026-05-19";"2026-05-21"
"G02603";"Wright Young";"UK";210;150.0;18.24;"2026-01-05";"2026-01-07"
"G02604";"Smith Thompson";"Nigeria";521;100.0;108.43;"2026-06-26";"2026-06-30"
"G02605";"Walker Kim";"USA";521;150.0;107.97;"2026-02-28";"2026-03-01"
"G02606";"Williams Martinez";"UK";510;100.0;83.38;"2026-03-16";"2026-03-18"
"G02607";"Bell Campbell";"USA";228;100.0;31.0;"2026-05-01";"2026-05-06"
"G02608";"Williams Adeyemi";"UK";107;200.0;35.12;"2026-02-16";"2026-02-20"
"G02609";"Cooper Carter";"UK";117;100.0;69.18;"2026-01-10";"2026-01-13"
"G02610";"Mensah Wilson";"UK";328;150.0;41.95;"2026-01-20";"2026-01-21"
"G02611";"Mitchell White";"UK";408;0.0;0.0;"2026-04-13";"2026-04-15"
"G02612";"Carter Kim";"South Korea";216;150.0;27.59;"2026-05-10";"2026-05-14"
"G02613";"Perez Green";"UK";104;100.0;91.81;"2026-02-13";"2026-02-15"
"G02614";"Mensah Perez";"USA";522;100.0;92.09;"2026-05-28";"2026-06-01"
"G02615";"Morgan Lewis";"USA";317;0.0;0.0;"2026-01-29";"2026-01-31"
"G02616";"Clark Nwosu";"Nigeria";316;150.0;13.36;"2026-02-10";"2026-02-12"
"G02617";"Phillips Wright";"USA";501;150.0;137.75;"2026-01-07";"2026-01-08"
"G02618";"Turner Hussain";"Ghana";214;100.0;91.34;"2026-04-30";"2026-05-03"
"G02619";"Davies Moore";"USA";128;100.0;0.64;"2026-03-14";"2026-03-17"
"G02620";"Morgan Adams";"USA";119;150.0;81.68;"2026-04-06";"2026-04-10"
"G02621";"Evans Wright";"UK";333;200.0;41.84;"2026-01-02";"2026-01-05"
"G02622";"Lee Walker";"UK";410;100.0;112.23;"2026-03-11";"2026-03-12"
"G02623";"Adebayo Hall";"Netherlands";113;150.0;57.15;"2026-04-02";"2026-04-06"
"G02624";"Cooper Boateng";"USA";332;150.0;56.04;"2026-06-17";"2026-06-19"
"G02625";"Campbell Young";"UK";528;100.0;73.68;"2026-02-11";"2026-02-13"
"G02626";"Wilson Hussain";"Ghana";109;150.0;73.27;"2026-06-07";"2026-06-08"
"G02627";"Garcia Martinez";"UK";506;100.0;8.57;"2026-05-18";"2026-05-21"
"G02628";"Garcia Lewis";"South Korea";109;150.0;82.81;"2026-01-28";"2026-02-04"
"G02629";"Taylor Martinez";"Ireland";421;50.0;6.1;"2026-05-29";"2026-05-30"
"G02630";"Ali Hussain";"UK";403;100.0;13.68;"2026-05-25";"2026-05-28"
"G02632";"Green Roberts";"UK";515;100.0;94.28;"2026-01-02";"2026-01-06"
"G02633";"Clark Jones";"UK";233;150.0;23.68;"2026-03-02";"2026-03-05"
"G02635";"Khan Adams";"UK";434;0.0;0.0;"2026-04-22";"2026-04-24"
"G02636";"Mitchell King";"UK";523;100.0;9.52;"2026-05-29";"2026-06-03"
"G02637";"Khan Jones";"Netherlands";507;200.0;128.14;"2026-04-15";"2026-04-18"
"G02638";"Morris Jones";"USA";514;100.0;46.02;"2026-04-13";"2026-04-17"
"G02639";"Taylor Roberts";"UK";304;0.0;0.0;"2026-01-05";"2026-01-06"
"G02640";"Murphy Nelson";"UK";206;200.0;222.85;"2026-02-06";"2026-02-07"
"G02641";"Anderson Ahmed";"USA";302;150.0;12.16;"2026-06-06";"2026-06-09"
"G02642";"Cook Murphy";"Canada";131;100.0;68.12;"2026-03-27";"2026-03-29"
"G02643";"Nelson Evans";"Ireland";328;0.0;0.0;"2026-02-25";"2026-02-28"
"G02644";"Davies Hall";"Germany";132;200.0;229.53;"2026-05-10";"2026-05-12"
"G02645";"Turner Campbell";"USA";328;100.0;84.1;"2026-05-02";"2026-05-03"
"G02646";"Ahmed Murphy";"UK";517;200.0;49.81;"2026-04-06";"2026-04-07"
"G02647";"Green Scott";"UK";516;100.0;7.67;"2026-03-14";"2026-03-17"
"G02648";"Walker Boateng";"UK";333;100.0;99.75;"2026-03-25";"2026-03-29"
"G02649";"Phillips Ahmed";"Netherlands";223;0.0;0.0;"2026-06-14";"2026-06-18"
"G02650";"Garcia Turner";"Canada";320;50.0;22.65;"2026-05-24";"2026-05-27"
"G02651";"Adebayo Reid";"UK";403;100.0;32.42;"2026-04-02";"2026-04-06"
"G02652";"Adebayo Reid";"UK";414;150.0;32.79;"2026-02-16";"2026-02-20"
"G02653";"Williams Adeyemi";"USA";318;200.0;33.93;"2026-04-26";"2026-05-01"
"G02654";"Okafor Green";"UK";106;150.0;65.95;"2026-06-17";"2026-06-18"
"G02655";"Hall Moore";"Spain";127;100.0;20.93;"2026-04-05";"2026-04-08"
"G02656";"Adebayo Martinez";"UK";420;150.0;59.5;"2026-02-06";"2026-02-08"
"G02657";"Adams Roberts";"Nigeria";427;150.0;89.62;"2026-05-30";"2026-06-02"
"G02658";"Adebayo Hussain";"UK";227;200.0;172.22;"2026-06-19";"2026-06-21"
"G02659";"Bell Jones";"Germany";504;0.0;0.0;"2026-01-20";"2026-01-24"
"G02660";"Murphy Nwosu";"Spain";116;50.0;10.86;"2026-06-17";"2026-06-19"
"G02661";"Adebayo Young";"Spain";317;100.0;40.13;"2026-03-10";"2026-03-13"
"G02662";"Collins Hussain";"UK";513;200.0;28.54;"2026-02-06";"2026-02-07"
"G02664";"Rogers Hussain";"Nigeria";112;200.0;162.92;"2026-03-10";"2026-03-13"
"G02665";"Mitchell Roberts";"USA";302;150.0;32.63;"2026-03-05";"2026-03-07"
"G02666";"Davies Green";"Ghana";202;0.0;0.0;"2026-01-05";"2026-01-07"
"G02667";"Collins Martinez";"Nigeria";431;200.0;22.05;"2026-04-10";"2026-04-13"
"G02668";"Edwards Adams";"Ghana";320;0.0;0.0;"2026-05-28";"2026-05-30"
"G02669";"Miller Kim";"UK";104;200.0;27.09;"2026-01-10";"2026-01-12"
"G02670";"Morris White";"Spain";119;200.0;186.38;"2026-03-03";"2026-03-07"
"G02671";"Williams Reid";"France";215;200.0;106.81;"2026-03-17";"2026-03-21"
"G02672";"Perez Jones";"Ireland";429;150.0;165.17;"2026-05-29";"2026-06-03"
"G02673";"Mensah Kim";"UK";212;200.0;148.24;"2026-02-15";"2026-02-16"
"G02674";"Cooper Evans";"UK";210;50.0;26.64;"2026-04-25";"2026-04-28"
"G02675";"Turner Taylor";"UK";304;100.0;53.16;"2026-04-03";"2026-04-04"
"G02676";"Brown Kim";"Nigeria";330;150.0;132.93;"2026-06-28";"2026-06-30"
"G02677";"Edwards Green";"UK";426;0.0;0.0;"2026-04-23";"2026-04-24"
"G02678";"Perez Shah";"UK";520;100.0;42.05;"2026-04-28";"2026-05-01"
"G02679";"Bailey Turner";"South Korea";411;200.0;180.24;"2026-03-27";"2026-03-29"
"G02681";"Roberts Ahmed";"USA";501;150.0;140.19;"2026-05-08";"2026-05-11"
"G02682";"Taylor Hall";"USA";329;100.0;10.15;"2026-04-22";"2026-04-24"
"G02683";"Thomas Kim";"France";305;50.0;25.24;"2026-01-29";"2026-02-01"
"G02684";"Baker Turner";"USA";524;200.0;54.38;"2026-05-31";"2026-06-05"
"G02685";"Nelson Baker";"UK";132;0.0;0.0;"2026-03-16";"2026-03-18"
"G02686";"Adams Adeyemi";"UK";527;150.0;29.71;"2026-03-12";"2026-03-14"
"G02687";"Miller White";"UK";426;0.0;26.58;"2026-05-22";"2026-05-23"
"G02688";"Adams Thompson";"France";201;200.0;78.97;"2026-03-06";"2026-03-09"
"G02689";"Bell Carter";"USA";431;50.0;20.04;"2026-04-10";"2026-04-15"
"G02690";"Campbell Thompson";"Canada";225;100.0;24.09;"2026-06-22";"2026-06-25"
"G02691";"Phillips Hall";"UK";523;50.0;4.03;"2026-03-07";"2026-03-13"
"G02692";"Murphy King";"UK";520;200.0;155.26;"2026-02-12";"2026-02-15"
"G02693";"Wilson Lewis";"UK";314;200.0;103.19;"2026-02-22";"2026-02-28"
"G02694";"Bell Boateng";"Germany";509;150.0;169.92;"2026-05-07";"2026-05-11"
"G02695";"Williams Lewis";"UK";418;150.0;35.04;"2026-01-08";"2026-01-12"
"G02696";"Anderson Murphy";"USA";525;200.0;52.75;"2026-06-14";"2026-06-16"
"G02697";"Perez Turner";"Ghana";311;0.0;0.0;"2026-02-22";"2026-02-23"
"G02698";"Adams Davis";"South Korea";132;150.0;9.13;"2026-01-29";"2026-02-01"
"G02699";"Mitchell King";"UK";233;100.0;13.59;"2026-05-27";"2026-05-30"
"G02700";"Davies Kim";"USA";310;100.0;62.35;"2026-04-13";"2026-04-17"
"G02701";"Nelson Rahman";"Ireland";229;200.0;119.49;"2026-04-01";"2026-04-02"
"G02702";"Okafor Wright";"UK";422;200.0;7.35;"2026-01-21";"2026-01-24"
"G02703";"Edwards Wright";"UK";201;200.0;201.24;"2026-04-09";"2026-04-13"
"G02704";"Adams Adams";"France";131;100.0;59.45;"2026-05-18";"2026-05-19"
"G02705";"Phillips Roberts";"Germany";108;150.0;55.28;"2026-01-27";"2026-01-28"
"G02706";"Miller Young";"Nigeria";432;100.0;87.86;"2026-06-11";"2026-06-12"
"G02707";"Garcia Rahman";"UK";129;100.0;101.0;"2026-04-01";"2026-04-07"
"G02708";"Carter Davis";"Ghana";333;100.0;90.01;"2026-04-18";"2026-04-23"
"G02709";"Lee Jones";"UK";516;200.0;45.38;"2026-06-25";"2026-06-27"
"G02710";"Miller Wright";"UK";405;0.0;0.0;"2026-06-19";"2026-06-21"
"G02711";"Nelson Martinez";"USA";121;100.0;51.66;"2026-02-22";"2026-02-24"
"G02712";"Mitchell Scott";"Ghana";219;50.0;5.52;"2026-06-13";"2026-06-16"
"G02713";"Ahmed Walker";"Spain";514;0.0;0.0;"2026-04-23";"2026-04-25"
"G02714";"Nelson Carter";"Nigeria";223;200.0;123.31;"2026-02-16";"2026-02-19"
"G02715";"Parker Mitchell";"Italy";223;50.0;5.31;"2026-05-26";"2026-05-30"
"G02716";"Campbell Rahman";"UK";209;100.0;34.48;"2026-01-31";"2026-02-03"
"G02717";"Okafor Ahmed";"USA";428;150.0;18.96;"2026-03-23";"2026-03-26"
"G02718";"Mensah Thompson";"USA";231;100.0;41.05;"2026-02-17";"2026-02-21"
"G02719";"Young Murphy";"UK";430;200.0;172.57;"2026-01-02";"2026-01-06"
"G02721";"Clark Turner";"Spain";226;100.0;42.02;"2026-01-03";"2026-01-07"
"G02722";"Nelson Perez";"UK";233;150.0;97.69;"2026-05-18";"2026-05-19"
"G02723";"Taylor Evans";"Netherlands";216;100.0;104.34;"2026-03-25";"2026-03-26"
"G02724";"Wilson Wilson";"Nigeria";234;0.0;0.0;"2026-03-10";"2026-03-15"
"G02725";"Khan Lewis";"Spain";505;150.0;35.3;"2026-05-08";"2026-05-10"
"G02726";"Okafor Kim";"UK";417;200.0;157.23;"2026-03-07";"2026-03-10"
"G02727";"Murphy Nwosu";"UK";123;150.0;96.43;"2026-05-14";"2026-05-17"
"G02728";"Murphy Murphy";"UK";415;0.0;0.0;"2026-04-22";"2026-04-24"
"G02729";"Murphy Moore";"USA";425;0.0;0.0;"2026-04-03";"2026-04-04"
"G02730";"Phillips Murphy";"UK";410;100.0;4.57;"2026-04-29";"2026-05-03"
"G02731";"Adams Nwosu";"UK";510;0.0;0.0;"2026-06-02";"2026-06-03"
"G02732";"Morgan Hussain";"South Korea";514;150.0;58.83;"2026-02-13";"2026-02-17"
"G02733";"Roberts Davis";"UK";120;150.0;107.35;"2026-04-11";"2026-04-13"
"G02734";"Cooper Campbell";"Italy";327;0.0;77.76;"2026-01-28";"2026-01-29"
"G02735";"Young Thompson";"Ireland";214;0.0;0.0;"2026-02-05";"2026-02-08"
"G02736";"Hall Moore";"UK";132;50.0;28.65;"2026-05-06";"2026-05-08"
"G02737";"Baker Young";"UK";416;150.0;27.66;"2026-04-23";"2026-04-25"
"G02738";"Morris Scott";"USA";418;150.0;169.2;"2026-02-22";"2026-02-23"
"G02739";"Evans Phillips";"UK";106;200.0;5.45;"2026-01-23";"2026-01-24"
"G02740";"Collins Adeyemi";"Spain";417;0.0;0.0;"2026-06-18";"2026-06-19"
"G02741";"Ali Thompson";"Nigeria";205;200.0;93.75;"2026-01-17";"2026-01-19"
"G02742";"Wilson Turner";"Canada";519;100.0;85.93;"2026-05-01";"2026-05-04"
"G02743";"Miller Ahmed";"UK";223;200.0;99.87;"2026-05-08";"2026-05-09"
"G02744";"Clark Walker";"UK";227;0.0;0.0;"2026-03-29";"2026-03-30"
"G02745";"Evans Kim";"UK";434;150.0;160.19;"2026-04-10";"2026-04-12"
"G02746";"Mensah Parker";"USA";407;0.0;92.52;"2026-04-12";"2026-04-19"
"G02747";"Collins Taylor";"UK";434;50.0;22.89;"2026-01-01";"2026-01-05"
"G02748";"Clark Scott";"UK";127;0.0;0.0;"2026-06-22";"2026-06-28"
"G02749";"Williams Campbell";"UK";419;50.0;58.42;"2026-01-05";"2026-01-07"
"G02750";"Lee Walker";"Nigeria";131;100.0;82.43;"2026-06-04";"2026-06-07"
"G02751";"Davies Kim";"UK";226;50.0;0.54;"2026-03-04";"2026-03-05"
"G02752";"Mitchell White";"USA";115;100.0;43.53;"2026-02-26";"2026-02-28"
"G02753";"Campbell Harris";"South Korea";119;200.0;198.21;"2026-06-22";"2026-06-23"
"G02754";"Evans Nelson";"USA";115;100.0;52.34;"2026-06-13";"2026-06-16"
"G02756";"Roberts Nelson";"Ireland";114;0.0;0.0;"2026-06-13";"2026-06-20"
"G02757";"Morgan Bernard";"UK";515;100.0;107.08;"2026-03-31";"2026-04-01"
"G02758";"Young Wilson";"UK";101;50.0;11.76;"2026-02-17";"2026-02-19"
"G02759";"Miller Ahmed";"Spain";324;200.0;147.42;"2026-03-05";"2026-03-06"
"G02760";"Parker Wilson";"Canada";320;150.0;15.34;"2026-05-04";"2026-05-08"
"G02761";"Garcia Wilson";"Canada";516;100.0;87.0;"2026-04-24";"2026-04-28"
"G02762";"Parker Carter";"Italy";122;100.0;31.03;"2026-02-04";"2026-02-10"
"G02763";"Garcia King";"Germany";529;100.0;70.65;"2026-03-15";"2026-03-17"
"G02764";"Mitchell Hussain";"UK";314;150.0;162.74;"2026-06-10";"2026-06-17"
"G02765";"Murphy Jones";"UK";327;100.0;36.03;"2026-01-09";"2026-01-15"
"G02766";"Khan Adams";"UK";119;100.0;115.22;"2026-04-07";"2026-04-09"
"G02767";"Taylor Wilson";"France";221;0.0;0.0;"2026-03-27";"2026-03-29"
"G02768";"Turner Evans";"USA";311;0.0;0.0;"2026-01-12";"2026-01-16"
"G02769";"Wilson Baker";"USA";516;150.0;162.52;"2026-03-31";"2026-04-04"
"G02770";"Campbell Turner";"USA";101;100.0;41.29;"2026-03-04";"2026-03-06"
"G02771";"Wright Mitchell";"UK";528;200.0;214.0;"2026-04-20";"2026-04-23"
"G02773";"Thomas Carter";"Italy";330;0.0;0.0;"2026-06-05";"2026-06-06"
"G02774";"Young Phillips";"Ghana";407;200.0;152.38;"2026-01-07";"2026-01-08"
"G02775";"Nelson Taylor";"UK";508;0.0;72.54;"2026-02-19";"2026-02-24"
"G02776";"King Roberts";"Nigeria";233;150.0;98.11;"2026-06-27";"2026-06-30"
"G02777";"Thomas Taylor";"Ireland";433;0.0;75.19;"2026-01-19";"2026-01-24"
"G02778";"Parker Ahmed";"UK";416;100.0;32.31;"2026-03-03";"2026-03-05"
"G02779";"Taylor Adeyemi";"Nigeria";118;200.0;135.64;"2026-01-22";"2026-01-25"
"G02780";"Carter Mitchell";"UK";310;100.0;61.53;"2026-02-15";"2026-02-19"
"G02781";"Anderson Kim";"UK";428;0.0;0.0;"2026-04-19";"2026-04-25"
"G02782";"Miller Taylor";"UK";104;100.0;35.68;"2026-01-29";"2026-02-04"
"G02783";"Young Kim";"UK";524;0.0;0.0;"2026-05-30";"2026-06-02"
"G02784";"Morgan Boateng";"Spain";307;0.0;0.0;"2026-06-20";"2026-06-23"
"G02785";"Wilson Nelson";"UK";422;100.0;75.88;"2026-01-05";"2026-01-10"
"G02786";"King Rahman";"Netherlands";112;0.0;0.0;"2026-05-21";"2026-05-22"
"G02787";"Green Boateng";"South Korea";415;100.0;66.96;"2026-04-18";"2026-04-20"
"G02788";"King Boateng";"UK";225;200.0;104.4;"2026-05-07";"2026-05-08"
"G02789";"Anderson Adams";"UK";411;0.0;0.0;"2026-01-04";"2026-01-08"
"G02790";"Bell Parker";"UK";320;200.0;123.05;"2026-06-08";"2026-06-12"
"G02791";"Smith Rahman";"USA";511;200.0;113.9;"2026-01-16";"2026-01-21"
"G02792";"Miller Jones";"UK";127;100.0;38.72;"2026-03-20";"2026-03-24"
"G02793";"Taylor Shah";"UK";523;100.0;59.82;"2026-05-04";"2026-05-08"
"G02794";"Adams Bernard";"UK";522;150.0;144.49;"2026-02-06";"2026-02-11"
"G02795";"Morgan Mitchell";"UK";323;150.0;147.53;"2026-01-23";"2026-01-26"
"G02796";"Evans Phillips";"Germany";114;100.0;37.93;"2026-03-07";"2026-03-11"
"G02797";"Ahmed Evans";"UK";404;0.0;8.46;"2026-01-23";"2026-01-26"
"G02798";"Cooper Harris";"South Korea";110;0.0;0.0;"2026-04-14";"2026-04-17"
"G02799";"Smith White";"UK";131;50.0;48.18;"2026-02-05";"2026-02-07"
"G02800";"Mitchell Nwosu";"UK";124;150.0;42.17;"2026-03-26";"2026-03-28"
"G02801";"Davies Young";"UK";102;200.0;202.16;"2026-01-30";"2026-02-01"
"G02802";"Smith Bernard";"UK";524;0.0;0.0;"2026-06-13";"2026-06-14"
"G02803";"Nelson Turner";"UK";122;200.0;4.0;"2026-03-10";"2026-03-11"
"G02804";"Martin Adams";"Nigeria";134;150.0;34.76;"2026-06-11";"2026-06-16"
"G02805";"Nelson Perez";"Nigeria";434;100.0;68.2;"2026-04-08";"2026-04-12"
"G02806";"Edwards King";"Ghana";224;100.0;25.75;"2026-03-19";"2026-03-21"
"G02807";"Anderson Reid";"USA";228;200.0;152.53;"2026-02-14";"2026-02-15"
"G02808";"Smith Davis";"UK";103;100.0;18.54;"2026-06-18";"2026-06-19"
"G02809";"Carter Perez";"UK";526;50.0;34.98;"2026-06-21";"2026-06-24"
"G02810";"Roberts Parker";"Spain";122;100.0;0.6;"2026-05-28";"2026-05-29"
"G02811";"Carter Moore";"France";308;150.0;144.12;"2026-02-22";"2026-02-27"
"G02812";"Stewart Boateng";"UK";334;0.0;63.93;"2026-01-13";"2026-01-16"
"G02813";"King Perez";"Ghana";425;200.0;15.94;"2026-05-03";"2026-05-05"
"G02814";"Brown Davis";"Netherlands";127;200.0;126.35;"2026-06-11";"2026-06-12"
"G02815";"Edwards Kim";"USA";519;200.0;202.04;"2026-05-14";"2026-05-16"
"G02816";"Young Adams";"Germany";508;100.0;113.46;"2026-05-02";"2026-05-04"
"G02817";"Wilson Perez";"France";223;200.0;146.24;"2026-01-25";"2026-01-28"
"G02818";"Baker Thompson";"USA";505;200.0;8.41;"2026-03-27";"2026-03-29"
"G02819";"Lee Ahmed";"UK";118;150.0;107.77;"2026-04-09";"2026-04-12"
"G02820";"King Turner";"UK";515;150.0;56.76;"2026-03-14";"2026-03-15"
"G02821";"Smith Scott";"UK";526;0.0;0.0;"2026-02-10";"2026-02-12"
"G02822";"Mitchell Moore";"USA";218;200.0;175.7;"2026-04-30";"2026-05-07"
"G02823";"Turner Wright";"France";519;150.0;113.78;"2026-04-30";"2026-05-03"
"G02824";"Williams Evans";"UK";301;150.0;63.92;"2026-05-10";"2026-05-16"
"G02825";"Brown Perez";"Spain";401;0.0;0.0;"2026-06-03";"2026-06-07"
"G02826";"Morgan Phillips";"UK";420;0.0;0.0;"2026-04-11";"2026-04-13"
"G02827";"Williams Shah";"USA";214;200.0;215.32;"2026-01-14";"2026-01-19"
"G02828";"Phillips Ahmed";"USA";331;50.0;14.93;"2026-05-30";"2026-06-01"
"G02829";"Perez Shah";"UK";325;100.0;32.94;"2026-03-31";"2026-04-03"
"G02830";"Okafor Nwosu";"UK";509;200.0;11.19;"2026-01-01";"2026-01-04"
"G02831";"Ahmed Thompson";"Nigeria";531;50.0;11.88;"2026-05-25";"2026-06-01"
"G02832";"Stewart Hussain";"Nigeria";111;200.0;193.86;"2026-06-06";"2026-06-12"
"G02833";"Okafor Wilson";"UK";227;0.0;0.0;"2026-03-03";"2026-03-08"
"G02834";"Edwards Walker";"France";228;50.0;16.94;"2026-04-02";"2026-04-04"
"G02835";"Lee Hall";"South Korea";434;150.0;158.19;"2026-01-14";"2026-01-17"
"G02836";"Smith Young";"UK";310;50.0;7.02;"2026-03-12";"2026-03-15"
"G02837";"Wilson Young";"USA";406;100.0;115.11;"2026-06-18";"2026-06-20"
"G02838";"Smith Adams";"UK";132;0.0;0.0;"2026-01-09";"2026-01-12"
"G02839";"Murphy Harris";"UK";117;200.0;181.06;"2026-03-29";"2026-03-30"
"G02840";"Wright White";"France";331;100.0;105.24;"2026-06-03";"2026-06-10"
"G02841";"Garcia Jones";"Spain";428;150.0;138.15;"2026-01-26";"2026-01-28"
"G02842";"Collins Kim";"France";514;150.0;48.34;"2026-02-01";"2026-02-04"
"G02843";"Wright Moore";"UK";218;0.0;0.0;"2026-02-16";"2026-02-19"
"G02844";"Okafor Murphy";"Ireland";329;100.0;34.82;"2026-05-22";"2026-05-28"
"G02845";"Phillips Wright";"UK";226;0.0;0.0;"2026-06-26";"2026-06-29"
"G02846";"Turner White";"South Korea";122;50.0;12.78;"2026-05-19";"2026-05-22"
"G02847";"Khan Young";"Ghana";215;200.0;109.88;"2026-03-27";"2026-03-29"
"G02848";"Thomas Wilson";"UK";301;200.0;64.64;"2026-01-09";"2026-01-12"
"G02849";"Patel Shah";"UK";334;150.0;74.81;"2026-03-17";"2026-03-19"
"G02850";"Morgan Kim";"UK";506;100.0;35.78;"2026-02-02";"2026-02-05"
"G02851";"Perez White";"Ghana";516;100.0;117.7;"2026-06-04";"2026-06-05"
"G02852";"Walker Reid";"UK";318;50.0;52.57;"2026-03-18";"2026-03-21"
"G02853";"Taylor King";"Canada";411;100.0;0.43;"2026-02-01";"2026-02-03"
"G02854";"Smith Adams";"USA";404;200.0;210.54;"2026-04-09";"2026-04-16"
"G02855";"Adebayo Shah";"USA";119;0.0;0.0;"2026-02-18";"2026-02-23"
"G02856";"Parker White";"Spain";511;100.0;23.84;"2026-01-23";"2026-01-25"
"G02857";"Anderson Adeyemi";"UK";103;150.0;40.27;"2026-01-06";"2026-01-08"
"G02858";"Turner Davis";"UK";515;100.0;43.76;"2026-05-02";"2026-05-07"
"G02859";"King Harris";"UK";109;0.0;0.0;"2026-01-03";"2026-01-04"
"G02860";"Martin Reid";"USA";218;200.0;65.64;"2026-01-13";"2026-01-15"
"G02861";"Khan Young";"France";216;150.0;36.94;"2026-06-11";"2026-06-16"
"G02862";"Baker Mitchell";"Canada";512;200.0;102.26;"2026-05-18";"2026-05-22"
"G02864";"Morgan Bernard";"Nigeria";527;150.0;162.22;"2026-03-26";"2026-03-27"
"G02865";"Murphy Parker";"UK";525;150.0;72.55;"2026-04-13";"2026-04-15"
"G02866";"Anderson Nwosu";"UK";129;200.0;116.86;"2026-04-27";"2026-04-30"
"G02867";"Garcia Campbell";"UK";219;200.0;206.51;"2026-04-17";"2026-04-20"
"G02868";"Adams Parker";"Ireland";331;200.0;20.51;"2026-01-11";"2026-01-14"
"G02869";"Johnson Bernard";"Nigeria";306;0.0;93.82;"2026-01-21";"2026-01-28"
"G02870";"Baker Evans";"Spain";227;0.0;0.0;"2026-04-03";"2026-04-05"
"G02871";"Garcia Taylor";"UK";331;100.0;70.43;"2026-03-21";"2026-03-22"
"G02872";"Mitchell Murphy";"South Korea";430;0.0;0.0;"2026-01-31";"2026-02-02"
"G02873";"Cook Adeyemi";"USA";319;200.0;44.69;"2026-01-20";"2026-01-24"
"G02874";"Mensah Jones";"USA";201;200.0;188.07;"2026-05-04";"2026-05-05"
"G02875";"Adebayo Kim";"France";430;0.0;0.0;"2026-03-14";"2026-03-17"
"G02876";"Garcia Perez";"UK";429;150.0;98.46;"2026-06-03";"2026-06-05"
"G02877";"Patel Martinez";"Ireland";323;100.0;58.46;"2026-03-11";"2026-03-13"
"G02878";"Hall Wilson";"USA";412;50.0;9.7;"2026-06-03";"2026-06-04"
"G02879";"Anderson Evans";"UK";319;150.0;171.9;"2026-02-19";"2026-02-23"
"G02880";"Baker Scott";"UK";110;200.0;232.45;"2026-06-12";"2026-06-14"
"G02881";"Williams Young";"USA";411;100.0;78.05;"2026-03-06";"2026-03-11"
"G02882";"Ahmed Young";"South Korea";320;200.0;28.87;"2026-01-08";"2026-01-10"
"G02883";"King Lewis";"Nigeria";403;100.0;15.44;"2026-03-29";"2026-03-30"
"G02884";"Mitchell Murphy";"UK";414;200.0;19.53;"2026-04-18";"2026-04-25"
"G02885";"Nelson King";"Spain";434;150.0;167.38;"2026-02-22";"2026-02-26"
"G02886";"Perez Turner";"USA";134;100.0;58.77;"2026-04-09";"2026-04-10"
"G02887";"Johnson Wilson";"USA";419;200.0;70.43;"2026-03-30";"2026-04-01"
"G02888";"Parker Boateng";"UK";120;150.0;100.56;"2026-01-02";"2026-01-04"
"G02889";"Adams Young";"USA";133;100.0;19.08;"2026-06-10";"2026-06-12"
"G02890";"Roberts Campbell";"Nigeria";429;200.0;169.82;"2026-04-25";"2026-04-28"
"G02891";"Cook Adams";"UK";509;50.0;50.18;"2026-01-25";"2026-01-30"
"G02892";"Anderson Harris";"Spain";528;100.0;53.6;"2026-01-27";"2026-01-29"
"G02893";"Wright Young";"UK";322;0.0;0.0;"2026-04-03";"2026-04-05"
"G02894";"Bell King";"Spain";132;150.0;145.58;"2026-06-16";"2026-06-19"
"G02895";"Bell Roberts";"Nigeria";425;200.0;42.36;"2026-04-14";"2026-04-17"
"G02897";"Walker Moore";"Canada";420;150.0;102.77;"2026-05-06";"2026-05-09"
"G02898";"Young Adeyemi";"South Korea";411;100.0;88.87;"2026-04-11";"2026-04-15"
"G02899";"Ali Taylor";"Germany";225;100.0;69.65;"2026-03-23";"2026-03-24"
"G02900";"Murphy Evans";"Nigeria";411;150.0;15.93;"2026-04-15";"2026-04-16"
"G02901";"Mitchell White";"USA";434;100.0;51.23;"2026-02-25";"2026-02-28"
"G02902";"Phillips Baker";"Spain";127;200.0;72.74;"2026-05-11";"2026-05-14"
"G02903";"Anderson Hussain";"Spain";226;100.0;44.94;"2026-02-23";"2026-03-01"
"G02904";"Ali Nwosu";"UK";308;200.0;102.81;"2026-04-15";"2026-04-21"
"G02905";"Anderson Reid";"Ghana";118;100.0;97.56;"2026-03-21";"2026-03-23"
"G02906";"Bell Nwosu";"UK";221;100.0;80.66;"2026-02-21";"2026-02-24"
"G02907";"Wright Turner";"South Korea";129;200.0;90.34;"2026-05-08";"2026-05-10"
"G02908";"Murphy Davis";"UK";428;100.0;87.16;"2026-05-28";"2026-05-29"
"G02909";"Clark Adams";"USA";507;200.0;127.9;"2026-06-15";"2026-06-19"
"G02910";"Okafor King";"Italy";428;0.0;0.0;"2026-05-15";"2026-05-18"
"G02911";"Mensah Young";"USA";528;200.0;122.96;"2026-02-19";"2026-02-21"
"G02912";"Thomas Jones";"USA";517;150.0;98.42;"2026-05-06";"2026-05-13"
"G02913";"Miller Lewis";"UK";532;150.0;38.31;"2026-02-15";"2026-02-16"
"G02914";"Hall Adeyemi";"UK";510;200.0;113.94;"2026-01-03";"2026-01-04"
"G02916";"Parker Reid";"UK";115;200.0;91.48;"2026-03-22";"2026-03-25"
"G02917";"Parker Evans";"UK";416;200.0;135.62;"2026-04-25";"2026-04-27"
"G02918";"Garcia Evans";"UK";529;200.0;64.74;"2026-03-04";"2026-03-07"
"G02919";"Davies Harris";"Spain";501;150.0;65.53;"2026-01-09";"2026-01-12"
"G02920";"Campbell Jones";"UK";423;100.0;57.34;"2026-04-25";"2026-04-28"
"G02921";"Murphy Perez";"USA";219;100.0;45.31;"2026-01-15";"2026-01-16"
"G02922";"Bailey Hall";"France";314;0.0;38.09;"2026-06-13";"2026-06-18"
"G02923";"Cook Thompson";"UK";225;50.0;7.37;"2026-06-18";"2026-06-23"
"G02924";"Anderson Nwosu";"USA";529;100.0;103.86;"2026-04-03";"2026-04-07"
"G02925";"Young Carter";"Italy";315;150.0;88.07;"2026-05-02";"2026-05-03"
"G02926";"Wilson Boateng";"UK";409;200.0;208.75;"2026-03-02";"2026-03-03"
"G02927";"Smith Adams";"Netherlands";516;100.0;60.91;"2026-05-26";"2026-05-29"
"G02928";"Lee Thompson";"UK";527;200.0;194.48;"2026-06-05";"2026-06-08"
"G02929";"Williams Baker";"UK";229;0.0;0.0;"2026-05-05";"2026-05-07"
"G02930";"Khan Harris";"Nigeria";133;100.0;53.76;"2026-04-10";"2026-04-13"
"G02931";"Green Adams";"UK";328;0.0;0.0;"2026-01-29";"2026-01-30"
"G02932";"Anderson Turner";"USA";305;100.0;51.83;"2026-05-20";"2026-05-21"
"G02933";"Morris Taylor";"UK";504;150.0;92.81;"2026-04-20";"2026-04-25"
"G02934";"Hall Phillips";"Spain";121;150.0;67.8;"2026-01-09";"2026-01-10"
"G02935";"Patel Thompson";"USA";404;150.0;76.59;"2026-01-02";"2026-01-03"
"G02936";"Mensah White";"UK";308;100.0;113.87;"2026-06-14";"2026-06-15"
"G02937";"Carter Rahman";"Spain";201;150.0;33.61;"2026-03-24";"2026-03-25"
"G02938";"Murphy Ahmed";"UK";421;150.0;54.23;"2026-01-28";"2026-01-30"
"G02939";"Young Perez";"USA";413;0.0;0.0;"2026-04-13";"2026-04-18"
"G02940";"Miller Reid";"Ghana";134;0.0;0.0;"2026-01-21";"2026-01-22"
"G02941";"Adebayo Jones";"UK";516;50.0;27.18;"2026-02-24";"2026-02-28"
"G02942";"Adams Campbell";"UK";419;100.0;94.84;"2026-04-20";"2026-04-23"
"G02943";"Bell Campbell";"UK";119;200.0;85.42;"2026-03-25";"2026-03-29"
"G02944";"Miller Moore";"Ireland";234;100.0;66.95;"2026-05-17";"2026-05-18"
"G02945";"Adams Thompson";"France";221;100.0;107.59;"2026-05-14";"2026-05-16"
"G02946";"Morris Scott";"Nigeria";320;100.0;65.46;"2026-01-12";"2026-01-16"
"G02947";"Young Harris";"Spain";230;100.0;14.98;"2026-01-26";"2026-01-29"
"G02948";"Perez Davis";"South Korea";528;50.0;9.47;"2026-04-07";"2026-04-11"
"G02949";"Mitchell Green";"UK";513;100.0;8.4;"2026-06-16";"2026-06-22"
"G02950";"Thomas Reid";"UK";134;200.0;120.0;"2026-01-28";"2026-01-30"
"G02951";"Roberts White";"Germany";306;0.0;60.69;"2026-01-12";"2026-01-15"
"G02952";"Collins Taylor";"Ghana";120;150.0;150.29;"2026-04-07";"2026-04-10"
"G02953";"Ahmed King";"Canada";306;100.0;66.08;"2026-04-07";"2026-04-09"
"G02954";"Phillips Harris";"USA";425;100.0;110.41;"2026-04-13";"2026-04-15"
"G02955";"Lee King";"USA";408;0.0;54.5;"2026-05-19";"2026-05-20"
"G02956";"Williams Adams";"UK";208;50.0;17.07;"2026-05-19";"2026-05-20"
"G02957";"Wilson Adeyemi";"UK";317;150.0;19.04;"2026-05-19";"2026-05-21"
"G02958";"Patel Reid";"USA";522;100.0;87.67;"2026-03-19";"2026-03-20"
"G02959";"Adams Wilson";"UK";315;150.0;159.06;"2026-06-27";"2026-06-29"
"G02960";"Khan Martinez";"Nigeria";310;200.0;211.38;"2026-04-29";"2026-05-01"
"G02961";"Nelson Shah";"Ghana";219;0.0;0.0;"2026-03-17";"2026-03-23"
"G02962";"Nelson Nelson";"UK";401;0.0;0.0;"2026-01-12";"2026-01-13"
"G02963";"Rogers Davis";"Netherlands";224;100.0;35.62;"2026-05-13";"2026-05-16"
"G02964";"Mensah Nwosu";"UK";104;100.0;20.47;"2026-04-05";"2026-04-06"
"G02965";"Patel Perez";"UK";327;100.0;69.84;"2026-02-05";"2026-02-09"
"G02966";"Wilson Taylor";"Ghana";104;50.0;36.69;"2026-06-15";"2026-06-16"
"G02967";"Clark Taylor";"UK";328;100.0;72.11;"2026-06-23";"2026-06-26"
"G02968";"Parker Kim";"UK";325;200.0;164.22;"2026-03-17";"2026-03-19"
"G02969";"Anderson Parker";"UK";220;200.0;214.37;"2026-04-23";"2026-04-25"
"G02970";"Stewart Martinez";"USA";519;150.0;110.31;"2026-03-15";"2026-03-16"
"G02971";"Martin Reid";"UK";130;100.0;109.5;"2026-05-06";"2026-05-07"
"G02972";"Green Wright";"UK";118;0.0;0.0;"2026-06-25";"2026-06-28"
"G02973";"Williams Phillips";"UK";117;150.0;24.19;"2026-04-19";"2026-04-23"
"G02974";"Baker Wilson";"Nigeria";226;100.0;8.58;"2026-03-06";"2026-03-12"
"G02975";"Bailey Rahman";"Netherlands";310;50.0;41.28;"2026-04-05";"2026-04-08"
"G02976";"Williams Jones";"Nigeria";332;100.0;47.15;"2026-03-03";"2026-03-05"
"G02977";"Roberts Nelson";"USA";321;50.0;43.89;"2026-01-29";"2026-02-02"
"G02978";"Khan Nelson";"UK";326;200.0;40.32;"2026-06-02";"2026-06-07"
"G02979";"Ali Bernard";"UK";316;100.0;48.58;"2026-02-13";"2026-02-14"
"G02980";"Smith Lewis";"Canada";411;200.0;135.27;"2026-04-21";"2026-04-22"
"G02981";"Bailey Wilson";"UK";225;200.0;117.01;"2026-02-05";"2026-02-09"
"G02982";"Parker Nwosu";"UK";526;150.0;13.29;"2026-02-11";"2026-02-12"
"G02983";"Cook Baker";"Spain";415;100.0;79.46;"2026-03-31";"2026-04-02"
"G02984";"Nelson Young";"Spain";413;100.0;98.07;"2026-06-09";"2026-06-11"
"G02985";"Edwards Taylor";"UK";514;50.0;50.2;"2026-01-17";"2026-01-21"
"G02986";"Bell Taylor";"Italy";215;200.0;212.18;"2026-06-14";"2026-06-15"
"G02987";"Turner Nelson";"UK";210;50.0;42.73;"2026-03-24";"2026-03-26"
"G02988";"Mitchell Jones";"Ghana";523;100.0;67.98;"2026-02-11";"2026-02-16"
"G02989";"Mensah Jones";"Canada";404;100.0;25.0;"2026-05-16";"2026-05-17"
"G02990";"Perez Harris";"Nigeria";316;100.0;107.18;"2026-03-21";"2026-03-22"
"G02991";"Carter Adams";"UK";329;200.0;141.13;"2026-04-04";"2026-04-08"
"G02992";"Mensah Boateng";"France";413;200.0;157.39;"2026-05-13";"2026-05-18"
"G02993";"Carter Adeyemi";"UK";512;200.0;23.62;"2026-03-29";"2026-03-30"
"G02994";"Stewart Reid";"Italy";523;150.0;104.76;"2026-02-08";"2026-02-12"
"G02995";"Clark Martinez";"France";306;50.0;34.39;"2026-05-04";"2026-05-07"
"G02996";"Bell Adeyemi";"Italy";213;200.0;155.91;"2026-02-04";"2026-02-09"
"G02997";"Williams Perez";"USA";405;150.0;10.09;"2026-01-25";"2026-01-28"
"G02998";"Morris Davis";"UK";109;150.0;10.68;"2026-03-13";"2026-03-14"
"G02999";"Wilson Nwosu";"UK";201;100.0;64.35;"2026-02-16";"2026-02-19"
"G03000";"Young Kim";"USA";129;200.0;137.85;"2026-05-21";"2026-05-23"
"G03001";"Ahmed Evans";"USA";411;100.0;52.02;"2026-04-30";"2026-05-04"
"G03002";"Baker Martinez";"USA";427;200.0;168.49;"2026-01-03";"2026-01-06"
"G03003";"Morgan Phillips";"Spain";308;0.0;0.0;"2026-06-16";"2026-06-17"
"G03004";"Bailey Harris";"Ireland";226;50.0;34.42;"2026-01-25";"2026-01-28"
"G03005";"Collins Ahmed";"Nigeria";517;100.0;77.58;"2026-06-22";"2026-06-26"
"G03006";"Edwards Thompson";"USA";506;100.0;10.52;"2026-04-02";"2026-04-05"
"G03007";"Williams Jones";"UK";218;100.0;8.27;"2026-02-14";"2026-02-16"
"G03008";"Young Carter";"UK";429;100.0;50.06;"2026-01-05";"2026-01-10"
"G03009";"Collins Evans";"UK";230;0.0;0.0;"2026-04-20";"2026-04-22"
"G03010";"Turner Turner";"France";417;0.0;30.77;"2026-02-11";"2026-02-12"
"G03011";"Parker Phillips";"Nigeria";509;200.0;83.56;"2026-02-27";"2026-03-02"
"G03012";"Mensah Lewis";"UK";130;150.0;174.95;"2026-05-11";"2026-05-13"
"G03013";"Roberts Hall";"Spain";323;150.0;145.77;"2026-06-04";"2026-06-06"
"G03014";"Baker Scott";"Canada";322;200.0;107.04;"2026-03-15";"2026-03-18"
"G03015";"Thomas Mitchell";"UK";104;50.0;12.59;"2026-01-03";"2026-01-04"
"G03017";"Young Reid";"Nigeria";403;200.0;159.35;"2026-01-11";"2026-01-18"
"G03018";"Collins Scott";"Ghana";526;0.0;0.0;"2026-05-30";"2026-06-04"
"G03019";"Turner Ahmed";"UK";509;0.0;0.0;"2026-01-16";"2026-01-17"
"G03020";"Morgan King";"Ireland";402;200.0;82.95;"2026-05-03";"2026-05-06"
"G03021";"Mensah White";"UK";515;0.0;0.0;"2026-04-27";"2026-05-02"
"G03022";"Edwards Young";"Canada";508;150.0;17.7;"2026-06-14";"2026-06-16"
"G03023";"Thomas Hall";"Spain";133;100.0;32.16;"2026-06-24";"2026-06-27"
"G03024";"Ali Shah";"USA";207;150.0;48.5;"2026-03-06";"2026-03-09"
"G03025";"Adams Jones";"Spain";326;200.0;37.94;"2026-02-05";"2026-02-06"
"G03026";"Davies Davis";"UK";403;200.0;65.61;"2026-03-09";"2026-03-12"
"G03027";"Rogers Wilson";"Ghana";127;150.0;164.57;"2026-02-11";"2026-02-13"
"G03028";"Walker Hussain";"UK";119;150.0;79.19;"2026-04-30";"2026-05-01"
"G03029";"Murphy Carter";"France";427;0.0;0.0;"2026-01-01";"2026-01-05"
"G03030";"Ali Murphy";"USA";110;0.0;17.71;"2026-04-17";"2026-04-21"
"G03031";"Cooper Rahman";"France";329;100.0;77.09;"2026-03-23";"2026-03-27"
"G03032";"Edwards Bernard";"Ghana";308;0.0;0.0;"2026-06-28";"2026-06-29"
"G03033";"Morris Campbell";"UK";511;50.0;46.36;"2026-05-06";"2026-05-11"
"G03034";"Rogers Turner";"UK";112;200.0;101.18;"2026-06-25";"2026-06-27"
"G03035";"Cooper Reid";"UK";418;100.0;73.73;"2026-04-04";"2026-04-06"
"G03036";"Phillips Walker";"Nigeria";233;0.0;0.0;"2026-05-02";"2026-05-05"
"G03037";"Evans Shah";"Netherlands";103;100.0;54.96;"2026-01-26";"2026-01-28"
"G03038";"Patel Roberts";"UK";509;100.0;16.56;"2026-05-03";"2026-05-04"
"G03039";"Bell Jones";"UK";313;200.0;190.37;"2026-05-28";"2026-05-29"
"G03041";"Cooper Wilson";"UK";213;150.0;78.1;"2026-02-26";"2026-03-02"
"G03042";"Carter Perez";"Nigeria";518;0.0;0.0;"2026-04-17";"2026-04-18"
"G03043";"Clark King";"Ghana";417;200.0;82.64;"2026-02-11";"2026-02-12"
"G03044";"Rogers Rahman";"UK";531;0.0;0.0;"2026-06-24";"2026-06-25"
"G03045";"Ali Moore";"UK";304;0.0;0.0;"2026-04-04";"2026-04-10"
"G03046";"Edwards Young";"Nigeria";328;150.0;93.71;"2026-01-18";"2026-01-21"
"G03047";"Wilson Lewis";"UK";228;200.0;138.68;"2026-01-25";"2026-01-28"
"G03048";"Murphy Wright";"UK";118;200.0;85.61;"2026-02-25";"2026-02-27"
"G03049";"Collins Ahmed";"UK";503;0.0;0.0;"2026-04-22";"2026-04-26"
"G03050";"Okafor Ahmed";"Germany";430;0.0;0.0;"2026-04-28";"2026-04-29"
"G03051";"Phillips Parker";"South Korea";307;100.0;62.56;"2026-03-19";"2026-03-22"
"G03052";"Adebayo Phillips";"UK";411;200.0;216.57;"2026-02-22";"2026-02-24"
"G03053";"Campbell Mitchell";"UK";129;50.0;37.31;"2026-03-20";"2026-03-22"
"G03054";"Bell Bernard";"UK";201;200.0;27.6;"2026-02-14";"2026-02-20"
"G03055";"Lee Hussain";"Netherlands";133;150.0;46.19;"2026-01-19";"2026-01-20"
"G03056";"Adams Roberts";"UK";105;100.0;17.06;"2026-02-13";"2026-02-15"
"G03057";"King Boateng";"France";426;100.0;86.1;"2026-06-12";"2026-06-14"
"G03058";"Murphy Baker";"UK";203;150.0;163.89;"2026-01-24";"2026-01-27"
"G03059";"Okafor Young";"USA";134;100.0;68.32;"2026-02-19";"2026-02-21"
"G03060";"Morgan Mitchell";"UK";220;150.0;138.91;"2026-06-17";"2026-06-22"
"G03061";"Wilson Adams";"Ghana";529;200.0;177.59;"2026-01-01";"2026-01-08"
"G03062";"Bailey Perez";"Italy";524;100.0;75.55;"2026-03-02";"2026-03-08"
"G03063";"Baker Hussain";"UK";227;100.0;63.63;"2026-01-28";"2026-01-29"
"G03064";"King Evans";"USA";131;0.0;0.0;"2026-06-05";"2026-06-06"
"G03065";"King Lewis";"USA";116;200.0;131.88;"2026-05-04";"2026-05-07"
"G03066";"Nelson Davis";"UK";415;0.0;0.0;"2026-01-01";"2026-01-08"
"G03067";"Mitchell Nelson";"UK";134;150.0;30.67;"2026-04-17";"2026-04-23"
"G03068";"Thomas Jones";"Nigeria";517;150.0;156.17;"2026-02-03";"2026-02-05"
"G03069";"Walker Reid";"USA";301;200.0;187.64;"2026-05-13";"2026-05-14"
"G03070";"Davies Shah";"Ghana";119;150.0;81.95;"2026-03-10";"2026-03-11"
"G03071";"Turner Wilson";"UK";410;100.0;59.46;"2026-04-19";"2026-04-22"
"G03072";"Mensah Carter";"USA";126;100.0;25.63;"2026-04-02";"2026-04-04"
"G03073";"Patel King";"UK";129;100.0;70.08;"2026-04-01";"2026-04-06"
"G03074";"Rogers Phillips";"Canada";533;150.0;57.47;"2026-04-16";"2026-04-19"
"G03075";"Cooper Thompson";"UK";108;0.0;64.96;"2026-06-08";"2026-06-12"
"G03076";"Adebayo Reid";"UK";217;0.0;0.0;"2026-03-18";"2026-03-19"
"G03077";"Okafor Moore";"France";322;100.0;75.55;"2026-03-22";"2026-03-25"
"G03078";"Khan Lewis";"UK";205;50.0;19.77;"2026-05-05";"2026-05-11"
"G03079";"Patel Kim";"UK";232;50.0;39.88;"2026-06-04";"2026-06-05"
"G03080";"Mensah Ahmed";"UK";534;0.0;26.01;"2026-01-30";"2026-02-02"
"G03082";"Lee Thompson";"UK";309;0.0;0.0;"2026-01-02";"2026-01-04"
"G03083";"Williams Ahmed";"UK";222;50.0;50.14;"2026-02-04";"2026-02-05"
"G03084";"King Wilson";"Nigeria";329;0.0;0.0;"2026-02-07";"2026-02-09"
"G03085";"Patel Moore";"UK";131;0.0;0.0;"2026-05-04";"2026-05-06"
"G03086";"Nelson Wright";"Ireland";206;50.0;20.5;"2026-04-03";"2026-04-06"
"G03087";"Ali Reid";"UK";113;50.0;7.57;"2026-04-04";"2026-04-05"
"G03088";"Carter Moore";"USA";402;0.0;0.0;"2026-05-09";"2026-05-10"
"G03089";"Murphy Adeyemi";"Canada";222;150.0;150.2;"2026-05-05";"2026-05-10"
"G03090";"Carter Campbell";"UK";412;150.0;33.41;"2026-05-20";"2026-05-21"
"G03091";"Garcia Reid";"UK";201;100.0;74.14;"2026-04-05";"2026-04-08"
"G03092";"Edwards Moore";"UK";416;100.0;62.3;"2026-05-27";"2026-06-01"
"G03093";"Nelson Kim";"Nigeria";134;0.0;0.0;"2026-06-18";"2026-06-20"
"G03094";"Campbell Harris";"Ghana";514;200.0;137.07;"2026-06-19";"2026-06-20"
"G03095";"Okafor Evans";"Spain";325;200.0;137.65;"2026-05-02";"2026-05-04"
"G03096";"Mitchell Carter";"USA";210;50.0;38.5;"2026-03-02";"2026-03-04"
"G03097";"Cook Mitchell";"UK";216;150.0;127.95;"2026-04-20";"2026-04-21"
"G03098";"Murphy Jones";"UK";229;0.0;0.0;"2026-05-03";"2026-05-07"
"G03100";"Patel Reid";"Ghana";212;0.0;0.0;"2026-03-04";"2026-03-06"
"G03101";"Rogers Adeyemi";"Nigeria";433;200.0;59.69;"2026-01-01";"2026-01-06"
"G03102";"Lee Nelson";"UK";413;0.0;0.0;"2026-04-05";"2026-04-08"
"G03103";"Thomas Hussain";"Nigeria";418;100.0;97.27;"2026-02-26";"2026-03-01"
"G03104";"Brown Wilson";"Spain";512;100.0;55.72;"2026-04-02";"2026-04-03"
"G03105";"Wright Boateng";"Netherlands";116;200.0;96.71;"2026-01-10";"2026-01-12"
"G03106";"Okafor Wilson";"UK";230;0.0;94.08;"2026-06-14";"2026-06-17"
"G03107";"King Scott";"USA";105;200.0;209.82;"2026-05-20";"2026-05-24"
"G03108";"Green Bernard";"UK";514;150.0;55.36;"2026-06-22";"2026-06-25"
"G03109";"Stewart White";"UK";324;100.0;78.01;"2026-04-19";"2026-04-20"
"G03110";"Lee Phillips";"Netherlands";403;150.0;39.44;"2026-06-23";"2026-06-25"
"G03111";"Phillips Martinez";"Nigeria";433;200.0;74.27;"2026-03-05";"2026-03-08"
"G03112";"Ali Moore";"France";215;150.0;163.91;"2026-05-09";"2026-05-11"
"G03113";"Evans Roberts";"USA";334;150.0;4.31;"2026-03-05";"2026-03-08"
"G03114";"Johnson Bernard";"France";520;100.0;100.01;"2026-05-14";"2026-05-16"
"G03115";"Wright Mitchell";"France";333;150.0;22.83;"2026-04-16";"2026-04-17"
"G03116";"Martin Lewis";"UK";405;100.0;71.25;"2026-06-09";"2026-06-10"
"G03117";"Adebayo Mitchell";"UK";530;200.0;138.63;"2026-02-13";"2026-02-14"
"G03118";"Morgan Thompson";"Ghana";223;100.0;40.87;"2026-02-03";"2026-02-04"
"G03119";"Evans Campbell";"Nigeria";528;200.0;231.19;"2026-05-20";"2026-05-21"
"G03120";"Mensah Evans";"Ireland";427;0.0;0.0;"2026-03-02";"2026-03-07"
"G03121";"Patel Wilson";"Germany";328;100.0;88.6;"2026-06-02";"2026-06-04"
"G03122";"Mitchell Murphy";"UK";518;150.0;40.81;"2026-05-11";"2026-05-14"
"G03124";"Adams Kim";"Ghana";419;200.0;192.31;"2026-01-03";"2026-01-05"
"G03125";"Campbell Young";"UK";110;150.0;136.69;"2026-03-18";"2026-03-22"
"G03126";"Johnson Adams";"UK";312;150.0;167.2;"2026-04-22";"2026-04-25"
"G03127";"Cook King";"USA";221;200.0;130.78;"2026-05-27";"2026-05-31"
"G03128";"Hall Adeyemi";"UK";431;100.0;32.57;"2026-02-02";"2026-02-03"
"G03129";"Morgan Young";"Nigeria";228;200.0;126.38;"2026-02-24";"2026-03-01"
"G03130";"Johnson White";"USA";321;100.0;100.55;"2026-05-17";"2026-05-19"
"G03131";"Carter Shah";"Spain";118;50.0;54.46;"2026-02-26";"2026-03-02"
"G03132";"Patel Evans";"Spain";234;0.0;0.0;"2026-05-04";"2026-05-09"
"G03133";"Williams Murphy";"UK";102;100.0;40.04;"2026-06-01";"2026-06-03"
"G03134";"Mitchell Evans";"USA";308;100.0;3.18;"2026-04-15";"2026-04-17"
"G03135";"Mensah Campbell";"UK";531;150.0;36.14;"2026-02-22";"2026-02-25"
"G03136";"Davies Hussain";"Nigeria";509;0.0;66.3;"2026-01-13";"2026-01-14"
"G03137";"Rogers Parker";"UK";404;100.0;6.13;"2026-04-21";"2026-04-23"
"G03138";"Garcia Young";"UK";313;0.0;0.0;"2026-02-10";"2026-02-15"
"G03139";"Thomas White";"Spain";326;0.0;0.0;"2026-01-16";"2026-01-18"
"G03140";"Adebayo Green";"UK";324;200.0;86.86;"2026-02-28";"2026-03-02"
"G03141";"Baker Perez";"UK";107;200.0;45.94;"2026-04-01";"2026-04-04"
"G03142";"Collins Campbell";"UK";120;0.0;0.0;"2026-01-29";"2026-02-03"
"G03143";"Anderson Adeyemi";"UK";413;0.0;0.0;"2026-04-02";"2026-04-07"
"G03144";"Garcia Young";"Spain";410;200.0;64.29;"2026-05-19";"2026-05-21"
"G03145";"Garcia Moore";"Ireland";107;100.0;80.79;"2026-06-06";"2026-06-07"
"G03146";"Ali Hussain";"Ghana";534;200.0;3.94;"2026-06-19";"2026-06-25"
"G03147";"Martin Walker";"UK";408;100.0;71.23;"2026-03-08";"2026-03-11"
"G03148";"Phillips Harris";"UK";205;0.0;0.0;"2026-04-23";"2026-04-26"
"G03149";"Martin Wilson";"Spain";316;50.0;23.47;"2026-03-15";"2026-03-19"
"G03150";"Collins Turner";"USA";227;200.0;141.47;"2026-01-05";"2026-01-06"
"G03151";"Perez Mitchell";"USA";209;200.0;222.03;"2026-02-02";"2026-02-04"
"G03152";"Turner Bernard";"UK";332;100.0;110.95;"2026-01-04";"2026-01-08"
"G03153";"Wilson Reid";"Ireland";111;200.0;121.57;"2026-02-22";"2026-02-25"
"G03154";"Morris Mitchell";"UK";317;200.0;134.67;"2026-01-03";"2026-01-06"
"G03155";"Baker Taylor";"USA";301;100.0;56.6;"2026-02-17";"2026-02-23"
"G03156";"Clark Hussain";"Spain";216;50.0;30.85;"2026-06-25";"2026-06-26"
"G03157";"Green Davis";"Germany";415;100.0;2.7;"2026-05-27";"2026-05-28"
"G03158";"Morgan Perez";"Nigeria";223;0.0;71.27;"2026-06-15";"2026-06-16"
"G03159";"Perez Boateng";"USA";425;100.0;0.82;"2026-01-02";"2026-01-04"
"G03160";"Cook Wright";"UK";201;150.0;23.38;"2026-05-07";"2026-05-12"
"G03161";"Roberts Boateng";"USA";311;150.0;97.0;"2026-04-28";"2026-04-30"
"G03162";"Bailey Rahman";"Ghana";507;50.0;46.36;"2026-03-21";"2026-03-24"
"G03163";"Anderson Martinez";"UK";131;100.0;55.92;"2026-03-02";"2026-03-04"
"G03164";"Mensah Wright";"USA";512;150.0;5.14;"2026-03-30";"2026-04-01"
"G03165";"King Wilson";"UK";328;150.0;113.73;"2026-06-19";"2026-06-21"
"G03166";"Adebayo Parker";"USA";317;200.0;51.44;"2026-06-02";"2026-06-05"
"G03167";"Morgan Evans";"USA";108;200.0;106.72;"2026-01-12";"2026-01-15"
"G03168";"Ali Bernard";"USA";104;150.0;111.74;"2026-06-20";"2026-06-22"
"G03169";"Adams Hall";"UK";127;100.0;48.94;"2026-04-11";"2026-04-13"
"G03170";"Turner Jones";"UK";406;200.0;228.15;"2026-06-18";"2026-06-22"
"G03171";"Carter Adams";"Canada";127;150.0;13.94;"2026-03-08";"2026-03-10"
"G03172";"Morgan Hall";"Nigeria";509;100.0;73.12;"2026-02-12";"2026-02-14"
"G03173";"Ahmed Hussain";"Spain";333;100.0;52.71;"2026-02-24";"2026-02-25"
"G03174";"Roberts Ahmed";"Ghana";520;150.0;163.45;"2026-06-29";"2026-06-30"
"G03175";"Bailey Kim";"UK";225;100.0;79.19;"2026-05-12";"2026-05-13"
"G03176";"Bailey Nwosu";"USA";525;200.0;220.4;"2026-06-11";"2026-06-13"
"G03177";"Nelson Hussain";"Ireland";134;200.0;121.27;"2026-06-29";"2026-06-30"
"G03178";"Adams Thompson";"USA";310;200.0;31.66;"2026-05-16";"2026-05-18"
"G03179";"Mensah Davis";"Spain";209;100.0;12.43;"2026-01-22";"2026-01-25"
"G03180";"Morgan Moore";"Spain";228;0.0;0.0;"2026-03-27";"2026-03-30"
"G03181";"Adebayo Lewis";"Italy";228;0.0;0.0;"2026-05-11";"2026-05-15"
"G03182";"Walker Perez";"UK";413;150.0;165.66;"2026-01-12";"2026-01-14"
"G03183";"Cooper Turner";"Spain";420;0.0;85.54;"2026-02-24";"2026-02-26"
"G03184";"King Kim";"Germany";123;200.0;181.15;"2026-05-02";"2026-05-03"
"G03185";"Miller Jones";"UK";103;200.0;39.67;"2026-06-02";"2026-06-04"
"G03186";"Johnson King";"USA";201;0.0;0.0;"2026-06-25";"2026-06-28"
"G03187";"Patel Shah";"Ghana";204;200.0;227.97;"2026-06-09";"2026-06-12"
"G03188";"Williams Walker";"UK";113;150.0;157.6;"2026-05-30";"2026-06-01"
"G03189";"Rogers Adeyemi";"Spain";529;100.0;74.01;"2026-06-06";"2026-06-11"
"G03190";"Walker Walker";"Ireland";104;50.0;27.64;"2026-01-03";"2026-01-07"
"G03191";"Phillips Perez";"Ireland";234;200.0;36.54;"2026-02-07";"2026-02-09"
"G03192";"Collins Nwosu";"Netherlands";301;100.0;11.75;"2026-06-19";"2026-06-22"
"G03193";"Mensah Martinez";"Ireland";105;100.0;109.04;"2026-03-22";"2026-03-23"
"G03194";"Mensah Lewis";"USA";211;0.0;0.0;"2026-06-12";"2026-06-15"
"G03195";"Cook Hall";"USA";132;200.0;210.62;"2026-06-24";"2026-06-29"
"G03196";"King Carter";"Nigeria";533;100.0;84.22;"2026-03-22";"2026-03-26"
"G03197";"Bell Wright";"South Korea";232;50.0;49.6;"2026-03-23";"2026-03-25"
"G03198";"Morgan Perez";"UK";310;100.0;73.91;"2026-03-13";"2026-03-14"
"G03199";"Roberts Davis";"Ireland";512;150.0;100.54;"2026-01-26";"2026-02-02"
"G03200";"Williams Kim";"USA";533;150.0;144.42;"2026-02-15";"2026-02-17"
"G03201";"Okafor Evans";"USA";212;200.0;222.49;"2026-05-19";"2026-05-20"
"G03202";"Evans Moore";"UK";524;100.0;92.39;"2026-06-25";"2026-06-29"
"G03203";"Parker Perez";"UK";505;0.0;0.0;"2026-02-10";"2026-02-12"
"G03204";"Smith Martinez";"Germany";109;200.0;97.56;"2026-01-16";"2026-01-20"
"G03205";"Cook Young";"UK";216;50.0;54.12;"2026-05-18";"2026-05-21"
"G03206";"Taylor Nwosu";"Ghana";312;100.0;108.29;"2026-05-27";"2026-05-29"
"G03207";"Anderson Kim";"UK";414;100.0;86.84;"2026-01-01";"2026-01-02"
"G03208";"Nelson Ahmed";"UK";114;50.0;11.93;"2026-04-27";"2026-04-29"
"G03209";"Hall Boateng";"Spain";228;100.0;83.4;"2026-06-16";"2026-06-18"
"G03210";"Hall Evans";"France";214;200.0;209.65;"2026-02-16";"2026-02-17"
"G03211";"Adebayo Parker";"UK";202;0.0;0.0;"2026-06-22";"2026-06-24"
"G03212";"Brown Kim";"UK";530;200.0;84.3;"2026-03-24";"2026-03-26"
"G03213";"Baker Walker";"France";403;100.0;95.17;"2026-01-02";"2026-01-05"
"G03214";"Bell Wright";"UK";202;100.0;85.33;"2026-06-17";"2026-06-21"
"G03215";"Roberts Green";"UK";503;150.0;62.53;"2026-01-19";"2026-01-25"
"G03216";"Carter Lewis";"Nigeria";410;100.0;75.84;"2026-04-11";"2026-04-16"
"G03217";"Campbell White";"Ghana";508;0.0;7.7;"2026-01-05";"2026-01-08"
"G03218";"Ali Turner";"UK";430;150.0;47.48;"2026-04-01";"2026-04-04"
"G03219";"Edwards Boateng";"Italy";314;100.0;15.07;"2026-02-05";"2026-02-10"
"G03220";"Rogers Green";"Ghana";412;200.0;165.87;"2026-03-19";"2026-03-22"
"G03221";"Ahmed Bernard";"South Korea";115;50.0;53.63;"2026-06-14";"2026-06-19"
"G03222";"Green Hall";"Spain";515;200.0;78.52;"2026-02-12";"2026-02-13"
"G03223";"Morris Phillips";"Germany";319;200.0;48.6;"2026-04-01";"2026-04-02"
"G03224";"Bailey Carter";"USA";434;50.0;24.64;"2026-05-23";"2026-05-26"
"G03225";"Taylor Murphy";"UK";517;100.0;79.87;"2026-01-19";"2026-01-21"
"G03226";"Adams Adeyemi";"UK";229;100.0;64.81;"2026-03-10";"2026-03-12"
"G03227";"Collins White";"France";211;50.0;32.07;"2026-01-13";"2026-01-15"
"G03228";"Morris Boateng";"Ghana";524;100.0;116.14;"2026-06-25";"2026-06-27"
"G03229";"Evans Hall";"UK";406;150.0;170.94;"2026-06-20";"2026-06-21"
"G03230";"Clark Young";"UK";527;0.0;0.0;"2026-03-18";"2026-03-23"
"G03231";"Williams Boateng";"UK";410;200.0;145.72;"2026-06-25";"2026-06-26"
"G03232";"Khan Ahmed";"UK";425;200.0;111.66;"2026-03-18";"2026-03-21"
"G03233";"Rogers Evans";"USA";434;50.0;45.81;"2026-01-08";"2026-01-11"
"G03234";"Evans Martinez";"France";125;200.0;123.12;"2026-01-16";"2026-01-19"
"G03235";"Khan Thompson";"Ghana";327;200.0;231.57;"2026-05-13";"2026-05-16"
"G03236";"Campbell Walker";"UK";227;200.0;22.79;"2026-03-07";"2026-03-13"
"G03237";"Brown Wilson";"Canada";206;100.0;39.82;"2026-01-27";"2026-01-30"
"G03238";"Lee Shah";"USA";411;0.0;0.0;"2026-05-15";"2026-05-16"
"G03239";"Green White";"Spain";122;150.0;99.1;"2026-01-05";"2026-01-12"
"G03240";"Campbell Martinez";"Italy";226;100.0;0.04;"2026-02-19";"2026-02-21"
"G03241";"Hall White";"USA";522;200.0;39.21;"2026-03-13";"2026-03-16"
"G03242";"Young Bernard";"USA";223;100.0;77.7;"2026-02-26";"2026-03-01"
"G03243";"Rogers Davis";"UK";124;0.0;0.0;"2026-03-03";"2026-03-05"
"G03244";"Morgan Harris";"USA";322;100.0;75.62;"2026-05-08";"2026-05-10"
"G03245";"Walker Green";"Spain";303;150.0;99.24;"2026-06-13";"2026-06-16"
"G03246";"Wilson Walker";"UK";102;200.0;103.57;"2026-06-21";"2026-06-25"
"G03247";"Okafor Thompson";"USA";307;100.0;87.13;"2026-03-11";"2026-03-13"
"G03248";"Anderson Green";"UK";505;150.0;140.23;"2026-03-07";"2026-03-09"
"G03249";"Nelson Carter";"Nigeria";412;200.0;0.05;"2026-05-20";"2026-05-22"
"G03250";"King Jones";"UK";534;0.0;0.0;"2026-05-31";"2026-06-02"
"G03251";"Ahmed Kim";"USA";517;50.0;57.16;"2026-03-22";"2026-03-28"
"G03252";"Adebayo Reid";"France";128;100.0;88.2;"2026-03-13";"2026-03-15"
"G03253";"Morris Hall";"South Korea";221;100.0;87.39;"2026-02-16";"2026-02-18"
"G03254";"Cooper Murphy";"USA";316;100.0;49.07;"2026-02-17";"2026-02-18"
"G03255";"Perez Murphy";"Canada";421;100.0;71.72;"2026-03-12";"2026-03-14"
"G03256";"Adams Campbell";"France";221;100.0;13.34;"2026-03-15";"2026-03-16"
"G03257";"Davies Perez";"UK";518;100.0;41.04;"2026-05-08";"2026-05-09"
"G03258";"Edwards Young";"UK";204;100.0;115.08;"2026-06-18";"2026-06-19"
"G03259";"Mensah Roberts";"USA";211;100.0;55.72;"2026-05-30";"2026-06-01"
"G03260";"Carter Thompson";"UK";403;200.0;229.81;"2026-01-31";"2026-02-02"
"G03262";"Miller Bernard";"UK";227;200.0;231.02;"2026-06-27";"2026-06-29"
"G03263";"Bailey Bernard";"Nigeria";514;100.0;74.58;"2026-04-04";"2026-04-07"
"G03264";"Bell Ahmed";"Italy";202;200.0;138.54;"2026-02-28";"2026-03-02"
"G03265";"Clark Shah";"UK";418;100.0;116.43;"2026-04-22";"2026-04-25"
"G03266";"Rogers Thompson";"South Korea";306;200.0;51.03;"2026-01-04";"2026-01-11"
"G03267";"Clark Nwosu";"Ghana";234;150.0;41.16;"2026-03-10";"2026-03-11"
"G03268";"Wilson White";"UK";112;100.0;55.56;"2026-06-19";"2026-06-20"
"G03269";"Miller Thompson";"Ghana";434;150.0;34.22;"2026-06-23";"2026-06-26"
"G03270";"Mensah Parker";"USA";522;150.0;3.3;"2026-04-03";"2026-04-06"
"G03271";"Edwards Kim";"UK";527;200.0;96.15;"2026-03-20";"2026-03-24"
"G03272";"Clark Wilson";"Germany";121;50.0;40.23;"2026-01-25";"2026-01-28"
"G03273";"Okafor Ahmed";"Nigeria";305;100.0;60.47;"2026-06-26";"2026-06-27"
"G03274";"Edwards Harris";"UK";131;0.0;0.0;"2026-04-24";"2026-04-27"
"G03275";"King Adeyemi";"UK";512;200.0;45.52;"2026-06-07";"2026-06-09"
"G03276";"Mensah Evans";"USA";514;0.0;0.0;"2026-01-28";"2026-02-02"
"G03277";"Edwards Roberts";"UK";401;150.0;51.48;"2026-03-08";"2026-03-09"
"G03278";"Johnson Perez";"UK";207;200.0;197.13;"2026-01-16";"2026-01-19"
"G03279";"Stewart Taylor";"UK";229;200.0;166.0;"2026-06-01";"2026-06-02"
"G03280";"Anderson Adams";"Italy";427;200.0;98.68;"2026-02-02";"2026-02-04"
"G03281";"Ahmed Jones";"Ireland";528;100.0;32.07;"2026-05-07";"2026-05-09"
"G03282";"Miller Mitchell";"USA";524;100.0;98.14;"2026-05-22";"2026-05-26"
"G03284";"Khan Bernard";"Nigeria";105;50.0;22.3;"2026-04-16";"2026-04-20"
"G03285";"Collins Perez";"UK";429;100.0;92.74;"2026-01-22";"2026-01-24"
"G03286";"Phillips Hussain";"UK";515;0.0;0.0;"2026-06-29";"2026-06-30"
"G03287";"Young Phillips";"Nigeria";533;50.0;12.91;"2026-04-11";"2026-04-14"
"G03288";"Baker Jones";"USA";116;200.0;5.8;"2026-04-01";"2026-04-04"
"G03289";"Turner Martinez";"UK";434;100.0;89.6;"2026-03-20";"2026-03-21"
"G03290";"Walker King";"UK";115;100.0;109.31;"2026-02-03";"2026-02-06"
"G03291";"Wilson Wright";"USA";319;200.0;226.08;"2026-04-06";"2026-04-07"
"G03293";"Murphy Parker";"UK";124;150.0;127.54;"2026-05-24";"2026-05-29"
"G03294";"Stewart Bernard";"UK";231;50.0;2.02;"2026-06-10";"2026-06-13"
"G03295";"Lee Shah";"UK";516;200.0;108.68;"2026-04-23";"2026-04-25"
"G03296";"Morris Kim";"Nigeria";324;200.0;66.17;"2026-05-09";"2026-05-12"
"G03297";"Garcia Taylor";"Italy";507;150.0;89.37;"2026-03-31";"2026-04-02"
"G03298";"Edwards Kim";"Ireland";411;200.0;224.11;"2026-02-12";"2026-02-15"
"G03299";"Nelson Carter";"Italy";402;150.0;137.78;"2026-04-10";"2026-04-11"
"G03300";"Nelson Shah";"UK";103;100.0;13.39;"2026-05-13";"2026-05-14"
"G03301";"Cooper Nwosu";"UK";217;100.0;109.18;"2026-03-20";"2026-03-22"
"G03302";"Baker Reid";"UK";427;100.0;40.84;"2026-06-26";"2026-06-28"
"G03303";"Mensah Harris";"UK";524;150.0;149.53;"2026-02-24";"2026-03-01"
"G03304";"Morris Young";"UK";110;150.0;53.37;"2026-01-27";"2026-01-30"
"G03305";"Cooper Turner";"UK";501;0.0;0.0;"2026-06-01";"2026-06-03"
"G03306";"Ahmed Parker";"UK";506;100.0;30.01;"2026-01-27";"2026-01-30"
"G03307";"Clark Hussain";"USA";217;0.0;0.0;"2026-05-18";"2026-05-19"
"G03308";"Collins Wright";"France";521;200.0;40.6;"2026-02-26";"2026-03-01"
"G03309";"Parker White";"UK";333;100.0;32.44;"2026-06-01";"2026-06-06"
"G03310";"Bailey Harris";"UK";133;200.0;91.99;"2026-03-12";"2026-03-13"
"G03311";"Nelson Campbell";"UK";203;200.0;163.0;"2026-03-06";"2026-03-10"
"G03312";"Thomas Wright";"UK";212;150.0;133.91;"2026-04-22";"2026-04-25"
"G03313";"Green Davis";"UK";429;200.0;157.35;"2026-03-27";"2026-03-30"
"G03314";"Anderson Jones";"Canada";423;100.0;11.98;"2026-06-17";"2026-06-23"
"G03315";"Murphy Evans";"UK";134;50.0;9.52;"2026-04-29";"2026-05-05"
"G03316";"Davies Davis";"Spain";314;200.0;174.01;"2026-03-21";"2026-03-28"
"G03317";"Carter Lewis";"Spain";534;200.0;116.69;"2026-03-03";"2026-03-04"
"G03318";"Cooper Davis";"UK";224;200.0;25.1;"2026-01-04";"2026-01-07"
"G03319";"Baker Phillips";"UK";509;150.0;84.65;"2026-03-31";"2026-04-02"
"G03320";"Bell Murphy";"USA";307;200.0;218.47;"2026-05-02";"2026-05-04"
"G03321";"Wright Phillips";"UK";104;100.0;9.89;"2026-05-01";"2026-05-06"
"G03322";"Collins Ahmed";"UK";427;100.0;37.44;"2026-01-22";"2026-01-25"
"G03323";"Davies King";"Nigeria";126;100.0;114.25;"2026-03-29";"2026-03-31"
"G03324";"Davies Murphy";"Ghana";104;100.0;101.01;"2026-06-28";"2026-06-29"
"G03325";"Bell Harris";"UK";216;100.0;44.83;"2026-01-31";"2026-02-04"
"G03326";"Miller Martinez";"UK";504;100.0;22.32;"2026-04-12";"2026-04-17"
"G03327";"Khan Lewis";"UK";116;100.0;47.32;"2026-03-17";"2026-03-19"
"G03328";"King Bernard";"UK";201;0.0;35.56;"2026-06-28";"2026-06-30"
"G03329";"Patel Adeyemi";"USA";514;150.0;102.1;"2026-02-08";"2026-02-10"
"G03330";"Martin Perez";"USA";424;150.0;34.22;"2026-01-31";"2026-02-02"
"G03331";"Lee Wilson";"UK";406;0.0;0.0;"2026-04-28";"2026-04-29"
"G03332";"Brown Harris";"South Korea";504;200.0;25.39;"2026-04-18";"2026-04-20"
"G03333";"Young Thompson";"UK";514;150.0;50.15;"2026-04-29";"2026-05-01"
"G03334";"Okafor Rahman";"UK";326;150.0;155.31;"2026-01-06";"2026-01-07"
"G03335";"Morgan Hall";"Nigeria";420;0.0;0.0;"2026-02-17";"2026-02-19"
"G03336";"Brown Adeyemi";"Ghana";111;200.0;17.91;"2026-05-16";"2026-05-18"
"G03337";"Adebayo Parker";"UK";108;150.0;154.18;"2026-04-20";"2026-04-23"
"G03338";"Williams Harris";"Canada";125;200.0;68.02;"2026-05-28";"2026-05-30"
"G03339";"Mensah Evans";"Spain";520;100.0;40.37;"2026-05-01";"2026-05-04"
"G03340";"King Wright";"UK";418;200.0;174.01;"2026-04-11";"2026-04-13"
"G03341";"Murphy Rahman";"UK";317;50.0;17.28;"2026-04-17";"2026-04-20"
"G03342";"Rogers Perez";"Ghana";305;200.0;88.03;"2026-01-08";"2026-01-11"
"G03343";"Cook Taylor";"UK";530;100.0;22.92;"2026-03-13";"2026-03-15"
"G03344";"Parker Scott";"Italy";208;50.0;0.82;"2026-04-02";"2026-04-06"
"G03345";"Ahmed Boateng";"Netherlands";110;0.0;0.0;"2026-05-10";"2026-05-12"
"G03346";"Ali Scott";"USA";227;150.0;60.37;"2026-06-22";"2026-06-23"
"G03347";"Bailey Bernard";"USA";203;0.0;85.46;"2026-03-28";"2026-04-03"
"G03348";"Anderson Green";"France";129;200.0;77.52;"2026-06-19";"2026-06-21"
"G03349";"Bell Wright";"Germany";406;50.0;20.19;"2026-06-09";"2026-06-13"
"G03350";"Walker Harris";"Ireland";523;150.0;174.41;"2026-01-26";"2026-01-27"
"G03351";"Cook Young";"Spain";508;100.0;12.48;"2026-01-08";"2026-01-10"
"G03352";"Wilson Harris";"UK";405;0.0;22.81;"2026-03-20";"2026-03-22"
"G03353";"Patel Martinez";"UK";307;0.0;0.0;"2026-01-31";"2026-02-03"
"G03354";"Hall Phillips";"Ghana";321;200.0;5.01;"2026-01-14";"2026-01-17"
"G03355";"Walker Davis";"UK";415;150.0;79.51;"2026-03-06";"2026-03-07"
"G03356";"Johnson Mitchell";"Germany";131;100.0;26.35;"2026-01-09";"2026-01-13"
"G03357";"King Davis";"UK";103;100.0;19.56;"2026-01-26";"2026-01-27"
"G03358";"Perez Baker";"South Korea";218;100.0;48.97;"2026-04-04";"2026-04-07"
"G03359";"Walker Bernard";"UK";328;200.0;138.93;"2026-01-23";"2026-01-28"
"G03360";"Bell Perez";"USA";233;100.0;113.34;"2026-06-23";"2026-06-26"
"G03361";"Morgan Campbell";"Germany";414;100.0;27.44;"2026-05-05";"2026-05-10"
"G03362";"Martin Baker";"USA";210;100.0;2.09;"2026-05-17";"2026-05-19"
"G03363";"Phillips Taylor";"USA";231;200.0;112.32;"2026-05-11";"2026-05-13"
"G03364";"Mensah Parker";"Italy";226;150.0;0.6;"2026-03-31";"2026-04-02"
"G03365";"Williams Adams";"South Korea";525;150.0;98.61;"2026-06-05";"2026-06-06"
"G03366";"Perez Moore";"Italy";530;150.0;14.28;"2026-04-29";"2026-05-01"
"G03367";"Morris Evans";"UK";201;100.0;14.05;"2026-05-04";"2026-05-10"
"G03368";"Collins Green";"UK";215;200.0;179.6;"2026-02-28";"2026-03-01"
"G03369";"Stewart Adams";"UK";221;200.0;49.48;"2026-06-12";"2026-06-17"
"G03370";"Adebayo Turner";"USA";330;200.0;176.81;"2026-01-06";"2026-01-08"
"G03371";"Hall Walker";"UK";323;50.0;56.08;"2026-06-04";"2026-06-05"
"G03372";"Clark Young";"USA";333;200.0;171.45;"2026-03-31";"2026-04-04"
"G03373";"Green Hussain";"Ireland";505;150.0;71.12;"2026-03-07";"2026-03-08"
"G03374";"Ali Nelson";"UK";126;200.0;137.09;"2026-06-23";"2026-06-27"
"G03375";"Mitchell Green";"Spain";406;150.0;10.29;"2026-05-08";"2026-05-15"
"G03376";"Phillips Carter";"USA";505;50.0;14.02;"2026-05-21";"2026-05-23"
"G03378";"Collins Kim";"UK";406;200.0;17.31;"2026-01-18";"2026-01-21"
"G03379";"Miller Evans";"USA";203;200.0;164.13;"2026-02-28";"2026-03-02"
"G03380";"Wilson Boateng";"USA";117;0.0;0.0;"2026-01-04";"2026-01-08"
"G03381";"Garcia Hall";"UK";220;0.0;0.0;"2026-06-24";"2026-06-26"
"G03383";"Morgan Phillips";"Canada";317;0.0;0.0;"2026-01-24";"2026-01-27"
"G03384";"Clark Scott";"Italy";431;100.0;72.32;"2026-06-28";"2026-06-30"
"G03385";"Perez Taylor";"UK";526;0.0;92.59;"2026-02-13";"2026-02-17"
"G03386";"Adams Walker";"Germany";429;0.0;0.0;"2026-04-05";"2026-04-10"
"G03387";"Okafor Ahmed";"USA";213;150.0;52.84;"2026-03-29";"2026-04-03"
"G03388";"Murphy White";"Germany";113;200.0;114.85;"2026-01-11";"2026-01-14"
"G03389";"Cooper King";"France";301;200.0;196.44;"2026-04-26";"2026-04-27"
"G03390";"Rogers Boateng";"UK";119;100.0;101.04;"2026-03-22";"2026-03-26"
"G03391";"Adebayo Evans";"UK";130;150.0;36.67;"2026-05-28";"2026-05-29"
"G03392";"Roberts Parker";"Nigeria";425;100.0;60.92;"2026-06-24";"2026-06-25"
"G03393";"Turner Murphy";"UK";331;100.0;55.78;"2026-03-19";"2026-03-21"
"G03394";"Miller Lewis";"France";116;150.0;18.41;"2026-01-14";"2026-01-15"
"G03395";"Rogers Reid";"UK";507;150.0;102.29;"2026-04-01";"2026-04-03"
"G03396";"Ali Adams";"UK";533;0.0;0.0;"2026-03-01";"2026-03-04"
"G03397";"Bell Reid";"Spain";522;200.0;114.7;"2026-04-28";"2026-05-02"
"G03398";"Mensah Adeyemi";"UK";203;100.0;33.7;"2026-05-27";"2026-06-01"
"G03399";"Martin Taylor";"UK";319;150.0;64.89;"2026-05-06";"2026-05-11"
"G03400";"Green Parker";"UK";326;200.0;105.17;"2026-05-23";"2026-05-27"
"G03401";"Rogers Thompson";"Spain";301;0.0;0.0;"2026-04-20";"2026-04-25"
"G03402";"Collins Boateng";"Germany";213;100.0;56.41;"2026-05-21";"2026-05-22"
"G03403";"Brown Wilson";"Nigeria";516;50.0;9.6;"2026-02-21";"2026-02-22"
"G03404";"Lee Lewis";"Spain";221;100.0;15.29;"2026-02-19";"2026-02-26"
"G03405";"Miller Moore";"USA";509;200.0;90.21;"2026-04-27";"2026-04-30"
"G03406";"Anderson Phillips";"Ghana";519;50.0;26.28;"2026-02-18";"2026-02-22"
"G03407";"Rogers Carter";"UK";305;150.0;131.98;"2026-01-02";"2026-01-04"
"G03408";"Roberts Baker";"UK";105;50.0;26.74;"2026-02-22";"2026-02-25"
"G03409";"Miller Hall";"Ireland";118;150.0;34.08;"2026-01-21";"2026-01-24"
"G03410";"Bell Scott";"Germany";434;0.0;44.62;"2026-01-25";"2026-01-26"
"G03411";"Perez Adeyemi";"UK";227;200.0;169.54;"2026-01-10";"2026-01-11"
"G03412";"Hall Campbell";"Spain";128;150.0;62.1;"2026-02-06";"2026-02-08"
"G03413";"Lee Rahman";"USA";212;50.0;25.87;"2026-01-01";"2026-01-03"
"G03414";"Stewart Reid";"USA";416;0.0;0.0;"2026-05-02";"2026-05-04"
"G03415";"Mitchell Evans";"UK";401;100.0;35.35;"2026-05-03";"2026-05-07"
"G03416";"Campbell Ahmed";"South Korea";214;200.0;99.63;"2026-05-04";"2026-05-10"
"G03417";"Carter Rahman";"Italy";224;100.0;41.48;"2026-03-14";"2026-03-17"
"G03418";"Carter Kim";"USA";525;200.0;235.53;"2026-05-12";"2026-05-15"
"G03419";"Ali Adeyemi";"Spain";425;50.0;24.29;"2026-03-05";"2026-03-11"
"G03420";"Mensah Wright";"Ghana";310;200.0;30.52;"2026-06-25";"2026-06-30"
"G03421";"Ahmed Adams";"Nigeria";310;150.0;42.97;"2026-05-08";"2026-05-15"
"G03422";"Collins Young";"Ghana";531;50.0;47.99;"2026-05-10";"2026-05-14"
"G03423";"King Green";"USA";309;200.0;39.19;"2026-06-08";"2026-06-12"
"G03424";"Wilson Mitchell";"UK";130;100.0;93.97;"2026-06-18";"2026-06-21"
"G03425";"Carter Nelson";"Ghana";228;200.0;173.82;"2026-06-15";"2026-06-20"
"G03426";"Roberts Baker";"Ghana";504;0.0;0.0;"2026-04-05";"2026-04-08"
"G03427";"Ali Perez";"Nigeria";130;100.0;106.5;"2026-04-17";"2026-04-19"
"G03428";"Khan Phillips";"UK";102;200.0;25.96;"2026-03-29";"2026-03-31"
"G03429";"Clark Thompson";"South Korea";520;100.0;43.23;"2026-04-12";"2026-04-18"
"G03430";"Perez Campbell";"UK";119;150.0;126.27;"2026-02-27";"2026-03-02"
"G03431";"Evans Campbell";"UK";227;200.0;64.95;"2026-04-06";"2026-04-09"
"G03432";"Evans Parker";"UK";421;100.0;114.21;"2026-05-17";"2026-05-23"
"G03433";"Ahmed Roberts";"UK";134;150.0;19.27;"2026-04-17";"2026-04-19"
"G03434";"Young Adams";"France";404;200.0;81.86;"2026-01-04";"2026-01-07"
"G03435";"Rogers Young";"Italy";117;200.0;55.84;"2026-05-27";"2026-05-29"
"G03436";"Cooper Nelson";"UK";329;50.0;17.49;"2026-01-11";"2026-01-14"
"G03437";"Bailey Bernard";"France";316;150.0;65.24;"2026-02-14";"2026-02-16"
"G03438";"Murphy Bernard";"Ghana";418;100.0;108.24;"2026-05-22";"2026-05-26"
"G03439";"Rogers Wright";"UK";423;200.0;133.29;"2026-06-04";"2026-06-05"
"G03440";"Garcia Baker";"USA";425;0.0;25.94;"2026-05-02";"2026-05-06"
"G03442";"Roberts Jones";"Italy";104;200.0;28.48;"2026-06-14";"2026-06-16"
"G03444";"Cooper Kim";"UK";213;0.0;0.0;"2026-03-10";"2026-03-12"
"G03445";"Bell Baker";"USA";220;100.0;30.16;"2026-02-01";"2026-02-07"
"G03446";"Turner Thompson";"UK";527;200.0;151.15;"2026-06-16";"2026-06-19"
"G03447";"Perez Mitchell";"Ghana";514;100.0;98.04;"2026-06-27";"2026-06-30"
"G03448";"Okafor Davis";"UK";121;150.0;0.58;"2026-01-07";"2026-01-08"
"G03449";"Adams Bernard";"UK";512;100.0;88.53;"2026-02-23";"2026-03-01"
"G03450";"Cook Nwosu";"UK";132;100.0;7.79;"2026-04-16";"2026-04-22"
"G03451";"Nelson Wilson";"UK";433;200.0;183.16;"2026-05-02";"2026-05-03"
"G03452";"Mitchell Martinez";"UK";328;200.0;74.17;"2026-06-10";"2026-06-12"
"G03453";"Morris Murphy";"South Korea";531;150.0;102.52;"2026-01-19";"2026-01-20"
"G03454";"King Adeyemi";"UK";515;0.0;0.0;"2026-05-18";"2026-05-22"
"G03455";"Morris Turner";"UK";419;200.0;188.85;"2026-04-08";"2026-04-10"
"G03456";"Brown Adams";"USA";113;0.0;0.0;"2026-04-10";"2026-04-11"
"G03457";"Evans Perez";"UK";508;100.0;71.58;"2026-02-05";"2026-02-10"
"G03458";"Thomas White";"UK";410;100.0;62.52;"2026-03-11";"2026-03-16"
"G03459";"Davies Bernard";"USA";222;100.0;18.22;"2026-04-10";"2026-04-14"
"G03460";"Phillips Nelson";"UK";429;100.0;98.14;"2026-01-23";"2026-01-26"
"G03461";"Brown Reid";"UK";132;0.0;10.41;"2026-01-03";"2026-01-10"
"G03462";"Parker Nelson";"Germany";516;100.0;104.23;"2026-04-18";"2026-04-20"
"G03463";"Roberts Baker";"Ireland";531;100.0;11.34;"2026-06-11";"2026-06-16"
"G03464";"Rogers Lewis";"Ireland";426;150.0;51.36;"2026-06-18";"2026-06-25"
"G03465";"Mitchell Reid";"Germany";217;150.0;144.4;"2026-03-26";"2026-03-30"
"G03466";"Rogers Davis";"UK";205;100.0;52.73;"2026-03-04";"2026-03-07"
"G03467";"Campbell Hussain";"UK";132;150.0;96.2;"2026-04-22";"2026-04-26"
"G03468";"Morgan Parker";"UK";432;100.0;54.24;"2026-01-07";"2026-01-08"
"G03469";"Perez Moore";"USA";403;100.0;39.2;"2026-04-03";"2026-04-06"
"G03470";"Brown Mitchell";"USA";216;0.0;0.0;"2026-05-09";"2026-05-15"
"G03471";"Wilson Campbell";"USA";316;0.0;0.0;"2026-03-29";"2026-03-30"
"G03472";"Mitchell Hussain";"UK";404;100.0;80.01;"2026-04-29";"2026-05-01"
"G03473";"Lee Boateng";"UK";321;200.0;87.34;"2026-02-04";"2026-02-06"
"G03474";"Martin Scott";"Canada";215;0.0;43.1;"2026-02-28";"2026-03-03"
"G03475";"Mensah Martinez";"UK";428;50.0;9.23;"2026-05-29";"2026-05-31"
"G03476";"Cooper Scott";"South Korea";223;200.0;141.97;"2026-05-09";"2026-05-12"
"G03477";"Phillips Thompson";"France";229;0.0;0.0;"2026-04-04";"2026-04-08"
"G03478";"Adebayo Reid";"UK";302;200.0;138.61;"2026-03-16";"2026-03-19"
"G03479";"Johnson Wright";"UK";301;200.0;169.5;"2026-03-17";"2026-03-18"
"G03480";"Adebayo Taylor";"Spain";507;100.0;108.53;"2026-06-13";"2026-06-15"
"G03481";"Adebayo Murphy";"UK";116;50.0;49.17;"2026-03-08";"2026-03-10"
"G03482";"Johnson Shah";"France";108;200.0;200.26;"2026-05-18";"2026-05-21"
"G03483";"Bell Jones";"France";307;150.0;20.19;"2026-06-14";"2026-06-16"
"G03484";"Martin Moore";"Ghana";224;150.0;93.33;"2026-04-09";"2026-04-10"
"G03485";"Thomas Turner";"Canada";517;200.0;118.24;"2026-04-26";"2026-04-30"
"G03486";"Garcia Carter";"USA";319;200.0;210.8;"2026-01-30";"2026-02-04"
"G03487";"Edwards Bernard";"UK";315;100.0;75.63;"2026-01-27";"2026-02-01"
"G03488";"Murphy Hussain";"USA";333;100.0;81.82;"2026-02-14";"2026-02-18"
"G03489";"Stewart Reid";"Spain";119;0.0;0.0;"2026-04-13";"2026-04-16"
"G03490";"Anderson Murphy";"UK";118;0.0;0.0;"2026-05-24";"2026-05-25"
"G03491";"Phillips Campbell";"Canada";517;0.0;0.0;"2026-05-19";"2026-05-22"
"G03492";"Young Martinez";"Nigeria";325;200.0;149.38;"2026-03-03";"2026-03-05"
"G03493";"Wilson Campbell";"UK";131;100.0;33.73;"2026-01-18";"2026-01-21"
"G03494";"Adebayo Parker";"UK";232;50.0;30.09;"2026-05-12";"2026-05-14"
"G03495";"Morris Wright";"UK";510;150.0;100.29;"2026-03-31";"2026-04-06"
"G03496";"Cook Roberts";"Ghana";227;100.0;91.47;"2026-05-03";"2026-05-06"
"G03497";"Mitchell Baker";"Netherlands";305;200.0;129.17;"2026-06-17";"2026-06-19"
"G03498";"King Reid";"Spain";424;0.0;0.0;"2026-03-24";"2026-03-28"
"G03499";"Collins Hall";"UK";308;150.0;139.17;"2026-01-07";"2026-01-11"
"G03500";"Williams White";"Ghana";420;150.0;25.48;"2026-04-22";"2026-04-23"
"G03501";"Ahmed Perez";"UK";321;150.0;6.82;"2026-01-04";"2026-01-09"
"G03502";"Turner Adams";"UK";419;200.0;35.09;"2026-02-21";"2026-02-23"
"G03503";"Okafor Perez";"Nigeria";325;200.0;149.34;"2026-02-15";"2026-02-21"
"G03504";"Wilson Murphy";"USA";424;200.0;182.91;"2026-05-12";"2026-05-14"
"G03505";"Collins Green";"Germany";127;200.0;1.34;"2026-06-13";"2026-06-17"
"G03506";"Roberts Perez";"USA";209;100.0;102.95;"2026-04-16";"2026-04-17"
"G03507";"Evans Adeyemi";"USA";203;50.0;43.02;"2026-02-20";"2026-02-21"
"G03508";"Patel Taylor";"Netherlands";316;200.0;60.35;"2026-01-14";"2026-01-16"
"G03509";"Young Kim";"UK";510;100.0;35.13;"2026-05-16";"2026-05-17"
"G03510";"Morris White";"France";332;150.0;39.77;"2026-03-11";"2026-03-13"
"G03511";"Johnson Nwosu";"UK";129;100.0;60.6;"2026-04-14";"2026-04-19"
"G03512";"Adams Evans";"UK";210;150.0;125.77;"2026-05-22";"2026-05-24"
"G03513";"Davies White";"USA";415;200.0;69.53;"2026-04-16";"2026-04-18"
"G03514";"Taylor Nwosu";"USA";504;200.0;99.53;"2026-04-03";"2026-04-06"
"G03515";"Lee Bernard";"UK";409;100.0;57.93;"2026-04-17";"2026-04-19"
"G03517";"Stewart Murphy";"UK";105;100.0;26.78;"2026-02-09";"2026-02-13"
"G03518";"Cooper Nelson";"UK";122;200.0;233.95;"2026-06-16";"2026-06-17"
"G03519";"Anderson Perez";"USA";501;0.0;71.35;"2026-01-05";"2026-01-08"
"G03520";"Green Rahman";"Ghana";116;50.0;19.14;"2026-03-15";"2026-03-19"
"G03521";"Turner Nwosu";"UK";234;200.0;163.66;"2026-04-17";"2026-04-21"
"G03522";"Thomas Jones";"USA";432;100.0;105.86;"2026-05-30";"2026-06-03"
"G03523";"Smith Reid";"UK";428;100.0;13.81;"2026-03-24";"2026-03-27"
"G03524";"Roberts Wilson";"UK";506;100.0;37.55;"2026-03-25";"2026-03-26"
"G03525";"Roberts Kim";"UK";427;200.0;63.16;"2026-01-26";"2026-02-01"
"G03526";"Cook Adeyemi";"Germany";205;150.0;16.15;"2026-04-04";"2026-04-06"
"G03527";"Carter Shah";"UK";530;200.0;191.73;"2026-04-10";"2026-04-15"
"G03528";"Adams Lewis";"UK";319;150.0;147.02;"2026-01-02";"2026-01-08"
"G03529";"Perez Nwosu";"Spain";325;150.0;47.87;"2026-05-30";"2026-06-03"
"G03530";"Smith Adeyemi";"UK";502;100.0;11.68;"2026-03-10";"2026-03-15"
"G03531";"Campbell Young";"UK";116;200.0;156.82;"2026-03-27";"2026-03-29"
"G03532";"Mensah Ahmed";"UK";506;100.0;98.92;"2026-02-14";"2026-02-18"
"G03533";"Young Taylor";"USA";408;100.0;41.75;"2026-06-18";"2026-06-21"
"G03534";"Mitchell Mitchell";"Nigeria";227;150.0;168.17;"2026-04-08";"2026-04-11"
"G03535";"Miller Shah";"Nigeria";405;150.0;172.01;"2026-06-18";"2026-06-19"
"G03536";"Green Green";"UK";531;200.0;144.7;"2026-04-22";"2026-04-25"
"G03537";"Adebayo Turner";"UK";225;50.0;0.18;"2026-03-12";"2026-03-14"
"G03538";"Mitchell Adams";"Canada";309;200.0;25.77;"2026-06-04";"2026-06-07"
"G03539";"Khan Moore";"UK";407;0.0;0.0;"2026-04-22";"2026-04-25"
"G03540";"Adams Lewis";"USA";420;50.0;55.04;"2026-03-05";"2026-03-09"
"G03541";"Evans Adeyemi";"UK";211;200.0;198.13;"2026-02-22";"2026-02-24"
"G03542";"Carter Young";"Ireland";104;0.0;61.52;"2026-05-13";"2026-05-15"
"G03543";"Mitchell Scott";"USA";428;100.0;41.66;"2026-02-10";"2026-02-12"
"G03545";"Turner Ahmed";"Canada";332;0.0;0.0;"2026-03-29";"2026-03-30"
"G03546";"Baker Adams";"Spain";511;50.0;20.77;"2026-06-01";"2026-06-03"
"G03547";"Ali Carter";"Nigeria";119;0.0;0.0;"2026-02-14";"2026-02-16"
"G03548";"Morgan Walker";"UK";434;100.0;43.11;"2026-01-29";"2026-02-03"
"G03549";"Murphy Turner";"UK";512;150.0;50.98;"2026-01-27";"2026-01-28"
"G03550";"Ali Ahmed";"France";525;200.0;48.95;"2026-03-26";"2026-03-28"
"G03551";"Morris Young";"USA";131;0.0;0.0;"2026-05-27";"2026-05-30"
"G03552";"Cook Young";"Nigeria";432;100.0;99.17;"2026-06-11";"2026-06-14"
"G03553";"Adebayo Reid";"Ireland";222;150.0;168.41;"2026-03-16";"2026-03-22"
"G03554";"Thomas Shah";"UK";326;100.0;36.71;"2026-02-03";"2026-02-08"
"G03555";"Rogers Roberts";"UK";202;100.0;110.31;"2026-05-24";"2026-05-27"
"G03556";"Perez Wright";"UK";520;200.0;204.67;"2026-05-09";"2026-05-14"
"G03557";"Clark Bernard";"UK";324;150.0;95.92;"2026-05-04";"2026-05-07"
"G03558";"Bell King";"UK";231;0.0;28.45;"2026-04-23";"2026-04-24"
"G03559";"Davies King";"South Korea";213;200.0;184.38;"2026-04-18";"2026-04-20"
"G03560";"Davies Kim";"South Korea";220;150.0;155.53;"2026-05-07";"2026-05-10"
"G03561";"Adams Adams";"Ireland";307;0.0;0.0;"2026-02-24";"2026-02-27"
"G03562";"Smith Ahmed";"France";223;0.0;0.0;"2026-05-28";"2026-05-30"
"G03563";"Anderson King";"Germany";334;50.0;22.23;"2026-01-31";"2026-02-02"
"G03564";"Thomas Nwosu";"Ireland";225;100.0;85.76;"2026-04-19";"2026-04-21"
"G03565";"Green Reid";"UK";305;200.0;217.89;"2026-04-16";"2026-04-18"
"G03566";"Stewart Shah";"Ireland";506;150.0;70.21;"2026-04-28";"2026-04-30"
"G03567";"Miller Taylor";"France";508;0.0;0.0;"2026-06-17";"2026-06-18"
"G03568";"Campbell Martinez";"France";229;150.0;152.8;"2026-03-01";"2026-03-04"
"G03569";"Morris Young";"Nigeria";334;200.0;200.57;"2026-03-25";"2026-03-28"
"G03570";"Adebayo Nwosu";"USA";208;150.0;112.48;"2026-06-10";"2026-06-11"
"G03571";"Mitchell Parker";"UK";423;0.0;0.0;"2026-02-13";"2026-02-17"
"G03572";"Roberts Wright";"UK";117;100.0;58.19;"2026-05-16";"2026-05-18"
"G03573";"Turner Young";"UK";102;0.0;0.0;"2026-03-05";"2026-03-09"
"G03574";"Evans Harris";"UK";433;200.0;202.7;"2026-01-06";"2026-01-09"
"G03575";"Wilson Davis";"UK";325;100.0;55.94;"2026-06-07";"2026-06-09"
"G03576";"Davies Baker";"Germany";519;150.0;52.29;"2026-03-05";"2026-03-10"
"G03577";"Williams Moore";"Ireland";405;100.0;93.83;"2026-03-28";"2026-03-29"
"G03578";"Evans Martinez";"France";407;100.0;55.26;"2026-04-05";"2026-04-10"
"G03579";"Morgan Wright";"Nigeria";124;50.0;6.63;"2026-04-09";"2026-04-10"
"G03580";"Davies Young";"UK";318;200.0;206.27;"2026-03-10";"2026-03-11"
"G03581";"Morris Mitchell";"UK";219;0.0;15.32;"2026-04-24";"2026-04-28"
"G03582";"Wright Shah";"South Korea";426;0.0;0.0;"2026-06-10";"2026-06-13"
"G03583";"Martin Walker";"Netherlands";230;100.0;66.7;"2026-02-07";"2026-02-09"
"G03584";"Evans Nwosu";"UK";224;200.0;101.87;"2026-04-19";"2026-04-20"
"G03585";"Smith Jones";"UK";325;150.0;35.66;"2026-01-18";"2026-01-22"
"G03586";"Parker King";"UK";119;100.0;44.19;"2026-02-03";"2026-02-04"
"G03588";"Carter King";"Italy";520;150.0;29.58;"2026-04-06";"2026-04-07"
"G03589";"Miller Walker";"UK";121;150.0;81.85;"2026-01-02";"2026-01-08"
"G03590";"Murphy Adeyemi";"Ireland";319;150.0;84.88;"2026-02-21";"2026-02-24"
"G03591";"Turner Adams";"UK";122;100.0;77.25;"2026-01-27";"2026-01-28"
"G03592";"Miller Baker";"Nigeria";323;100.0;0.3;"2026-02-10";"2026-02-12"
"G03593";"Khan Young";"UK";310;200.0;129.93;"2026-02-27";"2026-03-04"
"G03594";"Miller Kim";"USA";527;200.0;33.63;"2026-05-06";"2026-05-08"
"G03595";"Mitchell Young";"UK";229;200.0;34.01;"2026-03-05";"2026-03-09"
"G03596";"Davies Green";"UK";209;200.0;108.69;"2026-06-18";"2026-06-22"
"G03597";"Cooper Reid";"UK";426;100.0;16.19;"2026-01-28";"2026-02-01"
"G03599";"Young Phillips";"UK";229;0.0;0.0;"2026-02-11";"2026-02-13"
"G03600";"Garcia Adams";"UK";408;200.0;161.27;"2026-05-04";"2026-05-08"
"G03602";"Campbell Hall";"Germany";129;150.0;11.72;"2026-01-10";"2026-01-14"
"G03603";"Ali Bernard";"Nigeria";419;0.0;0.0;"2026-04-09";"2026-04-10"
"G03604";"Patel King";"Nigeria";531;200.0;105.34;"2026-01-29";"2026-02-04"
"G03605";"Ahmed Kim";"UK";302;200.0;73.05;"2026-03-23";"2026-03-25"
"G03606";"Ahmed Walker";"France";533;150.0;30.98;"2026-06-02";"2026-06-05"
"G03607";"Taylor Parker";"UK";203;100.0;94.06;"2026-06-07";"2026-06-09"
"G03610";"Adebayo Mitchell";"France";423;150.0;60.29;"2026-01-16";"2026-01-23"
"G03611";"Bell Young";"France";503;100.0;88.5;"2026-02-09";"2026-02-12"
"G03612";"Campbell Baker";"Canada";204;150.0;14.53;"2026-05-26";"2026-05-29"
"G03613";"Garcia Green";"Nigeria";503;200.0;37.94;"2026-04-20";"2026-04-24"
"G03614";"Turner Shah";"UK";322;100.0;3.8;"2026-06-27";"2026-06-30"
"G03615";"Morris Wright";"UK";108;200.0;58.32;"2026-02-14";"2026-02-21"
"G03616";"Murphy Phillips";"USA";432;200.0;101.8;"2026-01-30";"2026-02-02"
"G03617";"Wilson White";"UK";505;0.0;0.0;"2026-05-09";"2026-05-12"
"G03618";"Johnson Scott";"USA";413;100.0;91.65;"2026-03-09";"2026-03-11"
"G03619";"Mensah White";"UK";310;150.0;16.77;"2026-01-21";"2026-01-23"
"G03620";"Adebayo White";"South Korea";530;0.0;0.0;"2026-04-08";"2026-04-10"
"G03621";"Martin Boateng";"Germany";216;200.0;195.04;"2026-03-28";"2026-03-29"
"G03623";"Miller Taylor";"Ireland";426;100.0;112.36;"2026-03-06";"2026-03-09"
"G03624";"Cooper Phillips";"UK";518;0.0;0.0;"2026-06-11";"2026-06-14"
"G03625";"Evans Davis";"Nigeria";524;100.0;76.16;"2026-03-21";"2026-03-22"
"G03626";"Khan Wright";"UK";434;50.0;21.23;"2026-01-06";"2026-01-10"
"G03627";"Roberts Reid";"Ireland";133;100.0;37.31;"2026-03-19";"2026-03-23"
"G03628";"Edwards Lewis";"UK";120;150.0;97.25;"2026-03-21";"2026-03-23"
"G03629";"Nelson Moore";"Nigeria";131;50.0;55.11;"2026-04-03";"2026-04-05"
"G03630";"Patel Parker";"Ghana";533;150.0;75.32;"2026-05-01";"2026-05-03"
"G03631";"Adebayo Rahman";"UK";526;50.0;49.99;"2026-06-14";"2026-06-19"
"G03632";"Davies Green";"Italy";418;150.0;72.35;"2026-06-18";"2026-06-20"
"G03633";"Anderson Baker";"UK";121;200.0;60.57;"2026-03-01";"2026-03-03"
"G03634";"Brown Bernard";"UK";221;200.0;183.68;"2026-03-26";"2026-03-30"
"G03635";"Lee Rahman";"Spain";124;0.0;0.0;"2026-04-04";"2026-04-08"
"G03636";"Martin Campbell";"Nigeria";432;100.0;57.2;"2026-06-03";"2026-06-04"
"G03637";"Cooper Adams";"USA";401;100.0;54.44;"2026-05-25";"2026-05-26"
"G03638";"Carter Perez";"Italy";118;0.0;0.0;"2026-02-12";"2026-02-15"
"G03639";"Bell Carter";"UK";326;200.0;193.3;"2026-02-04";"2026-02-07"
"G03640";"Morris Wilson";"Ghana";109;100.0;113.38;"2026-01-21";"2026-01-28"
"G03641";"Cooper Nelson";"UK";114;50.0;54.78;"2026-05-30";"2026-06-03"
"G03642";"Carter Murphy";"UK";301;150.0;36.29;"2026-01-23";"2026-01-24"
"G03643";"Walker Carter";"Italy";318;150.0;25.98;"2026-04-08";"2026-04-12"
"G03644";"Wright Green";"UK";119;200.0;117.99;"2026-04-20";"2026-04-22"
"G03645";"Okafor Evans";"UK";114;50.0;28.16;"2026-01-24";"2026-01-25"
"G03646";"Adams Campbell";"Nigeria";334;200.0;182.72;"2026-06-28";"2026-06-30"
"G03647";"Wright Reid";"UK";412;150.0;21.81;"2026-04-28";"2026-04-30"
"G03648";"Ahmed Baker";"UK";527;150.0;12.27;"2026-03-20";"2026-03-21"
"G03649";"Mitchell Young";"Ghana";407;200.0;171.33;"2026-02-13";"2026-02-15"
"G03650";"Miller Perez";"Canada";412;200.0;38.1;"2026-05-29";"2026-06-01"
"G03651";"Walker Walker";"Ghana";516;150.0;103.64;"2026-05-20";"2026-05-24"
"G03652";"Garcia Evans";"UK";307;200.0;28.76;"2026-05-03";"2026-05-06"
"G03653";"Thomas Taylor";"UK";328;200.0;162.05;"2026-05-08";"2026-05-10"
"G03654";"Miller Young";"USA";204;200.0;190.92;"2026-01-01";"2026-01-03"
"G03655";"Rogers Scott";"UK";534;50.0;26.59;"2026-01-17";"2026-01-18"
"G03656";"Morgan Bernard";"USA";204;150.0;74.54;"2026-01-14";"2026-01-17"
"G03657";"Okafor Perez";"USA";302;150.0;57.09;"2026-02-16";"2026-02-19"
"G03658";"Baker Ahmed";"UK";218;200.0;92.76;"2026-05-17";"2026-05-19"
"G03659";"Taylor Harris";"Netherlands";425;150.0;62.98;"2026-02-09";"2026-02-14"
"G03660";"Perez Shah";"UK";527;100.0;25.82;"2026-02-08";"2026-02-09"
"G03661";"Baker Martinez";"USA";502;0.0;0.0;"2026-06-06";"2026-06-08"
"G03662";"Mitchell Walker";"UK";232;0.0;0.0;"2026-01-11";"2026-01-14"
"G03663";"Khan Turner";"Germany";409;0.0;0.0;"2026-02-13";"2026-02-16"
"G03664";"Bailey Ahmed";"UK";233;0.0;0.0;"2026-02-02";"2026-02-06"
"G03665";"Green Lewis";"France";210;0.0;0.0;"2026-06-25";"2026-06-27"
"G03666";"Roberts Boateng";"UK";404;50.0;4.86;"2026-06-18";"2026-06-20"
"G03667";"Evans Thompson";"Nigeria";512;100.0;101.89;"2026-01-03";"2026-01-04"
"G03668";"Rogers Rahman";"UK";416;150.0;71.77;"2026-05-27";"2026-05-30"
"G03669";"Ali Evans";"USA";501;200.0;164.11;"2026-03-06";"2026-03-07"
"G03670";"Parker Reid";"France";528;150.0;15.03;"2026-05-17";"2026-05-19"
"G03671";"Bell Carter";"UK";117;100.0;98.78;"2026-01-23";"2026-01-25"
"G03672";"Stewart Evans";"UK";308;100.0;101.72;"2026-01-15";"2026-01-17"
"G03673";"Thomas Nelson";"Ireland";418;200.0;227.01;"2026-03-02";"2026-03-06"
"G03674";"Clark Reid";"Spain";214;200.0;130.33;"2026-02-11";"2026-02-14"
"G03675";"Anderson Wright";"UK";407;100.0;117.68;"2026-02-26";"2026-02-27"
"G03676";"Anderson Mitchell";"Germany";317;150.0;0.77;"2026-02-17";"2026-02-19"
"G03677";"Mensah Hall";"Canada";527;150.0;36.0;"2026-02-26";"2026-03-01"
"G03679";"Rogers Thompson";"Netherlands";312;100.0;91.89;"2026-03-22";"2026-03-23"
"G03680";"Evans Jones";"UK";507;150.0;72.4;"2026-05-27";"2026-05-30"
"G03681";"Evans Jones";"Nigeria";102;50.0;28.59;"2026-01-17";"2026-01-23"
"G03682";"Phillips Jones";"Germany";102;50.0;0.06;"2026-06-28";"2026-06-30"
"G03683";"Edwards Thompson";"UK";130;100.0;68.07;"2026-05-07";"2026-05-08"
"G03685";"Adebayo Martinez";"South Korea";205;0.0;0.0;"2026-06-29";"2026-06-30"
"G03686";"Garcia Scott";"Ghana";406;50.0;10.45;"2026-03-25";"2026-03-30"
"G03687";"Khan Carter";"Spain";431;0.0;0.0;"2026-03-28";"2026-03-30"
"G03688";"King Adams";"UK";228;100.0;117.83;"2026-05-03";"2026-05-08"
"G03689";"Patel Carter";"USA";111;50.0;6.57;"2026-02-17";"2026-02-24"
"G03690";"Patel White";"UK";420;150.0;113.1;"2026-06-23";"2026-06-26"
"G03691";"Bailey Nelson";"Ireland";329;0.0;0.0;"2026-01-03";"2026-01-10"
"G03692";"Adams Moore";"Ireland";534;150.0;80.46;"2026-03-03";"2026-03-07"
"G03693";"Bell White";"UK";501;0.0;11.3;"2026-02-24";"2026-03-01"
"G03694";"Garcia Adams";"USA";113;0.0;0.0;"2026-02-28";"2026-03-03"
"G03695";"Bell Shah";"South Korea";315;0.0;0.0;"2026-02-15";"2026-02-21"
"G03696";"Nelson Baker";"UK";308;150.0;1.94;"2026-03-05";"2026-03-07"
"G03697";"Young Nelson";"France";409;100.0;59.63;"2026-06-24";"2026-06-26"
"G03698";"Edwards Moore";"UK";329;150.0;140.02;"2026-01-13";"2026-01-15"
"G03699";"Stewart Phillips";"Nigeria";513;200.0;186.45;"2026-06-07";"2026-06-08"
"G03700";"Khan Hussain";"Ghana";226;200.0;143.73;"2026-05-30";"2026-06-01"
"G03701";"Murphy Nelson";"Nigeria";210;100.0;10.56;"2026-03-01";"2026-03-02"
"G03702";"Rogers Boateng";"France";321;200.0;191.89;"2026-04-28";"2026-05-01"
"G03703";"Wright Adeyemi";"USA";223;150.0;101.11;"2026-01-06";"2026-01-09"
"G03704";"Williams Shah";"South Korea";309;200.0;113.94;"2026-06-23";"2026-06-24"
"G03705";"Ali Perez";"Germany";232;100.0;32.0;"2026-02-03";"2026-02-05"
"G03706";"Wright Davis";"South Korea";122;200.0;8.53;"2026-05-14";"2026-05-16"
"G03707";"Wright Taylor";"UK";114;200.0;24.23;"2026-01-05";"2026-01-06"
"G03708";"Miller Walker";"Canada";205;150.0;93.84;"2026-01-11";"2026-01-18"
"G03709";"Evans Lewis";"UK";326;100.0;96.38;"2026-04-24";"2026-04-26"
"G03710";"Walker Rahman";"Germany";314;50.0;32.0;"2026-02-13";"2026-02-14"
"G03711";"Green Green";"UK";322;100.0;10.23;"2026-03-27";"2026-03-30"
"G03712";"Hall Young";"UK";228;150.0;154.26;"2026-06-22";"2026-06-24"
"G03713";"Murphy Young";"USA";315;100.0;27.84;"2026-05-03";"2026-05-06"
"G03714";"Johnson Adeyemi";"Ghana";219;200.0;62.83;"2026-04-04";"2026-04-07"
"G03716";"Roberts Martinez";"Spain";117;150.0;92.44;"2026-01-11";"2026-01-17"
"G03717";"Baker Green";"France";323;100.0;82.16;"2026-01-08";"2026-01-10"
"G03718";"Wilson Turner";"UK";227;200.0;26.11;"2026-03-22";"2026-03-24"
"G03719";"Bell Taylor";"UK";531;150.0;23.7;"2026-03-07";"2026-03-08"
"G03720";"Anderson Hussain";"UK";120;0.0;0.0;"2026-02-06";"2026-02-10"
"G03721";"Wright Hall";"Ghana";407;150.0;50.03;"2026-06-11";"2026-06-13"
"G03722";"Ali Jones";"Nigeria";122;200.0;23.02;"2026-02-03";"2026-02-06"
"G03723";"Green Hall";"USA";530;200.0;180.59;"2026-04-28";"2026-05-05"
"G03724";"Ali Carter";"USA";126;0.0;13.5;"2026-03-17";"2026-03-20"
"G03725";"Davies Shah";"Spain";528;200.0;62.13;"2026-06-04";"2026-06-05"
"G03726";"Patel White";"Germany";328;150.0;98.93;"2026-04-14";"2026-04-17"
"G03727";"King Kim";"Germany";519;200.0;117.87;"2026-03-04";"2026-03-06"
"G03728";"Lee Nelson";"USA";312;150.0;112.3;"2026-06-13";"2026-06-14"
"G03729";"Perez Rahman";"USA";228;100.0;96.17;"2026-01-30";"2026-02-03"
"G03730";"Johnson Lewis";"UK";306;0.0;0.0;"2026-02-18";"2026-02-19"
"G03731";"Turner Baker";"South Korea";424;150.0;16.69;"2026-02-26";"2026-03-01"
"G03732";"Ahmed Nelson";"Canada";518;0.0;0.0;"2026-06-05";"2026-06-08"
"G03733";"Smith Baker";"UK";124;100.0;107.63;"2026-04-17";"2026-04-19"
"G03734";"Smith Hall";"USA";132;150.0;16.99;"2026-06-19";"2026-06-21"
"G03735";"Rogers Evans";"UK";205;100.0;45.46;"2026-01-31";"2026-02-03"
"G03736";"Ali Martinez";"Spain";403;100.0;87.83;"2026-06-10";"2026-06-13"
"G03737";"Adams Phillips";"Germany";534;0.0;0.0;"2026-06-08";"2026-06-11"
"G03738";"Lee Scott";"UK";131;100.0;37.45;"2026-05-08";"2026-05-09"
"G03739";"Khan Carter";"South Korea";429;200.0;120.97;"2026-06-07";"2026-06-10"
"G03740";"Patel Turner";"USA";511;0.0;0.0;"2026-05-09";"2026-05-12"
"G03741";"Stewart Mitchell";"UK";503;200.0;186.16;"2026-03-14";"2026-03-19"
"G03742";"Bell Reid";"Germany";323;100.0;11.56;"2026-03-09";"2026-03-11"
"G03743";"Cooper Parker";"UK";405;100.0;58.6;"2026-01-18";"2026-01-20"
"G03744";"Williams Roberts";"USA";508;50.0;38.16;"2026-05-17";"2026-05-20"
"G03745";"Smith Roberts";"Nigeria";115;100.0;105.57;"2026-05-12";"2026-05-15"
"G03746";"Johnson Thompson";"UK";301;200.0;204.47;"2026-03-19";"2026-03-21"
"G03748";"Young Harris";"Spain";530;200.0;91.27;"2026-05-11";"2026-05-12"
"G03749";"Cook Nwosu";"Nigeria";134;150.0;159.21;"2026-03-05";"2026-03-09"
"G03750";"Patel Green";"USA";427;100.0;96.56;"2026-04-08";"2026-04-13"
"G03751";"Davies Bernard";"UK";511;150.0;103.12;"2026-06-01";"2026-06-02"
"G03752";"Baker Adams";"Ghana";108;200.0;226.42;"2026-03-26";"2026-03-29"
"G03753";"King Mitchell";"Italy";201;0.0;0.0;"2026-01-25";"2026-01-29"
"G03754";"Adams Roberts";"UK";230;150.0;18.24;"2026-04-03";"2026-04-05"
"G03755";"Okafor Nwosu";"UK";413;200.0;127.38;"2026-05-21";"2026-05-24"
"G03756";"Morgan Adams";"Nigeria";432;150.0;96.83;"2026-04-28";"2026-05-01"
"G03757";"Mensah Perez";"South Korea";124;200.0;101.78;"2026-01-30";"2026-02-04"
"G03758";"Johnson Ahmed";"Canada";409;100.0;29.99;"2026-05-20";"2026-05-22"
"G03759";"Williams Lewis";"Germany";227;200.0;194.75;"2026-05-06";"2026-05-07"
"G03760";"Lee Evans";"USA";511;150.0;93.48;"2026-05-06";"2026-05-11"
"G03761";"Evans Hall";"Germany";217;0.0;65.17;"2026-01-08";"2026-01-09"
"G03762";"Adebayo Kim";"USA";307;200.0;178.18;"2026-02-15";"2026-02-19"
"G03763";"Lee Reid";"UK";111;150.0;113.57;"2026-01-31";"2026-02-02"
"G03764";"Garcia Taylor";"Germany";505;50.0;25.7;"2026-06-09";"2026-06-14"
"G03765";"Johnson Bernard";"USA";101;150.0;122.17;"2026-06-03";"2026-06-05"
"G03766";"Clark Perez";"UK";304;200.0;34.2;"2026-05-30";"2026-05-31"
"G03767";"Clark Hall";"UK";129;100.0;17.23;"2026-01-03";"2026-01-06"
"G03768";"Cook Murphy";"Germany";230;0.0;0.0;"2026-03-07";"2026-03-11"
"G03769";"Rogers Young";"UK";421;200.0;63.14;"2026-02-23";"2026-02-26"
"G03770";"Mitchell Young";"UK";212;0.0;0.0;"2026-06-10";"2026-06-12"
"G03771";"King Thompson";"France";217;150.0;5.89;"2026-04-25";"2026-05-01"
"G03772";"Stewart Nwosu";"Nigeria";527;100.0;27.2;"2026-04-06";"2026-04-07"
"G03773";"Smith Campbell";"UK";233;200.0;118.33;"2026-02-12";"2026-02-14"
"G03775";"Roberts Adeyemi";"UK";111;100.0;36.71;"2026-05-29";"2026-05-31"
"G03777";"Baker Evans";"Nigeria";512;150.0;128.68;"2026-02-10";"2026-02-12"
"G03778";"Walker Thompson";"UK";311;100.0;79.23;"2026-06-24";"2026-06-27"
"G03779";"Williams Taylor";"Nigeria";517;150.0;20.22;"2026-06-11";"2026-06-12"
"G03780";"Ahmed Martinez";"Ghana";329;100.0;58.04;"2026-05-16";"2026-05-23"
"G03781";"Edwards Reid";"UK";303;200.0;98.47;"2026-05-18";"2026-05-22"
"G03782";"Hall Kim";"Spain";108;0.0;0.0;"2026-02-01";"2026-02-08"
"G03783";"Williams Thompson";"UK";529;100.0;98.65;"2026-04-09";"2026-04-13"
"G03784";"Khan Moore";"UK";309;150.0;176.29;"2026-05-16";"2026-05-18"
"G03785";"Mitchell Evans";"Italy";130;100.0;90.2;"2026-06-15";"2026-06-20"
"G03786";"Edwards Wright";"Italy";224;200.0;177.45;"2026-02-07";"2026-02-09"
"G03787";"Cook Davis";"USA";312;0.0;0.0;"2026-04-16";"2026-04-18"
"G03788";"Walker Wright";"USA";215;150.0;21.1;"2026-05-05";"2026-05-08"
"G03789";"Wright Shah";"UK";128;100.0;87.98;"2026-01-07";"2026-01-11"
"G03790";"Wright Bernard";"UK";421;50.0;5.18;"2026-03-23";"2026-03-28"
"G03791";"Turner Taylor";"UK";307;100.0;20.4;"2026-04-30";"2026-05-01"
"G03792";"Martin Ahmed";"Spain";411;100.0;0.54;"2026-02-26";"2026-02-28"
"G03793";"Adams Nelson";"UK";222;150.0;145.33;"2026-06-16";"2026-06-17"
"G03794";"Walker Thompson";"France";131;200.0;135.45;"2026-01-01";"2026-01-03"
"G03795";"Murphy Thompson";"UK";205;200.0;226.81;"2026-05-16";"2026-05-19"
"G03796";"Ali Baker";"UK";223;150.0;50.7;"2026-03-10";"2026-03-12"
"G03797";"Edwards Parker";"USA";217;200.0;1.24;"2026-05-14";"2026-05-16"
"G03798";"Khan Shah";"UK";420;100.0;27.08;"2026-05-30";"2026-06-02"
"G03799";"Young Boateng";"Ghana";313;100.0;13.78;"2026-06-02";"2026-06-04"
"G03800";"Ahmed Jones";"UK";109;50.0;32.94;"2026-01-13";"2026-01-18"
"G03801";"Williams Walker";"UK";502;150.0;128.67;"2026-03-11";"2026-03-12"
"G03802";"Turner Jones";"Nigeria";425;150.0;109.92;"2026-06-13";"2026-06-14"
"G03803";"Cooper Young";"Spain";330;150.0;64.71;"2026-03-11";"2026-03-13"
"G03804";"Edwards Kim";"UK";533;200.0;139.18;"2026-05-24";"2026-05-27"
"G03805";"Martin Wilson";"UK";112;100.0;68.1;"2026-03-28";"2026-03-30"
"G03806";"Williams Shah";"South Korea";134;0.0;0.0;"2026-03-04";"2026-03-11"
"G03807";"Johnson Shah";"UK";427;150.0;132.92;"2026-01-05";"2026-01-06"
"G03808";"Patel Hall";"UK";229;150.0;160.09;"2026-03-24";"2026-03-26"
"G03810";"Turner Kim";"Nigeria";131;100.0;35.8;"2026-02-09";"2026-02-10"
"G03811";"Mensah Baker";"UK";201;200.0;139.99;"2026-01-10";"2026-01-12"
"G03812";"Nelson Rahman";"UK";218;100.0;79.49;"2026-06-04";"2026-06-06"
"G03813";"Nelson Bernard";"UK";119;150.0;28.73;"2026-02-02";"2026-02-05"
"G03814";"Smith King";"UK";132;100.0;78.65;"2026-05-24";"2026-05-28"
"G03816";"Campbell Turner";"UK";501;0.0;0.0;"2026-03-30";"2026-04-06"
"G03817";"Nelson Wright";"USA";504;200.0;129.18;"2026-03-01";"2026-03-04"
"G03818";"Johnson Nwosu";"UK";210;150.0;163.7;"2026-02-27";"2026-03-03"
"G03819";"Roberts Davis";"Canada";422;100.0;78.09;"2026-02-19";"2026-02-21"
"G03820";"Collins Martinez";"UK";110;0.0;0.0;"2026-02-21";"2026-02-25"
"G03821";"Brown White";"UK";307;100.0;92.54;"2026-01-27";"2026-02-01"
"G03822";"Green Parker";"UK";507;150.0;143.45;"2026-01-12";"2026-01-16"
"G03823";"Mitchell Campbell";"Nigeria";101;100.0;39.73;"2026-04-11";"2026-04-14"
"G03824";"Green Martinez";"France";410;150.0;129.7;"2026-06-18";"2026-06-19"
"G03825";"Baker Carter";"USA";332;200.0;166.46;"2026-03-23";"2026-03-24"
"G03826";"Ali Mitchell";"UK";233;150.0;90.16;"2026-01-10";"2026-01-16"
"G03827";"Anderson Adeyemi";"Spain";109;0.0;0.0;"2026-05-04";"2026-05-05"
"G03828";"Cooper Wilson";"UK";102;150.0;74.26;"2026-03-11";"2026-03-15"
"G03829";"Anderson Jones";"USA";116;0.0;0.0;"2026-05-31";"2026-06-05"
"G03830";"Edwards Adeyemi";"UK";220;0.0;13.34;"2026-03-26";"2026-03-28"
"G03831";"Smith Moore";"UK";128;100.0;43.01;"2026-02-21";"2026-02-25"
"G03832";"Clark Nwosu";"UK";132;100.0;61.58;"2026-01-19";"2026-01-21"
"G03833";"Evans Moore";"UK";317;0.0;0.0;"2026-02-20";"2026-02-22"
"G03834";"Roberts Harris";"Germany";313;0.0;0.0;"2026-06-16";"2026-06-17"
"G03835";"Baker Roberts";"Germany";130;0.0;66.72;"2026-05-29";"2026-05-30"
"G03836";"Thomas Taylor";"UK";306;0.0;0.0;"2026-03-19";"2026-03-22"
"G03837";"Bell Moore";"Italy";404;0.0;38.77;"2026-03-11";"2026-03-14"
"G03838";"Evans Mitchell";"UK";210;150.0;37.27;"2026-03-30";"2026-03-31"
"G03839";"Phillips Harris";"Germany";133;150.0;0.31;"2026-06-22";"2026-06-24"
"G03840";"Bailey Adeyemi";"UK";533;200.0;88.18;"2026-04-17";"2026-04-23"
"G03841";"Davies Mitchell";"UK";416;150.0;12.78;"2026-05-13";"2026-05-15"
"G03842";"Nelson Rahman";"Nigeria";517;100.0;98.53;"2026-01-24";"2026-01-28"
"G03843";"Mitchell Evans";"UK";324;100.0;10.63;"2026-04-23";"2026-04-25"
"G03844";"Baker Murphy";"UK";105;100.0;51.4;"2026-05-09";"2026-05-12"
"G03845";"Ali Shah";"USA";222;150.0;56.81;"2026-03-10";"2026-03-16"
"G03846";"Smith Shah";"Germany";125;100.0;1.01;"2026-01-17";"2026-01-19"
"G03847";"Davies Mitchell";"UK";412;200.0;171.54;"2026-01-10";"2026-01-11"
"G03848";"Murphy Perez";"UK";324;200.0;203.23;"2026-03-17";"2026-03-19"
"G03849";"Baker Evans";"UK";409;200.0;189.34;"2026-03-06";"2026-03-07"
"G03850";"Morgan Hussain";"Italy";305;100.0;95.6;"2026-04-13";"2026-04-14"
"G03851";"Baker Green";"UK";411;50.0;22.74;"2026-06-23";"2026-06-25"
"G03852";"Clark Wright";"UK";407;150.0;126.84;"2026-04-14";"2026-04-19"
"G03853";"Martin Mitchell";"UK";230;100.0;76.85;"2026-04-12";"2026-04-13"
"G03854";"King Ahmed";"UK";305;0.0;0.0;"2026-02-13";"2026-02-16"
"G03855";"Clark White";"Canada";322;50.0;29.61;"2026-04-07";"2026-04-08"
"G03856";"Lee Turner";"Spain";507;0.0;0.0;"2026-01-21";"2026-01-22"
"G03857";"Cooper Nwosu";"Netherlands";205;200.0;186.07;"2026-06-21";"2026-06-23"
"G03858";"Roberts Martinez";"Spain";305;0.0;0.0;"2026-01-02";"2026-01-06"
"G03859";"Thomas Perez";"UK";106;0.0;0.0;"2026-02-01";"2026-02-05"
"G03860";"Perez Lewis";"UK";331;150.0;150.54;"2026-01-07";"2026-01-09"
"G03861";"Adebayo Lewis";"UK";306;200.0;120.3;"2026-01-21";"2026-01-24"
"G03862";"Phillips Kim";"UK";511;200.0;111.65;"2026-04-16";"2026-04-17"
"G03863";"Davies Mitchell";"South Korea";329;100.0;17.26;"2026-04-09";"2026-04-12"
"G03864";"Garcia Bernard";"UK";407;0.0;0.0;"2026-02-23";"2026-02-24"
"G03865";"Martin Hall";"Ghana";208;200.0;76.5;"2026-03-07";"2026-03-09"
"G03866";"Wright Baker";"Nigeria";410;150.0;29.84;"2026-04-08";"2026-04-10"
"G03867";"Miller Harris";"UK";117;0.0;0.0;"2026-03-22";"2026-03-23"
"G03868";"Murphy Shah";"UK";522;0.0;0.0;"2026-01-10";"2026-01-13"
"G03869";"Walker Bernard";"France";317;150.0;65.27;"2026-04-12";"2026-04-16"
"G03870";"Adams Campbell";"UK";520;150.0;98.56;"2026-04-22";"2026-04-23"
"G03871";"Wright Boateng";"South Korea";406;200.0;198.54;"2026-02-18";"2026-02-19"
"G03872";"Taylor Green";"UK";212;150.0;12.25;"2026-01-28";"2026-02-01"
"G03873";"Rogers Davis";"Spain";401;150.0;49.61;"2026-06-27";"2026-06-28"
"G03874";"Adams Martinez";"Ireland";530;0.0;0.0;"2026-05-31";"2026-06-02"
"G03875";"Murphy Kim";"Spain";525;200.0;79.64;"2026-02-12";"2026-02-19"
"G03876";"Johnson White";"Canada";122;200.0;0.68;"2026-01-06";"2026-01-08"
"G03877";"Smith Roberts";"UK";126;100.0;30.38;"2026-06-17";"2026-06-18"
"G03878";"Williams Taylor";"Ireland";502;0.0;29.47;"2026-05-09";"2026-05-13"
"G03879";"Johnson Davis";"UK";409;100.0;40.47;"2026-06-03";"2026-06-05"
"G03880";"Parker Boateng";"USA";223;50.0;46.49;"2026-01-02";"2026-01-07"
"G03881";"Hall Davis";"Canada";412;200.0;119.71;"2026-04-07";"2026-04-11"
"G03882";"Garcia Parker";"UK";319;200.0;146.35;"2026-01-28";"2026-01-31"
"G03883";"Bailey Evans";"USA";201;100.0;64.83;"2026-04-07";"2026-04-09"
"G03884";"Khan Rahman";"UK";305;100.0;96.1;"2026-04-30";"2026-05-03"
"G03885";"Mitchell Perez";"USA";505;0.0;0.0;"2026-01-28";"2026-01-30"
"G03886";"King Ahmed";"South Korea";115;100.0;61.35;"2026-01-06";"2026-01-11"
"G03887";"Anderson Murphy";"Germany";434;150.0;1.34;"2026-01-21";"2026-01-23"
"G03888";"Wilson Nwosu";"France";434;100.0;72.84;"2026-02-12";"2026-02-15"
"G03889";"Campbell Kim";"UK";429;200.0;210.72;"2026-03-04";"2026-03-07"
"G03890";"Anderson Campbell";"Ghana";431;150.0;88.28;"2026-06-04";"2026-06-05"
"G03891";"Perez Boateng";"UK";126;0.0;0.0;"2026-05-01";"2026-05-03"
"G03892";"Wright Wilson";"UK";503;150.0;85.52;"2026-01-09";"2026-01-10"
"G03893";"Taylor Shah";"Nigeria";319;150.0;161.81;"2026-04-06";"2026-04-07"
"G03894";"Patel Reid";"Nigeria";127;100.0;105.68;"2026-01-02";"2026-01-05"
"G03896";"Phillips Evans";"UK";502;150.0;94.76;"2026-01-11";"2026-01-14"
"G03897";"Ali Scott";"Spain";231;0.0;0.0;"2026-03-24";"2026-03-26"
"G03898";"Stewart Hussain";"USA";429;150.0;94.58;"2026-01-30";"2026-02-03"
"G03900";"Ali King";"Nigeria";224;50.0;55.3;"2026-03-23";"2026-03-25"
"G03901";"Roberts Walker";"UK";517;50.0;33.19;"2026-02-09";"2026-02-10"
"G03902";"Evans Jones";"Nigeria";513;50.0;40.5;"2026-03-02";"2026-03-06"
"G03903";"Khan Martinez";"Germany";334;100.0;101.99;"2026-05-26";"2026-05-29"
"G03905";"Morgan King";"UK";433;150.0;5.67;"2026-03-16";"2026-03-19"
"G03906";"Walker Taylor";"USA";403;200.0;123.58;"2026-01-31";"2026-02-04"
"G03907";"Khan Turner";"Ireland";423;100.0;12.32;"2026-02-21";"2026-02-24"
"G03908";"Johnson Thompson";"France";103;0.0;0.0;"2026-04-08";"2026-04-10"
"G03909";"Perez Kim";"UK";327;200.0;106.65;"2026-02-21";"2026-02-28"
"G03910";"Mensah Lewis";"Nigeria";102;150.0;162.48;"2026-03-28";"2026-03-30"
"G03911";"Thomas Reid";"UK";208;200.0;143.71;"2026-02-08";"2026-02-11"
"G03912";"Hall Kim";"Italy";319;0.0;0.0;"2026-05-13";"2026-05-15"
"G03913";"Garcia Thompson";"Nigeria";119;200.0;74.82;"2026-01-21";"2026-01-25"
"G03914";"Miller Scott";"USA";234;200.0;124.27;"2026-03-05";"2026-03-06"
"G03915";"Martin Jones";"Nigeria";425;200.0;50.37;"2026-06-16";"2026-06-19"
"G03916";"Mensah Kim";"Nigeria";113;150.0;68.36;"2026-01-29";"2026-02-05"
"G03917";"Adebayo Walker";"USA";307;50.0;35.22;"2026-02-18";"2026-02-19"
"G03918";"Anderson Mitchell";"USA";301;50.0;6.49;"2026-01-15";"2026-01-22"
"G03919";"Khan Jones";"Germany";425;200.0;17.32;"2026-04-04";"2026-04-07"
"G03920";"Adebayo Green";"Spain";424;200.0;199.6;"2026-06-20";"2026-06-22"
"G03921";"Mensah Rahman";"France";526;150.0;127.31;"2026-01-29";"2026-02-01"
"G03922";"Parker Adeyemi";"USA";320;150.0;169.17;"2026-01-21";"2026-01-24"
"G03923";"Green Phillips";"Germany";413;100.0;56.23;"2026-03-18";"2026-03-20"
"G03924";"Cooper Reid";"USA";214;0.0;0.0;"2026-04-13";"2026-04-17"
"G03925";"Rogers Carter";"USA";327;200.0;181.95;"2026-05-17";"2026-05-20"
"G03926";"Patel Walker";"UK";321;0.0;0.0;"2026-05-13";"2026-05-14"
"G03927";"Green King";"UK";424;100.0;32.18;"2026-06-29";"2026-06-30"
"G03928";"Brown Roberts";"UK";417;150.0;46.25;"2026-05-16";"2026-05-18"
"G03929";"Adams Turner";"UK";530;150.0;127.3;"2026-01-26";"2026-01-27"
"G03930";"Parker Bernard";"Canada";126;100.0;54.23;"2026-02-10";"2026-02-12"
"G03931";"Baker Wilson";"Ghana";216;50.0;53.21;"2026-04-24";"2026-04-27"
"G03932";"Okafor Davis";"Germany";422;0.0;0.0;"2026-06-16";"2026-06-20"
"G03933";"Ahmed Nelson";"UK";505;0.0;92.42;"2026-05-06";"2026-05-08"
"G03934";"Davies Bernard";"Nigeria";418;100.0;60.29;"2026-01-01";"2026-01-04"
"G03935";"Clark Harris";"USA";208;200.0;8.36;"2026-02-24";"2026-03-01"
"G03936";"Smith Adeyemi";"UK";406;150.0;97.67;"2026-04-18";"2026-04-20"
"G03937";"Okafor Mitchell";"Ireland";330;100.0;35.65;"2026-01-26";"2026-01-27"
"G03938";"Khan Nelson";"France";105;150.0;121.44;"2026-05-29";"2026-06-03"
"G03939";"Nelson Kim";"UK";201;0.0;0.0;"2026-03-31";"2026-04-04"
"G03940";"Morgan Mitchell";"Ghana";233;200.0;163.47;"2026-03-31";"2026-04-02"
"G03941";"Baker Adams";"Ghana";404;100.0;41.09;"2026-04-22";"2026-04-25"
"G03942";"Smith Rahman";"UK";334;0.0;74.98;"2026-06-03";"2026-06-05"
"G03943";"Walker Evans";"Spain";213;200.0;214.19;"2026-05-19";"2026-05-21"
"G03944";"Williams Young";"South Korea";205;100.0;14.82;"2026-05-25";"2026-05-30"
"G03945";"Miller Adams";"Ghana";407;200.0;11.89;"2026-04-30";"2026-05-02"
"G03946";"Mitchell White";"Italy";107;0.0;0.0;"2026-02-12";"2026-02-15"
"G03947";"Cook Nwosu";"France";111;200.0;203.24;"2026-05-31";"2026-06-06"
"G03948";"Bell Young";"UK";415;100.0;14.58;"2026-05-14";"2026-05-15"
"G03949";"Baker Hall";"France";418;150.0;110.15;"2026-01-23";"2026-01-26"
"G03950";"Murphy Lewis";"UK";216;100.0;35.72;"2026-01-11";"2026-01-15"
"G03951";"Roberts Kim";"UK";203;0.0;0.0;"2026-02-28";"2026-03-04"
"G03952";"Johnson Wright";"Germany";329;100.0;26.58;"2026-03-21";"2026-03-23"
"G03953";"Baker Reid";"UK";415;200.0;154.82;"2026-06-25";"2026-06-27"
"G03954";"Phillips Nelson";"UK";414;100.0;60.51;"2026-06-04";"2026-06-09"
"G03956";"Garcia Kim";"USA";403;200.0;224.09;"2026-01-16";"2026-01-20"
"G03957";"Adebayo Ahmed";"UK";408;0.0;0.0;"2026-05-15";"2026-05-22"
"G03958";"King Thompson";"USA";107;200.0;209.13;"2026-02-05";"2026-02-10"
"G03959";"Turner Adams";"Spain";403;200.0;192.39;"2026-05-04";"2026-05-08"
"G03960";"Bell Campbell";"USA";123;50.0;31.72;"2026-02-05";"2026-02-07"
"G03961";"Murphy Roberts";"UK";428;150.0;61.78;"2026-06-25";"2026-06-27"
"G03962";"Cook Hussain";"Nigeria";512;200.0;40.22;"2026-06-13";"2026-06-15"
"G03963";"Collins Nelson";"UK";204;0.0;0.0;"2026-02-12";"2026-02-19"
"G03964";"Green Lewis";"France";123;0.0;0.0;"2026-05-09";"2026-05-13"
"G03965";"Walker Shah";"USA";229;100.0;32.02;"2026-04-23";"2026-04-30"
"G03966";"Campbell Perez";"UK";323;200.0;76.49;"2026-01-16";"2026-01-23"
"G03968";"Clark Boateng";"UK";418;50.0;46.54;"2026-03-12";"2026-03-14"
"G03969";"Evans Thompson";"Nigeria";214;150.0;101.33;"2026-03-09";"2026-03-12"
"G03970";"Davies Adams";"UK";213;100.0;103.91;"2026-06-21";"2026-06-22"
"G03971";"Ahmed Taylor";"UK";323;50.0;12.62;"2026-01-10";"2026-01-12"
"G03972";"Mitchell Phillips";"France";332;0.0;0.0;"2026-05-09";"2026-05-12"
"G03973";"Anderson Reid";"UK";321;100.0;115.61;"2026-01-30";"2026-02-01"
"G03974";"Roberts Hussain";"USA";123;200.0;207.67;"2026-05-21";"2026-05-23"
"G03975";"Walker Perez";"UK";415;200.0;222.38;"2026-02-22";"2026-02-24"
"G03976";"Clark Turner";"Germany";104;150.0;44.95;"2026-05-31";"2026-06-04"
"G03977";"Miller Perez";"USA";514;150.0;29.04;"2026-02-16";"2026-02-17"
"G03978";"Stewart Hussain";"South Korea";404;100.0;70.82;"2026-02-06";"2026-02-07"
"G03979";"Stewart Reid";"Germany";418;200.0;219.31;"2026-03-12";"2026-03-15"
"G03980";"Garcia Baker";"USA";203;100.0;65.36;"2026-05-05";"2026-05-10"
"G03981";"Roberts Boateng";"Spain";420;150.0;9.59;"2026-02-23";"2026-02-24"
"G03982";"Miller Young";"Canada";320;150.0;78.76;"2026-02-26";"2026-02-27"
"G03983";"Stewart Boateng";"USA";521;0.0;0.0;"2026-06-07";"2026-06-11"
"G03984";"Phillips Phillips";"UK";419;200.0;71.72;"2026-02-23";"2026-02-26"
"G03985";"Turner Bernard";"UK";315;100.0;3.83;"2026-05-21";"2026-05-25"
"G03986";"Phillips Campbell";"Germany";115;200.0;224.81;"2026-02-04";"2026-02-08"
"G03987";"Brown Murphy";"UK";328;0.0;0.0;"2026-03-11";"2026-03-13"
"G03988";"Perez Baker";"USA";212;0.0;0.0;"2026-03-25";"2026-03-28"
"G03990";"Brown Parker";"Ghana";532;200.0;153.71;"2026-04-10";"2026-04-12"
"G03991";"Rogers Adeyemi";"Nigeria";411;100.0;40.69;"2026-04-22";"2026-04-24"
"G03992";"Rogers Kim";"UK";420;200.0;36.28;"2026-02-02";"2026-02-03"
"G03993";"Baker Rahman";"Ireland";407;100.0;107.1;"2026-06-29";"2026-06-30"
"G03994";"Brown Wright";"France";504;0.0;0.0;"2026-03-23";"2026-03-29"
"G03995";"Davies Thompson";"UK";523;200.0;190.24;"2026-06-16";"2026-06-19"
"G03996";"Campbell Green";"South Korea";212;50.0;57.03;"2026-02-02";"2026-02-08"
"G03997";"Morgan Reid";"UK";301;0.0;0.0;"2026-05-01";"2026-05-03"
"G03998";"Smith Adams";"USA";401;50.0;58.93;"2026-06-13";"2026-06-16"
"G03999";"Clark Bernard";"France";320;0.0;0.0;"2026-01-09";"2026-01-11"
"G04000";"Edwards Green";"UK";403;150.0;13.68;"2026-02-22";"2026-02-25"
"G04001";"Stewart Murphy";"UK";508;0.0;0.0;"2026-01-27";"2026-01-30"
"G04002";"Johnson Hussain";"Ghana";203;200.0;24.02;"2026-06-11";"2026-06-14"
"G04003";"Garcia Turner";"Canada";521;100.0;14.24;"2026-06-06";"2026-06-09"
"G04004";"Okafor Wilson";"UK";325;200.0;13.25;"2026-02-02";"2026-02-05"
"G04005";"Mitchell Roberts";"UK";419;150.0;137.71;"2026-06-02";"2026-06-05"
"G04006";"Carter Mitchell";"UK";412;150.0;20.02;"2026-01-06";"2026-01-08"
"G04007";"Perez Perez";"Spain";525;200.0;218.72;"2026-06-03";"2026-06-07"
"G04008";"Cook Bernard";"UK";509;200.0;41.64;"2026-04-18";"2026-04-21"
"G04009";"Miller Carter";"UK";333;100.0;99.85;"2026-03-12";"2026-03-17"
"G04010";"Phillips Adams";"Nigeria";525;150.0;16.05;"2026-04-22";"2026-04-28"
"G04011";"Miller Baker";"France";306;200.0;36.35;"2026-01-25";"2026-01-26"
"G04012";"Williams Bernard";"UK";233;200.0;118.38;"2026-03-12";"2026-03-14"
"G04013";"Stewart Mitchell";"UK";132;0.0;0.0;"2026-04-19";"2026-04-22"
"G04014";"Lee Taylor";"UK";332;50.0;51.02;"2026-03-14";"2026-03-15"
"G04015";"Brown Taylor";"UK";418;100.0;78.13;"2026-01-29";"2026-01-31"
"G04016";"Brown Parker";"Ireland";228;0.0;0.0;"2026-03-18";"2026-03-22"
"G04017";"Miller Mitchell";"USA";328;150.0;7.24;"2026-05-13";"2026-05-17"
"G04018";"Taylor Kim";"UK";212;150.0;109.75;"2026-06-22";"2026-06-27"
"G04019";"Miller King";"Spain";414;50.0;51.67;"2026-04-27";"2026-04-29"
"G04020";"Patel Jones";"USA";126;50.0;57.16;"2026-01-30";"2026-01-31"
"G04021";"Bell Wilson";"UK";125;100.0;63.09;"2026-03-05";"2026-03-06"
"G04022";"Phillips Parker";"UK";231;0.0;0.0;"2026-04-21";"2026-04-23"
"G04023";"Johnson King";"Italy";333;150.0;56.41;"2026-02-17";"2026-02-19"
"G04024";"Morris Carter";"USA";326;100.0;24.05;"2026-04-06";"2026-04-08"
"G04025";"Cooper Scott";"USA";113;100.0;42.95;"2026-01-19";"2026-01-20"
"G04026";"Parker Young";"Ghana";414;0.0;0.0;"2026-01-17";"2026-01-18"
"G04027";"Miller Murphy";"South Korea";513;200.0;158.0;"2026-05-28";"2026-06-01"
"G04028";"Patel Wilson";"Spain";334;200.0;77.8;"2026-02-16";"2026-02-19"
"G04029";"Wilson Hall";"Nigeria";403;0.0;87.89;"2026-01-05";"2026-01-06"
"G04030";"Evans Reid";"USA";117;200.0;71.57;"2026-06-07";"2026-06-09"
"G04031";"Khan White";"UK";120;50.0;46.45;"2026-01-12";"2026-01-14"
"G04032";"Ahmed Boateng";"Spain";134;50.0;50.99;"2026-02-24";"2026-02-26"
"G04033";"Walker Baker";"Ghana";326;0.0;0.0;"2026-06-04";"2026-06-08"
"G04034";"Thomas Jones";"UK";302;100.0;92.29;"2026-02-07";"2026-02-10"
"G04035";"Young Jones";"Germany";313;100.0;99.02;"2026-03-29";"2026-03-30"
"G04036";"Carter Davis";"South Korea";426;50.0;36.26;"2026-06-05";"2026-06-10"
"G04037";"Parker Nelson";"Ghana";202;200.0;191.11;"2026-04-21";"2026-04-28"
"G04038";"Smith Davis";"Spain";209;200.0;140.07;"2026-04-08";"2026-04-13"
"G04039";"Taylor King";"USA";306;150.0;28.52;"2026-05-24";"2026-05-28"
"G04040";"Turner Walker";"Spain";518;200.0;165.45;"2026-05-23";"2026-05-29"
"G04041";"Young Adeyemi";"UK";110;100.0;89.32;"2026-02-10";"2026-02-14"
"G04043";"Davies Hall";"UK";316;100.0;10.69;"2026-01-21";"2026-01-23"
"G04044";"Murphy Martinez";"France";419;200.0;83.58;"2026-06-24";"2026-06-26"
"G04045";"Khan Wright";"UK";101;0.0;0.0;"2026-01-23";"2026-01-27"
"G04046";"Young Walker";"Ghana";510;0.0;58.68;"2026-05-10";"2026-05-13"
"G04047";"Carter Martinez";"UK";321;150.0;100.4;"2026-04-10";"2026-04-12"
"G04048";"Johnson Jones";"UK";505;50.0;38.55;"2026-03-25";"2026-03-30"
"G04049";"Martin Roberts";"Netherlands";109;100.0;24.16;"2026-05-16";"2026-05-17"
"G04050";"Adebayo Young";"France";534;200.0;223.46;"2026-05-09";"2026-05-12"
"G04051";"Young Green";"UK";517;100.0;74.33;"2026-03-13";"2026-03-17"
"G04052";"Nelson Hussain";"USA";523;150.0;104.63;"2026-05-19";"2026-05-21"
"G04053";"King Phillips";"Nigeria";509;100.0;50.91;"2026-06-07";"2026-06-09"
"G04054";"Young Green";"Germany";311;200.0;69.29;"2026-01-04";"2026-01-05"
"G04056";"Hall Campbell";"Germany";106;50.0;14.35;"2026-02-18";"2026-02-20"
"G04057";"Evans Reid";"USA";431;100.0;15.5;"2026-04-30";"2026-05-02"
"G04058";"Lee Adams";"South Korea";214;100.0;83.48;"2026-03-27";"2026-03-29"
"G04059";"Adebayo Martinez";"Italy";434;100.0;101.25;"2026-02-03";"2026-02-07"
"G04060";"Stewart Bernard";"USA";217;200.0;42.36;"2026-03-19";"2026-03-22"
"G04061";"Cooper Thompson";"Ghana";212;100.0;73.92;"2026-06-23";"2026-06-27"
"G04062";"Evans Taylor";"UK";133;0.0;5.42;"2026-06-09";"2026-06-11"
"G04063";"Bell Reid";"Germany";426;0.0;0.0;"2026-01-14";"2026-01-16"
"G04064";"Mitchell Evans";"UK";402;0.0;48.93;"2026-04-06";"2026-04-07"
"G04065";"Ali Boateng";"Nigeria";234;100.0;29.86;"2026-04-06";"2026-04-10"
"G04066";"Parker Roberts";"USA";219;100.0;106.72;"2026-03-14";"2026-03-17"
"G04067";"Edwards Adeyemi";"Nigeria";408;150.0;16.05;"2026-01-23";"2026-01-27"
"G04068";"Adams Campbell";"Ghana";412;100.0;70.39;"2026-05-05";"2026-05-09"
"G04069";"Martin Campbell";"UK";426;100.0;14.81;"2026-03-22";"2026-03-24"
"G04070";"Cooper Adams";"UK";118;200.0;160.48;"2026-05-13";"2026-05-14"
"G04071";"Edwards Nelson";"Italy";129;100.0;12.3;"2026-05-06";"2026-05-08"
"G04072";"Bailey Murphy";"UK";534;50.0;15.48;"2026-06-03";"2026-06-07"
"G04073";"Ahmed Boateng";"UK";427;0.0;0.0;"2026-01-04";"2026-01-07"
"G04074";"Hall Nelson";"USA";232;0.0;0.0;"2026-01-03";"2026-01-05"
"G04075";"Adams Parker";"Nigeria";132;0.0;80.22;"2026-02-23";"2026-02-26"
"G04076";"Morgan Phillips";"UK";128;200.0;165.81;"2026-05-18";"2026-05-22"
"G04077";"Mitchell Hussain";"USA";422;100.0;64.51;"2026-06-24";"2026-06-27"
"G04078";"Wright Rahman";"Nigeria";302;200.0;126.16;"2026-03-15";"2026-03-18"
"G04079";"Baker Murphy";"Ghana";221;200.0;216.76;"2026-02-23";"2026-02-26"
"G04080";"Bell Martinez";"USA";528;200.0;96.03;"2026-03-12";"2026-03-19"
"G04081";"Wright Bernard";"UK";302;150.0;36.23;"2026-02-26";"2026-02-27"
"G04082";"Adebayo Turner";"USA";311;100.0;4.1;"2026-04-07";"2026-04-11"
"G04083";"Martin Jones";"Germany";127;200.0;2.23;"2026-01-14";"2026-01-17"
"G04084";"Anderson Jones";"UK";121;150.0;24.36;"2026-06-11";"2026-06-18"
"G04085";"Baker Adams";"UK";230;200.0;235.07;"2026-03-30";"2026-04-04"
"G04086";"Clark Rahman";"UK";332;150.0;155.57;"2026-01-09";"2026-01-12"
"G04087";"Ali Walker";"South Korea";410;200.0;225.08;"2026-04-04";"2026-04-07"
"G04088";"Taylor Carter";"Spain";122;150.0;113.21;"2026-02-11";"2026-02-14"
"G04089";"Roberts Harris";"France";312;100.0;64.52;"2026-01-22";"2026-01-24"
"G04090";"Bell Scott";"France";307;0.0;0.0;"2026-03-09";"2026-03-12"
"G04091";"Murphy Evans";"Ireland";234;100.0;37.85;"2026-01-30";"2026-02-02"
"G04092";"Parker White";"USA";117;0.0;69.29;"2026-04-21";"2026-04-28"
"G04093";"Parker Evans";"UK";121;200.0;221.53;"2026-03-14";"2026-03-15"
"G04094";"Carter Turner";"Nigeria";329;200.0;11.16;"2026-01-30";"2026-02-01"
"G04095";"Turner Hall";"USA";413;0.0;0.0;"2026-02-12";"2026-02-14"
"G04096";"Wright Taylor";"South Korea";305;200.0;43.59;"2026-04-08";"2026-04-10"
"G04097";"Wilson Reid";"France";303;150.0;74.53;"2026-03-20";"2026-03-21"
"G04098";"Parker King";"USA";232;150.0;120.42;"2026-03-05";"2026-03-10"
"G04099";"Patel King";"Ghana";514;0.0;0.0;"2026-03-19";"2026-03-22"
"G04100";"Edwards Walker";"USA";106;0.0;0.0;"2026-03-15";"2026-03-16"
"G04101";"Campbell Adams";"Germany";222;100.0;64.38;"2026-05-23";"2026-05-25"
"G04102";"Roberts Martinez";"USA";302;0.0;0.0;"2026-06-11";"2026-06-14"
"G04103";"Collins Bernard";"France";208;200.0;185.53;"2026-06-08";"2026-06-14"
"G04104";"Hall Lewis";"Ireland";122;150.0;65.09;"2026-03-30";"2026-04-03"
"G04105";"Okafor Lewis";"Ghana";217;150.0;19.44;"2026-04-08";"2026-04-09"
"G04106";"Morgan White";"USA";201;150.0;162.76;"2026-03-13";"2026-03-14"
"G04107";"Walker Parker";"USA";402;100.0;10.97;"2026-01-09";"2026-01-10"
"G04108";"Johnson Adams";"Germany";118;200.0;112.25;"2026-04-16";"2026-04-20"
"G04109";"Ahmed Murphy";"Nigeria";324;100.0;104.34;"2026-05-19";"2026-05-21"
"G04110";"Wright Adams";"Nigeria";516;150.0;101.12;"2026-03-27";"2026-03-30"
"G04111";"Morris Davis";"UK";130;150.0;156.72;"2026-05-31";"2026-06-04"
"G04112";"Roberts Adams";"UK";315;200.0;157.03;"2026-04-06";"2026-04-08"
"G04113";"Brown White";"UK";208;50.0;47.75;"2026-04-08";"2026-04-10"
"G04114";"Garcia King";"Germany";307;150.0;114.21;"2026-01-03";"2026-01-06"
"G04115";"Patel Evans";"UK";504;0.0;0.0;"2026-03-11";"2026-03-13"
"G04116";"Smith Harris";"UK";330;150.0;131.18;"2026-05-08";"2026-05-10"
"G04117";"Mensah Lewis";"UK";509;0.0;23.86;"2026-04-14";"2026-04-17"
"G04118";"Johnson Mitchell";"UK";321;0.0;0.0;"2026-04-16";"2026-04-18"
"G04119";"Khan Ahmed";"UK";106;200.0;5.75;"2026-06-18";"2026-06-21"
"G04120";"Mensah Carter";"Germany";518;100.0;54.8;"2026-01-04";"2026-01-07"
"G04121";"Thomas Hussain";"France";516;50.0;23.08;"2026-03-30";"2026-04-02"
"G04122";"Nelson Shah";"USA";124;100.0;112.8;"2026-01-21";"2026-01-26"
"G04123";"Garcia Young";"UK";501;0.0;7.14;"2026-02-01";"2026-02-04"
"G04124";"Khan White";"UK";232;150.0;59.69;"2026-01-03";"2026-01-05"
"G04125";"Clark Scott";"Ghana";505;100.0;34.47;"2026-02-01";"2026-02-03"
"G04126";"Garcia Nwosu";"UK";520;100.0;116.16;"2026-04-14";"2026-04-18"
"G04127";"Stewart Rahman";"UK";533;150.0;27.7;"2026-06-11";"2026-06-14"
"G04128";"Phillips Young";"UK";204;0.0;0.0;"2026-03-13";"2026-03-14"
"G04129";"Patel Davis";"UK";532;100.0;117.24;"2026-04-10";"2026-04-11"
"G04130";"Clark Campbell";"Ghana";213;100.0;87.65;"2026-03-15";"2026-03-18"
"G04131";"Patel Ahmed";"France";227;100.0;104.63;"2026-02-23";"2026-02-27"
"G04132";"Morgan Harris";"Germany";502;0.0;0.0;"2026-04-23";"2026-04-26"
"G04133";"Parker Campbell";"UK";401;50.0;29.39;"2026-04-30";"2026-05-02"
"G04134";"Thomas Hussain";"Canada";329;0.0;0.0;"2026-05-16";"2026-05-19"
"G04135";"Ali Bernard";"Spain";524;50.0;4.52;"2026-02-09";"2026-02-12"
"G04136";"Johnson Scott";"UK";108;150.0;85.58;"2026-05-12";"2026-05-14"
"G04137";"Campbell Roberts";"USA";225;200.0;158.91;"2026-04-17";"2026-04-19"
"G04138";"King Evans";"Ghana";422;0.0;0.0;"2026-05-23";"2026-05-27"
"G04140";"Edwards King";"Italy";113;200.0;211.43;"2026-03-12";"2026-03-16"
"G04141";"Green Phillips";"UK";228;50.0;28.58;"2026-02-19";"2026-02-22"
"G04142";"Young Ahmed";"Ghana";103;0.0;0.0;"2026-03-11";"2026-03-15"
"G04143";"Evans Adeyemi";"Spain";215;100.0;82.69;"2026-05-22";"2026-05-27"
"G04144";"Ali Adeyemi";"USA";401;0.0;0.0;"2026-01-13";"2026-01-18"
"G04145";"Khan Taylor";"UK";332;100.0;40.48;"2026-05-03";"2026-05-06"
"G04146";"Cook Phillips";"France";115;0.0;0.0;"2026-01-01";"2026-01-06"
"G04147";"Walker Jones";"Ireland";420;100.0;55.2;"2026-05-12";"2026-05-15"
"G04148";"Garcia Shah";"UK";214;50.0;32.79;"2026-05-01";"2026-05-03"
"G04149";"Johnson Moore";"Italy";433;150.0;127.69;"2026-01-15";"2026-01-18"
"G04150";"Davies Carter";"UK";315;150.0;3.71;"2026-04-12";"2026-04-13"
"G04151";"Khan Boateng";"UK";201;100.0;101.46;"2026-05-17";"2026-05-18"
"G04152";"Carter Hussain";"Germany";130;100.0;58.36;"2026-04-12";"2026-04-17"
"G04153";"King Wright";"UK";514;50.0;31.78;"2026-03-25";"2026-03-27"
"G04154";"Wilson Carter";"Germany";325;200.0;229.66;"2026-04-29";"2026-05-01"
"G04155";"Mitchell Boateng";"UK";101;0.0;0.0;"2026-01-25";"2026-01-28"
"G04156";"Ali Wilson";"UK";125;100.0;112.14;"2026-05-15";"2026-05-20"
"G04157";"Smith Rahman";"UK";134;100.0;90.43;"2026-01-13";"2026-01-14"
"G04158";"Roberts White";"UK";504;100.0;33.86;"2026-05-17";"2026-05-19"
"G04159";"Walker Bernard";"UK";422;0.0;0.0;"2026-05-26";"2026-06-01"
"G04160";"Garcia Turner";"Spain";229;100.0;94.22;"2026-01-02";"2026-01-03"
"G04161";"Cook Hussain";"UK";525;150.0;32.59;"2026-04-24";"2026-04-25"
"G04162";"Phillips Nwosu";"UK";218;0.0;0.0;"2026-02-20";"2026-02-22"
"G04163";"Phillips Shah";"Canada";518;0.0;0.0;"2026-05-19";"2026-05-25"
"G04164";"Murphy King";"UK";121;0.0;0.0;"2026-02-25";"2026-02-28"
"G04165";"Miller Perez";"UK";525;0.0;0.0;"2026-05-15";"2026-05-18"
"G04166";"Adebayo Reid";"UK";123;100.0;59.64;"2026-02-25";"2026-02-27"
"G04167";"Ahmed Turner";"Nigeria";111;150.0;14.42;"2026-06-06";"2026-06-11"
"G04168";"Rogers Bernard";"UK";102;200.0;139.6;"2026-03-04";"2026-03-05"
"G04169";"Morris Rahman";"USA";107;200.0;84.31;"2026-04-08";"2026-04-11"
"G04170";"Adams Lewis";"Nigeria";221;100.0;59.93;"2026-02-21";"2026-02-25"
"G04171";"Hall Perez";"UK";114;0.0;0.0;"2026-05-19";"2026-05-26"
"G04172";"Turner Hussain";"UK";531;100.0;114.38;"2026-02-16";"2026-02-18"
"G04173";"Cooper Baker";"USA";128;100.0;90.89;"2026-03-20";"2026-03-21"
"G04174";"Anderson Hussain";"UK";124;100.0;77.71;"2026-05-04";"2026-05-07"
"G04175";"Anderson Shah";"USA";434;100.0;24.34;"2026-03-06";"2026-03-08"
"G04176";"Roberts Mitchell";"USA";533;100.0;98.86;"2026-01-15";"2026-01-17"
"G04177";"Ali Martinez";"UK";333;200.0;2.31;"2026-06-12";"2026-06-14"
"G04178";"Wilson White";"Nigeria";224;100.0;36.97;"2026-04-09";"2026-04-12"
"G04180";"Mitchell Shah";"UK";326;150.0;55.8;"2026-01-29";"2026-02-02"
"G04181";"Patel Murphy";"UK";209;150.0;109.31;"2026-04-17";"2026-04-19"
"G04182";"Baker Wilson";"UK";402;100.0;115.12;"2026-01-07";"2026-01-10"
"G04183";"Evans Rahman";"Germany";328;150.0;56.97;"2026-01-05";"2026-01-08"
"G04184";"Bailey Moore";"Canada";114;0.0;73.34;"2026-06-14";"2026-06-16"
"G04185";"Miller Reid";"USA";310;150.0;114.92;"2026-06-13";"2026-06-19"
"G04186";"Edwards Moore";"Ireland";304;200.0;158.41;"2026-01-19";"2026-01-21"
"G04187";"Carter Davis";"Nigeria";319;150.0;156.88;"2026-04-08";"2026-04-11"
"G04190";"Cook Wilson";"UK";506;200.0;44.56;"2026-03-11";"2026-03-13"
"G04191";"Brown Evans";"USA";404;0.0;0.0;"2026-04-13";"2026-04-19"
"G04192";"Carter Campbell";"France";424;150.0;67.2;"2026-02-21";"2026-02-22"
"G04193";"Ahmed Phillips";"Ghana";526;100.0;72.87;"2026-03-05";"2026-03-10"
"G04194";"Nelson Reid";"Nigeria";103;150.0;160.48;"2026-02-04";"2026-02-07"
"G04195";"Morris Adams";"UK";118;100.0;50.38;"2026-05-27";"2026-05-29"
"G04196";"Carter Murphy";"Italy";106;200.0;37.72;"2026-04-21";"2026-04-24"
"G04197";"Bell Scott";"Spain";108;100.0;52.92;"2026-04-05";"2026-04-09"
"G04198";"Parker Hussain";"Spain";307;100.0;41.23;"2026-05-25";"2026-05-26"
"G04199";"Patel Roberts";"UK";413;150.0;122.75;"2026-05-28";"2026-06-02"
"G04200";"Smith Young";"USA";404;0.0;0.0;"2026-04-29";"2026-04-30"
"G04201";"Murphy Murphy";"UK";202;150.0;14.7;"2026-06-07";"2026-06-09"
"G04202";"Carter Reid";"UK";428;150.0;111.01;"2026-04-25";"2026-04-29"
"G04203";"Parker Perez";"France";305;200.0;64.06;"2026-06-06";"2026-06-07"
"G04204";"Bell Rahman";"UK";308;50.0;24.44;"2026-05-02";"2026-05-03"
"G04205";"Ahmed Lewis";"USA";202;100.0;20.33;"2026-06-11";"2026-06-13"
"G04206";"Collins Young";"France";307;150.0;133.66;"2026-02-28";"2026-03-03"
"G04207";"Taylor Taylor";"Netherlands";304;150.0;162.5;"2026-02-28";"2026-03-04"
"G04208";"Stewart Adams";"USA";102;150.0;35.14;"2026-03-23";"2026-03-24"
"G04209";"Cook Evans";"UK";504;150.0;88.11;"2026-03-14";"2026-03-17"
"G04210";"Wilson Perez";"Spain";113;200.0;216.03;"2026-06-06";"2026-06-07"
"G04211";"Williams Ahmed";"Canada";403;100.0;89.92;"2026-04-02";"2026-04-07"
"G04212";"Brown King";"Spain";532;100.0;65.22;"2026-06-22";"2026-06-27"
"G04213";"Martin Thompson";"Ghana";423;150.0;71.85;"2026-04-04";"2026-04-08"
"G04214";"Martin Campbell";"UK";131;200.0;8.78;"2026-04-04";"2026-04-10"
"G04215";"Davies Wilson";"USA";516;150.0;161.54;"2026-05-12";"2026-05-14"
"G04216";"Campbell Carter";"UK";114;0.0;0.0;"2026-02-28";"2026-03-03"
"G04217";"Anderson Wilson";"UK";507;150.0;35.94;"2026-04-01";"2026-04-03"
"G04218";"Perez Perez";"USA";228;200.0;193.41;"2026-06-26";"2026-06-28"
"G04219";"Taylor Bernard";"Italy";133;0.0;42.46;"2026-06-29";"2026-06-30"
"G04220";"Phillips Shah";"USA";301;200.0;204.37;"2026-04-28";"2026-05-05"
"G04221";"Wright Hall";"France";220;150.0;125.99;"2026-03-22";"2026-03-24"
"G04223";"Patel Roberts";"Canada";317;150.0;159.85;"2026-04-17";"2026-04-22"
"G04224";"Perez Taylor";"UK";332;150.0;135.24;"2026-02-09";"2026-02-12"
"G04225";"Mensah Taylor";"Spain";519;0.0;0.0;"2026-06-29";"2026-06-30"
"G04226";"Rogers White";"Netherlands";405;100.0;55.37;"2026-05-21";"2026-05-23"
"G04227";"Lee Green";"Nigeria";401;150.0;109.54;"2026-06-11";"2026-06-16"
"G04228";"Turner Harris";"UK";101;150.0;101.43;"2026-05-22";"2026-05-25"
"G04229";"Nelson Martinez";"Canada";507;200.0;213.07;"2026-03-17";"2026-03-19"
"G04230";"Miller Adeyemi";"USA";515;100.0;68.18;"2026-02-08";"2026-02-09"
"G04231";"Adams Green";"USA";210;100.0;82.82;"2026-05-29";"2026-06-04"
"G04232";"Mitchell Baker";"Netherlands";418;150.0;85.4;"2026-01-13";"2026-01-16"
"G04233";"Martin Adams";"USA";303;50.0;27.9;"2026-02-15";"2026-02-19"
"G04234";"Davies Harris";"Ghana";309;100.0;50.36;"2026-01-07";"2026-01-10"
"G04235";"Parker King";"Ireland";234;100.0;2.8;"2026-05-13";"2026-05-16"
"G04236";"Adebayo Roberts";"UK";106;150.0;152.28;"2026-03-07";"2026-03-13"
"G04237";"Okafor Walker";"USA";412;200.0;52.93;"2026-05-21";"2026-05-22"
"G04239";"Cooper Walker";"Canada";518;200.0;153.01;"2026-06-16";"2026-06-18"
"G04240";"Clark Bernard";"USA";433;100.0;106.3;"2026-01-13";"2026-01-14"
"G04241";"Clark Harris";"Ireland";331;50.0;31.59;"2026-02-19";"2026-02-20"
"G04242";"Garcia Lewis";"USA";233;0.0;25.49;"2026-03-03";"2026-03-04"
"G04243";"Garcia Nelson";"USA";502;200.0;197.79;"2026-03-07";"2026-03-09"
"G04244";"Morris Young";"USA";217;200.0;208.07;"2026-02-21";"2026-02-25"
"G04245";"Mensah Lewis";"UK";327;100.0;88.37;"2026-03-19";"2026-03-21"
"G04247";"Ahmed Bernard";"USA";324;150.0;171.04;"2026-05-19";"2026-05-23"
"G04248";"Okafor Martinez";"UK";407;0.0;0.0;"2026-02-09";"2026-02-10"
"G04249";"Clark Adams";"France";318;200.0;13.08;"2026-05-21";"2026-05-23"
"G04250";"Cooper Roberts";"Spain";213;0.0;0.0;"2026-04-24";"2026-04-27"
"G04251";"Cook Mitchell";"USA";428;100.0;31.23;"2026-03-12";"2026-03-15"
"G04252";"Thomas Hussain";"Ghana";203;200.0;6.13;"2026-01-22";"2026-01-25"
"G04253";"Ahmed Thompson";"South Korea";127;150.0;173.44;"2026-01-25";"2026-01-28"
"G04254";"Carter Lewis";"Ireland";321;150.0;32.2;"2026-03-05";"2026-03-12"
"G04255";"Clark Young";"UK";111;100.0;78.17;"2026-05-30";"2026-05-31"
"G04256";"Wilson Harris";"UK";319;100.0;77.1;"2026-01-16";"2026-01-23"
"G04257";"Adams Walker";"UK";323;100.0;45.5;"2026-04-26";"2026-04-29"
"G04258";"Williams Bernard";"Spain";129;150.0;165.48;"2026-01-12";"2026-01-17"
"G04259";"Parker Nelson";"Spain";528;200.0;102.78;"2026-04-14";"2026-04-17"
"G04260";"Edwards Walker";"UK";432;50.0;53.82;"2026-01-10";"2026-01-11"
"G04261";"Murphy Reid";"UK";232;100.0;9.49;"2026-04-19";"2026-04-23"
"G04262";"Collins Rahman";"UK";233;50.0;24.34;"2026-03-10";"2026-03-13"
"G04263";"Roberts Lewis";"France";404;0.0;92.08;"2026-05-15";"2026-05-17"
"G04264";"Nelson King";"South Korea";514;150.0;144.33;"2026-01-17";"2026-01-19"
"G04265";"Walker Reid";"UK";527;0.0;0.0;"2026-05-08";"2026-05-10"
"G04266";"Cook Boateng";"UK";414;200.0;127.57;"2026-02-16";"2026-02-20"
"G04268";"Anderson Wright";"UK";512;150.0;34.83;"2026-03-07";"2026-03-09"
"G04269";"Green Campbell";"UK";426;200.0;81.71;"2026-05-13";"2026-05-16"
"G04270";"Mensah Walker";"UK";515;0.0;0.0;"2026-06-27";"2026-06-30"
"G04271";"Nelson Taylor";"Ghana";131;150.0;153.13;"2026-03-13";"2026-03-20"
"G04272";"Morris Ahmed";"USA";109;150.0;64.66;"2026-06-22";"2026-06-26"
"G04273";"Mensah Rahman";"Ireland";102;100.0;12.07;"2026-02-27";"2026-03-03"
"G04274";"Stewart Green";"Nigeria";512;150.0;157.9;"2026-02-05";"2026-02-08"
"G04275";"Rogers Boateng";"Spain";321;200.0;103.08;"2026-03-30";"2026-04-01"
"G04276";"Wilson Campbell";"UK";525;100.0;43.64;"2026-03-13";"2026-03-20"
"G04277";"Thomas Reid";"USA";415;0.0;43.64;"2026-04-24";"2026-04-25"
"G04278";"Morris King";"Nigeria";314;200.0;89.81;"2026-02-16";"2026-02-18"
"G04279";"Morris Adams";"UK";431;150.0;89.63;"2026-01-22";"2026-01-24"
"G04280";"Rogers Nelson";"France";226;0.0;0.0;"2026-04-08";"2026-04-14"
"G04281";"Lee Moore";"UK";432;50.0;6.22;"2026-04-13";"2026-04-16"
"G04282";"Clark Nwosu";"South Korea";434;200.0;49.4;"2026-06-02";"2026-06-06"
"G04283";"Stewart Jones";"Spain";205;200.0;117.73;"2026-06-06";"2026-06-09"
"G04284";"Cook Nelson";"Nigeria";504;150.0;141.81;"2026-03-02";"2026-03-05"
"G04285";"Nelson Ahmed";"UK";306;100.0;51.33;"2026-04-21";"2026-04-22"
"G04286";"Cook Carter";"France";426;150.0;37.23;"2026-04-21";"2026-04-24"
"G04287";"Clark Green";"UK";205;0.0;82.56;"2026-02-20";"2026-02-21"
"G04288";"Cooper Young";"Ghana";420;200.0;41.47;"2026-06-14";"2026-06-20"
"G04289";"Parker Nelson";"South Korea";419;200.0;58.88;"2026-03-15";"2026-03-16"
"G04290";"Morris King";"UK";122;0.0;0.0;"2026-01-16";"2026-01-20"
"G04291";"Parker Davis";"USA";221;200.0;137.59;"2026-03-09";"2026-03-12"
"G04292";"Baker Jones";"South Korea";220;100.0;28.93;"2026-01-22";"2026-01-24"
"G04293";"Thomas Young";"Canada";307;100.0;45.12;"2026-01-21";"2026-01-25"
"G04294";"Roberts Roberts";"UK";509;200.0;115.87;"2026-06-23";"2026-06-25"
"G04295";"Phillips Nelson";"Netherlands";221;100.0;30.81;"2026-06-18";"2026-06-21"
"G04296";"Morgan Ahmed";"UK";213;200.0;138.79;"2026-02-15";"2026-02-17"
"G04297";"Perez White";"USA";215;50.0;51.14;"2026-05-30";"2026-06-04"
"G04298";"Perez Mitchell";"Spain";415;150.0;93.1;"2026-01-16";"2026-01-18"
"G04299";"Bailey Hall";"France";231;150.0;108.92;"2026-04-14";"2026-04-15"
"G04300";"Nelson Baker";"Nigeria";325;50.0;28.74;"2026-03-11";"2026-03-16"
"G04301";"Cooper Walker";"UK";228;150.0;59.55;"2026-02-03";"2026-02-09"
"G04302";"Bailey Phillips";"USA";418;150.0;74.72;"2026-05-14";"2026-05-15"
"G04303";"Clark Nelson";"Nigeria";104;150.0;105.81;"2026-01-09";"2026-01-11"
"G04304";"Murphy King";"Canada";315;100.0;66.31;"2026-02-17";"2026-02-18"
"G04305";"Stewart Hussain";"UK";333;100.0;112.28;"2026-05-01";"2026-05-02"
"G04306";"Lee Hall";"UK";505;100.0;48.48;"2026-04-12";"2026-04-14"
"G04307";"Phillips Ahmed";"Germany";218;0.0;0.0;"2026-01-03";"2026-01-04"
"G04308";"Khan Turner";"Spain";324;0.0;0.0;"2026-03-29";"2026-04-01"
"G04309";"Turner Green";"UK";101;100.0;69.77;"2026-03-20";"2026-03-23"
"G04310";"Parker Parker";"Canada";424;150.0;123.88;"2026-05-06";"2026-05-07"
"G04311";"Patel Murphy";"Ghana";532;200.0;202.71;"2026-05-01";"2026-05-02"
"G04312";"Brown Baker";"Spain";517;100.0;50.19;"2026-03-04";"2026-03-06"
"G04313";"Walker Murphy";"UK";317;200.0;60.3;"2026-06-22";"2026-06-24"
"G04314";"Wright Murphy";"Germany";523;0.0;0.0;"2026-01-16";"2026-01-19"
"G04315";"Patel Martinez";"USA";502;200.0;151.15;"2026-03-04";"2026-03-10"
"G04316";"King Young";"UK";102;200.0;66.16;"2026-03-27";"2026-03-29"
"G04318";"Wright Harris";"Spain";528;150.0;114.28;"2026-03-27";"2026-04-01"
"G04319";"Evans Adams";"UK";401;100.0;59.28;"2026-06-15";"2026-06-16"
"G04320";"Morris Jones";"USA";426;150.0;98.8;"2026-03-07";"2026-03-09"
"G04321";"Miller Wilson";"UK";225;200.0;202.14;"2026-03-28";"2026-03-31"
"G04322";"Nelson Taylor";"Ghana";125;100.0;33.2;"2026-04-19";"2026-04-24"
"G04323";"Nelson Kim";"Nigeria";103;0.0;0.0;"2026-01-08";"2026-01-10"
"G04324";"Phillips Murphy";"UK";120;100.0;25.89;"2026-03-27";"2026-03-29"
"G04325";"Baker Wilson";"USA";318;0.0;0.0;"2026-05-18";"2026-05-23"
"G04326";"Taylor Davis";"USA";213;100.0;96.9;"2026-04-19";"2026-04-23"
"G04327";"Johnson Perez";"Ghana";320;200.0;143.29;"2026-02-22";"2026-02-26"
"G04328";"Perez Hall";"Germany";311;200.0;151.61;"2026-01-16";"2026-01-18"
"G04329";"Anderson Perez";"Ireland";215;100.0;1.03;"2026-02-24";"2026-02-25"
"G04330";"Stewart Bernard";"USA";209;200.0;120.52;"2026-03-26";"2026-04-02"
"G04331";"Miller Bernard";"Ireland";431;200.0;106.25;"2026-05-15";"2026-05-20"
"G04332";"Anderson Shah";"UK";307;100.0;113.59;"2026-01-18";"2026-01-19"
"G04333";"Williams Martinez";"South Korea";221;0.0;0.0;"2026-04-21";"2026-04-22"
"G04334";"Adams Rahman";"USA";211;0.0;0.0;"2026-02-24";"2026-02-26"
"G04335";"Young Reid";"Germany";514;50.0;48.05;"2026-04-19";"2026-04-25"
"G04336";"Evans Parker";"UK";215;0.0;0.0;"2026-02-04";"2026-02-08"
"G04337";"Smith Murphy";"Nigeria";518;150.0;143.64;"2026-01-23";"2026-01-28"
"G04338";"Nelson King";"UK";128;0.0;0.0;"2026-05-13";"2026-05-16"
"G04339";"Mitchell Turner";"UK";126;100.0;61.66;"2026-05-27";"2026-05-29"
"G04340";"Smith Murphy";"UK";408;150.0;11.22;"2026-03-12";"2026-03-15"
"G04341";"Morgan Shah";"UK";212;100.0;94.13;"2026-02-27";"2026-03-02"
"G04342";"Rogers Walker";"USA";101;150.0;70.31;"2026-04-14";"2026-04-19"
"G04343";"Ahmed Perez";"France";504;50.0;17.42;"2026-06-12";"2026-06-19"
"G04345";"Carter Jones";"UK";220;200.0;34.85;"2026-05-01";"2026-05-08"
"G04346";"Adebayo Parker";"USA";533;0.0;0.0;"2026-06-12";"2026-06-16"
"G04347";"Patel Nelson";"UK";107;150.0;168.78;"2026-05-08";"2026-05-13"
"G04348";"Ahmed Parker";"France";104;0.0;0.0;"2026-05-27";"2026-06-01"
"G04349";"Adams Hussain";"Ireland";403;100.0;2.67;"2026-05-16";"2026-05-18"
"G04350";"Okafor Nelson";"UK";527;50.0;14.4;"2026-05-21";"2026-05-24"
"G04351";"Young Boateng";"Italy";534;150.0;128.2;"2026-03-02";"2026-03-04"
"G04352";"Walker Thompson";"UK";327;0.0;0.0;"2026-02-24";"2026-02-26"
"G04353";"Campbell Kim";"France";115;150.0;141.38;"2026-01-16";"2026-01-17"
"G04354";"Cook Shah";"USA";532;200.0;218.11;"2026-03-11";"2026-03-13"
"G04355";"Adams King";"USA";522;150.0;163.61;"2026-03-03";"2026-03-05"
"G04356";"Morgan Harris";"Nigeria";530;200.0;233.02;"2026-06-15";"2026-06-16"
"G04358";"Ahmed Martinez";"UK";532;150.0;18.98;"2026-02-25";"2026-02-27"
"G04359";"Wright Adams";"South Korea";206;200.0;87.14;"2026-04-09";"2026-04-11"
"G04360";"Green Green";"South Korea";426;100.0;55.84;"2026-05-25";"2026-05-26"
"G04361";"Walker Hussain";"France";312;100.0;109.25;"2026-01-09";"2026-01-15"
"G04362";"Parker Murphy";"UK";322;200.0;182.42;"2026-06-07";"2026-06-11"
"G04363";"Roberts Martinez";"UK";211;0.0;0.0;"2026-05-10";"2026-05-11"
"G04364";"Walker White";"UK";118;100.0;36.64;"2026-03-13";"2026-03-16"
"G04365";"Edwards Rahman";"Ghana";419;200.0;40.7;"2026-05-22";"2026-05-23"
"G04366";"Rogers White";"Italy";419;150.0;64.09;"2026-03-12";"2026-03-14"
"G04367";"Anderson Mitchell";"USA";523;50.0;15.96;"2026-01-02";"2026-01-03"
"G04368";"Patel Bernard";"UK";201;150.0;87.24;"2026-01-23";"2026-01-27"
"G04369";"Adams Parker";"UK";432;150.0;15.75;"2026-05-07";"2026-05-08"
"G04370";"Thomas Thompson";"UK";403;100.0;72.8;"2026-01-07";"2026-01-08"
"G04371";"Nelson Rahman";"UK";223;200.0;131.07;"2026-03-02";"2026-03-03"
"G04373";"Cook Taylor";"Spain";520;0.0;0.0;"2026-05-18";"2026-05-19"
"G04374";"Nelson Campbell";"UK";318;0.0;0.0;"2026-02-05";"2026-02-08"
"G04375";"Clark Ahmed";"Canada";518;0.0;0.0;"2026-03-18";"2026-03-22"
"G04376";"Cook Davis";"UK";210;100.0;51.65;"2026-05-16";"2026-05-17"
"G04377";"King Hussain";"South Korea";124;200.0;217.21;"2026-01-01";"2026-01-03"
"G04378";"Smith Baker";"Nigeria";508;150.0;140.51;"2026-01-04";"2026-01-07"
"G04379";"Green Adams";"UK";201;200.0;181.77;"2026-05-09";"2026-05-10"
"G04380";"Bailey Campbell";"UK";527;0.0;0.0;"2026-02-09";"2026-02-12"
"G04382";"Collins Perez";"Ireland";107;50.0;44.44;"2026-03-30";"2026-04-05"
"G04383";"Bell King";"Canada";334;200.0;67.43;"2026-05-17";"2026-05-19"
"G04384";"Lee Baker";"UK";121;100.0;110.33;"2026-03-10";"2026-03-11"
"G04385";"Thomas Nelson";"Germany";208;150.0;140.79;"2026-03-28";"2026-04-02"
"G04386";"Taylor Parker";"UK";520;150.0;29.57;"2026-01-08";"2026-01-12"
"G04387";"Martin Hussain";"USA";430;100.0;70.57;"2026-03-06";"2026-03-08"
"G04388";"Phillips Bernard";"Italy";413;50.0;5.05;"2026-02-09";"2026-02-11"
"G04389";"Clark Parker";"Germany";112;100.0;21.6;"2026-04-04";"2026-04-08"
"G04390";"Wilson Young";"USA";311;100.0;20.56;"2026-04-22";"2026-04-25"
"G04391";"Collins Adeyemi";"UK";529;200.0;233.87;"2026-04-05";"2026-04-07"
"G04393";"Patel Carter";"UK";112;50.0;47.32;"2026-04-25";"2026-04-26"
"G04394";"Turner Hall";"UK";304;100.0;25.63;"2026-01-23";"2026-01-28"
"G04395";"Morris Martinez";"UK";526;0.0;0.0;"2026-04-03";"2026-04-04"
"G04396";"Miller Davis";"UK";423;100.0;61.71;"2026-03-24";"2026-03-26"
"G04397";"Ali Hall";"UK";206;200.0;226.15;"2026-03-24";"2026-03-29"
"G04398";"Green Shah";"UK";328;50.0;52.01;"2026-06-24";"2026-06-27"
"G04399";"Okafor Bernard";"UK";127;200.0;120.5;"2026-05-10";"2026-05-11"
"G04400";"Johnson Murphy";"Canada";105;0.0;0.0;"2026-06-17";"2026-06-20"
"G04401";"Mitchell Carter";"USA";131;100.0;104.59;"2026-02-15";"2026-02-21"
"G04402";"Collins Thompson";"UK";504;0.0;68.71;"2026-04-02";"2026-04-08"
"G04403";"Bailey Adeyemi";"Nigeria";523;150.0;111.27;"2026-06-14";"2026-06-18"
"G04404";"Campbell Scott";"USA";104;0.0;0.0;"2026-06-03";"2026-06-10"
"G04405";"Perez Turner";"Nigeria";330;100.0;48.53;"2026-04-21";"2026-04-25"
"G04406";"Okafor Roberts";"Nigeria";410;50.0;3.27;"2026-04-01";"2026-04-04"
"G04407";"Morris Bernard";"Spain";322;200.0;128.61;"2026-06-27";"2026-06-30"
"G04408";"Okafor Green";"Ireland";426;100.0;76.15;"2026-03-13";"2026-03-16"
"G04409";"Morris Campbell";"Nigeria";121;100.0;63.7;"2026-04-02";"2026-04-04"
"G04410";"Johnson Wilson";"UK";317;200.0;60.56;"2026-03-14";"2026-03-19"
"G04411";"Stewart Roberts";"Spain";528;200.0;78.01;"2026-05-17";"2026-05-19"
"G04412";"Nelson Lewis";"USA";408;100.0;31.81;"2026-05-23";"2026-05-25"
"G04413";"Turner White";"France";122;0.0;0.0;"2026-02-28";"2026-03-02"
"G04414";"Roberts Turner";"Ireland";133;50.0;53.77;"2026-01-13";"2026-01-14"
"G04415";"Thomas Thompson";"USA";501;100.0;65.35;"2026-04-29";"2026-04-30"
"G04417";"Parker Jones";"UK";113;0.0;0.0;"2026-01-02";"2026-01-06"
"G04418";"Ahmed Davis";"UK";519;0.0;0.0;"2026-04-09";"2026-04-10"
"G04419";"Baker Roberts";"Ghana";510;0.0;0.0;"2026-04-29";"2026-05-05"
"G04420";"Edwards Boateng";"Ghana";519;200.0;229.64;"2026-06-18";"2026-06-19"
"G04421";"King Ahmed";"UK";510;100.0;3.78;"2026-05-27";"2026-05-29"
"G04422";"Hall Wright";"USA";302;50.0;19.12;"2026-05-04";"2026-05-05"
"G04423";"Parker Jones";"USA";128;150.0;75.34;"2026-03-29";"2026-03-31"
"G04424";"Adams Campbell";"Spain";122;100.0;113.07;"2026-02-13";"2026-02-15"
"G04425";"Edwards Evans";"Ireland";523;100.0;35.01;"2026-02-23";"2026-02-25"
"G04426";"Phillips Baker";"Spain";325;0.0;0.0;"2026-04-21";"2026-04-22"
"G04427";"Martin Green";"UK";113;50.0;2.68;"2026-06-23";"2026-06-29"
"G04428";"Martin Carter";"Germany";304;100.0;23.24;"2026-06-24";"2026-06-25"
"G04429";"Campbell Rahman";"UK";112;200.0;70.3;"2026-05-30";"2026-06-01"
"G04430";"Young Walker";"Spain";311;150.0;110.69;"2026-02-02";"2026-02-05"
"G04432";"Anderson Kim";"Germany";429;100.0;13.98;"2026-03-17";"2026-03-23"
"G04433";"Campbell Evans";"USA";223;200.0;46.29;"2026-04-05";"2026-04-06"
"G04434";"Williams Adeyemi";"Ireland";116;200.0;173.2;"2026-02-23";"2026-02-27"
"G04435";"Green Campbell";"Germany";531;0.0;0.0;"2026-05-09";"2026-05-11"
"G04436";"Martin Walker";"Germany";215;0.0;0.0;"2026-06-16";"2026-06-19"
"G04437";"Turner Green";"UK";234;150.0;16.99;"2026-01-19";"2026-01-21"
"G04438";"Adebayo Perez";"Spain";401;0.0;0.0;"2026-01-26";"2026-01-28"
"G04439";"Walker Kim";"Spain";118;100.0;100.32;"2026-04-03";"2026-04-07"
"G04440";"Morgan Wilson";"UK";116;100.0;47.45;"2026-02-10";"2026-02-12"
"G04441";"Wright Parker";"UK";421;200.0;234.95;"2026-02-24";"2026-02-25"
"G04442";"Parker King";"USA";309;50.0;26.48;"2026-02-04";"2026-02-06"
"G04443";"Carter Nelson";"UK";229;200.0;189.63;"2026-06-02";"2026-06-05"
"G04444";"Morgan Mitchell";"Ireland";528;0.0;0.0;"2026-01-13";"2026-01-15"
"G04445";"Green Boateng";"Germany";101;150.0;149.16;"2026-06-27";"2026-06-29"
"G04446";"Green Green";"UK";416;50.0;54.31;"2026-04-21";"2026-04-23"
"G04447";"Baker Wilson";"Ireland";523;100.0;70.87;"2026-01-06";"2026-01-10"
"G04448";"Murphy Roberts";"Netherlands";414;100.0;108.47;"2026-06-25";"2026-06-26"
"G04449";"Roberts Scott";"Spain";503;0.0;0.0;"2026-02-16";"2026-02-20"
"G04450";"Phillips Nelson";"USA";314;100.0;59.06;"2026-02-26";"2026-03-01"
"G04451";"Adebayo Ahmed";"Spain";104;200.0;110.42;"2026-04-12";"2026-04-13"
"G04452";"Martin Reid";"UK";416;200.0;65.86;"2026-03-04";"2026-03-05"
"G04453";"Johnson Thompson";"USA";431;150.0;74.0;"2026-06-06";"2026-06-10"
"G04454";"Cooper Baker";"USA";526;100.0;87.25;"2026-04-25";"2026-04-30"
"G04455";"Clark Jones";"Spain";418;50.0;19.44;"2026-01-12";"2026-01-14"
"G04456";"Khan Perez";"UK";309;150.0;167.21;"2026-04-09";"2026-04-10"
"G04457";"Campbell Nelson";"Germany";116;200.0;74.86;"2026-04-10";"2026-04-11"
"G04458";"Adams Campbell";"Ghana";434;100.0;80.18;"2026-04-19";"2026-04-20"
"G04459";"Wilson Hussain";"UK";518;100.0;38.55;"2026-04-24";"2026-04-26"
"G04460";"Phillips Adeyemi";"Italy";321;50.0;48.22;"2026-02-06";"2026-02-11"
"G04461";"Khan Hussain";"USA";219;200.0;231.64;"2026-04-23";"2026-04-28"
"G04462";"Miller Hussain";"South Korea";534;100.0;90.79;"2026-05-14";"2026-05-18"
"G04463";"Walker Ahmed";"Germany";309;200.0;144.86;"2026-06-04";"2026-06-05"
"G04464";"Phillips Nelson";"UK";124;100.0;33.96;"2026-06-01";"2026-06-05"
"G04465";"Adams Boateng";"Nigeria";108;150.0;122.45;"2026-03-11";"2026-03-15"
"G04466";"Taylor Martinez";"USA";506;100.0;71.96;"2026-04-28";"2026-04-29"
"G04467";"Roberts Bernard";"UK";411;200.0;205.26;"2026-03-08";"2026-03-10"
"G04468";"Wilson Jones";"USA";127;0.0;0.0;"2026-05-08";"2026-05-11"
"G04469";"Wilson King";"Ireland";531;0.0;0.0;"2026-05-02";"2026-05-04"
"G04470";"Hall Lewis";"UK";334;100.0;35.54;"2026-01-26";"2026-02-01"
"G04471";"Adebayo Moore";"UK";315;150.0;126.86;"2026-03-24";"2026-03-27"
"G04472";"Turner Murphy";"UK";424;100.0;46.43;"2026-02-10";"2026-02-16"
"G04473";"Davies Walker";"UK";203;50.0;30.9;"2026-04-05";"2026-04-09"
"G04474";"Patel Nelson";"UK";125;100.0;72.77;"2026-05-26";"2026-05-28"
"G04475";"Patel Martinez";"UK";421;200.0;132.26;"2026-02-01";"2026-02-06"
"G04476";"Carter Martinez";"UK";211;0.0;0.0;"2026-03-28";"2026-03-30"
"G04477";"Phillips Nelson";"USA";534;150.0;110.35;"2026-02-14";"2026-02-18"
"G04478";"Rogers Adams";"Germany";426;150.0;31.26;"2026-02-25";"2026-02-28"
"G04479";"Okafor Green";"Nigeria";205;100.0;19.86;"2026-02-27";"2026-02-28"
"G04480";"Phillips Adeyemi";"Ghana";206;100.0;37.25;"2026-02-25";"2026-03-04"
"G04481";"Stewart Taylor";"Ghana";302;0.0;0.0;"2026-04-11";"2026-04-12"
"G04482";"Williams Perez";"USA";324;100.0;94.93;"2026-05-21";"2026-05-27"
"G04483";"Garcia Davis";"Spain";326;50.0;39.26;"2026-02-13";"2026-02-16"
"G04484";"Baker Hussain";"UK";119;100.0;28.37;"2026-03-23";"2026-03-25"
"G04485";"Garcia Jones";"UK";403;150.0;71.02;"2026-02-26";"2026-02-27"
"G04486";"Ahmed Roberts";"Ghana";413;200.0;19.67;"2026-05-26";"2026-05-30"
"G04487";"Roberts Wright";"UK";208;0.0;0.0;"2026-03-19";"2026-03-20"
"G04488";"Cooper Jones";"Spain";328;200.0;214.68;"2026-02-26";"2026-03-01"
"G04489";"Walker Nelson";"USA";410;150.0;75.2;"2026-05-05";"2026-05-09"
"G04490";"Walker Scott";"Spain";120;0.0;0.0;"2026-01-24";"2026-01-25"
"G04491";"Wright Baker";"UK";105;150.0;98.38;"2026-04-21";"2026-04-23"
"G04492";"Mensah Wright";"USA";518;50.0;3.86;"2026-06-06";"2026-06-11"
"G04493";"Evans Murphy";"Canada";510;100.0;0.77;"2026-03-06";"2026-03-07"
"G04494";"Nelson Kim";"USA";220;100.0;107.04;"2026-04-03";"2026-04-04"
"G04496";"Taylor Hall";"France";404;100.0;94.98;"2026-06-28";"2026-06-30"
"G04497";"Green Shah";"Germany";414;100.0;116.4;"2026-05-14";"2026-05-15"
"G04498";"Morgan Adams";"UK";510;200.0;51.81;"2026-04-13";"2026-04-16"
"G04499";"Adebayo Scott";"Nigeria";534;200.0;27.95;"2026-01-03";"2026-01-06"
"G04500";"Roberts Nwosu";"UK";104;50.0;21.14;"2026-02-18";"2026-02-21"
"G04501";"Thomas Baker";"UK";301;0.0;0.0;"2026-02-18";"2026-02-20"
"G04502";"Williams Evans";"UK";323;150.0;155.28;"2026-01-21";"2026-01-23"
"G04503";"Garcia Baker";"UK";221;200.0;89.96;"2026-01-29";"2026-01-31"
"G04504";"Parker Jones";"UK";226;50.0;31.97;"2026-02-15";"2026-02-19"
"G04505";"Walker Lewis";"UK";104;150.0;148.02;"2026-04-02";"2026-04-03"
"G04506";"Khan Young";"UK";110;150.0;15.12;"2026-03-29";"2026-04-03"
"G04507";"Parker Roberts";"Ghana";202;150.0;41.01;"2026-05-03";"2026-05-05"
"G04508";"Anderson Turner";"Nigeria";427;200.0;19.5;"2026-04-15";"2026-04-19"
"G04509";"Morris Campbell";"UK";228;150.0;51.74;"2026-04-07";"2026-04-13"
"G04510";"King Hussain";"South Korea";525;100.0;68.09;"2026-02-09";"2026-02-13"
"G04511";"Bailey Ahmed";"Netherlands";227;100.0;11.43;"2026-05-27";"2026-05-29"
"G04512";"Okafor Shah";"Spain";412;150.0;31.89;"2026-04-27";"2026-04-29"
"G04513";"Morris Perez";"South Korea";305;200.0;15.08;"2026-01-14";"2026-01-16"
"G04514";"Clark Phillips";"Nigeria";425;200.0;196.72;"2026-05-18";"2026-05-22"
"G04515";"King Moore";"Nigeria";422;0.0;69.35;"2026-03-08";"2026-03-10"
"G04516";"Thomas Baker";"France";319;200.0;9.86;"2026-02-22";"2026-02-23"
"G04517";"Perez White";"USA";303;100.0;89.97;"2026-06-28";"2026-06-30"
"G04518";"Hall Adeyemi";"USA";208;200.0;168.14;"2026-04-29";"2026-05-01"
"G04519";"Miller Adeyemi";"Canada";415;200.0;221.06;"2026-05-03";"2026-05-04"
"G04520";"King Wilson";"UK";415;0.0;63.33;"2026-02-09";"2026-02-14"
"G04521";"Evans Harris";"South Korea";130;100.0;25.96;"2026-04-24";"2026-04-26"
"G04522";"Turner Shah";"UK";525;200.0;194.64;"2026-05-30";"2026-06-04"
"G04523";"Okafor Lewis";"Germany";124;0.0;16.89;"2026-02-08";"2026-02-11"
"G04524";"Baker Adams";"Ghana";310;50.0;41.87;"2026-01-21";"2026-01-23"
"G04525";"Collins Green";"Ireland";115;0.0;0.0;"2026-05-12";"2026-05-13"
"G04526";"Roberts Wilson";"Germany";421;50.0;16.31;"2026-02-26";"2026-03-05"
"G04527";"Ali Parker";"South Korea";217;150.0;164.85;"2026-01-30";"2026-02-03"
"G04528";"Smith Boateng";"Spain";203;100.0;28.52;"2026-01-15";"2026-01-18"
"G04529";"Khan Kim";"UK";214;200.0;70.55;"2026-06-22";"2026-06-25"
"G04530";"Clark Adams";"UK";330;0.0;63.73;"2026-05-26";"2026-05-28"
"G04531";"Ahmed Baker";"UK";329;50.0;40.51;"2026-04-28";"2026-04-30"
"G04532";"Baker Moore";"UK";117;100.0;101.86;"2026-03-09";"2026-03-12"
"G04533";"Collins Wilson";"UK";134;0.0;0.0;"2026-01-19";"2026-01-22"
"G04534";"Khan Boateng";"UK";306;100.0;65.06;"2026-06-06";"2026-06-09"
"G04535";"Morris Taylor";"France";204;50.0;56.89;"2026-04-07";"2026-04-13"
"G04536";"Parker Hall";"UK";417;200.0;52.26;"2026-01-24";"2026-01-27"
"G04537";"Martin Bernard";"UK";107;150.0;106.3;"2026-05-09";"2026-05-14"
"G04538";"Lee Harris";"UK";518;150.0;73.64;"2026-04-28";"2026-04-30"
"G04539";"Green Ahmed";"USA";418;200.0;19.13;"2026-05-26";"2026-05-28"
"G04540";"Perez Perez";"UK";129;50.0;12.66;"2026-06-11";"2026-06-13"
"G04541";"Anderson Harris";"USA";410;200.0;128.48;"2026-05-17";"2026-05-20"
"G04542";"Perez Murphy";"France";214;100.0;71.56;"2026-06-18";"2026-06-19"
"G04543";"Williams Hall";"UK";119;150.0;136.42;"2026-02-09";"2026-02-13"
"G04544";"Mensah Bernard";"Germany";229;200.0;61.33;"2026-06-04";"2026-06-05"
"G04545";"Thomas White";"Netherlands";209;50.0;18.39;"2026-06-23";"2026-06-24"
"G04546";"Okafor Phillips";"South Korea";216;100.0;64.06;"2026-01-10";"2026-01-12"
"G04547";"Patel Roberts";"USA";203;100.0;58.81;"2026-03-11";"2026-03-12"
"G04548";"Ahmed Scott";"USA";522;100.0;58.36;"2026-03-09";"2026-03-10"
"G04549";"Bell Harris";"USA";221;0.0;0.0;"2026-03-13";"2026-03-16"
"G04550";"Adams Wright";"UK";426;200.0;206.52;"2026-02-11";"2026-02-14"
"G04551";"Bell Phillips";"UK";210;200.0;225.6;"2026-05-25";"2026-05-27"
"G04552";"Okafor Bernard";"UK";515;150.0;155.31;"2026-01-30";"2026-02-04"
"G04553";"Bell Carter";"UK";210;150.0;43.16;"2026-02-07";"2026-02-10"
"G04554";"Smith Martinez";"Netherlands";325;0.0;0.0;"2026-01-18";"2026-01-19"
"G04555";"Morgan Kim";"France";306;150.0;7.06;"2026-06-17";"2026-06-21"
"G04556";"Ali Young";"UK";231;50.0;44.2;"2026-03-20";"2026-03-21"
"G04557";"Anderson Martinez";"USA";210;100.0;87.05;"2026-06-17";"2026-06-18"
"G04558";"Bailey Harris";"Nigeria";414;100.0;73.36;"2026-04-16";"2026-04-18"
"G04559";"Mensah Roberts";"France";209;200.0;100.22;"2026-01-30";"2026-02-04"
"G04560";"Edwards Davis";"UK";523;0.0;0.0;"2026-04-02";"2026-04-04"
"G04561";"Ali Reid";"Ghana";106;50.0;27.96;"2026-03-18";"2026-03-19"
"G04562";"Walker Hall";"Italy";101;200.0;59.88;"2026-03-26";"2026-03-31"
"G04563";"Mitchell Parker";"USA";329;0.0;0.0;"2026-06-26";"2026-06-27"
"G04564";"Thomas Jones";"South Korea";119;200.0;225.32;"2026-05-31";"2026-06-05"
"G04565";"Bailey Shah";"South Korea";502;0.0;56.3;"2026-05-08";"2026-05-11"
"G04566";"Ahmed Scott";"Nigeria";524;150.0;75.93;"2026-04-01";"2026-04-08"
"G04567";"Turner Young";"Spain";520;200.0;167.22;"2026-04-18";"2026-04-25"
"G04568";"Baker Roberts";"France";220;100.0;113.42;"2026-05-29";"2026-05-31"
"G04569";"Stewart Wright";"France";215;100.0;96.69;"2026-03-08";"2026-03-09"
"G04570";"Davies King";"Italy";216;200.0;111.84;"2026-06-27";"2026-06-30"
"G04571";"Johnson Taylor";"UK";503;150.0;104.04;"2026-04-22";"2026-04-24"
"G04572";"Garcia Shah";"UK";424;200.0;110.98;"2026-02-03";"2026-02-07"
"G04573";"Hall Rahman";"USA";322;0.0;0.0;"2026-02-15";"2026-02-22"
"G04574";"Martin Mitchell";"France";310;200.0;51.63;"2026-05-20";"2026-05-21"
"G04575";"Hall Campbell";"South Korea";325;0.0;0.0;"2026-06-23";"2026-06-25"
"G04576";"Carter Harris";"Nigeria";213;0.0;0.0;"2026-06-29";"2026-06-30"
"G04577";"Mensah Lewis";"Germany";313;100.0;105.2;"2026-02-13";"2026-02-15"
"G04578";"Adebayo King";"UK";330;100.0;54.49;"2026-05-02";"2026-05-06"
"G04579";"Green Walker";"Spain";524;200.0;17.36;"2026-04-01";"2026-04-05"
"G04580";"Lee Davis";"USA";519;100.0;12.21;"2026-03-12";"2026-03-16"
"G04581";"Anderson Rahman";"UK";506;200.0;36.58;"2026-02-11";"2026-02-14"
"G04582";"Bell Lewis";"Spain";534;0.0;0.0;"2026-06-19";"2026-06-21"
"G04583";"Cooper Nelson";"UK";234;150.0;10.71;"2026-03-01";"2026-03-05"
"G04584";"Perez Kim";"Netherlands";214;100.0;90.09;"2026-06-06";"2026-06-08"
"G04585";"Okafor Baker";"UK";334;100.0;54.62;"2026-03-15";"2026-03-18"
"G04586";"Bailey Adams";"UK";203;200.0;205.13;"2026-04-11";"2026-04-13"
"G04587";"Bailey Ahmed";"Spain";306;100.0;64.85;"2026-01-05";"2026-01-07"
"G04588";"Thomas Adams";"UK";110;200.0;187.79;"2026-05-20";"2026-05-22"
"G04589";"King Shah";"UK";227;50.0;54.45;"2026-02-04";"2026-02-05"
"G04590";"Wilson Roberts";"USA";114;200.0;35.75;"2026-04-20";"2026-04-21"
"G04591";"Garcia Bernard";"Canada";311;200.0;195.71;"2026-06-20";"2026-06-22"
"G04592";"Perez Nwosu";"UK";212;0.0;0.0;"2026-03-24";"2026-03-30"
"G04593";"Lee King";"Ghana";103;50.0;21.7;"2026-04-08";"2026-04-10"
"G04594";"Adebayo Roberts";"UK";229;50.0;1.69;"2026-01-26";"2026-01-29"
"G04595";"Miller Campbell";"Canada";526;0.0;0.0;"2026-05-10";"2026-05-16"
"G04596";"Wright Campbell";"USA";528;200.0;170.09;"2026-05-09";"2026-05-12"
"G04597";"Smith Wright";"Nigeria";217;0.0;0.0;"2026-03-28";"2026-03-31"
"G04598";"Morgan Thompson";"Nigeria";516;200.0;228.04;"2026-02-25";"2026-03-01"
"G04599";"Morgan Hall";"UK";308;50.0;28.73;"2026-01-26";"2026-01-30"
"G04600";"Patel Shah";"Ghana";422;200.0;161.56;"2026-03-03";"2026-03-05"
"G04601";"Morris Wilson";"UK";315;100.0;113.21;"2026-04-09";"2026-04-12"
"G04602";"Walker Carter";"Ghana";411;200.0;209.9;"2026-04-15";"2026-04-19"
"G04603";"Lee Murphy";"UK";306;150.0;58.05;"2026-04-13";"2026-04-20"
"G04604";"Martin Bernard";"Nigeria";223;200.0;33.38;"2026-02-03";"2026-02-07"
"G04605";"Anderson Adams";"UK";102;0.0;0.0;"2026-06-04";"2026-06-06"
"G04606";"Davies Davis";"UK";410;50.0;58.47;"2026-02-11";"2026-02-18"
"G04607";"Clark Roberts";"UK";507;200.0;104.02;"2026-03-04";"2026-03-07"
"G04608";"Parker King";"South Korea";423;150.0;86.18;"2026-06-12";"2026-06-15"
"G04609";"Brown Shah";"USA";517;150.0;137.67;"2026-04-05";"2026-04-06"
"G04610";"Evans Hall";"France";528;200.0;44.61;"2026-02-02";"2026-02-06"
"G04611";"Bailey Martinez";"France";305;0.0;0.0;"2026-01-29";"2026-02-05"
"G04612";"Williams Shah";"UK";111;0.0;0.0;"2026-02-18";"2026-02-22"
"G04613";"Williams Phillips";"UK";425;50.0;29.7;"2026-02-26";"2026-02-28"
"G04614";"Adebayo Nwosu";"Canada";320;200.0;110.44;"2026-03-26";"2026-03-29"
"G04615";"King Kim";"UK";218;200.0;160.57;"2026-04-07";"2026-04-11"
"G04616";"Carter Nwosu";"UK";230;100.0;4.98;"2026-06-23";"2026-06-30"
"G04617";"Hall Thompson";"Canada";110;100.0;60.26;"2026-04-12";"2026-04-16"
"G04618";"Carter Reid";"UK";424;100.0;102.35;"2026-06-06";"2026-06-10"
"G04619";"Anderson Lewis";"Ghana";321;0.0;0.0;"2026-04-03";"2026-04-04"
"G04620";"Carter Thompson";"South Korea";329;0.0;0.0;"2026-02-01";"2026-02-04"
"G04621";"Turner Boateng";"USA";231;150.0;66.04;"2026-05-27";"2026-05-29"
"G04622";"Cook Walker";"UK";303;150.0;170.35;"2026-03-10";"2026-03-16"
"G04623";"Cooper Campbell";"Nigeria";524;150.0;128.13;"2026-02-24";"2026-02-27"
"G04624";"Turner Adeyemi";"UK";434;100.0;38.43;"2026-05-21";"2026-05-24"
"G04625";"Cook Thompson";"UK";432;0.0;0.0;"2026-02-27";"2026-03-01"
"G04626";"Patel Walker";"UK";130;150.0;4.37;"2026-01-22";"2026-01-27"
"G04627";"Bell Davis";"UK";210;150.0;89.36;"2026-05-16";"2026-05-19"
"G04628";"Evans Adeyemi";"France";124;150.0;0.7;"2026-01-28";"2026-02-03"
"G04629";"Williams Martinez";"UK";503;0.0;0.0;"2026-01-31";"2026-02-04"
"G04630";"Wright Shah";"Ireland";412;100.0;21.86;"2026-04-25";"2026-04-29"
"G04631";"Collins Shah";"Spain";403;150.0;175.75;"2026-05-08";"2026-05-10"
"G04632";"Smith Campbell";"UK";221;150.0;122.33;"2026-04-20";"2026-04-23"
"G04634";"Hall Harris";"UK";516;50.0;9.53;"2026-01-30";"2026-02-01"
"G04635";"Anderson Roberts";"Nigeria";108;0.0;0.0;"2026-01-28";"2026-02-01"
"G04636";"Cooper Hall";"Ireland";434;50.0;43.57;"2026-02-12";"2026-02-16"
"G04637";"Murphy Walker";"Ghana";323;150.0;34.81;"2026-04-17";"2026-04-21"
"G04638";"Adebayo Adeyemi";"France";124;0.0;0.0;"2026-01-18";"2026-01-22"
"G04639";"Nelson Hall";"UK";426;200.0;82.34;"2026-01-03";"2026-01-08"
"G04640";"Collins Wilson";"USA";219;0.0;0.0;"2026-05-18";"2026-05-24"
"G04641";"Phillips White";"USA";424;100.0;9.22;"2026-05-23";"2026-05-27"
"G04642";"Stewart Wright";"UK";430;200.0;52.73;"2026-03-23";"2026-03-26"
"G04643";"Martin Scott";"UK";222;200.0;168.77;"2026-02-28";"2026-03-03"
"G04644";"Lee Kim";"Germany";534;150.0;112.32;"2026-05-02";"2026-05-06"
"G04645";"Khan Hussain";"France";309;100.0;104.23;"2026-01-24";"2026-01-28"
"G04646";"Okafor Reid";"UK";418;100.0;31.82;"2026-02-19";"2026-02-24"
"G04647";"Khan Boateng";"UK";316;200.0;9.84;"2026-01-29";"2026-01-30"
"G04648";"Mensah Roberts";"UK";334;150.0;119.93;"2026-01-02";"2026-01-09"
"G04649";"Bell Rahman";"UK";509;150.0;110.93;"2026-06-09";"2026-06-11"
"G04650";"Johnson Hussain";"France";425;200.0;117.61;"2026-03-04";"2026-03-07"
"G04651";"Adams Shah";"Germany";410;100.0;23.89;"2026-04-24";"2026-04-27"
"G04652";"Turner Wilson";"UK";107;100.0;36.89;"2026-03-12";"2026-03-13"
"G04653";"Rogers Green";"Ghana";125;200.0;148.09;"2026-06-06";"2026-06-09"
"G04654";"Cook Wilson";"UK";329;100.0;97.84;"2026-03-03";"2026-03-06"
"G04655";"Phillips Reid";"USA";307;150.0;154.16;"2026-03-12";"2026-03-15"
"G04656";"Cook Martinez";"Ghana";106;50.0;52.98;"2026-02-05";"2026-02-07"
"G04657";"King Adams";"Nigeria";218;200.0;57.73;"2026-05-09";"2026-05-12"
"G04658";"Rogers Murphy";"UK";330;0.0;0.0;"2026-03-18";"2026-03-20"
"G04659";"Okafor Mitchell";"Canada";503;100.0;100.99;"2026-06-21";"2026-06-23"
"G04660";"Ahmed Carter";"UK";213;100.0;91.03;"2026-04-04";"2026-04-05"
"G04661";"Young Thompson";"Canada";434;200.0;70.84;"2026-02-28";"2026-03-03"
"G04662";"Khan Evans";"USA";134;200.0;205.98;"2026-06-02";"2026-06-03"
"G04663";"Roberts White";"Spain";104;100.0;91.28;"2026-01-11";"2026-01-13"
"G04664";"Edwards Murphy";"UK";505;200.0;225.32;"2026-03-29";"2026-04-02"
"G04665";"Campbell Turner";"UK";422;100.0;85.86;"2026-06-25";"2026-06-27"
"G04666";"Phillips Scott";"South Korea";110;200.0;120.71;"2026-05-04";"2026-05-06"
"G04668";"Adebayo Evans";"South Korea";230;100.0;49.02;"2026-03-07";"2026-03-08"
"G04669";"Davies Adeyemi";"UK";325;100.0;63.44;"2026-05-30";"2026-05-31"
"G04670";"Smith Campbell";"France";529;150.0;27.55;"2026-03-12";"2026-03-14"
"G04671";"Perez Nwosu";"Canada";205;200.0;182.56;"2026-03-10";"2026-03-11"
"G04672";"Miller Moore";"UK";406;100.0;22.85;"2026-01-01";"2026-01-06"
"G04673";"Phillips Ahmed";"Italy";321;50.0;22.49;"2026-02-08";"2026-02-11"
"G04674";"Miller Baker";"UK";334;150.0;35.55;"2026-05-18";"2026-05-24"
"G04675";"Garcia Rahman";"UK";209;0.0;0.0;"2026-04-03";"2026-04-06"
"G04676";"Morgan Scott";"Canada";225;0.0;0.0;"2026-03-08";"2026-03-12"
"G04677";"Taylor White";"Ireland";506;100.0;99.42;"2026-06-08";"2026-06-11"
"G04678";"Adams Davis";"France";211;100.0;104.66;"2026-02-13";"2026-02-15"
"G04679";"Garcia Boateng";"UK";213;100.0;88.77;"2026-04-22";"2026-04-28"
"G04680";"Campbell Campbell";"UK";534;100.0;92.26;"2026-04-13";"2026-04-16"
"G04681";"Adebayo Wilson";"UK";312;150.0;119.48;"2026-01-15";"2026-01-18"
"G04682";"Green Carter";"USA";218;0.0;0.0;"2026-05-30";"2026-06-02"
"G04684";"Khan Hall";"UK";301;0.0;0.0;"2026-04-18";"2026-04-20"
"G04685";"Baker Reid";"UK";124;150.0;110.99;"2026-02-22";"2026-03-01"
"G04686";"Perez Nelson";"USA";527;100.0;19.41;"2026-06-06";"2026-06-10"
"G04687";"Taylor Thompson";"UK";410;150.0;151.1;"2026-03-30";"2026-03-31"
"G04688";"Adams Parker";"Ghana";234;50.0;12.68;"2026-01-22";"2026-01-24"
"G04689";"Green Kim";"Canada";434;200.0;190.15;"2026-05-04";"2026-05-07"
"G04690";"Mitchell Scott";"Italy";414;0.0;0.0;"2026-04-07";"2026-04-08"
"G04692";"Turner Shah";"UK";302;150.0;118.91;"2026-01-21";"2026-01-22"
"G04693";"Hall Roberts";"Spain";431;100.0;43.35;"2026-06-09";"2026-06-13"
"G04694";"Bell Baker";"USA";319;200.0;191.21;"2026-06-12";"2026-06-14"
"G04695";"Evans Roberts";"UK";119;200.0;54.28;"2026-06-21";"2026-06-24"
"G04696";"Roberts Thompson";"USA";512;150.0;156.22;"2026-01-30";"2026-02-01"
"G04697";"Taylor Lewis";"UK";421;100.0;104.89;"2026-05-06";"2026-05-08"
"G04698";"Wright Moore";"France";227;50.0;4.97;"2026-02-27";"2026-03-01"
"G04699";"Phillips Adeyemi";"UK";425;150.0;43.5;"2026-05-20";"2026-05-24"
"G04701";"Anderson Hall";"USA";418;150.0;127.92;"2026-02-16";"2026-02-21"
"G04702";"Clark Turner";"UK";319;150.0;114.43;"2026-05-12";"2026-05-13"
"G04703";"Brown Taylor";"USA";315;150.0;82.39;"2026-06-27";"2026-06-28"
"G04704";"Taylor Perez";"USA";107;0.0;0.0;"2026-01-22";"2026-01-24"
"G04705";"Brown Mitchell";"Ireland";421;150.0;64.79;"2026-05-03";"2026-05-05"
"G04706";"Phillips Young";"UK";223;100.0;93.83;"2026-06-02";"2026-06-06"
"G04707";"Khan Bernard";"UK";203;0.0;0.0;"2026-01-22";"2026-01-27"
"G04708";"Ali Parker";"Nigeria";418;50.0;17.18;"2026-03-24";"2026-03-26"
"G04709";"Ahmed Harris";"Spain";322;100.0;78.98;"2026-06-26";"2026-06-30"
"G04710";"Carter King";"France";430;100.0;21.11;"2026-03-18";"2026-03-20"
"G04711";"Turner Nelson";"UK";417;100.0;77.11;"2026-01-21";"2026-01-24"
"G04712";"Morris King";"UK";330;100.0;36.38;"2026-05-01";"2026-05-05"
"G04713";"Cooper Taylor";"South Korea";509;200.0;180.08;"2026-04-08";"2026-04-10"
"G04714";"Miller Lewis";"France";134;200.0;124.04;"2026-05-11";"2026-05-14"
"G04715";"Garcia Ahmed";"UK";526;200.0;75.49;"2026-04-01";"2026-04-05"
"G04716";"Baker Shah";"UK";420;100.0;5.52;"2026-03-19";"2026-03-20"
"G04717";"Cooper Wilson";"Italy";523;0.0;0.0;"2026-03-18";"2026-03-19"
"G04718";"Williams Nelson";"Ghana";217;150.0;123.17;"2026-05-08";"2026-05-09"
"G04719";"Lee Campbell";"UK";308;0.0;47.47;"2026-01-15";"2026-01-20"
"G04720";"Taylor Thompson";"UK";520;100.0;109.05;"2026-05-22";"2026-05-25"
"G04721";"Miller Reid";"Ireland";506;100.0;105.45;"2026-02-03";"2026-02-05"
"G04722";"Thomas Moore";"UK";226;0.0;0.0;"2026-06-04";"2026-06-06"
"G04723";"Morris Taylor";"USA";419;200.0;150.46;"2026-04-12";"2026-04-18"
"G04724";"Young Roberts";"UK";518;150.0;67.62;"2026-02-18";"2026-02-20"
"G04725";"Edwards Reid";"UK";318;100.0;1.24;"2026-04-24";"2026-04-25"
"G04726";"Okafor Nwosu";"UK";216;150.0;139.11;"2026-03-03";"2026-03-06"
"G04727";"Clark Phillips";"USA";206;200.0;10.06;"2026-02-07";"2026-02-08"
"G04728";"Murphy Wilson";"UK";421;150.0;66.39;"2026-05-30";"2026-05-31"
"G04729";"Hall White";"Ireland";407;150.0;80.4;"2026-01-16";"2026-01-18"
"G04730";"Phillips Lewis";"UK";521;100.0;110.46;"2026-01-02";"2026-01-06"
"G04732";"Hall Roberts";"UK";133;150.0;175.15;"2026-06-03";"2026-06-07"
"G04733";"Rogers White";"USA";512;200.0;193.35;"2026-04-25";"2026-04-27"
"G04734";"Williams Bernard";"Canada";509;150.0;10.38;"2026-01-14";"2026-01-17"
"G04735";"Anderson White";"France";517;100.0;93.12;"2026-04-05";"2026-04-10"
"G04736";"Carter Murphy";"France";316;100.0;111.26;"2026-04-14";"2026-04-20"
"G04737";"Edwards Hussain";"Ireland";225;100.0;65.49;"2026-06-16";"2026-06-22"
"G04738";"Roberts Taylor";"USA";202;100.0;77.22;"2026-03-29";"2026-03-31"
"G04739";"Mitchell Turner";"Germany";428;200.0;163.09;"2026-03-11";"2026-03-12"
"G04740";"Parker White";"USA";434;0.0;0.0;"2026-02-21";"2026-02-26"
"G04741";"Murphy Turner";"Ghana";112;50.0;7.71;"2026-04-02";"2026-04-05"
"G04742";"Khan Taylor";"South Korea";410;150.0;29.64;"2026-05-15";"2026-05-16"
"G04743";"Phillips Murphy";"UK";430;50.0;32.34;"2026-02-20";"2026-02-24"
"G04744";"Ali Martinez";"UK";301;100.0;46.19;"2026-05-26";"2026-05-27"
"G04745";"Anderson Adams";"USA";206;150.0;121.29;"2026-05-16";"2026-05-22"
"G04746";"Carter Bernard";"Ghana";533;0.0;0.0;"2026-06-09";"2026-06-16"
"G04747";"Hall Murphy";"France";111;150.0;127.27;"2026-03-01";"2026-03-04"
"G04748";"Wilson Adams";"UK";333;150.0;155.57;"2026-05-21";"2026-05-26"
"G04749";"Turner King";"Netherlands";334;150.0;151.46;"2026-04-25";"2026-04-28"
"G04750";"Morris Wright";"Spain";313;150.0;34.14;"2026-03-03";"2026-03-06"
"G04751";"Morris Hussain";"Ghana";121;150.0;135.61;"2026-04-16";"2026-04-17"
"G04752";"Cook Evans";"Nigeria";526;200.0;152.77;"2026-05-07";"2026-05-12"
"G04753";"Mensah Hall";"UK";104;0.0;0.0;"2026-05-05";"2026-05-07"
"G04754";"Williams Turner";"UK";108;200.0;101.86;"2026-01-29";"2026-01-31"
"G04755";"Lee Bernard";"UK";427;150.0;94.81;"2026-02-27";"2026-03-04"
"G04756";"Nelson Campbell";"Italy";128;150.0;176.33;"2026-06-09";"2026-06-11"
"G04757";"Young Shah";"Canada";206;100.0;17.83;"2026-03-03";"2026-03-04"
"G04758";"Phillips Hall";"USA";117;100.0;100.33;"2026-01-20";"2026-01-23"
"G04759";"Turner White";"Nigeria";115;100.0;15.41;"2026-01-26";"2026-01-30"
"G04760";"Rogers Green";"UK";503;100.0;47.53;"2026-03-26";"2026-03-30"
"G04761";"Carter Rahman";"South Korea";426;100.0;79.17;"2026-02-15";"2026-02-22"
"G04762";"Cooper Green";"UK";431;100.0;11.08;"2026-01-20";"2026-01-23"
"G04763";"Turner Nelson";"UK";414;50.0;31.46;"2026-02-08";"2026-02-11"
"G04764";"Campbell Carter";"UK";114;0.0;0.0;"2026-04-21";"2026-04-24"
"G04765";"Morris Davis";"UK";217;100.0;43.29;"2026-02-26";"2026-02-27"
"G04766";"Ali Phillips";"UK";315;0.0;0.0;"2026-05-03";"2026-05-04"
"G04767";"Johnson Nelson";"UK";330;50.0;3.16;"2026-01-24";"2026-01-25"
"G04768";"Walker Adeyemi";"UK";319;150.0;59.42;"2026-01-04";"2026-01-07"
"G04769";"Taylor Perez";"USA";306;200.0;196.11;"2026-03-08";"2026-03-10"
"G04770";"Adebayo Walker";"UK";309;200.0;40.19;"2026-06-09";"2026-06-13"
"G04771";"Murphy Evans";"USA";311;100.0;64.63;"2026-01-09";"2026-01-10"
"G04773";"Campbell Davis";"UK";119;200.0;235.4;"2026-01-23";"2026-01-28"
"G04774";"Evans King";"UK";508;150.0;99.88;"2026-06-15";"2026-06-17"
"G04775";"Young Phillips";"Spain";109;0.0;0.0;"2026-04-10";"2026-04-15"
"G04776";"Brown Lewis";"UK";233;100.0;15.67;"2026-02-01";"2026-02-02"
"G04777";"Smith Boateng";"USA";331;150.0;112.51;"2026-01-21";"2026-01-25"
"G04778";"Turner Hussain";"USA";432;150.0;161.98;"2026-03-22";"2026-03-24"
"G04779";"Adams Wright";"Nigeria";504;0.0;16.44;"2026-02-13";"2026-02-15"
"G04780";"Evans Young";"Spain";221;0.0;0.0;"2026-03-14";"2026-03-17"
"G04781";"Brown Wilson";"Netherlands";406;150.0;158.91;"2026-03-01";"2026-03-02"
"G04782";"Evans Mitchell";"USA";430;200.0;16.45;"2026-01-30";"2026-02-04"
"G04783";"Hall King";"Spain";406;150.0;128.9;"2026-05-09";"2026-05-12"
"G04784";"Carter Nwosu";"Ghana";108;100.0;81.2;"2026-01-16";"2026-01-23"
"G04785";"Carter Ahmed";"USA";106;200.0;148.01;"2026-03-20";"2026-03-22"
"G04786";"Ali Young";"UK";203;100.0;82.42;"2026-05-14";"2026-05-15"
"G04787";"Perez Shah";"Spain";218;200.0;36.36;"2026-02-18";"2026-02-20"
"G04788";"Wright Kim";"UK";329;150.0;141.57;"2026-04-25";"2026-04-28"
"G04789";"Mitchell Nelson";"Canada";119;100.0;84.36;"2026-04-20";"2026-04-24"
"G04790";"Morris Green";"UK";208;200.0;128.86;"2026-05-08";"2026-05-10"
"G04791";"Martin Roberts";"USA";128;0.0;0.0;"2026-05-05";"2026-05-08"
"G04792";"Patel Turner";"UK";210;100.0;64.94;"2026-05-31";"2026-06-02"
"G04793";"Wright Carter";"Ghana";223;100.0;29.65;"2026-03-27";"2026-03-29"
"G04794";"Okafor Murphy";"Nigeria";203;0.0;0.0;"2026-02-13";"2026-02-17"
"G04795";"King Adams";"USA";418;200.0;68.45;"2026-05-19";"2026-05-21"
"G04796";"Morgan Thompson";"UK";332;150.0;145.13;"2026-01-04";"2026-01-06"
"G04797";"Cook Scott";"Ghana";501;200.0;148.71;"2026-03-20";"2026-03-24"
"G04798";"Lee Scott";"Spain";431;150.0;18.36;"2026-01-01";"2026-01-07"
"G04799";"Rogers King";"UK";114;100.0;14.81;"2026-01-15";"2026-01-22"
"G04800";"Thomas Ahmed";"France";201;150.0;171.24;"2026-03-14";"2026-03-16"
"G04801";"Morgan Walker";"Ireland";406;100.0;41.09;"2026-05-16";"2026-05-22"
"G04802";"Taylor Scott";"UK";529;100.0;75.64;"2026-05-12";"2026-05-17"
"G04803";"Smith Nwosu";"USA";307;0.0;58.73;"2026-02-09";"2026-02-14"
"G04804";"Bailey Young";"UK";318;100.0;19.83;"2026-01-11";"2026-01-16"
"G04805";"Walker Kim";"UK";403;100.0;82.9;"2026-06-05";"2026-06-08"
"G04806";"Lee Parker";"UK";106;100.0;102.23;"2026-06-20";"2026-06-22"
"G04807";"Turner Bernard";"Spain";115;50.0;15.02;"2026-01-09";"2026-01-11"
"G04808";"Carter Green";"Ghana";509;200.0;129.29;"2026-03-28";"2026-04-02"
"G04809";"Turner Nelson";"USA";215;0.0;0.0;"2026-06-20";"2026-06-21"
"G04810";"Ali Martinez";"UK";203;100.0;4.42;"2026-05-31";"2026-06-03"
"G04811";"Patel Kim";"France";121;50.0;8.85;"2026-05-20";"2026-05-22"
"G04812";"Patel Scott";"Ghana";413;200.0;21.2;"2026-01-17";"2026-01-21"
"G04813";"Anderson Rahman";"Germany";309;100.0;103.73;"2026-02-26";"2026-03-01"
"G04814";"Evans Adams";"Nigeria";418;0.0;0.0;"2026-01-09";"2026-01-12"
"G04815";"Clark Phillips";"UK";131;150.0;18.17;"2026-04-10";"2026-04-15"
"G04816";"Evans Bernard";"UK";316;150.0;142.99;"2026-01-07";"2026-01-14"
"G04817";"Morgan Green";"UK";320;100.0;94.65;"2026-03-22";"2026-03-29"
"G04818";"Ali Bernard";"UK";128;0.0;0.0;"2026-03-07";"2026-03-09"
"G04819";"Perez Scott";"UK";334;100.0;74.08;"2026-02-12";"2026-02-15"
"G04820";"Wright Nelson";"UK";132;100.0;39.45;"2026-05-23";"2026-05-25"
"G04821";"Cooper Thompson";"USA";217;100.0;60.92;"2026-04-30";"2026-05-02"
"G04822";"Cook Harris";"UK";234;200.0;143.21;"2026-02-21";"2026-02-25"
"G04823";"Smith Perez";"Italy";312;100.0;61.76;"2026-02-23";"2026-02-26"
"G04824";"Morris Perez";"USA";323;100.0;82.89;"2026-05-13";"2026-05-14"
"G04825";"Taylor Ahmed";"UK";527;100.0;70.17;"2026-02-09";"2026-02-11"
"G04826";"Nelson Campbell";"Italy";107;100.0;6.65;"2026-04-13";"2026-04-15"
"G04827";"Carter Baker";"Spain";422;150.0;87.99;"2026-01-20";"2026-01-22"
"G04828";"Rogers Nwosu";"UK";513;200.0;21.98;"2026-04-18";"2026-04-21"
"G04829";"Perez White";"South Korea";205;200.0;43.33;"2026-03-17";"2026-03-20"
"G04830";"Mitchell Green";"Spain";132;50.0;58.11;"2026-02-22";"2026-02-24"
"G04831";"Parker Turner";"Nigeria";112;200.0;85.68;"2026-01-06";"2026-01-07"
"G04832";"Evans Nelson";"USA";510;200.0;49.59;"2026-01-01";"2026-01-04"
"G04833";"Cooper Adams";"France";222;100.0;15.99;"2026-05-28";"2026-05-30"
"G04834";"Miller Martinez";"Nigeria";411;150.0;86.46;"2026-01-19";"2026-01-20"
"G04835";"Evans Walker";"UK";306;0.0;0.0;"2026-05-19";"2026-05-21"
"G04836";"Bailey White";"USA";109;100.0;5.18;"2026-01-27";"2026-01-28"
"G04837";"Adams Adams";"Ghana";130;100.0;15.51;"2026-04-09";"2026-04-12"
"G04838";"Morris Turner";"Italy";315;200.0;25.11;"2026-05-10";"2026-05-13"
"G04839";"Stewart Lewis";"South Korea";308;0.0;0.0;"2026-03-22";"2026-03-23"
"G04840";"Cooper Hall";"France";327;200.0;86.17;"2026-04-21";"2026-04-25"
"G04841";"Perez Nwosu";"Nigeria";225;200.0;174.42;"2026-03-31";"2026-04-06"
"G04843";"Bell Martinez";"UK";117;100.0;50.92;"2026-04-10";"2026-04-14"
"G04844";"Taylor Moore";"Canada";205;100.0;107.31;"2026-03-21";"2026-03-24"
"G04845";"Morgan Jones";"USA";318;150.0;19.59;"2026-06-12";"2026-06-14"
"G04846";"Brown Kim";"Germany";110;200.0;102.27;"2026-05-02";"2026-05-05"
"G04847";"Johnson Davis";"UK";403;0.0;0.0;"2026-03-05";"2026-03-07"
"G04848";"Green Roberts";"Germany";213;0.0;0.0;"2026-03-19";"2026-03-22"
"G04849";"Mitchell Phillips";"South Korea";108;200.0;168.75;"2026-02-26";"2026-03-02"
"G04850";"Ali Shah";"USA";320;0.0;0.0;"2026-05-30";"2026-06-01"
"G04851";"Garcia Perez";"UK";333;0.0;0.0;"2026-01-25";"2026-01-27"
"G04852";"Adebayo Roberts";"USA";110;50.0;23.48;"2026-06-22";"2026-06-23"
"G04853";"Taylor Walker";"Germany";526;150.0;157.81;"2026-06-22";"2026-06-24"
"G04854";"Morris Kim";"UK";407;50.0;54.28;"2026-05-06";"2026-05-08"
"G04855";"Clark Taylor";"Germany";127;150.0;101.29;"2026-05-25";"2026-05-26"
"G04856";"Brown Green";"UK";134;0.0;9.79;"2026-06-25";"2026-06-26"
"G04857";"Bell Green";"Spain";215;200.0;215.77;"2026-06-15";"2026-06-18"
"G04858";"Wright Campbell";"USA";210;100.0;16.57;"2026-03-10";"2026-03-12"
"G04859";"Khan Thompson";"UK";434;100.0;42.44;"2026-02-19";"2026-02-24"
"G04860";"Roberts Young";"South Korea";334;200.0;115.15;"2026-05-27";"2026-05-30"
"G04861";"Mensah Thompson";"UK";113;0.0;0.0;"2026-01-03";"2026-01-05"
"G04862";"Lee Nwosu";"Nigeria";415;200.0;31.7;"2026-05-04";"2026-05-08"
"G04863";"Morgan Campbell";"Canada";432;200.0;23.35;"2026-02-13";"2026-02-14"
"G04864";"Green Green";"UK";125;0.0;0.0;"2026-03-29";"2026-04-02"
"G04865";"Nelson Roberts";"UK";218;100.0;93.71;"2026-03-10";"2026-03-13"
"G04866";"Johnson Davis";"UK";201;100.0;111.41;"2026-05-09";"2026-05-11"
"G04867";"Edwards Nwosu";"UK";303;150.0;108.07;"2026-05-14";"2026-05-16"
"G04868";"Collins Baker";"Germany";203;200.0;120.96;"2026-06-01";"2026-06-03"
"G04869";"Smith Boateng";"France";420;200.0;144.21;"2026-01-30";"2026-02-06"
"G04871";"Roberts Nelson";"UK";322;100.0;4.85;"2026-06-14";"2026-06-16"
"G04872";"Martin Boateng";"Ghana";130;150.0;157.26;"2026-05-24";"2026-05-27"
"G04873";"Davies Walker";"UK";426;200.0;165.86;"2026-02-27";"2026-02-28"
"G04874";"Phillips Carter";"Canada";201;200.0;178.31;"2026-03-03";"2026-03-10"
"G04875";"Campbell Boateng";"UK";415;0.0;52.48;"2026-03-13";"2026-03-16"
"G04876";"Okafor Kim";"UK";303;200.0;227.99;"2026-05-17";"2026-05-20"
"G04877";"Perez Harris";"UK";204;150.0;113.97;"2026-01-18";"2026-01-24"
"G04878";"Patel Murphy";"UK";326;0.0;58.1;"2026-06-15";"2026-06-20"
"G04879";"Roberts Bernard";"UK";127;100.0;71.74;"2026-04-10";"2026-04-12"
"G04881";"Stewart Nwosu";"Germany";430;0.0;0.0;"2026-02-18";"2026-02-25"
"G04882";"Okafor Nelson";"USA";117;150.0;48.57;"2026-06-23";"2026-06-25"
"G04883";"Davies Green";"Ireland";314;100.0;77.87;"2026-04-10";"2026-04-13"
"G04884";"Walker Harris";"France";426;100.0;32.74;"2026-06-27";"2026-06-29"
"G04885";"Hall Perez";"UK";306;0.0;0.0;"2026-05-21";"2026-05-22"
"G04886";"Adebayo Young";"UK";507;150.0;127.98;"2026-04-19";"2026-04-20"
"G04887";"Green Harris";"USA";111;200.0;34.05;"2026-03-01";"2026-03-02"
"G04888";"Ahmed Moore";"UK";434;100.0;26.83;"2026-04-18";"2026-04-20"
"G04889";"Davies Martinez";"UK";221;50.0;49.46;"2026-04-04";"2026-04-09"
"G04890";"Ahmed Baker";"UK";227;0.0;0.0;"2026-06-23";"2026-06-25"
"G04892";"Davies Evans";"UK";227;150.0;73.27;"2026-04-04";"2026-04-06"
"G04893";"Morgan Adams";"UK";404;50.0;4.79;"2026-02-11";"2026-02-13"
"G04894";"Walker Walker";"Ireland";234;100.0;14.48;"2026-02-18";"2026-02-19"
"G04895";"Turner Perez";"Germany";419;200.0;87.03;"2026-02-09";"2026-02-11"
"G04896";"Bell Boateng";"UK";507;150.0;83.64;"2026-02-27";"2026-02-28"
"G04897";"Phillips Turner";"Spain";413;100.0;22.86;"2026-02-15";"2026-02-17"
"G04898";"Brown Walker";"Ireland";522;100.0;21.6;"2026-01-22";"2026-01-26"
"G04899";"Collins Jones";"USA";503;50.0;58.15;"2026-02-24";"2026-02-26"
"G04900";"Ali Green";"Germany";506;0.0;0.0;"2026-02-03";"2026-02-06"
"G04901";"Carter Jones";"UK";431;0.0;41.9;"2026-01-05";"2026-01-07"
"G04902";"Walker Nwosu";"UK";129;100.0;86.82;"2026-05-10";"2026-05-12"
"G04903";"Adebayo White";"UK";316;100.0;105.35;"2026-01-31";"2026-02-01"
"G04904";"Hall Adams";"USA";525;200.0;89.25;"2026-05-30";"2026-05-31"
"G04905";"Patel Evans";"USA";406;150.0;44.27;"2026-01-21";"2026-01-26"
"G04906";"Wilson Wright";"Ireland";404;100.0;87.77;"2026-01-04";"2026-01-08"
"G04907";"Wilson Martinez";"USA";514;50.0;20.96;"2026-06-03";"2026-06-05"
"G04908";"Garcia Hussain";"Nigeria";316;50.0;17.87;"2026-06-01";"2026-06-04"
"G04909";"Johnson Evans";"South Korea";504;0.0;0.0;"2026-04-03";"2026-04-08"
"G04910";"Murphy Parker";"USA";327;200.0;210.18;"2026-04-20";"2026-04-24"
"G04911";"Williams Martinez";"UK";203;200.0;48.22;"2026-04-17";"2026-04-20"
"G04912";"Nelson Murphy";"UK";114;150.0;23.72;"2026-03-15";"2026-03-16"
"G04913";"Hall Taylor";"UK";420;150.0;85.44;"2026-01-19";"2026-01-26"
"G04914";"Carter Taylor";"USA";519;100.0;17.89;"2026-02-13";"2026-02-16"
"G04915";"Phillips Davis";"Ghana";119;200.0;6.31;"2026-05-14";"2026-05-17"
"G04916";"Walker Moore";"USA";311;150.0;108.6;"2026-03-06";"2026-03-08"
"G04917";"Edwards King";"UK";306;50.0;46.69;"2026-04-25";"2026-04-29"
"G04918";"Davies Turner";"UK";131;150.0;146.03;"2026-06-09";"2026-06-11"
"G04919";"Walker Bernard";"UK";106;100.0;86.04;"2026-03-31";"2026-04-02"
"G04920";"Bailey Boateng";"Spain";525;150.0;90.87;"2026-06-07";"2026-06-09"
"G04921";"Ali Wilson";"Italy";412;100.0;92.42;"2026-03-13";"2026-03-16"
"G04922";"Williams Young";"USA";111;0.0;0.0;"2026-01-19";"2026-01-21"
"G04923";"Perez Harris";"UK";233;100.0;67.99;"2026-04-22";"2026-04-23"
"G04924";"Patel Bernard";"USA";429;0.0;0.0;"2026-02-23";"2026-02-26"
"G04925";"Carter Perez";"UK";417;100.0;3.94;"2026-01-17";"2026-01-20"
"G04926";"Davies Young";"Ireland";317;200.0;37.87;"2026-02-18";"2026-02-22"
"G04927";"Mitchell Harris";"USA";403;200.0;176.74;"2026-06-21";"2026-06-24"
"G04928";"Ahmed Wright";"UK";405;150.0;10.06;"2026-06-13";"2026-06-18"
"G04929";"Mitchell Davis";"UK";316;150.0;23.49;"2026-03-11";"2026-03-14"
"G04930";"Davies King";"UK";127;150.0;59.92;"2026-05-31";"2026-06-06"
"G04931";"Stewart Baker";"UK";405;150.0;4.47;"2026-06-12";"2026-06-14"
"G04932";"Evans Thompson";"USA";403;0.0;26.21;"2026-05-04";"2026-05-07"
"G04933";"Lee Walker";"Spain";304;50.0;36.58;"2026-06-11";"2026-06-13"
"G04934";"Lee White";"UK";520;200.0;105.47;"2026-05-25";"2026-06-01"
"G04935";"Stewart Davis";"Germany";303;150.0;159.02;"2026-02-13";"2026-02-15"
"G04936";"Anderson Campbell";"UK";406;100.0;32.08;"2026-05-03";"2026-05-07"
"G04937";"Morgan Hussain";"Nigeria";119;0.0;0.0;"2026-04-09";"2026-04-13"
"G04938";"Cook Carter";"Italy";333;0.0;0.0;"2026-01-29";"2026-01-30"
"G04939";"Campbell Lewis";"Ghana";334;200.0;50.87;"2026-02-25";"2026-02-28"
"G04940";"Khan Harris";"UK";125;100.0;86.63;"2026-01-29";"2026-01-31"
"G04941";"Young White";"USA";328;150.0;81.48;"2026-01-07";"2026-01-10"
"G04942";"Murphy Shah";"USA";519;150.0;155.33;"2026-03-07";"2026-03-12"
"G04943";"Parker White";"UK";407;100.0;63.43;"2026-01-09";"2026-01-11"
"G04944";"Turner Taylor";"Spain";425;0.0;0.0;"2026-05-20";"2026-05-26"
"G04945";"Khan Martinez";"Spain";107;100.0;60.17;"2026-05-02";"2026-05-05"
"G04946";"Green Adeyemi";"UK";118;200.0;24.79;"2026-06-20";"2026-06-23"
"G04947";"Davies Nwosu";"Netherlands";424;100.0;30.87;"2026-02-18";"2026-02-19"
"G04948";"Young Campbell";"UK";425;200.0;128.29;"2026-02-01";"2026-02-03"
"G04949";"Evans Murphy";"USA";320;200.0;135.9;"2026-05-26";"2026-05-29"
"G04951";"Stewart Harris";"USA";529;200.0;146.53;"2026-03-05";"2026-03-10"
"G04952";"Edwards Taylor";"Ireland";415;100.0;116.81;"2026-06-01";"2026-06-04"
"G04953";"Ahmed Hall";"Canada";531;100.0;62.76;"2026-03-17";"2026-03-18"
"G04954";"Baker Campbell";"UK";434;200.0;90.9;"2026-05-04";"2026-05-07"
"G04955";"Nelson Nelson";"UK";508;200.0;144.22;"2026-06-12";"2026-06-13"
"G04956";"Miller Boateng";"Ghana";132;200.0;31.24;"2026-01-14";"2026-01-16"
"G04957";"Ahmed White";"UK";116;150.0;102.44;"2026-06-29";"2026-06-30"
"G04958";"Cooper Lewis";"Italy";213;0.0;0.0;"2026-04-11";"2026-04-12"
"G04959";"Cooper Young";"Spain";420;100.0;100.28;"2026-01-01";"2026-01-06"
"G04960";"Mitchell Evans";"France";130;50.0;7.56;"2026-04-14";"2026-04-19"
"G04961";"Collins Wright";"USA";503;200.0;73.2;"2026-05-24";"2026-05-26"
"G04962";"Smith Thompson";"Ireland";203;0.0;0.0;"2026-05-20";"2026-05-23"
"G04963";"Khan Walker";"France";327;150.0;147.95;"2026-04-30";"2026-05-03"
"G04964";"Khan Thompson";"UK";508;150.0;7.65;"2026-04-22";"2026-04-24"
"G04965";"Miller Thompson";"USA";119;100.0;100.34;"2026-03-24";"2026-03-27"
"G04966";"Morris White";"USA";209;0.0;0.0;"2026-06-14";"2026-06-19"
"G04967";"Ahmed Scott";"Spain";432;150.0;131.98;"2026-04-04";"2026-04-07"
"G04968";"Green Hall";"UK";506;200.0;177.73;"2026-02-06";"2026-02-09"
"G04969";"Collins Shah";"UK";211;0.0;0.0;"2026-03-13";"2026-03-18"
"G04970";"Davies Evans";"USA";512;200.0;214.24;"2026-02-05";"2026-02-09"
"G04971";"Morris Shah";"Ghana";418;150.0;170.46;"2026-02-11";"2026-02-16"
"G04972";"Morris Roberts";"Italy";209;200.0;148.27;"2026-04-11";"2026-04-12"
"G04973";"Murphy Wilson";"UK";305;150.0;27.0;"2026-06-19";"2026-06-23"
"G04974";"Stewart Walker";"USA";419;200.0;136.24;"2026-06-23";"2026-06-25"
"G04975";"Baker Green";"South Korea";322;100.0;53.54;"2026-02-09";"2026-02-13"
"G04976";"Rogers Turner";"Nigeria";215;100.0;69.97;"2026-06-19";"2026-06-22"
"G04977";"Mensah Adams";"UK";110;200.0;154.61;"2026-04-04";"2026-04-06"
"G04978";"Morris Adams";"UK";310;50.0;32.35;"2026-03-11";"2026-03-12"
"G04979";"Phillips Roberts";"USA";130;100.0;67.1;"2026-03-19";"2026-03-20"
"G04980";"Bell King";"UK";530;100.0;72.23;"2026-02-07";"2026-02-10"
"G04981";"Lee Nelson";"Nigeria";228;150.0;35.68;"2026-04-30";"2026-05-01"
"G04982";"Lee Nwosu";"USA";503;200.0;94.96;"2026-04-28";"2026-04-30"
"G04983";"Rogers Hussain";"UK";134;0.0;0.0;"2026-06-16";"2026-06-19"
"G04984";"Smith Young";"Nigeria";429;50.0;7.14;"2026-06-12";"2026-06-14"
"G04985";"Anderson Martinez";"USA";415;200.0;191.45;"2026-03-27";"2026-03-31"
"G04986";"Davies Reid";"Ghana";523;0.0;0.0;"2026-04-22";"2026-04-24"
"G04987";"Turner Lewis";"UK";324;50.0;35.1;"2026-03-19";"2026-03-26"
"G04988";"Clark Taylor";"UK";432;150.0;31.14;"2026-06-20";"2026-06-23"
"G04989";"Adebayo Wright";"Spain";424;200.0;204.31;"2026-03-18";"2026-03-21"
"G04990";"Brown Mitchell";"UK";515;0.0;0.0;"2026-03-08";"2026-03-12"
"G04991";"Thomas Baker";"Canada";408;150.0;159.96;"2026-02-26";"2026-02-27"
"G04992";"Bailey Kim";"Netherlands";108;100.0;54.05;"2026-02-19";"2026-02-20"
"G04993";"Ahmed Hall";"UK";332;0.0;0.0;"2026-03-11";"2026-03-14"
"G04994";"Green Scott";"Ghana";509;200.0;169.27;"2026-01-11";"2026-01-13"
"G04995";"Miller Taylor";"UK";525;100.0;114.29;"2026-04-05";"2026-04-12"
"G04997";"Carter Parker";"Ghana";126;50.0;56.26;"2026-04-17";"2026-04-20"
"G04998";"Morgan Jones";"Spain";128;100.0;72.24;"2026-01-05";"2026-01-08"
"G04999";"Mensah Young";"Nigeria";513;0.0;0.0;"2026-01-29";"2026-02-05"
"G05000";"Turner Turner";"UK";518;200.0;129.48;"2026-03-28";"2026-04-02"
"G05001";"Martin Moore";"UK";303;200.0;24.2;"2026-02-19";"2026-02-20"
"G05002";"Baker Wilson";"France";132;100.0;72.77;"2026-06-17";"2026-06-20"
"G05003";"Ali Wright";"Spain";523;100.0;84.49;"2026-02-28";"2026-03-02"
"G05004";"Walker Lewis";"Germany";404;0.0;0.0;"2026-06-29";"2026-06-30"
"G05005";"Smith Wright";"Ireland";512;50.0;21.48;"2026-04-27";"2026-04-30"
"G05006";"Carter Campbell";"Ghana";521;50.0;20.16;"2026-06-20";"2026-06-22"
"G05007";"Brown Baker";"Nigeria";131;0.0;0.0;"2026-05-24";"2026-05-28"
"G05008";"Brown Moore";"UK";308;0.0;57.18;"2026-01-03";"2026-01-07"
"G05009";"Okafor Murphy";"Ghana";222;200.0;124.74;"2026-06-06";"2026-06-13"
"G05010";"Mensah Green";"Ghana";403;0.0;30.61;"2026-06-11";"2026-06-14"
"G05011";"Patel Parker";"UK";520;0.0;0.0;"2026-01-10";"2026-01-14"
"G05012";"Adams Nelson";"UK";514;100.0;101.28;"2026-05-23";"2026-05-25"
"G05013";"Williams Mitchell";"Ghana";301;100.0;28.55;"2026-01-29";"2026-02-01"
"G05014";"Okafor Wright";"UK";434;100.0;85.43;"2026-01-06";"2026-01-07"
"G05015";"Anderson Perez";"USA";504;100.0;18.49;"2026-05-29";"2026-06-02"
"G05016";"Patel Boateng";"UK";412;200.0;158.82;"2026-02-02";"2026-02-06"
"G05017";"Okafor Scott";"UK";228;150.0;4.73;"2026-04-18";"2026-04-20"
"G05018";"Wright Wilson";"UK";317;200.0;86.43;"2026-05-29";"2026-05-30"
"G05019";"Miller Martinez";"Spain";509;200.0;131.92;"2026-02-04";"2026-02-08"
"G05020";"Davies Young";"USA";119;100.0;95.85;"2026-02-20";"2026-02-21"
"G05021";"Patel Murphy";"UK";526;100.0;47.23;"2026-06-05";"2026-06-06"
"G05022";"Clark Boateng";"UK";211;100.0;78.03;"2026-06-16";"2026-06-18"
"G05023";"Johnson Campbell";"South Korea";317;200.0;191.43;"2026-03-26";"2026-03-30"
"G05024";"Stewart Kim";"UK";212;150.0;49.14;"2026-03-14";"2026-03-16"
"G05025";"Lee Baker";"France";220;0.0;0.0;"2026-02-18";"2026-02-22"
"G05026";"Edwards King";"UK";130;150.0;85.41;"2026-04-20";"2026-04-22"
"G05027";"Adebayo Bernard";"UK";230;150.0;12.66;"2026-03-02";"2026-03-03"
"G05028";"Smith King";"Ghana";408;200.0;24.94;"2026-06-29";"2026-06-30"
"G05029";"Bell Baker";"Ghana";230;0.0;0.0;"2026-03-20";"2026-03-26"
"G05030";"Davies Lewis";"UK";101;150.0;158.71;"2026-03-02";"2026-03-04"
"G05031";"Williams Green";"UK";229;200.0;12.3;"2026-04-07";"2026-04-08"
"G05032";"Bell Hussain";"UK";305;150.0;81.09;"2026-03-23";"2026-03-24"
"G05033";"Murphy Moore";"USA";422;200.0;30.68;"2026-05-21";"2026-05-22"
"G05034";"Murphy King";"Nigeria";106;0.0;0.0;"2026-02-22";"2026-02-24"
"G05035";"Roberts White";"South Korea";208;200.0;33.61;"2026-03-07";"2026-03-10"
"G05036";"Campbell Martinez";"UK";534;0.0;93.87;"2026-04-17";"2026-04-18"
"G05037";"Collins White";"France";116;100.0;60.26;"2026-01-18";"2026-01-19"
"G05038";"Taylor Taylor";"South Korea";125;100.0;107.38;"2026-06-11";"2026-06-14"
"G05039";"Hall Wilson";"UK";316;0.0;0.0;"2026-01-22";"2026-01-29"
"G05040";"Cooper Moore";"Ghana";302;0.0;0.0;"2026-03-25";"2026-04-01"
"G05041";"Okafor Baker";"Nigeria";518;0.0;0.0;"2026-03-23";"2026-03-27"
"G05042";"Phillips King";"Italy";402;50.0;47.99;"2026-04-22";"2026-04-25"
"G05043";"Brown Lewis";"UK";502;100.0;34.32;"2026-03-21";"2026-03-22"
"G05044";"Williams Rahman";"Ireland";416;200.0;21.16;"2026-06-10";"2026-06-12"
"G05045";"Cook Scott";"Nigeria";222;200.0;49.63;"2026-01-25";"2026-01-26"
"G05046";"Lee Carter";"UK";304;0.0;0.0;"2026-06-08";"2026-06-12"
"G05047";"Collins Wright";"UK";415;200.0;210.8;"2026-01-14";"2026-01-18"
"G05048";"Williams Evans";"France";317;100.0;44.45;"2026-03-04";"2026-03-06"
"G05049";"Stewart Roberts";"UK";407;150.0;170.88;"2026-01-12";"2026-01-14"
"G05050";"Stewart White";"Nigeria";329;0.0;25.67;"2026-04-06";"2026-04-07"
"G05051";"Stewart Thompson";"South Korea";134;150.0;107.36;"2026-03-13";"2026-03-19"
"G05052";"Collins Young";"UK";516;100.0;100.61;"2026-03-04";"2026-03-09"
"G05053";"Cooper Turner";"UK";416;150.0;97.61;"2026-04-10";"2026-04-12"
"G05054";"Smith Wilson";"UK";503;100.0;86.6;"2026-02-20";"2026-02-21"
"G05055";"Roberts Adams";"France";224;200.0;130.5;"2026-01-15";"2026-01-19"
"G05056";"Baker Boateng";"UK";414;100.0;36.47;"2026-06-02";"2026-06-09"
"G05057";"Evans Ahmed";"UK";319;100.0;35.7;"2026-05-21";"2026-05-22"
"G05058";"Mitchell Hussain";"USA";314;100.0;17.55;"2026-01-04";"2026-01-06"
"G05059";"Martin Young";"Netherlands";302;150.0;60.71;"2026-03-28";"2026-04-03"
"G05060";"Nelson Ahmed";"UK";504;150.0;127.41;"2026-01-14";"2026-01-18"
"G05061";"Campbell Adams";"Ireland";521;150.0;12.29;"2026-05-31";"2026-06-01"
"G05062";"Mensah Wright";"USA";505;100.0;22.87;"2026-01-22";"2026-01-23"
"G05063";"Parker Nwosu";"Italy";331;0.0;51.05;"2026-02-01";"2026-02-03"
"G05064";"Morgan Perez";"Germany";101;0.0;88.5;"2026-01-13";"2026-01-16"
"G05065";"Bell Jones";"Spain";126;0.0;0.0;"2026-05-26";"2026-05-28"
"G05066";"Phillips Nelson";"UK";406;100.0;37.83;"2026-06-10";"2026-06-12"
"G05067";"Wright Scott";"UK";111;100.0;43.31;"2026-03-03";"2026-03-06"
"G05068";"Miller Lewis";"UK";125;150.0;18.04;"2026-03-24";"2026-03-26"
"G05069";"Brown Thompson";"France";515;200.0;38.84;"2026-05-22";"2026-05-23"
"G05070";"Davies Roberts";"South Korea";409;200.0;156.4;"2026-02-24";"2026-02-26"
"G05071";"Perez Green";"UK";331;200.0;105.42;"2026-03-26";"2026-04-01"
"G05072";"Bell Moore";"UK";504;150.0;8.53;"2026-01-28";"2026-01-31"
"G05073";"Bell Carter";"USA";530;100.0;46.74;"2026-06-12";"2026-06-15"
"G05074";"Johnson Murphy";"Spain";113;0.0;0.0;"2026-06-19";"2026-06-22"
"G05075";"Campbell Hussain";"South Korea";315;100.0;4.97;"2026-01-12";"2026-01-13"
"G05076";"Miller Adeyemi";"UK";509;100.0;1.48;"2026-02-16";"2026-02-23"
"G05077";"Collins Young";"UK";218;0.0;0.0;"2026-05-03";"2026-05-04"
"G05078";"Carter Turner";"USA";318;100.0;108.24;"2026-01-29";"2026-02-01"
"G05079";"Campbell Bernard";"Italy";421;150.0;135.55;"2026-06-16";"2026-06-23"
"G05080";"Walker Roberts";"USA";116;100.0;28.92;"2026-03-22";"2026-03-23"
"G05081";"Turner Nelson";"UK";118;0.0;0.0;"2026-04-09";"2026-04-12"
"G05082";"Anderson Wright";"USA";310;0.0;0.0;"2026-05-12";"2026-05-13"
"G05083";"Thomas Green";"UK";118;50.0;14.7;"2026-06-02";"2026-06-05"
"G05084";"Roberts Walker";"Germany";402;100.0;86.81;"2026-04-21";"2026-04-27"
"G05085";"Collins Walker";"USA";218;200.0;29.86;"2026-06-19";"2026-06-22"
"G05086";"Lee Jones";"South Korea";134;150.0;111.7;"2026-01-02";"2026-01-06"
"G05087";"Cooper Baker";"Ireland";314;50.0;48.6;"2026-03-18";"2026-03-20"
"G05088";"Campbell Ahmed";"UK";101;0.0;0.0;"2026-01-07";"2026-01-09"
"G05089";"Ali Jones";"UK";124;0.0;0.0;"2026-01-10";"2026-01-12"
"G05091";"Bailey Moore";"UK";216;0.0;0.0;"2026-03-09";"2026-03-12"
"G05092";"Patel Ahmed";"UK";229;100.0;36.92;"2026-05-15";"2026-05-20"
"G05093";"Parker Parker";"Germany";313;200.0;166.85;"2026-05-07";"2026-05-13"
"G05094";"Murphy Campbell";"Spain";308;50.0;28.56;"2026-01-23";"2026-01-25"
"G05095";"Turner Mitchell";"UK";528;100.0;49.55;"2026-06-03";"2026-06-09"
"G05096";"Ahmed Nelson";"Ghana";217;200.0;214.95;"2026-01-21";"2026-01-24"
"G05097";"Taylor Davis";"UK";117;150.0;9.38;"2026-03-07";"2026-03-11"
"G05098";"Adebayo Hussain";"UK";101;200.0;212.68;"2026-01-19";"2026-01-25"
"G05100";"Ali Wilson";"Ghana";319;0.0;0.0;"2026-04-21";"2026-04-25"
"G05101";"Morgan Carter";"Nigeria";534;50.0;43.49;"2026-02-11";"2026-02-14"
"G05102";"Parker Shah";"France";116;100.0;55.86;"2026-05-08";"2026-05-10"
"G05103";"Adebayo Campbell";"UK";214;0.0;47.72;"2026-05-18";"2026-05-23"
"G05104";"Edwards Phillips";"UK";331;200.0;44.34;"2026-03-07";"2026-03-08"
"G05105";"Khan Young";"France";525;100.0;27.51;"2026-01-10";"2026-01-16"
"G05106";"Parker Carter";"USA";124;0.0;0.0;"2026-05-03";"2026-05-05"
"G05107";"Ahmed Roberts";"UK";434;200.0;13.76;"2026-01-28";"2026-01-30"
"G05108";"Ahmed Wilson";"South Korea";211;200.0;41.79;"2026-06-01";"2026-06-06"
"G05109";"Khan Hussain";"UK";306;50.0;53.25;"2026-01-27";"2026-01-29"
"G05110";"Baker Perez";"Canada";405;100.0;28.42;"2026-05-07";"2026-05-09"
"G05111";"Phillips Adams";"UK";405;200.0;10.87;"2026-01-12";"2026-01-19"
"G05112";"Davies Adeyemi";"Ireland";422;150.0;101.1;"2026-06-25";"2026-06-27"
"G05113";"Murphy Moore";"Canada";105;100.0;14.22;"2026-02-22";"2026-02-24"
"G05114";"Ali Shah";"UK";109;200.0;221.09;"2026-05-04";"2026-05-08"
"G05115";"Green Adams";"Germany";132;150.0;1.19;"2026-06-28";"2026-06-29"
"G05116";"Johnson Adams";"UK";112;100.0;26.74;"2026-03-17";"2026-03-24"
"G05117";"Walker Jones";"UK";413;100.0;84.35;"2026-06-07";"2026-06-09"
"G05118";"Morgan Nelson";"Spain";402;50.0;11.63;"2026-06-23";"2026-06-26"
"G05119";"Cook Harris";"Germany";204;100.0;101.01;"2026-03-18";"2026-03-21"
"G05120";"Bell White";"USA";503;100.0;31.26;"2026-02-22";"2026-02-24"
"G05121";"Nelson Campbell";"France";521;150.0;121.79;"2026-06-03";"2026-06-09"
"G05122";"Parker Mitchell";"South Korea";214;50.0;36.9;"2026-03-14";"2026-03-17"
"G05123";"Miller Taylor";"UK";314;100.0;57.66;"2026-02-11";"2026-02-12"
"G05124";"Garcia Nwosu";"UK";527;200.0;114.03;"2026-03-06";"2026-03-08"
"G05125";"Mensah Moore";"Spain";223;150.0;26.09;"2026-03-05";"2026-03-11"
"G05126";"Lee Nwosu";"Germany";517;150.0;136.58;"2026-02-25";"2026-02-28"
"G05127";"Johnson Taylor";"USA";210;150.0;31.5;"2026-06-05";"2026-06-06"
"G05128";"Adebayo Martinez";"Netherlands";417;100.0;98.54;"2026-04-05";"2026-04-07"
"G05129";"Murphy Nwosu";"Netherlands";507;100.0;92.36;"2026-01-01";"2026-01-03"
"G05130";"Edwards Wilson";"USA";505;0.0;0.0;"2026-03-29";"2026-04-01"
"G05131";"Bailey White";"UK";122;100.0;96.75;"2026-01-09";"2026-01-13"
"G05132";"Hall Kim";"UK";401;100.0;46.97;"2026-05-11";"2026-05-13"
"G05133";"Parker White";"UK";222;50.0;31.44;"2026-02-26";"2026-03-01"
"G05134";"Taylor Perez";"France";128;0.0;0.0;"2026-01-22";"2026-01-24"
"G05135";"Ahmed Bernard";"France";307;200.0;61.27;"2026-03-31";"2026-04-03"
"G05136";"Morris Perez";"UK";209;100.0;62.92;"2026-04-12";"2026-04-15"
"G05137";"Martin Roberts";"UK";513;200.0;111.78;"2026-05-25";"2026-05-30"
"G05138";"Anderson Thompson";"South Korea";317;50.0;1.76;"2026-05-10";"2026-05-12"
"G05139";"Khan Wright";"Nigeria";116;100.0;4.44;"2026-01-24";"2026-01-26"
"G05140";"Lee Martinez";"UK";320;200.0;70.94;"2026-03-16";"2026-03-17"
"G05141";"Nelson Perez";"Nigeria";517;100.0;103.04;"2026-06-03";"2026-06-07"
"G05142";"Adams Jones";"UK";513;100.0;114.52;"2026-02-01";"2026-02-03"
"G05143";"Evans Adams";"USA";417;100.0;60.15;"2026-02-08";"2026-02-11"
"G05144";"Campbell Carter";"Ireland";125;200.0;193.79;"2026-01-21";"2026-01-23"
"G05145";"Turner Taylor";"France";501;100.0;77.04;"2026-05-15";"2026-05-19"
"G05146";"Young Green";"Spain";221;50.0;30.82;"2026-01-02";"2026-01-03"
"G05147";"Young Hall";"Germany";102;100.0;76.36;"2026-03-08";"2026-03-09"
"G05148";"Anderson Turner";"Ireland";329;200.0;180.13;"2026-04-26";"2026-04-30"
"G05149";"Lee Thompson";"Canada";120;50.0;40.89;"2026-04-28";"2026-05-01"
"G05150";"Garcia Taylor";"Canada";223;100.0;61.59;"2026-06-02";"2026-06-06"
"G05151";"Turner Thompson";"USA";226;0.0;75.97;"2026-04-09";"2026-04-10"
"G05152";"Green Moore";"UK";201;0.0;38.85;"2026-01-05";"2026-01-06"
"G05153";"Davies Rahman";"UK";103;100.0;43.59;"2026-06-04";"2026-06-08"
"G05154";"Parker Roberts";"USA";508;0.0;0.0;"2026-06-19";"2026-06-21"
"G05155";"Rogers Wilson";"Canada";112;200.0;103.74;"2026-04-23";"2026-04-28"
"G05156";"Carter King";"Netherlands";110;150.0;93.31;"2026-03-14";"2026-03-15"
"G05157";"Anderson Walker";"UK";433;0.0;0.0;"2026-04-03";"2026-04-06"
"G05158";"Roberts Rahman";"UK";211;100.0;111.53;"2026-04-10";"2026-04-12"
"G05159";"Stewart Lewis";"Nigeria";310;200.0;84.96;"2026-04-06";"2026-04-08"
"G05160";"Campbell Murphy";"UK";531;100.0;115.03;"2026-04-13";"2026-04-14"
"G05161";"Ahmed Bernard";"UK";122;150.0;108.53;"2026-06-16";"2026-06-20"
"G05162";"Green Rahman";"Nigeria";109;100.0;95.95;"2026-04-30";"2026-05-01"
"G05163";"Ahmed Hall";"UK";206;100.0;110.56;"2026-03-24";"2026-03-27"
"G05164";"Davies Roberts";"UK";523;150.0;150.97;"2026-05-02";"2026-05-06"
"G05165";"Cooper Turner";"UK";326;150.0;52.18;"2026-02-24";"2026-02-27"
"G05166";"Lee Bernard";"UK";108;200.0;126.06;"2026-03-25";"2026-03-27"
"G05167";"Edwards Phillips";"UK";310;200.0;222.75;"2026-05-14";"2026-05-15"
"G05168";"Cook Baker";"Canada";225;0.0;0.0;"2026-05-01";"2026-05-03"
"G05169";"Bell Green";"UK";401;200.0;90.23;"2026-01-01";"2026-01-06"
"G05170";"Parker Martinez";"UK";517;0.0;92.11;"2026-01-09";"2026-01-13"
"G05171";"Adebayo Harris";"France";529;100.0;69.04;"2026-06-03";"2026-06-06"
"G05172";"Edwards Parker";"UK";304;150.0;154.06;"2026-02-01";"2026-02-02"
"G05173";"Smith Shah";"Nigeria";223;0.0;0.0;"2026-04-24";"2026-04-27"
"G05174";"Turner Wright";"UK";410;0.0;0.0;"2026-04-05";"2026-04-06"
"G05175";"Nelson Adams";"Nigeria";531;100.0;100.09;"2026-03-02";"2026-03-05"
"G05176";"Adams Parker";"USA";432;0.0;0.0;"2026-05-14";"2026-05-17"
"G05177";"Murphy Campbell";"Spain";532;100.0;112.23;"2026-01-04";"2026-01-10"
"G05178";"Campbell Jones";"Canada";534;150.0;36.18;"2026-04-06";"2026-04-07"
"G05179";"Johnson Wilson";"UK";327;0.0;0.0;"2026-04-30";"2026-05-03"
"G05180";"Miller Evans";"UK";234;0.0;0.0;"2026-03-09";"2026-03-11"
"G05181";"Thomas Baker";"Germany";312;200.0;219.64;"2026-04-01";"2026-04-06"
"G05182";"Edwards Nwosu";"Ireland";226;100.0;75.51;"2026-02-21";"2026-02-23"
"G05184";"Turner Baker";"UK";127;200.0;181.76;"2026-06-17";"2026-06-24"
"G05185";"Bell Young";"UK";310;150.0;125.21;"2026-05-28";"2026-05-29"
"G05186";"Patel Parker";"Nigeria";512;100.0;102.57;"2026-05-06";"2026-05-07"
"G05187";"King Nwosu";"Canada";532;150.0;170.82;"2026-02-19";"2026-02-22"
"G05188";"Thomas Davis";"UK";428;150.0;137.46;"2026-01-12";"2026-01-16"
"G05189";"Brown Taylor";"UK";209;50.0;43.42;"2026-05-29";"2026-05-30"
"G05190";"Ahmed Turner";"Ghana";209;150.0;168.26;"2026-02-15";"2026-02-16"
"G05191";"Walker Walker";"UK";531;100.0;63.15;"2026-01-28";"2026-01-31"
"G05192";"Murphy Perez";"UK";502;100.0;55.66;"2026-02-25";"2026-03-01"
"G05193";"Baker Wilson";"South Korea";423;100.0;87.38;"2026-03-14";"2026-03-19"
"G05194";"Perez Turner";"UK";409;0.0;0.0;"2026-03-01";"2026-03-04"
"G05195";"Stewart Scott";"UK";334;100.0;53.38;"2026-05-18";"2026-05-21"
"G05196";"Turner Boateng";"USA";133;150.0;117.59;"2026-05-22";"2026-05-24"
"G05197";"Murphy Hall";"Germany";411;150.0;9.1;"2026-05-18";"2026-05-19"
"G05198";"Young Phillips";"UK";131;0.0;40.34;"2026-05-19";"2026-05-23"
"G05199";"Young Young";"USA";109;150.0;151.42;"2026-01-27";"2026-01-29"
"G05200";"Baker King";"France";126;0.0;0.0;"2026-06-13";"2026-06-17"
"G05201";"Perez Hall";"UK";202;150.0;73.4;"2026-05-29";"2026-06-02"
"G05203";"Thomas Adeyemi";"Canada";433;100.0;71.18;"2026-05-30";"2026-06-01"
"G05204";"Johnson Nwosu";"UK";308;200.0;80.79;"2026-05-28";"2026-05-30"
"G05205";"Hall Carter";"Canada";102;100.0;3.85;"2026-05-17";"2026-05-18"
"G05206";"Clark Scott";"UK";407;100.0;34.95;"2026-01-23";"2026-01-26"
"G05207";"Edwards Wilson";"UK";302;200.0;140.97;"2026-03-16";"2026-03-18"
"G05208";"Morgan Walker";"USA";526;100.0;7.72;"2026-01-21";"2026-01-28"
"G05209";"Morris Carter";"UK";321;150.0;132.34;"2026-04-09";"2026-04-12"
"G05211";"Morris Hall";"Ireland";221;100.0;93.95;"2026-04-29";"2026-04-30"
"G05212";"Perez Reid";"UK";215;100.0;84.05;"2026-03-25";"2026-03-28"
"G05214";"Adams Jones";"UK";310;50.0;46.32;"2026-03-05";"2026-03-07"
"G05215";"Johnson Phillips";"UK";533;50.0;26.31;"2026-03-20";"2026-03-21"
"G05216";"Cooper Reid";"UK";529;100.0;107.97;"2026-01-21";"2026-01-25"
"G05217";"Miller Jones";"Spain";119;200.0;91.62;"2026-02-04";"2026-02-06"
"G05218";"Adebayo Moore";"UK";422;200.0;58.91;"2026-05-28";"2026-05-31"
"G05219";"Baker Roberts";"UK";532;100.0;53.83;"2026-04-08";"2026-04-10"
"G05220";"Okafor Campbell";"Germany";332;50.0;45.8;"2026-01-06";"2026-01-10"
"G05221";"Johnson Carter";"Ghana";203;100.0;36.48;"2026-04-02";"2026-04-08"
"G05222";"Ahmed Hall";"USA";501;100.0;108.68;"2026-02-08";"2026-02-10"
"G05223";"Phillips Carter";"France";501;200.0;16.34;"2026-02-12";"2026-02-17"
"G05224";"Thomas King";"UK";226;100.0;59.53;"2026-05-16";"2026-05-21"
"G05226";"Carter Thompson";"UK";104;0.0;0.0;"2026-06-10";"2026-06-16"
"G05227";"Morgan Murphy";"USA";209;0.0;36.8;"2026-05-26";"2026-05-29"
"G05228";"Roberts Baker";"South Korea";411;100.0;38.55;"2026-03-26";"2026-03-31"
"G05229";"Morgan Scott";"France";501;100.0;50.93;"2026-04-10";"2026-04-12"
"G05230";"Miller Turner";"UK";233;150.0;66.75;"2026-05-03";"2026-05-06"
"G05231";"Wilson Nelson";"UK";433;200.0;43.45;"2026-01-24";"2026-01-27"
"G05232";"King Ahmed";"Germany";129;50.0;28.96;"2026-03-28";"2026-03-30"
"G05233";"Cooper Jones";"UK";423;200.0;66.98;"2026-01-27";"2026-01-30"
"G05234";"Cook King";"UK";523;100.0;52.32;"2026-03-21";"2026-03-27"
"G05235";"Khan Perez";"UK";117;150.0;134.25;"2026-01-29";"2026-02-02"
"G05236";"Okafor Taylor";"UK";319;100.0;76.97;"2026-03-23";"2026-03-24"
"G05237";"Ahmed Perez";"Spain";132;0.0;0.0;"2026-04-07";"2026-04-08"
"G05238";"Phillips Kim";"Ghana";227;100.0;70.52;"2026-02-20";"2026-02-23"
"G05239";"Johnson Davis";"Spain";210;100.0;115.19;"2026-04-08";"2026-04-12"
"G05240";"Khan Phillips";"Spain";129;100.0;54.29;"2026-06-21";"2026-06-24"
"G05241";"Morris Adams";"UK";427;0.0;0.0;"2026-03-11";"2026-03-17"
"G05242";"Adebayo Baker";"UK";221;100.0;91.76;"2026-04-28";"2026-05-01"
"G05243";"Rogers Thompson";"UK";501;50.0;17.66;"2026-02-23";"2026-02-26"
"G05244";"Parker Nwosu";"UK";506;0.0;0.0;"2026-04-16";"2026-04-23"
"G05245";"Okafor Scott";"USA";523;100.0;70.76;"2026-04-20";"2026-04-23"
"G05246";"Clark Wright";"UK";421;50.0;9.81;"2026-04-23";"2026-04-25"
"G05247";"Perez Mitchell";"UK";221;100.0;56.29;"2026-03-19";"2026-03-21"
"G05248";"Turner Murphy";"Italy";317;100.0;93.45;"2026-05-07";"2026-05-09"
"G05249";"Collins Hussain";"Spain";208;150.0;88.64;"2026-03-29";"2026-03-31"
"G05250";"Campbell White";"UK";201;50.0;52.35;"2026-06-02";"2026-06-04"
