"payment_id";"guest_id";"room_number";"payment_amount";"payment_date";"payment_type"
"P000001";"G00001";307;122.47;"2026-06-21";"Card"
"P000002";"G00002";102;144.96;"2026-01-31";"Card"
"P000003";"G00003";530;66.36;"2026-02-17";"Card"
"P000004";"G00003";530;37.45;"2026-02-17";"Card"
"P000005";"G00004";405;135.14;"2026-01-11";"Cash"
"P000006";"G00005";325;96.95;"2026-04-10";"Stripe"
"P000007";"G00005";325;55.65;"2026-04-09";"Cash"
"P000008";"G00006";322;56.45;"2026-06-30";"Card"
"P000009";"G00007";106;128.6;"2026-06-17";"Stripe"
"P000010";"G00008";511;58.53;"2026-02-11";"Card"
"P000011";"G00009";104;125.0;"2026-01-19";"Stripe"
"P000012";"G00011";323;86.08;"2026-03-11";"Cash"
"P000013";"G00012";306;219.68;"2026-05-16";"Card"
"P000014";"G00013";216;58.67;"2026-03-16";"Card"
"P000015";"G00013";216;39.63;"2026-03-16";"Card"
"P000016";"G00013";216;33.62;"2026-03-15";"Cash"
"P000017";"G00014";534;38.96;"2026-04-30";"Card"
"P000018";"G00016";501;179.71;"2026-03-27";"Card"
"P000019";"G00017";330;105.6;"2026-02-24";"Card"
"P000020";"G00018";502;84.52;"2026-01-24";"Cash"
"P000021";"G00019";232;200.73;"2026-05-01";"Cash"
"P000022";"G00020";327;48.37;"2026-03-04";"Stripe"
"P000023";"G00021";419;37.32;"2026-02-06";"Stripe"
"P000024";"G00021";419;35.84;"2026-02-07";"Card"
"P000025";"G00022";132;51.26;"2026-03-03";"Card"
"P000026";"G00022";132;76.74;"2026-03-03";"Card"
"P000027";"G00022";132;52.74;"2026-03-03";"Card"
"P000028";"G00023";102;98.05;"2026-02-25";"Card"
"P000029";"G00024";226;187.09;"2026-06-01";"Stripe"
"P000030";"G00025";304;33.1;"2026-06-15";"Card"
"P000031";"G00026";516;76.13;"2026-05-10";"Card"
"P000032";"G00027";428;55.6;"2026-01-31";"Card"
"P000033";"G00028";433;99.14;"2026-04-19";"Cash"
"P000034";"G00030";432;132.22;"2026-05-12";"Stripe"
"P000035";"G00030";432;119.73;"2026-05-12";"Card"
"P000036";"G00031";509;85.91;"2026-01-05";"Card"
"P000037";"G00031";509;67.57;"2026-01-05";"Stripe"
"P000038";"G00031";509;66.55;"2026-01-05";"Card"
"P000039";"G00032";413;124.94;"2026-05-07";"Stripe"
"P000040";"G00033";210;179.89;"2026-06-24";"Card"
"P000041";"G00033";210;116.07;"2026-06-24";"Card"
"P000042";"G00034";332;147.02;"2026-05-08";"Card"
"P000043";"G00034";332;85.09;"2026-05-08";"Stripe"
"P000044";"G00035";104;228.67;"2026-03-26";"Stripe"
"P000045";"G00036";329;141.18;"2026-06-13";"Card"
"P000046";"G00036";329;92.36;"2026-06-15";"Card"
"P000047";"G00037";121;193.21;"2026-02-23";"Card"
"P000048";"G00039";127;91.15;"2026-02-19";"Card"
"P000049";"G00040";405;138.22;"2026-05-23";"Card"
"P000050";"G00041";530;342.49;"2026-06-13";"Stripe"
"P000051";"G00042";314;28.29;"2026-04-05";"Card"
"P000052";"G00043";104;123.51;"2026-01-07";"Cash"
"P000053";"G00044";420;194.05;"2026-05-30";"Card"
"P000054";"G00045";412;52.37;"2026-06-23";"Cash"
"P000055";"G00046";217;255.38;"2026-04-05";"Card"
"P000056";"G00047";216;52.25;"2026-06-16";"Stripe"
"P000057";"G00048";131;325.45;"2026-02-15";"Card"
"P000058";"G00049";232;138.44;"2026-01-17";"Stripe"
"P000059";"G00050";216;35.62;"2026-06-27";"Card"
"P000060";"G00051";221;40.24;"2026-06-20";"Card"
"P000061";"G00052";227;132.74;"2026-04-25";"Stripe"
"P000062";"G00053";210;213.88;"2026-02-16";"Card"
"P000063";"G00054";125;58.9;"2026-04-20";"Card"
"P000064";"G00055";530;209.92;"2026-01-13";"Cash"
"P000065";"G00056";227;236.22;"2026-04-20";"Card"
"P000066";"G00057";315;52.3;"2026-04-14";"Stripe"
"P000067";"G00058";502;74.45;"2026-04-08";"Stripe"
"P000068";"G00059";505;207.84;"2026-02-15";"Card"
"P000069";"G00061";327;2.19;"2026-01-20";"Card"
"P000070";"G00064";114;68.79;"2026-04-09";"Card"
"P000071";"G00065";405;52.53;"2026-04-02";"Stripe"
"P000072";"G00066";128;61.89;"2026-04-11";"Stripe"
"P000073";"G00067";131;100.4;"2026-02-28";"Card"
"P000074";"G00068";530;32.84;"2026-03-23";"Card"
"P000075";"G00068";530;66.74;"2026-03-23";"Stripe"
"P000076";"G00069";510;72.12;"2026-03-09";"Stripe"
"P000077";"G00070";415;181.89;"2026-03-12";"Card"
"P000078";"G00072";411;241.83;"2026-04-11";"Card"
"P000079";"G00073";412;0.75;"2026-06-10";"Stripe"
"P000080";"G00075";303;92.05;"2026-02-18";"Card"
"P000081";"G00075";303;118.59;"2026-02-17";"Card"
"P000082";"G00077";511;76.77;"2026-04-09";"Cash"
"P000083";"G00078";226;72.9;"2026-06-21";"Card"
"P000084";"G00078";226;122.95;"2026-06-22";"Stripe"
"P000085";"G00079";531;95.04;"2026-01-11";"Card"
"P000086";"G00079";531;92.71;"2026-01-11";"Card"
"P000087";"G00080";403;13.26;"2026-04-28";"Cash"
"P000088";"G00081";517;56.61;"2026-01-30";"Stripe"
"P000089";"G00081";517;71.72;"2026-01-28";"Card"
"P000090";"G00082";418;31.62;"2026-04-27";"Stripe"
"P000091";"G00082";418;57.35;"2026-04-25";"Card"
"P000092";"G00083";405;67.69;"2026-01-27";"Card"
"P000093";"G00084";430;49.82;"2026-06-09";"Card"
"P000094";"G00086";120;212.86;"2026-06-11";"Stripe"
"P000095";"G00087";433;242.39;"2026-03-23";"Card"
"P000096";"G00088";220;168.28;"2026-06-08";"Cash"
"P000097";"G00088";220;140.21;"2026-06-08";"Card"
"P000098";"G00089";332;104.14;"2026-01-31";"Card"
"P000099";"G00090";321;18.31;"2026-06-07";"Stripe"
"P000100";"G00091";210;98.56;"2026-01-28";"Card"
"P000101";"G00092";120;80.0;"2026-04-09";"Cash"
"P000102";"G00093";103;108.78;"2026-04-06";"Card"
"P000103";"G00094";526;124.37;"2026-06-03";"Card"
"P000104";"G00095";527;119.52;"2026-05-09";"Card"
"P000105";"G00095";527;155.69;"2026-05-10";"Cash"
"P000106";"G00096";431;5.12;"2026-03-11";"Stripe"
"P000107";"G00097";102;73.24;"2026-06-26";"Card"
"P000108";"G00097";102;19.65;"2026-06-26";"Card"
"P000109";"G00097";102;42.86;"2026-06-29";"Card"
"P000110";"G00099";530;121.48;"2026-04-05";"Stripe"
"P000111";"G00100";329;73.78;"2026-05-19";"Stripe"
"P000112";"G00101";427;332.51;"2026-01-26";"Card"
"P000113";"G00102";503;8.9;"2026-05-12";"Cash"
"P000114";"G00103";423;132.37;"2026-03-20";"Card"
"P000115";"G00104";402;229.68;"2026-05-14";"Card"
"P000116";"G00105";533;131.26;"2026-06-13";"Stripe"
"P000117";"G00105";533;79.36;"2026-06-13";"Card"
"P000118";"G00107";325;110.07;"2026-02-12";"Card"
"P000119";"G00109";431;190.48;"2026-01-31";"Cash"
"P000120";"G00110";129;5.0;"2026-05-19";"Card"
"P000121";"G00111";320;27.98;"2026-03-25";"Card"
"P000122";"G00112";502;45.25;"2026-01-29";"Card"
"P000123";"G00113";421;30.23;"2026-06-20";"Cash"
"P000124";"G00113";421;50.21;"2026-06-19";"Card"
"P000125";"G00114";128;160.24;"2026-02-20";"Card"
"P000126";"G00116";428;6.23;"2026-01-22";"Card"
"P000127";"G00116";428;15.99;"2026-01-18";"Stripe"
"P000128";"G00117";231;121.42;"2026-01-08";"Card"
"P000129";"G00118";316;164.3;"2026-06-29";"Card"
"P000130";"G00119";328;6.89;"2026-01-08";"Card"
"P000131";"G00120";127;113.11;"2026-06-25";"Card"
"P000132";"G00121";526;336.59;"2026-06-29";"Card"
"P000133";"G00122";101;71.35;"2026-05-04";"Card"
"P000134";"G00122";101;147.35;"2026-05-05";"Card"
"P000135";"G00123";328;33.63;"2026-06-25";"Stripe"
"P000136";"G00124";504;166.89;"2026-05-27";"Stripe"
"P000137";"G00125";214;5.31;"2026-04-26";"Card"
"P000138";"G00125";214;5.68;"2026-04-22";"Card"
"P000139";"G00126";414;121.27;"2026-05-06";"Cash"
"P000140";"G00128";207;95.7;"2026-05-26";"Card"
"P000141";"G00128";207;134.57;"2026-05-22";"Card"
"P000142";"G00129";530;79.56;"2026-04-18";"Card"
"P000143";"G00130";104;88.52;"2026-06-27";"Card"
"P000144";"G00131";226;32.02;"2026-03-07";"Stripe"
"P000145";"G00132";306;156.01;"2026-01-30";"Card"
"P000146";"G00133";228;171.18;"2026-02-14";"Card"
"P000147";"G00135";315;22.53;"2026-02-18";"Card"
"P000148";"G00136";501;39.36;"2026-06-12";"Card"
"P000149";"G00137";107;84.9;"2026-02-14";"Card"
"P000150";"G00137";107;213.42;"2026-02-14";"Card"
"P000151";"G00138";301;85.57;"2026-04-15";"Cash"
"P000152";"G00138";301;83.98;"2026-04-15";"Card"
"P000153";"G00139";416;223.79;"2026-05-14";"Stripe"
"P000154";"G00140";224;8.27;"2026-01-14";"Card"
"P000155";"G00140";224;5.01;"2026-01-14";"Cash"
"P000156";"G00141";307;243.11;"2026-02-22";"Card"
"P000157";"G00142";107;202.2;"2026-05-03";"Card"
"P000158";"G00143";122;127.88;"2026-06-29";"Card"
"P000159";"G00144";307;114.43;"2026-05-13";"Card"
"P000160";"G00145";234;99.32;"2026-01-29";"Card"
"P000161";"G00146";214;115.19;"2026-05-15";"Stripe"
"P000162";"G00148";114;117.76;"2026-01-22";"Card"
"P000163";"G00149";530;40.1;"2026-03-19";"Cash"
"P000164";"G00149";530;56.15;"2026-03-16";"Cash"
"P000165";"G00150";232;76.6;"2026-01-02";"Card"
"P000166";"G00151";133;153.53;"2026-01-14";"Card"
"P000167";"G00152";420;40.85;"2026-04-11";"Card"
"P000168";"G00152";420;72.04;"2026-04-14";"Stripe"
"P000169";"G00153";325;49.96;"2026-01-20";"Card"
"P000170";"G00154";425;47.08;"2026-02-25";"Cash"
"P000171";"G00155";225;86.67;"2026-02-02";"Card"
"P000172";"G00156";221;52.2;"2026-05-03";"Card"
"P000173";"G00156";221;49.81;"2026-05-02";"Card"
"P000174";"G00157";328;331.82;"2026-02-05";"Stripe"
"P000175";"G00158";214;154.27;"2026-03-06";"Stripe"
"P000176";"G00160";423;383.09;"2026-04-23";"Card"
"P000177";"G00162";234;24.77;"2026-04-17";"Card"
"P000178";"G00162";234;13.62;"2026-04-17";"Card"
"P000179";"G00163";417;19.24;"2026-03-13";"Card"
"P000180";"G00163";417;34.36;"2026-03-11";"Card"
"P000181";"G00164";203;205.6;"2026-05-08";"Card"
"P000182";"G00165";103;221.67;"2026-04-13";"Stripe"
"P000183";"G00166";212;216.01;"2026-05-04";"Stripe"
"P000184";"G00167";431;160.24;"2026-05-27";"Card"
"P000185";"G00168";419;6.49;"2026-05-17";"Stripe"
"P000186";"G00170";205;47.33;"2026-01-29";"Card"
"P000187";"G00171";504;62.67;"2026-04-28";"Card"
"P000188";"G00173";414;156.74;"2026-03-20";"Card"
"P000189";"G00174";312;149.16;"2026-03-18";"Stripe"
"P000190";"G00175";527;158.0;"2026-04-03";"Stripe"
"P000191";"G00176";533;41.49;"2026-02-19";"Stripe"
"P000192";"G00177";403;272.76;"2026-03-20";"Card"
"P000193";"G00178";324;171.53;"2026-06-10";"Card"
"P000194";"G00179";317;8.25;"2026-02-13";"Card"
"P000195";"G00179";317;5.04;"2026-02-15";"Stripe"
"P000196";"G00180";411;94.45;"2026-03-02";"Cash"
"P000197";"G00181";330;187.89;"2026-04-23";"Cash"
"P000198";"G00185";412;473.02;"2026-06-29";"Card"
"P000199";"G00186";118;49.79;"2026-03-25";"Card"
"P000200";"G00187";510;19.17;"2026-06-12";"Card"
"P000201";"G00188";231;207.81;"2026-03-11";"Cash"
"P000202";"G00192";421;21.71;"2026-04-28";"Card"
"P000203";"G00192";421;48.98;"2026-04-27";"Stripe"
"P000204";"G00193";234;138.12;"2026-03-24";"Stripe"
"P000205";"G00194";401;138.14;"2026-02-07";"Card"
"P000206";"G00195";309;313.49;"2026-05-17";"Card"
"P000207";"G00196";209;83.88;"2026-04-20";"Card"
"P000208";"G00197";507;36.62;"2026-01-07";"Card"
"P000209";"G00197";507;79.64;"2026-01-09";"Cash"
"P000210";"G00198";422;146.28;"2026-02-23";"Stripe"
"P000211";"G00199";505;211.34;"2026-03-18";"Card"
"P000212";"G00200";215;62.55;"2026-03-19";"Stripe"
"P000213";"G00201";511;81.25;"2026-01-07";"Card"
"P000214";"G00201";511;121.16;"2026-01-07";"Stripe"
"P000215";"G00202";404;247.21;"2026-01-23";"Card"
"P000216";"G00204";410;183.31;"2026-03-03";"Stripe"
"P000217";"G00205";532;5.0;"2026-04-13";"Cash"
"P000218";"G00206";513;5.04;"2026-04-15";"Stripe"
"P000219";"G00207";314;54.22;"2026-04-02";"Card"
"P000220";"G00207";314;36.48;"2026-03-29";"Card"
"P000221";"G00209";417;5.0;"2026-04-23";"Card"
"P000222";"G00210";312;34.71;"2026-06-30";"Card"
"P000223";"G00211";432;211.48;"2026-06-10";"Card"
"P000224";"G00212";412;47.77;"2026-03-16";"Card"
"P000225";"G00213";125;29.77;"2026-01-11";"Stripe"
"P000226";"G00214";502;227.19;"2026-04-14";"Stripe"
"P000227";"G00215";523;170.23;"2026-02-25";"Card"
"P000228";"G00217";418;47.2;"2026-05-07";"Card"
"P000229";"G00217";418;49.66;"2026-05-05";"Card"
"P000230";"G00218";119;58.04;"2026-06-25";"Card"
"P000231";"G00218";119;61.7;"2026-06-25";"Stripe"
"P000232";"G00219";509;53.59;"2026-05-11";"Card"
"P000233";"G00221";226;201.73;"2026-06-02";"Card"
"P000234";"G00222";207;13.77;"2026-03-22";"Card"
"P000235";"G00224";122;8.05;"2026-06-30";"Card"
"P000236";"G00224";122;21.84;"2026-06-30";"Cash"
"P000237";"G00227";333;52.5;"2026-02-10";"Cash"
"P000238";"G00228";429;174.74;"2026-04-07";"Card"
"P000239";"G00229";429;152.52;"2026-05-28";"Card"
"P000240";"G00230";303;84.39;"2026-01-17";"Stripe"
"P000241";"G00231";134;290.98;"2026-03-13";"Cash"
"P000242";"G00232";215;21.19;"2026-02-25";"Card"
"P000243";"G00233";213;210.21;"2026-02-24";"Card"
"P000244";"G00234";128;220.25;"2026-03-17";"Card"
"P000245";"G00235";202;102.91;"2026-01-23";"Stripe"
"P000246";"G00236";422;120.69;"2026-03-22";"Card"
"P000247";"G00238";511;146.93;"2026-02-28";"Card"
"P000248";"G00239";208;63.05;"2026-06-30";"Card"
"P000249";"G00240";106;61.86;"2026-06-04";"Card"
"P000250";"G00240";106;36.98;"2026-06-01";"Card"
"P000251";"G00241";122;39.9;"2026-06-26";"Stripe"
"P000252";"G00241";122;103.16;"2026-06-23";"Card"
"P000253";"G00242";312;42.89;"2026-02-09";"Card"
"P000254";"G00243";228;50.01;"2026-06-04";"Card"
"P000255";"G00244";226;288.3;"2026-02-04";"Card"
"P000256";"G00246";405;72.4;"2026-05-17";"Card"
"P000257";"G00247";524;115.24;"2026-04-25";"Card"
"P000258";"G00248";208;84.41;"2026-02-10";"Stripe"
"P000259";"G00249";531;166.64;"2026-03-21";"Cash"
"P000260";"G00250";131;58.6;"2026-01-10";"Card"
"P000261";"G00251";302;23.44;"2026-02-15";"Cash"
"P000262";"G00251";302;36.11;"2026-02-15";"Cash"
"P000263";"G00252";226;5.0;"2026-01-26";"Stripe"
"P000264";"G00253";512;12.19;"2026-04-11";"Card"
"P000265";"G00253";512;22.76;"2026-04-11";"Card"
"P000266";"G00254";203;261.13;"2026-05-13";"Card"
"P000267";"G00255";102;221.19;"2026-03-10";"Stripe"
"P000268";"G00257";303;26.51;"2026-06-05";"Cash"
"P000269";"G00257";303;50.15;"2026-06-04";"Card"
"P000270";"G00258";217;40.81;"2026-06-15";"Cash"
"P000271";"G00258";217;17.11;"2026-06-16";"Card"
"P000272";"G00258";217;16.29;"2026-06-15";"Stripe"
"P000273";"G00259";431;138.94;"2026-03-28";"Stripe"
"P000274";"G00260";527;131.64;"2026-02-18";"Card"
"P000275";"G00261";514;49.16;"2026-04-15";"Card"
"P000276";"G00262";429;87.4;"2026-01-20";"Card"
"P000277";"G00263";207;115.85;"2026-05-16";"Card"
"P000278";"G00263";207;46.68;"2026-05-16";"Card"
"P000279";"G00263";207;36.17;"2026-05-16";"Stripe"
"P000280";"G00264";401;187.79;"2026-04-05";"Cash"
"P000281";"G00265";423;137.26;"2026-03-06";"Card"
"P000282";"G00265";423;34.2;"2026-03-06";"Stripe"
"P000283";"G00265";423;60.85;"2026-03-06";"Card"
"P000284";"G00266";413;258.85;"2026-06-22";"Card"
"P000285";"G00267";305;76.5;"2026-03-10";"Card"
"P000286";"G00267";305;185.93;"2026-03-06";"Card"
"P000287";"G00268";102;8.06;"2026-05-10";"Card"
"P000288";"G00268";102;19.28;"2026-05-13";"Card"
"P000289";"G00270";205;43.12;"2026-03-21";"Card"
"P000290";"G00270";205;26.68;"2026-03-21";"Card"
"P000291";"G00271";412;60.47;"2026-05-24";"Cash"
"P000292";"G00272";220;190.04;"2026-06-07";"Card"
"P000293";"G00273";403;27.5;"2026-03-27";"Card"
"P000294";"G00273";403;41.37;"2026-03-27";"Card"
"P000295";"G00274";508;61.96;"2026-05-22";"Cash"
"P000296";"G00274";508;94.53;"2026-05-24";"Card"
"P000297";"G00275";107;104.06;"2026-01-28";"Cash"
"P000298";"G00276";512;289.03;"2026-04-30";"Card"
"P000299";"G00277";307;125.96;"2026-01-08";"Stripe"
"P000300";"G00278";323;230.05;"2026-01-09";"Card"
"P000301";"G00279";329;170.3;"2026-05-28";"Stripe"
"P000302";"G00280";423;120.06;"2026-02-24";"Card"
"P000303";"G00281";110;89.13;"2026-05-10";"Card"
"P000304";"G00282";303;53.41;"2026-06-03";"Card"
"P000305";"G00283";207;62.67;"2026-01-21";"Card"
"P000306";"G00284";514;19.98;"2026-03-18";"Cash"
"P000307";"G00285";302;86.79;"2026-01-22";"Card"
"P000308";"G00286";417;124.1;"2026-03-01";"Card"
"P000309";"G00287";416;144.71;"2026-04-24";"Card"
"P000310";"G00288";123;53.03;"2026-05-20";"Card"
"P000311";"G00289";404;91.32;"2026-05-13";"Card"
"P000312";"G00290";220;129.1;"2026-04-19";"Card"
"P000313";"G00291";408;75.18;"2026-04-14";"Card"
"P000314";"G00291";408;87.39;"2026-04-15";"Stripe"
"P000315";"G00292";510;108.93;"2026-06-28";"Card"
"P000316";"G00293";519;106.78;"2026-06-14";"Card"
"P000317";"G00294";216;56.93;"2026-06-25";"Card"
"P000318";"G00296";114;185.83;"2026-05-06";"Card"
"P000319";"G00297";414;56.79;"2026-05-27";"Card"
"P000320";"G00299";518;191.97;"2026-03-20";"Card"
"P000321";"G00301";421;136.61;"2026-04-16";"Card"
"P000322";"G00302";529;71.31;"2026-02-23";"Stripe"
"P000323";"G00302";529;60.52;"2026-02-23";"Stripe"
"P000324";"G00303";225;9.05;"2026-03-25";"Card"
"P000325";"G00303";225;5.04;"2026-03-27";"Card"
"P000326";"G00304";202;173.26;"2026-06-14";"Card"
"P000327";"G00305";104;149.44;"2026-02-19";"Card"
"P000328";"G00306";228;87.25;"2026-04-27";"Stripe"
"P000329";"G00306";228;69.95;"2026-04-23";"Card"
"P000330";"G00307";312;186.78;"2026-01-16";"Card"
"P000331";"G00308";323;164.99;"2026-06-10";"Cash"
"P000332";"G00310";503;71.67;"2026-03-08";"Card"
"P000333";"G00311";324;90.65;"2026-01-09";"Card"
"P000334";"G00311";324;151.53;"2026-01-16";"Card"
"P000335";"G00313";428;18.68;"2026-06-22";"Card"
"P000336";"G00313";428;50.72;"2026-06-22";"Card"
"P000337";"G00314";430;322.55;"2026-05-24";"Card"
"P000338";"G00315";334;135.18;"2026-01-06";"Stripe"
"P000339";"G00316";109;36.45;"2026-01-31";"Card"
"P000340";"G00318";524;17.23;"2026-06-18";"Stripe"
"P000341";"G00321";211;86.67;"2026-01-19";"Card"
"P000342";"G00322";425;104.79;"2026-02-16";"Stripe"
"P000343";"G00323";306;135.81;"2026-06-16";"Card"
"P000344";"G00324";522;51.84;"2026-06-09";"Cash"
"P000345";"G00325";132;2.01;"2026-05-13";"Card"
"P000346";"G00325";132;1.09;"2026-05-13";"Cash"
"P000347";"G00326";123;206.55;"2026-02-22";"Card"
"P000348";"G00327";102;11.41;"2026-01-27";"Card"
"P000349";"G00328";101;112.9;"2026-04-30";"Card"
"P000350";"G00329";527;44.57;"2026-05-24";"Card"
"P000351";"G00331";405;277.16;"2026-03-21";"Card"
"P000352";"G00332";411;2.91;"2026-03-21";"Card"
"P000353";"G00333";315;84.28;"2026-03-21";"Card"
"P000354";"G00333";315;196.94;"2026-03-21";"Card"
"P000355";"G00335";220;191.43;"2026-05-16";"Card"
"P000356";"G00337";205;135.52;"2026-03-17";"Card"
"P000357";"G00339";326;73.54;"2026-04-06";"Card"
"P000358";"G00340";407;160.13;"2026-03-21";"Card"
"P000359";"G00340";407;134.5;"2026-03-21";"Stripe"
"P000360";"G00341";228;58.57;"2026-04-24";"Card"
"P000361";"G00342";319;135.95;"2026-06-23";"Stripe"
"P000362";"G00343";233;160.28;"2026-02-13";"Cash"
"P000363";"G00343";233;67.4;"2026-02-10";"Cash"
"P000364";"G00343";233;40.4;"2026-02-10";"Card"
"P000365";"G00344";205;221.19;"2026-04-04";"Stripe"
"P000366";"G00345";127;233.34;"2026-05-03";"Card"
"P000367";"G00346";313;42.09;"2026-02-25";"Card"
"P000368";"G00347";516;84.15;"2026-02-11";"Card"
"P000369";"G00348";429;49.73;"2026-01-25";"Stripe"
"P000370";"G00348";429;51.07;"2026-01-25";"Card"
"P000371";"G00349";307;107.61;"2026-05-18";"Card"
"P000372";"G00350";432;37.66;"2026-04-05";"Card"
"P000373";"G00351";301;18.83;"2026-05-16";"Stripe"
"P000374";"G00351";301;50.89;"2026-05-18";"Card"
"P000375";"G00352";302;47.71;"2026-01-27";"Stripe"
"P000376";"G00353";125;133.25;"2026-05-10";"Card"
"P000377";"G00354";110;232.65;"2026-03-26";"Card"
"P000378";"G00355";103;209.58;"2026-02-01";"Card"
"P000379";"G00356";201;292.3;"2026-05-20";"Card"
"P000380";"G00357";508;195.11;"2026-03-07";"Card"
"P000381";"G00359";422;31.43;"2026-06-30";"Card"
"P000382";"G00360";303;23.22;"2026-03-02";"Card"
"P000383";"G00361";314;59.83;"2026-03-07";"Card"
"P000384";"G00362";231;142.05;"2026-05-01";"Card"
"P000385";"G00363";129;65.67;"2026-05-12";"Card"
"P000386";"G00364";329;99.27;"2026-02-13";"Card"
"P000387";"G00366";424;96.94;"2026-05-26";"Stripe"
"P000388";"G00367";514;31.3;"2026-01-26";"Card"
"P000389";"G00368";224;94.04;"2026-03-03";"Card"
"P000390";"G00369";431;23.49;"2026-06-25";"Card"
"P000391";"G00370";207;122.08;"2026-04-22";"Card"
"P000392";"G00371";225;213.16;"2026-03-10";"Cash"
"P000393";"G00372";203;504.3;"2026-05-04";"Card"
"P000394";"G00374";228;92.47;"2026-01-21";"Card"
"P000395";"G00375";123;14.92;"2026-04-25";"Card"
"P000396";"G00376";314;237.87;"2026-04-19";"Card"
"P000397";"G00377";512;14.23;"2026-01-11";"Stripe"
"P000398";"G00378";510;66.84;"2026-04-30";"Cash"
"P000399";"G00378";510;73.06;"2026-04-30";"Cash"
"P000400";"G00380";421;112.91;"2026-01-12";"Card"
"P000401";"G00381";115;166.87;"2026-06-24";"Stripe"
"P000402";"G00382";215;90.27;"2026-01-18";"Card"
"P000403";"G00382";215;110.37;"2026-01-18";"Card"
"P000404";"G00383";525;193.46;"2026-02-20";"Stripe"
"P000405";"G00384";114;61.8;"2026-03-10";"Card"
"P000406";"G00384";114;161.92;"2026-03-08";"Card"
"P000407";"G00385";512;192.05;"2026-03-17";"Cash"
"P000408";"G00386";501;20.63;"2026-03-04";"Stripe"
"P000409";"G00387";125;179.31;"2026-06-15";"Card"
"P000410";"G00388";423;36.92;"2026-03-11";"Card"
"P000411";"G00389";310;104.45;"2026-06-04";"Card"
"P000412";"G00390";516;1.96;"2026-04-04";"Card"
"P000413";"G00391";128;38.49;"2026-03-28";"Stripe"
"P000414";"G00391";128;19.78;"2026-03-26";"Card"
"P000415";"G00391";128;26.3;"2026-03-28";"Cash"
"P000416";"G00392";533;176.09;"2026-05-03";"Card"
"P000417";"G00393";520;220.8;"2026-05-23";"Stripe"
"P000418";"G00394";223;53.26;"2026-03-31";"Stripe"
"P000419";"G00394";223;36.96;"2026-03-31";"Card"
"P000420";"G00395";329;99.98;"2026-05-21";"Card"
"P000421";"G00396";308;127.02;"2026-04-26";"Card"
"P000422";"G00397";227;80.94;"2026-04-25";"Card"
"P000423";"G00397";227;64.6;"2026-04-23";"Card"
"P000424";"G00398";520;124.6;"2026-01-29";"Card"
"P000425";"G00399";130;33.31;"2026-02-01";"Card"
"P000426";"G00399";130;47.85;"2026-02-01";"Cash"
"P000427";"G00400";408;11.01;"2026-04-13";"Cash"
"P000428";"G00402";206;116.27;"2026-02-23";"Stripe"
"P000429";"G00403";313;128.3;"2026-02-16";"Stripe"
"P000430";"G00404";421;21.72;"2026-01-05";"Card"
"P000431";"G00404";421;22.91;"2026-01-05";"Card"
"P000432";"G00406";121;47.85;"2026-03-04";"Stripe"
"P000433";"G00410";115;30.61;"2026-04-14";"Card"
"P000434";"G00410";115;25.79;"2026-04-14";"Card"
"P000435";"G00411";225;147.54;"2026-02-14";"Card"
"P000436";"G00412";504;96.01;"2026-05-04";"Card"
"P000437";"G00412";504;111.52;"2026-05-04";"Cash"
"P000438";"G00413";228;61.39;"2026-03-18";"Cash"
"P000439";"G00414";310;171.84;"2026-05-21";"Cash"
"P000440";"G00416";505;141.06;"2026-03-20";"Card"
"P000441";"G00417";205;109.37;"2026-02-10";"Card"
"P000442";"G00418";527;110.42;"2026-05-25";"Card"
"P000443";"G00419";115;257.89;"2026-04-04";"Stripe"
"P000444";"G00420";202;243.39;"2026-06-20";"Card"
"P000445";"G00421";514;188.25;"2026-01-17";"Card"
"P000446";"G00422";232;108.42;"2026-01-21";"Card"
"P000447";"G00423";323;261.46;"2026-01-15";"Card"
"P000448";"G00424";119;54.29;"2026-01-31";"Cash"
"P000449";"G00425";128;273.11;"2026-05-27";"Card"
"P000450";"G00426";532;72.21;"2026-05-03";"Card"
"P000451";"G00427";421;51.42;"2026-04-26";"Card"
"P000452";"G00428";506;13.76;"2026-03-26";"Card"
"P000453";"G00429";215;18.58;"2026-04-01";"Stripe"
"P000454";"G00429";215;15.11;"2026-04-01";"Card"
"P000455";"G00430";112;222.61;"2026-04-08";"Card"
"P000456";"G00432";223;215.9;"2026-02-15";"Card"
"P000457";"G00433";512;16.27;"2026-05-12";"Card"
"P000458";"G00434";422;249.03;"2026-02-23";"Cash"
"P000459";"G00435";203;307.0;"2026-05-13";"Card"
"P000460";"G00436";306;149.96;"2026-06-21";"Card"
"P000461";"G00437";211;122.86;"2026-03-27";"Card"
"P000462";"G00438";334;125.54;"2026-04-06";"Card"
"P000463";"G00439";315;48.79;"2026-06-07";"Card"
"P000464";"G00440";206;138.55;"2026-02-18";"Stripe"
"P000465";"G00441";333;54.83;"2026-04-09";"Card"
"P000466";"G00441";333;100.07;"2026-04-09";"Card"
"P000467";"G00442";234;100.67;"2026-04-24";"Stripe"
"P000468";"G00443";427;54.95;"2026-05-28";"Card"
"P000469";"G00444";431;129.82;"2026-04-03";"Cash"
"P000470";"G00445";501;182.79;"2026-06-14";"Card"
"P000471";"G00446";410;66.37;"2026-03-22";"Card"
"P000472";"G00448";412;39.96;"2026-05-09";"Stripe"
"P000473";"G00448";412;24.11;"2026-05-09";"Cash"
"P000474";"G00449";533;315.77;"2026-05-13";"Cash"
"P000475";"G00450";108;183.21;"2026-05-27";"Card"
"P000476";"G00451";106;220.35;"2026-06-20";"Stripe"
"P000477";"G00452";102;21.22;"2026-02-16";"Card"
"P000478";"G00453";421;6.59;"2026-04-25";"Stripe"
"P000479";"G00454";120;235.94;"2026-01-08";"Card"
"P000480";"G00455";509;92.39;"2026-03-13";"Stripe"
"P000481";"G00456";130;56.83;"2026-02-08";"Card"
"P000482";"G00456";130;56.14;"2026-02-04";"Cash"
"P000483";"G00458";430;59.08;"2026-06-23";"Stripe"
"P000484";"G00459";522;55.46;"2026-02-21";"Card"
"P000485";"G00461";420;177.15;"2026-03-16";"Cash"
"P000486";"G00462";116;124.22;"2026-01-05";"Card"
"P000487";"G00462";116;156.6;"2026-01-05";"Card"
"P000488";"G00463";317;142.9;"2026-05-10";"Stripe"
"P000489";"G00464";310;237.4;"2026-03-23";"Card"
"P000490";"G00465";201;50.58;"2026-06-20";"Card"
"P000491";"G00466";202;41.4;"2026-03-28";"Card"
"P000492";"G00467";231;241.6;"2026-01-20";"Stripe"
"P000493";"G00468";416;95.48;"2026-06-21";"Card"
"P000494";"G00469";131;72.2;"2026-03-29";"Stripe"
"P000495";"G00470";523;80.82;"2026-01-10";"Card"
"P000496";"G00470";523;143.2;"2026-01-10";"Card"
"P000497";"G00471";334;95.36;"2026-01-26";"Cash"
"P000498";"G00471";334;201.36;"2026-01-23";"Stripe"
"P000499";"G00472";515;103.18;"2026-05-14";"Stripe"
"P000500";"G00473";221;68.93;"2026-02-12";"Card"
"P000501";"G00473";221;84.44;"2026-02-11";"Card"
"P000502";"G00474";203;84.26;"2026-02-22";"Stripe"
"P000503";"G00475";103;105.98;"2026-03-15";"Cash"
"P000504";"G00476";205;156.97;"2026-04-13";"Cash"
"P000505";"G00477";412;52.09;"2026-02-03";"Card"
"P000506";"G00478";528;345.33;"2026-05-04";"Card"
"P000507";"G00479";423;12.13;"2026-05-26";"Card"
"P000508";"G00480";520;233.28;"2026-05-26";"Stripe"
"P000509";"G00482";307;74.81;"2026-04-30";"Card"
"P000510";"G00482";307;43.11;"2026-04-28";"Card"
"P000511";"G00483";233;54.27;"2026-03-25";"Card"
"P000512";"G00483";233;62.89;"2026-03-25";"Card"
"P000513";"G00484";323;24.8;"2026-06-02";"Card"
"P000514";"G00485";301;125.35;"2026-06-25";"Card"
"P000515";"G00486";203;63.59;"2026-05-18";"Card"
"P000516";"G00486";203;162.24;"2026-05-18";"Card"
"P000517";"G00488";201;125.64;"2026-03-10";"Card"
"P000518";"G00489";403;141.45;"2026-03-16";"Stripe"
"P000519";"G00490";134;98.11;"2026-04-08";"Card"
"P000520";"G00491";411;163.72;"2026-04-11";"Card"
"P000521";"G00492";123;159.72;"2026-06-03";"Stripe"
"P000522";"G00493";325;66.43;"2026-05-30";"Card"
"P000523";"G00493";325;75.29;"2026-05-30";"Card"
"P000524";"G00494";201;126.92;"2026-03-14";"Stripe"
"P000525";"G00495";126;182.47;"2026-05-16";"Cash"
"P000526";"G00496";105;121.72;"2026-06-27";"Card"
"P000527";"G00497";206;17.97;"2026-02-26";"Stripe"
"P000528";"G00498";408;90.51;"2026-04-09";"Card"
"P000529";"G00499";315;158.17;"2026-02-05";"Card"
"P000530";"G00500";320;301.43;"2026-01-25";"Cash"
"P000531";"G00501";217;19.8;"2026-06-04";"Card"
"P000532";"G00501";217;9.77;"2026-06-03";"Card"
"P000533";"G00501";217;17.04;"2026-06-04";"Stripe"
"P000534";"G00502";516;5.0;"2026-05-23";"Card"
"P000535";"G00503";333;48.5;"2026-05-16";"Card"
"P000536";"G00503";333;74.36;"2026-05-17";"Card"
"P000537";"G00504";310;199.17;"2026-01-31";"Card"
"P000538";"G00505";312;364.58;"2026-01-18";"Card"
"P000539";"G00507";103;34.66;"2026-03-15";"Stripe"
"P000540";"G00507";103;95.51;"2026-03-15";"Card"
"P000541";"G00508";227;207.38;"2026-04-28";"Stripe"
"P000542";"G00509";308;126.38;"2026-02-07";"Card"
"P000543";"G00510";230;12.98;"2026-04-23";"Stripe"
"P000544";"G00510";230;13.92;"2026-04-23";"Card"
"P000545";"G00511";504;76.83;"2026-05-12";"Card"
"P000546";"G00512";434;10.38;"2026-05-06";"Card"
"P000547";"G00512";434;23.74;"2026-05-06";"Cash"
"P000548";"G00513";229;109.97;"2026-06-28";"Cash"
"P000549";"G00514";230;71.77;"2026-02-07";"Cash"
"P000550";"G00515";222;62.1;"2026-06-15";"Card"
"P000551";"G00517";515;60.9;"2026-02-22";"Card"
"P000552";"G00518";333;15.66;"2026-05-05";"Cash"
"P000553";"G00519";114;242.48;"2026-02-12";"Stripe"
"P000554";"G00520";529;49.11;"2026-04-11";"Card"
"P000555";"G00520";529;15.01;"2026-04-11";"Card"
"P000556";"G00520";529;29.19;"2026-04-11";"Stripe"
"P000557";"G00521";410;344.17;"2026-06-21";"Stripe"
"P000558";"G00522";328;173.95;"2026-05-18";"Card"
"P000559";"G00524";306;282.16;"2026-03-27";"Cash"
"P000560";"G00525";421;65.47;"2026-02-17";"Card"
"P000561";"G00526";422;365.14;"2026-02-12";"Stripe"
"P000562";"G00527";211;98.76;"2026-03-04";"Stripe"
"P000563";"G00527";211;136.81;"2026-03-04";"Card"
"P000564";"G00530";512;5.98;"2026-03-24";"Cash"
"P000565";"G00531";424;61.06;"2026-01-26";"Stripe"
"P000566";"G00532";325;270.58;"2026-05-13";"Card"
"P000567";"G00534";333;62.11;"2026-05-08";"Cash"
"P000568";"G00534";333;123.8;"2026-05-08";"Card"
"P000569";"G00535";431;153.79;"2026-06-23";"Card"
"P000570";"G00536";118;175.97;"2026-03-09";"Card"
"P000571";"G00536";118;38.07;"2026-03-11";"Card"
"P000572";"G00536";118;86.98;"2026-03-09";"Cash"
"P000573";"G00538";517;99.79;"2026-06-24";"Cash"
"P000574";"G00538";517;68.9;"2026-06-21";"Stripe"
"P000575";"G00539";413;119.57;"2026-02-11";"Card"
"P000576";"G00540";221;7.49;"2026-04-09";"Card"
"P000577";"G00541";519;272.42;"2026-06-26";"Stripe"
"P000578";"G00542";330;158.66;"2026-05-18";"Stripe"
"P000579";"G00543";522;189.24;"2026-03-27";"Card"
"P000580";"G00543";522;175.03;"2026-03-27";"Stripe"
"P000581";"G00544";324;73.38;"2026-06-24";"Stripe"
"P000582";"G00545";323;38.7;"2026-06-05";"Card"
"P000583";"G00546";432;134.84;"2026-04-17";"Stripe"
"P000584";"G00546";432;152.29;"2026-04-17";"Stripe"
"P000585";"G00548";134;53.19;"2026-03-01";"Stripe"
"P000586";"G00550";524;143.01;"2026-06-02";"Card"
"P000587";"G00550";524;77.86;"2026-05-29";"Stripe"
"P000588";"G00551";425;23.23;"2026-02-20";"Card"
"P000589";"G00551";425;26.7;"2026-02-13";"Stripe"
"P000590";"G00552";324;56.49;"2026-03-03";"Stripe"
"P000591";"G00552";324;162.95;"2026-03-03";"Stripe"
"P000592";"G00553";526;281.7;"2026-02-23";"Card"
"P000593";"G00556";311;297.36;"2026-03-11";"Stripe"
"P000594";"G00557";504;26.65;"2026-01-28";"Card"
"P000595";"G00558";425;56.57;"2026-06-14";"Card"
"P000596";"G00559";520;88.12;"2026-06-30";"Stripe"
"P000597";"G00559";520;58.34;"2026-06-30";"Card"
"P000598";"G00560";519;138.78;"2026-05-02";"Card"
"P000599";"G00560";519;213.91;"2026-05-04";"Card"
"P000600";"G00561";402;120.57;"2026-05-30";"Cash"
"P000601";"G00562";305;272.56;"2026-05-08";"Card"
"P000602";"G00563";225;136.3;"2026-04-29";"Stripe"
"P000603";"G00565";414;37.59;"2026-04-08";"Stripe"
"P000604";"G00565";414;73.56;"2026-04-08";"Card"
"P000605";"G00566";411;204.99;"2026-03-18";"Card"
"P000606";"G00567";522;104.09;"2026-04-06";"Card"
"P000607";"G00568";109;114.27;"2026-02-23";"Card"
"P000608";"G00569";134;57.61;"2026-01-20";"Cash"
"P000609";"G00570";218;32.84;"2026-05-31";"Cash"
"P000610";"G00571";420;74.33;"2026-06-21";"Cash"
"P000611";"G00572";530;104.41;"2026-04-02";"Card"
"P000612";"G00573";123;49.36;"2026-04-01";"Stripe"
"P000613";"G00573";123;40.84;"2026-04-01";"Card"
"P000614";"G00573";123;30.93;"2026-03-31";"Card"
"P000615";"G00574";129;62.28;"2026-03-12";"Stripe"
"P000616";"G00575";331;36.63;"2026-03-29";"Stripe"
"P000617";"G00576";532;55.86;"2026-01-30";"Cash"
"P000618";"G00576";532;40.3;"2026-01-30";"Card"
"P000619";"G00577";229;253.21;"2026-06-30";"Card"
"P000620";"G00578";232;46.81;"2026-04-18";"Card"
"P000621";"G00578";232;69.42;"2026-04-22";"Card"
"P000622";"G00579";429;61.31;"2026-02-02";"Card"
"P000623";"G00580";129;13.93;"2026-04-05";"Card"
"P000624";"G00581";229;169.7;"2026-05-06";"Card"
"P000625";"G00582";421;3.83;"2026-01-19";"Card"
"P000626";"G00583";429;36.23;"2026-03-31";"Card"
"P000627";"G00584";329;16.21;"2026-03-28";"Stripe"
"P000628";"G00585";433;176.41;"2026-02-17";"Card"
"P000629";"G00586";118;161.12;"2026-01-04";"Card"
"P000630";"G00587";108;52.51;"2026-03-15";"Cash"
"P000631";"G00588";108;13.56;"2026-01-08";"Stripe"
"P000632";"G00589";122;175.74;"2026-02-25";"Card"
"P000633";"G00590";229;113.04;"2026-03-18";"Card"
"P000634";"G00591";321;30.73;"2026-01-19";"Card"
"P000635";"G00592";225;64.9;"2026-03-31";"Card"
"P000636";"G00593";114;161.74;"2026-03-13";"Stripe"
"P000637";"G00594";310;173.3;"2026-06-30";"Card"
"P000638";"G00596";315;42.24;"2026-06-19";"Cash"
"P000639";"G00596";315;24.52;"2026-06-19";"Card"
"P000640";"G00598";527;127.83;"2026-03-02";"Cash"
"P000641";"G00599";134;88.44;"2026-01-17";"Card"
"P000642";"G00601";409;123.79;"2026-01-24";"Card"
"P000643";"G00602";524;140.82;"2026-01-14";"Card"
"P000644";"G00603";516;41.41;"2026-01-13";"Stripe"
"P000645";"G00603";516;79.17;"2026-01-13";"Stripe"
"P000646";"G00604";110;74.75;"2026-05-03";"Card"
"P000647";"G00604";110;190.93;"2026-05-02";"Card"
"P000648";"G00607";121;167.89;"2026-02-19";"Card"
"P000649";"G00608";425;10.49;"2026-03-17";"Card"
"P000650";"G00609";511;29.76;"2026-05-01";"Stripe"
"P000651";"G00610";428;107.66;"2026-02-12";"Card"
"P000652";"G00612";233;77.85;"2026-01-13";"Cash"
"P000653";"G00612";233;219.27;"2026-01-13";"Card"
"P000654";"G00613";125;230.95;"2026-05-30";"Card"
"P000655";"G00615";307;235.59;"2026-05-09";"Cash"
"P000656";"G00616";515;166.97;"2026-06-19";"Stripe"
"P000657";"G00618";416;171.71;"2026-04-05";"Card"
"P000658";"G00620";415;202.48;"2026-05-26";"Card"
"P000659";"G00620";415;196.79;"2026-05-28";"Card"
"P000660";"G00621";509;211.09;"2026-06-09";"Card"
"P000661";"G00622";321;147.63;"2026-02-12";"Stripe"
"P000662";"G00624";121;211.96;"2026-03-30";"Card"
"P000663";"G00625";318;55.91;"2026-03-14";"Stripe"
"P000664";"G00626";406;27.08;"2026-05-04";"Cash"
"P000665";"G00626";406;73.28;"2026-05-04";"Card"
"P000666";"G00627";401;22.3;"2026-01-12";"Cash"
"P000667";"G00628";514;151.82;"2026-06-24";"Card"
"P000668";"G00630";412;150.14;"2026-02-02";"Card"
"P000669";"G00631";403;47.39;"2026-01-30";"Card"
"P000670";"G00633";516;179.97;"2026-03-18";"Stripe"
"P000671";"G00634";428;99.2;"2026-06-19";"Stripe"
"P000672";"G00635";331;110.59;"2026-01-02";"Card"
"P000673";"G00636";221;2.4;"2026-04-13";"Card"
"P000674";"G00637";111;95.07;"2026-03-12";"Card"
"P000675";"G00637";111;79.93;"2026-03-12";"Card"
"P000676";"G00637";111;72.71;"2026-03-12";"Stripe"
"P000677";"G00639";531;7.17;"2026-02-25";"Stripe"
"P000678";"G00639";531;6.49;"2026-02-27";"Card"
"P000679";"G00640";527;210.11;"2026-01-17";"Stripe"
"P000680";"G00641";301;192.5;"2026-03-17";"Stripe"
"P000681";"G00642";209;66.16;"2026-04-04";"Card"
"P000682";"G00643";320;112.32;"2026-02-06";"Card"
"P000683";"G00645";122;155.17;"2026-01-14";"Card"
"P000684";"G00646";223;65.43;"2026-05-19";"Card"
"P000685";"G00647";418;220.27;"2026-04-21";"Card"
"P000686";"G00648";521;88.86;"2026-04-13";"Card"
"P000687";"G00649";413;71.43;"2026-01-21";"Stripe"
"P000688";"G00650";421;84.19;"2026-02-14";"Card"
"P000689";"G00651";108;103.62;"2026-02-15";"Card"
"P000690";"G00652";309;96.52;"2026-01-08";"Stripe"
"P000691";"G00653";417;191.71;"2026-02-05";"Stripe"
"P000692";"G00654";223;112.47;"2026-05-03";"Card"
"P000693";"G00655";434;29.01;"2026-03-23";"Cash"
"P000694";"G00656";320;257.81;"2026-01-05";"Card"
"P000695";"G00657";312;98.4;"2026-04-09";"Stripe"
"P000696";"G00658";508;113.37;"2026-06-24";"Card"
"P000697";"G00659";104;321.99;"2026-01-10";"Card"
"P000698";"G00660";434;169.4;"2026-03-27";"Card"
"P000699";"G00660";434;102.39;"2026-03-30";"Card"
"P000700";"G00661";421;198.84;"2026-04-01";"Stripe"
"P000701";"G00662";109;181.89;"2026-04-27";"Stripe"
"P000702";"G00663";206;79.56;"2026-06-26";"Card"
"P000703";"G00664";124;358.37;"2026-06-14";"Card"
"P000704";"G00665";319;322.96;"2026-01-30";"Card"
"P000705";"G00666";302;83.92;"2026-03-13";"Card"
"P000706";"G00667";502;207.5;"2026-01-30";"Card"
"P000707";"G00669";106;36.26;"2026-04-28";"Card"
"P000708";"G00669";106;84.59;"2026-04-28";"Card"
"P000709";"G00670";505;89.09;"2026-05-27";"Card"
"P000710";"G00671";214;67.91;"2026-04-02";"Cash"
"P000711";"G00671";214;113.52;"2026-04-02";"Card"
"P000712";"G00672";323;160.7;"2026-01-26";"Card"
"P000713";"G00673";207;82.29;"2026-06-27";"Stripe"
"P000714";"G00673";207;96.89;"2026-06-29";"Card"
"P000715";"G00673";207;55.98;"2026-06-29";"Stripe"
"P000716";"G00674";134;79.54;"2026-04-03";"Card"
"P000717";"G00675";216;24.76;"2026-01-25";"Card"
"P000718";"G00676";520;156.85;"2026-04-17";"Card"
"P000719";"G00677";331;293.8;"2026-06-24";"Card"
"P000720";"G00678";417;116.12;"2026-01-03";"Card"
"P000721";"G00679";520;81.45;"2026-06-29";"Card"
"P000722";"G00679";520;91.35;"2026-06-29";"Card"
"P000723";"G00680";404;32.16;"2026-03-09";"Card"
"P000724";"G00681";203;32.87;"2026-01-15";"Card"
"P000725";"G00682";215;384.24;"2026-02-16";"Cash"
"P000726";"G00683";530;10.64;"2026-06-12";"Card"
"P000727";"G00684";224;104.02;"2026-06-13";"Cash"
"P000728";"G00685";530;32.3;"2026-04-15";"Stripe"
"P000729";"G00685";530;71.53;"2026-04-15";"Card"
"P000730";"G00686";321;43.27;"2026-04-06";"Stripe"
"P000731";"G00687";218;193.73;"2026-04-12";"Card"
"P000732";"G00688";121;347.95;"2026-06-13";"Card"
"P000733";"G00689";122;107.08;"2026-02-20";"Stripe"
"P000734";"G00690";229;183.14;"2026-01-29";"Card"
"P000735";"G00690";229;131.89;"2026-02-01";"Cash"
"P000736";"G00691";102;18.7;"2026-02-12";"Card"
"P000737";"G00691";102;16.16;"2026-02-12";"Stripe"
"P000738";"G00692";316;128.85;"2026-03-01";"Card"
"P000739";"G00693";204;42.65;"2026-03-27";"Card"
"P000740";"G00694";406;169.85;"2026-04-14";"Card"
"P000741";"G00694";406;113.82;"2026-04-15";"Card"
"P000742";"G00695";209;303.98;"2026-01-29";"Stripe"
"P000743";"G00696";513;106.2;"2026-02-22";"Card"
"P000744";"G00697";316;58.06;"2026-03-12";"Card"
"P000745";"G00697";316;52.92;"2026-03-11";"Card"
"P000746";"G00698";434;23.46;"2026-01-26";"Card"
"P000747";"G00700";515;220.64;"2026-05-07";"Card"
"P000748";"G00701";423;194.46;"2026-03-06";"Cash"
"P000749";"G00702";118;87.34;"2026-02-01";"Card"
"P000750";"G00703";126;73.92;"2026-02-05";"Stripe"
"P000751";"G00703";126;63.17;"2026-02-01";"Card"
"P000752";"G00704";432;13.34;"2026-01-03";"Card"
"P000753";"G00704";432;20.54;"2026-01-03";"Card"
"P000754";"G00705";123;186.9;"2026-03-02";"Stripe"
"P000755";"G00706";527;146.88;"2026-05-23";"Card"
"P000756";"G00707";420;41.45;"2026-03-12";"Card"
"P000757";"G00708";108;80.72;"2026-04-18";"Stripe"
"P000758";"G00709";207;50.59;"2026-02-15";"Card"
"P000759";"G00709";207;79.73;"2026-02-17";"Stripe"
"P000760";"G00710";329;69.17;"2026-03-06";"Cash"
"P000761";"G00710";329;52.86;"2026-03-06";"Card"
"P000762";"G00710";329;62.1;"2026-03-06";"Stripe"
"P000763";"G00711";116;166.91;"2026-06-30";"Card"
"P000764";"G00711";116;114.78;"2026-06-30";"Card"
"P000765";"G00712";324;23.42;"2026-05-07";"Card"
"P000766";"G00714";307;215.17;"2026-06-08";"Card"
"P000767";"G00715";102;46.83;"2026-05-08";"Stripe"
"P000768";"G00717";218;172.39;"2026-03-08";"Stripe"
"P000769";"G00718";321;100.66;"2026-06-14";"Card"
"P000770";"G00719";313;163.5;"2026-05-22";"Card"
"P000771";"G00721";214;190.59;"2026-05-29";"Card"
"P000772";"G00722";321;75.53;"2026-02-03";"Card"
"P000773";"G00723";129;47.6;"2026-05-10";"Stripe"
"P000774";"G00725";527;124.9;"2026-03-23";"Card"
"P000775";"G00726";533;81.0;"2026-06-21";"Card"
"P000776";"G00728";502;132.6;"2026-04-26";"Stripe"
"P000777";"G00729";224;230.85;"2026-06-04";"Card"
"P000778";"G00730";225;303.1;"2026-06-02";"Stripe"
"P000779";"G00731";411;317.84;"2026-06-06";"Card"
"P000780";"G00732";527;88.59;"2026-04-15";"Cash"
"P000781";"G00733";206;140.4;"2026-02-08";"Card"
"P000782";"G00734";401;16.49;"2026-04-20";"Card"
"P000783";"G00735";506;23.11;"2026-04-25";"Stripe"
"P000784";"G00736";501;65.58;"2026-05-23";"Card"
"P000785";"G00737";326;226.02;"2026-01-28";"Card"
"P000786";"G00738";501;56.42;"2026-06-05";"Card"
"P000787";"G00740";515;2.05;"2026-06-29";"Card"
"P000788";"G00741";528;128.41;"2026-04-15";"Stripe"
"P000789";"G00743";411;77.34;"2026-04-29";"Card"
"P000790";"G00744";502;93.76;"2026-03-22";"Card"
"P000791";"G00745";110;48.65;"2026-05-13";"Card"
"P000792";"G00746";411;251.14;"2026-03-05";"Card"
"P000793";"G00747";503;59.86;"2026-05-15";"Card"
"P000794";"G00747";503;21.7;"2026-05-15";"Card"
"P000795";"G00747";503;28.29;"2026-05-15";"Card"
"P000796";"G00748";403;429.84;"2026-03-27";"Stripe"
"P000797";"G00749";532;406.73;"2026-06-30";"Card"
"P000798";"G00750";412;264.05;"2026-06-14";"Card"
"P000799";"G00751";131;162.53;"2026-06-20";"Card"
"P000800";"G00752";204;146.82;"2026-01-03";"Stripe"
"P000801";"G00753";305;146.04;"2026-05-07";"Card"
"P000802";"G00755";215;137.84;"2026-02-17";"Card"
"P000803";"G00757";122;63.7;"2026-01-07";"Cash"
"P000804";"G00758";410;330.98;"2026-03-06";"Card"
"P000805";"G00759";101;47.72;"2026-06-09";"Cash"
"P000806";"G00760";132;212.64;"2026-06-05";"Card"
"P000807";"G00761";409;120.53;"2026-02-08";"Card"
"P000808";"G00763";207;137.19;"2026-02-13";"Card"
"P000809";"G00764";126;6.96;"2026-02-08";"Stripe"
"P000810";"G00765";104;273.61;"2026-02-24";"Cash"
"P000811";"G00766";221;316.19;"2026-02-11";"Card"
"P000812";"G00767";310;89.98;"2026-03-15";"Card"
"P000813";"G00768";532;154.72;"2026-03-03";"Card"
"P000814";"G00769";302;27.13;"2026-06-15";"Card"
"P000815";"G00770";217;147.77;"2026-03-09";"Card"
"P000816";"G00772";134;112.43;"2026-03-30";"Card"
"P000817";"G00773";416;197.46;"2026-03-09";"Stripe"
"P000818";"G00774";320;22.95;"2026-04-20";"Card"
"P000819";"G00775";422;3.8;"2026-04-02";"Stripe"
"P000820";"G00776";428;194.68;"2026-04-15";"Cash"
"P000821";"G00778";133;35.58;"2026-01-16";"Card"
"P000822";"G00779";208;74.32;"2026-03-09";"Card"
"P000823";"G00780";307;281.84;"2026-06-06";"Cash"
"P000824";"G00781";212;141.46;"2026-05-24";"Stripe"
"P000825";"G00783";408;136.5;"2026-02-27";"Card"
"P000826";"G00784";231;97.79;"2026-01-16";"Card"
"P000827";"G00785";410;27.62;"2026-04-07";"Card"
"P000828";"G00786";216;109.58;"2026-04-25";"Stripe"
"P000829";"G00787";124;65.92;"2026-04-20";"Card"
"P000830";"G00788";106;149.54;"2026-02-21";"Card"
"P000831";"G00789";109;39.74;"2026-02-14";"Card"
"P000832";"G00791";428;217.97;"2026-01-11";"Card"
"P000833";"G00792";132;52.43;"2026-02-26";"Card"
"P000834";"G00793";424;17.93;"2026-03-19";"Stripe"
"P000835";"G00793";424;16.29;"2026-03-19";"Stripe"
"P000836";"G00793";424;22.66;"2026-03-23";"Card"
"P000837";"G00794";504;33.41;"2026-03-26";"Card"
"P000838";"G00795";433;61.56;"2026-03-01";"Card"
"P000839";"G00796";313;142.22;"2026-02-09";"Card"
"P000840";"G00797";415;249.51;"2026-04-05";"Stripe"
"P000841";"G00798";118;50.72;"2026-01-24";"Cash"
"P000842";"G00798";118;38.28;"2026-01-24";"Card"
"P000843";"G00800";105;192.62;"2026-04-10";"Card"
"P000844";"G00801";201;146.93;"2026-03-06";"Stripe"
"P000845";"G00802";317;35.31;"2026-06-05";"Card"
"P000846";"G00802";317;89.52;"2026-06-05";"Card"
"P000847";"G00803";520;149.72;"2026-04-14";"Stripe"
"P000848";"G00804";134;61.96;"2026-04-22";"Cash"
"P000849";"G00805";132;34.18;"2026-02-10";"Card"
"P000850";"G00806";534;89.1;"2026-05-22";"Stripe"
"P000851";"G00807";421;210.43;"2026-05-19";"Card"
"P000852";"G00808";417;20.86;"2026-05-16";"Card"
"P000853";"G00809";425;95.12;"2026-06-04";"Stripe"
"P000854";"G00810";515;204.41;"2026-04-11";"Card"
"P000855";"G00810";515;127.81;"2026-04-09";"Cash"
"P000856";"G00811";521;191.78;"2026-05-02";"Card"
"P000857";"G00812";301;98.06;"2026-01-06";"Stripe"
"P000858";"G00813";402;100.09;"2026-01-12";"Card"
"P000859";"G00814";414;223.97;"2026-03-24";"Card"
"P000860";"G00815";306;41.51;"2026-01-30";"Card"
"P000861";"G00815";306;62.19;"2026-01-30";"Card"
"P000862";"G00816";502;156.21;"2026-05-05";"Cash"
"P000863";"G00817";523;20.37;"2026-04-27";"Card"
"P000864";"G00817";523;22.0;"2026-04-27";"Stripe"
"P000865";"G00819";304;424.02;"2026-06-30";"Cash"
"P000866";"G00820";405;111.37;"2026-05-28";"Card"
"P000867";"G00821";332;330.13;"2026-05-10";"Card"
"P000868";"G00822";111;78.36;"2026-05-01";"Card"
"P000869";"G00823";316;136.14;"2026-01-08";"Card"
"P000870";"G00824";419;39.76;"2026-06-16";"Card"
"P000871";"G00825";428;176.21;"2026-05-04";"Stripe"
"P000872";"G00826";423;297.36;"2026-02-18";"Cash"
"P000873";"G00827";425;119.93;"2026-02-03";"Stripe"
"P000874";"G00828";111;14.58;"2026-01-07";"Card"
"P000875";"G00828";111;35.84;"2026-01-07";"Card"
"P000876";"G00829";505;43.27;"2026-02-28";"Card"
"P000877";"G00829";505;50.83;"2026-03-06";"Card"
"P000878";"G00830";534;120.89;"2026-06-13";"Stripe"
"P000879";"G00831";427;31.23;"2026-01-10";"Card"
"P000880";"G00831";427;86.22;"2026-01-10";"Stripe"
"P000881";"G00832";112;256.87;"2026-03-07";"Card"
"P000882";"G00833";407;39.42;"2026-06-19";"Card"
"P000883";"G00833";407;68.31;"2026-06-15";"Card"
"P000884";"G00834";528;162.99;"2026-01-23";"Cash"
"P000885";"G00835";332;81.07;"2026-06-13";"Card"
"P000886";"G00836";208;56.72;"2026-02-01";"Card"
"P000887";"G00838";428;2.27;"2026-04-06";"Card"
"P000888";"G00840";427;126.69;"2026-05-15";"Card"
"P000889";"G00842";532;64.38;"2026-05-25";"Card"
"P000890";"G00843";102;84.62;"2026-05-04";"Card"
"P000891";"G00844";316;255.22;"2026-01-29";"Card"
"P000892";"G00845";234;66.93;"2026-05-03";"Card"
"P000893";"G00846";206;235.45;"2026-04-19";"Card"
"P000894";"G00847";209;125.75;"2026-03-28";"Card"
"P000895";"G00848";127;56.78;"2026-03-20";"Cash"
"P000896";"G00849";527;110.41;"2026-04-02";"Card"
"P000897";"G00849";527;64.27;"2026-04-02";"Card"
"P000898";"G00850";326;425.5;"2026-06-30";"Card"
"P000899";"G00851";318;174.19;"2026-03-23";"Stripe"
"P000900";"G00852";406;48.32;"2026-04-20";"Card"
"P000901";"G00853";523;291.23;"2026-04-21";"Card"
"P000902";"G00854";423;212.15;"2026-01-31";"Card"
"P000903";"G00854";423;142.52;"2026-02-03";"Card"
"P000904";"G00855";401;27.36;"2026-05-04";"Cash"
"P000905";"G00857";110;87.3;"2026-01-30";"Stripe"
"P000906";"G00858";119;141.07;"2026-04-17";"Card"
"P000907";"G00859";225;362.79;"2026-03-23";"Cash"
"P000908";"G00860";522;34.4;"2026-04-01";"Card"
"P000909";"G00860";522;80.66;"2026-04-01";"Card"
"P000910";"G00861";511;164.84;"2026-04-05";"Stripe"
"P000911";"G00862";429;247.82;"2026-06-30";"Card"
"P000912";"G00863";217;14.99;"2026-06-01";"Card"
"P000913";"G00864";311;155.39;"2026-03-08";"Card"
"P000914";"G00865";124;112.54;"2026-01-07";"Card"
"P000915";"G00866";207;163.01;"2026-06-23";"Card"
"P000916";"G00867";306;200.51;"2026-04-03";"Card"
"P000917";"G00868";323;35.3;"2026-03-19";"Card"
"P000918";"G00869";431;57.13;"2026-05-09";"Card"
"P000919";"G00869";431;35.29;"2026-05-11";"Card"
"P000920";"G00871";104;65.51;"2026-01-21";"Card"
"P000921";"G00872";208;29.66;"2026-05-10";"Card"
"P000922";"G00872";208;47.82;"2026-05-13";"Stripe"
"P000923";"G00873";530;35.19;"2026-06-30";"Stripe"
"P000924";"G00874";218;222.25;"2026-06-01";"Stripe"
"P000925";"G00875";133;314.48;"2026-04-17";"Stripe"
"P000926";"G00876";204;156.58;"2026-03-23";"Stripe"
"P000927";"G00878";124;45.07;"2026-01-13";"Card"
"P000928";"G00878";124;34.01;"2026-01-16";"Card"
"P000929";"G00879";106;9.78;"2026-02-05";"Stripe"
"P000930";"G00879";106;16.7;"2026-02-09";"Stripe"
"P000931";"G00881";302;158.06;"2026-05-24";"Cash"
"P000932";"G00884";402;38.4;"2026-03-01";"Stripe"
"P000933";"G00885";215;191.33;"2026-02-18";"Card"
"P000934";"G00885";215;140.36;"2026-02-23";"Card"
"P000935";"G00886";310;5.0;"2026-03-03";"Card"
"P000936";"G00887";110;236.05;"2026-02-28";"Card"
"P000937";"G00887";110;288.31;"2026-02-28";"Card"
"P000938";"G00888";215;254.46;"2026-04-11";"Card"
"P000939";"G00888";215;138.55;"2026-04-11";"Card"
"P000940";"G00889";525;138.85;"2026-03-06";"Cash"
"P000941";"G00890";322;179.36;"2026-06-22";"Card"
"P000942";"G00891";321;254.16;"2026-02-21";"Card"
"P000943";"G00892";211;46.56;"2026-04-02";"Stripe"
"P000944";"G00892";211;26.09;"2026-04-02";"Card"
"P000945";"G00892";211;64.14;"2026-04-02";"Card"
"P000946";"G00894";303;152.89;"2026-01-24";"Stripe"
"P000947";"G00895";209;36.48;"2026-05-11";"Card"
"P000948";"G00895";209;41.38;"2026-05-11";"Card"
"P000949";"G00896";127;154.93;"2026-01-05";"Card"
"P000950";"G00897";404;49.24;"2026-01-18";"Card"
"P000951";"G00899";304;157.45;"2026-01-20";"Stripe"
"P000952";"G00900";405;35.09;"2026-05-09";"Card"
"P000953";"G00901";407;66.49;"2026-01-04";"Card"
"P000954";"G00902";213;346.97;"2026-01-20";"Card"
"P000955";"G00903";225;142.14;"2026-04-24";"Card"
"P000956";"G00904";308;85.64;"2026-03-23";"Card"
"P000957";"G00905";310;21.04;"2026-05-05";"Cash"
"P000958";"G00906";507;254.77;"2026-03-29";"Stripe"
"P000959";"G00908";403;5.0;"2026-06-25";"Card"
"P000960";"G00909";216;56.41;"2026-01-29";"Cash"
"P000961";"G00909";216;79.1;"2026-01-26";"Card"
"P000962";"G00910";327;92.36;"2026-02-13";"Stripe"
"P000963";"G00911";420;282.59;"2026-06-20";"Card"
"P000964";"G00913";310;83.2;"2026-03-28";"Stripe"
"P000965";"G00914";220;40.67;"2026-02-16";"Card"
"P000966";"G00915";430;139.64;"2026-04-06";"Cash"
"P000967";"G00916";115;97.84;"2026-03-18";"Card"
"P000968";"G00918";427;305.75;"2026-03-13";"Stripe"
"P000969";"G00919";222;143.64;"2026-04-20";"Cash"
"P000970";"G00920";231;136.82;"2026-02-01";"Cash"
"P000971";"G00921";424;20.73;"2026-04-27";"Card"
"P000972";"G00922";218;16.88;"2026-05-15";"Card"
"P000973";"G00923";518;61.95;"2026-01-12";"Cash"
"P000974";"G00925";319;184.17;"2026-06-06";"Card"
"P000975";"G00925";319;203.25;"2026-06-06";"Card"
"P000976";"G00926";407;31.23;"2026-06-17";"Card"
"P000977";"G00927";431;101.59;"2026-01-21";"Stripe"
"P000978";"G00928";516;62.73;"2026-05-01";"Cash"
"P000979";"G00928";516;51.02;"2026-05-01";"Stripe"
"P000980";"G00928";516;110.98;"2026-05-01";"Card"
"P000981";"G00929";503;85.25;"2026-04-13";"Cash"
"P000982";"G00929";503;74.44;"2026-04-08";"Card"
"P000983";"G00930";513;265.11;"2026-02-28";"Card"
"P000984";"G00931";128;111.34;"2026-01-06";"Card"
"P000985";"G00932";309;9.33;"2026-02-20";"Card"
"P000986";"G00933";418;169.13;"2026-05-02";"Stripe"
"P000987";"G00935";121;264.43;"2026-01-06";"Card"
"P000988";"G00937";411;61.83;"2026-05-16";"Card"
"P000989";"G00938";225;76.33;"2026-04-15";"Card"
"P000990";"G00940";525;75.05;"2026-06-19";"Card"
"P000991";"G00941";410;147.73;"2026-02-24";"Card"
"P000992";"G00942";406;22.6;"2026-04-03";"Card"
"P000993";"G00943";409;89.75;"2026-04-15";"Stripe"
"P000994";"G00944";324;230.15;"2026-03-09";"Stripe"
"P000995";"G00945";434;49.89;"2026-03-21";"Card"
"P000996";"G00945";434;145.68;"2026-03-21";"Stripe"
"P000997";"G00948";203;39.43;"2026-05-21";"Card"
"P000998";"G00949";230;51.83;"2026-05-15";"Card"
"P000999";"G00950";304;84.16;"2026-06-15";"Card"
"P001000";"G00951";514;35.66;"2026-02-20";"Stripe"
"P001001";"G00951";514;75.76;"2026-02-20";"Stripe"
"P001002";"G00952";321;86.83;"2026-02-15";"Card"
"P001003";"G00952";321;153.57;"2026-02-17";"Card"
"P001004";"G00954";111;191.23;"2026-06-20";"Stripe"
"P001005";"G00955";107;286.79;"2026-03-02";"Card"
"P001006";"G00956";533;140.95;"2026-04-07";"Card"
"P001007";"G00957";423;34.5;"2026-03-14";"Stripe"
"P001008";"G00958";502;86.01;"2026-04-25";"Card"
"P001009";"G00960";411;42.7;"2026-04-30";"Card"
"P001010";"G00961";329;115.04;"2026-06-12";"Card"
"P001011";"G00962";502;280.27;"2026-06-02";"Stripe"
"P001012";"G00964";213;43.71;"2026-03-26";"Card"
"P001013";"G00965";214;141.92;"2026-05-14";"Card"
"P001014";"G00966";406;59.93;"2026-04-02";"Card"
"P001015";"G00967";118;178.41;"2026-01-04";"Card"
"P001016";"G00968";104;153.84;"2026-02-08";"Card"
"P001017";"G00970";420;40.49;"2026-01-28";"Card"
"P001018";"G00971";229;73.02;"2026-05-16";"Card"
"P001019";"G00971";229;184.77;"2026-05-17";"Card"
"P001020";"G00972";526;18.99;"2026-05-19";"Stripe"
"P001021";"G00973";513;54.15;"2026-06-25";"Card"
"P001022";"G00976";511;119.08;"2026-04-24";"Card"
"P001023";"G00977";430;12.12;"2026-06-01";"Cash"
"P001024";"G00977";430;9.55;"2026-06-01";"Cash"
"P001025";"G00978";314;140.63;"2026-04-25";"Cash"
"P001026";"G00979";515;44.84;"2026-06-21";"Card"
"P001027";"G00981";408;124.6;"2026-03-23";"Stripe"
"P001028";"G00982";412;33.09;"2026-06-11";"Card"
"P001029";"G00984";413;206.44;"2026-01-29";"Stripe"
"P001030";"G00986";119;74.17;"2026-03-26";"Stripe"
"P001031";"G00986";119;84.02;"2026-03-26";"Card"
"P001032";"G00987";118;286.42;"2026-04-16";"Card"
"P001033";"G00987";118;209.32;"2026-04-16";"Card"
"P001034";"G00988";423;133.09;"2026-04-21";"Card"
"P001035";"G00989";512;18.07;"2026-05-22";"Card"
"P001036";"G00992";402;149.04;"2026-02-28";"Card"
"P001037";"G00993";209;114.97;"2026-01-10";"Card"
"P001038";"G00994";133;345.16;"2026-01-28";"Card"
"P001039";"G00995";117;36.33;"2026-04-13";"Cash"
"P001040";"G00996";413;159.04;"2026-06-12";"Card"
"P001041";"G00998";405;9.89;"2026-03-12";"Stripe"
"P001042";"G00999";316;11.64;"2026-05-15";"Card"
"P001043";"G01000";329;172.63;"2026-06-11";"Stripe"
"P001044";"G01001";328;142.51;"2026-06-16";"Cash"
"P001045";"G01002";324;24.13;"2026-03-31";"Card"
"P001046";"G01003";103;85.99;"2026-02-01";"Card"
"P001047";"G01005";515;299.03;"2026-05-22";"Stripe"
"P001048";"G01006";219;71.05;"2026-04-24";"Card"
"P001049";"G01007";130;105.18;"2026-01-09";"Card"
"P001050";"G01008";225;174.38;"2026-05-25";"Card"
"P001051";"G01009";229;21.6;"2026-06-02";"Card"
"P001052";"G01010";103;238.61;"2026-02-21";"Stripe"
"P001053";"G01011";201;192.71;"2026-02-16";"Stripe"
"P001054";"G01012";506;93.16;"2026-03-24";"Card"
"P001055";"G01013";221;105.36;"2026-05-16";"Card"
"P001056";"G01015";101;33.89;"2026-01-31";"Stripe"
"P001057";"G01016";314;26.5;"2026-03-13";"Card"
"P001058";"G01018";223;19.84;"2026-06-18";"Card"
"P001059";"G01019";216;184.95;"2026-01-30";"Card"
"P001060";"G01020";503;333.39;"2026-02-07";"Card"
"P001061";"G01021";521;111.88;"2026-05-03";"Card"
"P001062";"G01022";101;126.81;"2026-05-07";"Card"
"P001063";"G01023";113;141.29;"2026-03-20";"Card"
"P001064";"G01024";129;99.02;"2026-04-11";"Cash"
"P001065";"G01025";533;24.49;"2026-05-27";"Stripe"
"P001066";"G01026";408;161.33;"2026-04-07";"Stripe"
"P001067";"G01027";201;28.87;"2026-01-22";"Card"
"P001068";"G01027";201;65.89;"2026-01-28";"Card"
"P001069";"G01028";215;114.21;"2026-06-08";"Card"
"P001070";"G01028";215;138.9;"2026-06-08";"Card"
"P001071";"G01029";217;175.11;"2026-01-06";"Stripe"
"P001072";"G01030";222;238.72;"2026-03-25";"Card"
"P001073";"G01031";120;58.96;"2026-06-25";"Card"
"P001074";"G01032";122;139.16;"2026-03-17";"Card"
"P001075";"G01032";122;154.97;"2026-03-17";"Cash"
"P001076";"G01032";122;155.24;"2026-03-17";"Cash"
"P001077";"G01033";326;13.73;"2026-05-24";"Card"
"P001078";"G01034";331;264.82;"2026-06-05";"Card"
"P001079";"G01035";502;62.68;"2026-05-10";"Card"
"P001080";"G01035";502;76.66;"2026-05-10";"Card"
"P001081";"G01036";520;222.87;"2026-03-05";"Stripe"
"P001082";"G01037";522;161.34;"2026-06-22";"Stripe"
"P001083";"G01038";401;177.89;"2026-01-27";"Cash"
"P001084";"G01039";129;240.24;"2026-05-13";"Card"
"P001085";"G01040";115;80.14;"2026-03-29";"Card"
"P001086";"G01040";115;50.32;"2026-03-29";"Card"
"P001087";"G01042";107;96.21;"2026-05-08";"Card"
"P001088";"G01043";420;162.91;"2026-06-22";"Card"
"P001089";"G01044";313;16.19;"2026-06-12";"Card"
"P001090";"G01044";313;14.32;"2026-06-12";"Card"
"P001091";"G01045";517;63.31;"2026-05-22";"Card"
"P001092";"G01045";517;96.83;"2026-05-25";"Stripe"
"P001093";"G01046";312;166.16;"2026-06-28";"Card"
"P001094";"G01047";430;175.53;"2026-05-16";"Card"
"P001095";"G01048";207;127.92;"2026-03-18";"Card"
"P001096";"G01049";323;204.39;"2026-02-08";"Card"
"P001097";"G01050";329;195.5;"2026-06-22";"Card"
"P001098";"G01051";531;183.72;"2026-05-19";"Card"
"P001099";"G01052";226;95.97;"2026-05-06";"Cash"
"P001100";"G01053";520;48.5;"2026-05-07";"Stripe"
"P001101";"G01054";202;309.95;"2026-06-12";"Stripe"
"P001102";"G01055";403;58.32;"2026-05-13";"Card"
"P001103";"G01055";403;53.36;"2026-05-11";"Cash"
"P001104";"G01056";219;172.52;"2026-02-14";"Card"
"P001105";"G01057";206;21.72;"2026-04-12";"Stripe"
"P001106";"G01058";211;15.11;"2026-01-01";"Stripe"
"P001107";"G01060";330;186.47;"2026-02-14";"Card"
"P001108";"G01061";319;0.58;"2026-03-30";"Card"
"P001109";"G01062";301;75.89;"2026-04-08";"Card"
"P001110";"G01064";125;410.17;"2026-04-13";"Card"
"P001111";"G01065";102;77.37;"2026-04-07";"Card"
"P001112";"G01065";102;72.77;"2026-04-09";"Card"
"P001113";"G01066";305;143.75;"2026-04-06";"Card"
"P001114";"G01067";430;145.4;"2026-02-28";"Stripe"
"P001115";"G01068";426;217.37;"2026-02-05";"Card"
"P001116";"G01069";426;86.16;"2026-03-18";"Stripe"
"P001117";"G01071";123;181.43;"2026-06-21";"Stripe"
"P001118";"G01073";522;18.9;"2026-02-28";"Card"
"P001119";"G01073";522;15.61;"2026-02-28";"Card"
"P001120";"G01073";522;36.57;"2026-02-25";"Card"
"P001121";"G01074";105;82.99;"2026-02-02";"Card"
"P001122";"G01075";329;15.17;"2026-03-19";"Stripe"
"P001123";"G01076";128;294.8;"2026-02-28";"Card"
"P001124";"G01077";423;30.34;"2026-06-03";"Card"
"P001125";"G01078";509;65.53;"2026-01-16";"Card"
"P001126";"G01078";509;84.76;"2026-01-15";"Card"
"P001127";"G01079";119;20.92;"2026-02-01";"Card"
"P001128";"G01080";403;39.59;"2026-03-16";"Cash"
"P001129";"G01080";403;25.18;"2026-03-16";"Card"
"P001130";"G01081";330;130.55;"2026-01-04";"Stripe"
"P001131";"G01082";304;24.87;"2026-05-01";"Stripe"
"P001132";"G01083";113;131.03;"2026-06-24";"Card"
"P001133";"G01084";107;353.77;"2026-06-03";"Card"
"P001134";"G01085";233;29.53;"2026-01-25";"Cash"
"P001135";"G01086";323;26.21;"2026-03-14";"Stripe"
"P001136";"G01087";306;234.3;"2026-05-15";"Card"
"P001137";"G01088";508;3.91;"2026-04-12";"Stripe"
"P001138";"G01089";115;96.47;"2026-03-14";"Card"
"P001139";"G01090";524;364.52;"2026-01-07";"Card"
"P001140";"G01091";317;192.39;"2026-01-28";"Card"
"P001141";"G01092";215;84.63;"2026-02-17";"Card"
"P001142";"G01093";519;101.35;"2026-02-01";"Card"
"P001143";"G01094";329;18.15;"2026-02-12";"Card"
"P001144";"G01095";209;2.93;"2026-03-19";"Card"
"P001145";"G01095";209;3.55;"2026-03-18";"Card"
"P001146";"G01095";209;5.18;"2026-03-19";"Card"
"P001147";"G01099";403;61.06;"2026-06-24";"Card"
"P001148";"G01100";431;52.15;"2026-02-13";"Card"
"P001149";"G01100";431;29.76;"2026-02-14";"Card"
"P001150";"G01100";431;78.24;"2026-02-14";"Card"
"P001151";"G01101";411;104.36;"2026-03-20";"Card"
"P001152";"G01102";414;101.74;"2026-06-02";"Card"
"P001153";"G01102";414;151.86;"2026-06-02";"Card"
"P001154";"G01104";330;88.83;"2026-06-30";"Stripe"
"P001155";"G01104";330;59.69;"2026-06-29";"Card"
"P001156";"G01105";123;94.88;"2026-02-05";"Card"
"P001157";"G01106";102;79.51;"2026-04-23";"Card"
"P001158";"G01107";402;170.7;"2026-06-20";"Stripe"
"P001159";"G01108";111;191.0;"2026-03-04";"Card"
"P001160";"G01109";112;160.73;"2026-03-29";"Card"
"P001161";"G01110";504;452.05;"2026-03-15";"Card"
"P001162";"G01111";223;64.25;"2026-01-11";"Stripe"
"P001163";"G01112";519;26.15;"2026-04-16";"Cash"
"P001164";"G01113";110;224.2;"2026-01-22";"Card"
"P001165";"G01114";520;11.81;"2026-05-11";"Card"
"P001166";"G01115";112;40.73;"2026-02-27";"Card"
"P001167";"G01115";112;54.11;"2026-02-27";"Card"
"P001168";"G01116";512;298.3;"2026-05-21";"Stripe"
"P001169";"G01117";317;56.69;"2026-05-04";"Stripe"
"P001170";"G01117";317;42.53;"2026-05-04";"Card"
"P001171";"G01118";215;62.94;"2026-03-12";"Cash"
"P001172";"G01118";215;112.58;"2026-03-12";"Stripe"
"P001173";"G01119";421;65.44;"2026-05-24";"Stripe"
"P001174";"G01120";129;52.5;"2026-04-14";"Stripe"
"P001175";"G01122";328;64.59;"2026-03-24";"Card"
"P001176";"G01122";328;70.57;"2026-03-23";"Stripe"
"P001177";"G01122";328;77.56;"2026-03-24";"Card"
"P001178";"G01123";110;22.73;"2026-01-06";"Card"
"P001179";"G01124";411;74.78;"2026-03-06";"Card"
"P001180";"G01125";514;174.22;"2026-03-28";"Card"
"P001181";"G01126";511;185.33;"2026-04-20";"Cash"
"P001182";"G01127";530;23.82;"2026-01-12";"Stripe"
"P001183";"G01128";128;109.59;"2026-06-24";"Card"
"P001184";"G01129";201;272.13;"2026-01-15";"Card"
"P001185";"G01130";314;145.95;"2026-02-25";"Stripe"
"P001186";"G01131";219;51.21;"2026-06-18";"Card"
"P001187";"G01132";225;20.52;"2026-04-01";"Card"
"P001188";"G01133";522;216.85;"2026-03-05";"Card"
"P001189";"G01134";133;10.32;"2026-06-08";"Stripe"
"P001190";"G01135";432;231.95;"2026-05-09";"Card"
"P001191";"G01136";415;123.3;"2026-03-25";"Card"
"P001192";"G01136";415;161.28;"2026-03-25";"Card"
"P001193";"G01137";313;100.37;"2026-02-17";"Card"
"P001194";"G01137";313;76.02;"2026-02-17";"Card"
"P001195";"G01138";124;43.82;"2026-01-09";"Cash"
"P001196";"G01139";427;117.08;"2026-02-06";"Cash"
"P001197";"G01140";308;320.01;"2026-06-23";"Card"
"P001198";"G01141";429;25.2;"2026-04-11";"Card"
"P001199";"G01141";429;63.55;"2026-04-11";"Card"
"P001200";"G01142";512;50.41;"2026-03-20";"Card"
"P001201";"G01142";512;73.15;"2026-03-19";"Stripe"
"P001202";"G01143";334;118.15;"2026-04-01";"Stripe"
"P001203";"G01144";124;90.89;"2026-01-29";"Stripe"
"P001204";"G01145";525;111.67;"2026-01-07";"Card"
"P001205";"G01146";232;116.75;"2026-04-23";"Cash"
"P001206";"G01147";208;171.45;"2026-05-24";"Card"
"P001207";"G01148";527;165.76;"2026-05-06";"Card"
"P001208";"G01149";324;118.53;"2026-06-08";"Stripe"
"P001209";"G01150";106;24.7;"2026-05-02";"Card"
"P001210";"G01150";106;62.48;"2026-05-06";"Card"
"P001211";"G01151";225;19.38;"2026-06-11";"Card"
"P001212";"G01152";407;27.14;"2026-01-02";"Stripe"
"P001213";"G01152";407;59.6;"2026-01-04";"Card"
"P001214";"G01153";526;85.55;"2026-01-03";"Card"
"P001215";"G01153";526;111.27;"2026-01-03";"Card"
"P001216";"G01154";209;109.14;"2026-01-26";"Card"
"P001217";"G01155";331;147.86;"2026-01-29";"Card"
"P001218";"G01156";204;223.78;"2026-05-07";"Stripe"
"P001219";"G01157";206;87.58;"2026-04-17";"Card"
"P001220";"G01158";403;199.47;"2026-01-21";"Card"
"P001221";"G01160";106;131.52;"2026-05-14";"Card"
"P001222";"G01161";115;9.69;"2026-06-24";"Card"
"P001223";"G01161";115;28.71;"2026-06-18";"Card"
"P001224";"G01162";230;125.17;"2026-05-24";"Card"
"P001225";"G01163";410;46.77;"2026-03-23";"Stripe"
"P001226";"G01164";126;52.72;"2026-06-26";"Card"
"P001227";"G01164";126;39.42;"2026-06-23";"Stripe"
"P001228";"G01165";322;58.95;"2026-01-30";"Card"
"P001229";"G01166";210;101.41;"2026-06-10";"Cash"
"P001230";"G01166";210;180.47;"2026-06-10";"Cash"
"P001231";"G01167";221;121.18;"2026-02-24";"Card"
"P001232";"G01168";120;114.4;"2026-06-21";"Cash"
"P001233";"G01169";203;98.81;"2026-04-16";"Card"
"P001234";"G01170";421;7.3;"2026-06-19";"Card"
"P001235";"G01171";306;121.52;"2026-06-30";"Stripe"
"P001236";"G01172";330;91.75;"2026-01-26";"Stripe"
"P001237";"G01173";323;96.84;"2026-04-02";"Cash"
"P001238";"G01173";323;110.42;"2026-04-02";"Stripe"
"P001239";"G01174";319;128.06;"2026-05-17";"Card"
"P001240";"G01176";130;165.41;"2026-01-10";"Card"
"P001241";"G01177";412;4.84;"2026-06-20";"Card"
"P001242";"G01178";116;54.91;"2026-02-22";"Card"
"P001243";"G01179";117;69.85;"2026-06-28";"Card"
"P001244";"G01180";522;146.85;"2026-05-29";"Card"
"P001245";"G01181";105;68.63;"2026-05-18";"Card"
"P001246";"G01183";508;58.99;"2026-05-14";"Card"
"P001247";"G01183";508;53.31;"2026-05-14";"Stripe"
"P001248";"G01184";215;66.76;"2026-01-19";"Card"
"P001249";"G01184";215;29.88;"2026-01-14";"Card"
"P001250";"G01184";215;25.68;"2026-01-19";"Card"
"P001251";"G01185";327;121.03;"2026-05-21";"Card"
"P001252";"G01186";214;36.92;"2026-04-30";"Card"
"P001253";"G01187";307;281.72;"2026-01-12";"Card"
"P001254";"G01188";531;206.01;"2026-02-05";"Card"
"P001255";"G01189";109;90.92;"2026-06-13";"Card"
"P001256";"G01190";128;107.82;"2026-01-31";"Stripe"
"P001257";"G01191";505;400.03;"2026-01-26";"Cash"
"P001258";"G01192";304;139.04;"2026-04-21";"Stripe"
"P001259";"G01193";212;218.95;"2026-03-24";"Card"
"P001260";"G01195";411;157.73;"2026-03-29";"Card"
"P001261";"G01195";411;203.85;"2026-03-29";"Card"
"P001262";"G01196";107;25.08;"2026-02-05";"Stripe"
"P001263";"G01197";318;116.03;"2026-04-27";"Card"
"P001264";"G01198";214;122.32;"2026-03-10";"Card"
"P001265";"G01199";310;64.7;"2026-04-06";"Card"
"P001266";"G01200";308;166.95;"2026-02-16";"Stripe"
"P001267";"G01201";406;0.57;"2026-01-13";"Card"
"P001268";"G01203";513;0.56;"2026-01-07";"Card"
"P001269";"G01204";133;116.49;"2026-01-28";"Card"
"P001270";"G01206";114;199.85;"2026-03-30";"Cash"
"P001271";"G01207";118;13.89;"2026-03-22";"Card"
"P001272";"G01208";334;398.2;"2026-06-09";"Card"
"P001273";"G01209";411;4.07;"2026-06-11";"Card"
"P001274";"G01210";511;231.51;"2026-05-10";"Stripe"
"P001275";"G01211";325;68.0;"2026-01-10";"Cash"
"P001276";"G01211";325;31.5;"2026-01-11";"Cash"
"P001277";"G01211";325;31.21;"2026-01-11";"Card"
"P001278";"G01212";327;226.06;"2026-06-15";"Stripe"
"P001279";"G01213";406;125.42;"2026-04-20";"Card"
"P001280";"G01214";230;122.91;"2026-04-09";"Card"
"P001281";"G01215";112;184.13;"2026-02-20";"Cash"
"P001282";"G01219";101;111.73;"2026-05-15";"Card"
"P001283";"G01220";212;116.87;"2026-05-19";"Card"
"P001284";"G01221";529;62.3;"2026-04-06";"Card"
"P001285";"G01221";529;46.62;"2026-04-06";"Card"
"P001286";"G01222";425;84.79;"2026-04-05";"Card"
"P001287";"G01222";425;131.8;"2026-04-05";"Cash"
"P001288";"G01224";304;86.53;"2026-02-16";"Card"
"P001289";"G01225";227;90.44;"2026-04-28";"Card"
"P001290";"G01226";110;97.16;"2026-06-29";"Card"
"P001291";"G01227";322;74.63;"2026-01-25";"Stripe"
"P001292";"G01231";110;57.63;"2026-05-08";"Cash"
"P001293";"G01232";403;96.6;"2026-03-02";"Card"
"P001294";"G01232";403;96.89;"2026-03-02";"Card"
"P001295";"G01234";505;212.38;"2026-04-16";"Stripe"
"P001296";"G01235";402;44.66;"2026-04-04";"Card"
"P001297";"G01236";322;34.03;"2026-03-14";"Card"
"P001298";"G01237";412;64.31;"2026-06-02";"Stripe"
"P001299";"G01237";412;93.99;"2026-06-02";"Card"
"P001300";"G01238";517;151.0;"2026-02-12";"Stripe"
"P001301";"G01238";517;107.12;"2026-02-12";"Stripe"
"P001302";"G01239";329;135.77;"2026-04-29";"Card"
"P001303";"G01239";329;96.95;"2026-05-06";"Card"
"P001304";"G01240";207;26.73;"2026-01-11";"Stripe"
"P001305";"G01240";207;38.51;"2026-01-11";"Card"
"P001306";"G01241";210;20.61;"2026-05-04";"Stripe"
"P001307";"G01242";310;16.69;"2026-02-06";"Cash"
"P001308";"G01243";228;60.58;"2026-03-30";"Cash"
"P001309";"G01243";228;94.91;"2026-03-30";"Stripe"
"P001310";"G01244";305;28.69;"2026-05-30";"Card"
"P001311";"G01244";305;25.03;"2026-05-30";"Card"
"P001312";"G01245";328;34.17;"2026-03-09";"Stripe"
"P001313";"G01246";134;111.43;"2026-03-08";"Card"
"P001314";"G01248";217;59.23;"2026-06-01";"Card"
"P001315";"G01248";217;48.07;"2026-06-01";"Card"
"P001316";"G01248";217;76.48;"2026-06-04";"Card"
"P001317";"G01249";121;104.42;"2026-02-25";"Stripe"
"P001318";"G01250";319;196.25;"2026-02-13";"Card"
"P001319";"G01251";419;77.52;"2026-05-29";"Card"
"P001320";"G01251";419;150.24;"2026-05-29";"Card"
"P001321";"G01252";412;12.27;"2026-02-07";"Card"
"P001322";"G01253";320;198.74;"2026-06-24";"Cash"
"P001323";"G01254";327;24.26;"2026-04-03";"Card"
"P001324";"G01255";209;123.33;"2026-04-04";"Card"
"P001325";"G01256";218;150.63;"2026-01-20";"Card"
"P001326";"G01257";311;88.23;"2026-06-27";"Card"
"P001327";"G01259";422;60.84;"2026-02-01";"Stripe"
"P001328";"G01259";422;58.56;"2026-02-07";"Card"
"P001329";"G01261";315;66.9;"2026-04-05";"Card"
"P001330";"G01262";332;147.43;"2026-01-09";"Stripe"
"P001331";"G01264";109;113.68;"2026-02-08";"Stripe"
"P001332";"G01265";431;29.32;"2026-02-24";"Stripe"
"P001333";"G01267";519;12.58;"2026-02-23";"Card"
"P001334";"G01267";519;15.85;"2026-02-23";"Stripe"
"P001335";"G01268";201;138.52;"2026-04-05";"Card"
"P001336";"G01268";201;160.07;"2026-04-05";"Cash"
"P001337";"G01269";303;97.65;"2026-01-10";"Stripe"
"P001338";"G01271";323;128.36;"2026-06-23";"Card"
"P001339";"G01272";112;226.46;"2026-02-21";"Stripe"
"P001340";"G01273";402;31.63;"2026-03-29";"Card"
"P001341";"G01274";514;220.51;"2026-03-14";"Card"
"P001342";"G01275";218;155.89;"2026-01-21";"Card"
"P001343";"G01275";218;36.39;"2026-01-21";"Card"
"P001344";"G01275";218;103.81;"2026-01-21";"Stripe"
"P001345";"G01276";533;100.08;"2026-05-29";"Stripe"
"P001346";"G01277";318;328.52;"2026-06-21";"Card"
"P001347";"G01278";203;267.29;"2026-06-12";"Cash"
"P001348";"G01279";426;182.59;"2026-05-12";"Card"
"P001349";"G01280";405;41.66;"2026-06-30";"Cash"
"P001350";"G01281";121;90.33;"2026-03-04";"Cash"
"P001351";"G01282";102;26.24;"2026-06-24";"Cash"
"P001352";"G01283";405;47.97;"2026-02-13";"Card"
"P001353";"G01284";520;88.31;"2026-01-30";"Card"
"P001354";"G01285";312;22.72;"2026-04-12";"Stripe"
"P001355";"G01285";312;59.74;"2026-04-16";"Stripe"
"P001356";"G01287";117;54.69;"2026-04-08";"Card"
"P001357";"G01288";423;224.26;"2026-03-16";"Stripe"
"P001358";"G01289";227;18.03;"2026-03-26";"Card"
"P001359";"G01289";227;14.86;"2026-03-26";"Cash"
"P001360";"G01290";313;151.95;"2026-01-25";"Card"
"P001361";"G01290";313;55.91;"2026-01-26";"Card"
"P001362";"G01290";313;64.54;"2026-01-25";"Stripe"
"P001363";"G01291";518;231.74;"2026-02-10";"Card"
"P001364";"G01292";414;212.66;"2026-05-10";"Card"
"P001365";"G01293";319;69.66;"2026-02-08";"Stripe"
"P001366";"G01294";402;180.3;"2026-04-15";"Card"
"P001367";"G01295";311;112.77;"2026-01-26";"Stripe"
"P001368";"G01296";115;26.75;"2026-06-21";"Cash"
"P001369";"G01297";301;205.66;"2026-03-21";"Stripe"
"P001370";"G01298";501;74.57;"2026-06-02";"Stripe"
"P001371";"G01299";232;192.68;"2026-06-03";"Card"
"P001372";"G01300";222;16.12;"2026-01-25";"Card"
"P001373";"G01301";117;171.84;"2026-05-12";"Card"
"P001374";"G01302";332;116.97;"2026-05-24";"Card"
"P001375";"G01303";430;41.38;"2026-05-06";"Stripe"
"P001376";"G01304";131;159.25;"2026-02-12";"Cash"
"P001377";"G01306";323;49.1;"2026-06-26";"Card"
"P001378";"G01307";104;127.21;"2026-04-29";"Card"
"P001379";"G01308";318;79.5;"2026-02-27";"Card"
"P001380";"G01309";234;42.8;"2026-03-15";"Card"
"P001381";"G01310";513;116.77;"2026-05-03";"Stripe"
"P001382";"G01311";524;293.33;"2026-01-27";"Stripe"
"P001383";"G01312";530;214.26;"2026-04-03";"Card"
"P001384";"G01312";530;132.97;"2026-04-04";"Stripe"
"P001385";"G01313";425;127.0;"2026-02-27";"Cash"
"P001386";"G01313";425;92.07;"2026-02-27";"Cash"
"P001387";"G01314";403;108.04;"2026-06-22";"Card"
"P001388";"G01314";403;58.94;"2026-06-22";"Card"
"P001389";"G01315";229;39.58;"2026-04-30";"Stripe"
"P001390";"G01316";318;24.71;"2026-01-22";"Card"
"P001391";"G01316";318;44.51;"2026-01-22";"Stripe"
"P001392";"G01317";518;93.17;"2026-03-02";"Card"
"P001393";"G01318";519;71.45;"2026-06-20";"Cash"
"P001394";"G01319";328;105.15;"2026-02-26";"Stripe"
"P001395";"G01319";328;17.87;"2026-02-26";"Card"
"P001396";"G01319";328;39.3;"2026-02-26";"Card"
"P001397";"G01320";433;65.59;"2026-01-11";"Card"
"P001398";"G01321";319;101.71;"2026-04-10";"Card"
"P001399";"G01321";319;22.85;"2026-04-12";"Card"
"P001400";"G01321";319;39.24;"2026-04-10";"Card"
"P001401";"G01322";222;18.49;"2026-03-28";"Cash"
"P001402";"G01323";219;406.54;"2026-04-02";"Card"
"P001403";"G01325";509;48.16;"2026-05-16";"Card"
"P001404";"G01327";111;121.85;"2026-03-26";"Card"
"P001405";"G01328";222;233.79;"2026-06-20";"Card"
"P001406";"G01329";328;56.88;"2026-05-02";"Card"
"P001407";"G01329";328;147.64;"2026-05-02";"Stripe"
"P001408";"G01331";525;93.53;"2026-04-19";"Card"
"P001409";"G01332";515;40.83;"2026-06-06";"Card"
"P001410";"G01334";218;253.15;"2026-06-03";"Stripe"
"P001411";"G01335";518;189.69;"2026-04-30";"Card"
"P001412";"G01336";411;0.72;"2026-01-17";"Stripe"
"P001413";"G01337";505;10.32;"2026-01-12";"Card"
"P001414";"G01337";505;15.34;"2026-01-12";"Stripe"
"P001415";"G01340";518;75.79;"2026-04-01";"Card"
"P001416";"G01341";434;24.17;"2026-03-25";"Card"
"P001417";"G01345";129;93.13;"2026-06-18";"Card"
"P001418";"G01346";413;15.27;"2026-06-09";"Stripe"
"P001419";"G01346";413;41.72;"2026-06-06";"Card"
"P001420";"G01347";509;152.87;"2026-04-23";"Card"
"P001421";"G01348";117;55.73;"2026-06-13";"Card"
"P001422";"G01349";304;163.78;"2026-01-29";"Card"
"P001423";"G01350";517;137.99;"2026-02-26";"Card"
"P001424";"G01351";330;211.62;"2026-05-20";"Stripe"
"P001425";"G01352";228;7.96;"2026-02-12";"Cash"
"P001426";"G01353";432;134.86;"2026-03-18";"Stripe"
"P001427";"G01355";302;163.73;"2026-06-08";"Card"
"P001428";"G01356";334;260.09;"2026-04-30";"Card"
"P001429";"G01357";307;209.96;"2026-04-01";"Card"
"P001430";"G01358";516;229.83;"2026-03-17";"Cash"
"P001431";"G01359";514;64.45;"2026-04-01";"Card"
"P001432";"G01360";327;39.65;"2026-03-04";"Card"
"P001433";"G01361";121;61.28;"2026-03-04";"Stripe"
"P001434";"G01362";503;100.68;"2026-06-10";"Card"
"P001435";"G01363";223;14.94;"2026-05-21";"Card"
"P001436";"G01364";219;123.11;"2026-06-17";"Card"
"P001437";"G01365";212;156.2;"2026-04-20";"Card"
"P001438";"G01366";511;123.96;"2026-05-30";"Card"
"P001439";"G01368";115;20.31;"2026-03-28";"Card"
"P001440";"G01371";531;90.81;"2026-02-25";"Stripe"
"P001441";"G01371";531;61.62;"2026-02-23";"Card"
"P001442";"G01371";531;174.53;"2026-02-25";"Card"
"P001443";"G01372";528;99.8;"2026-06-30";"Card"
"P001444";"G01372";528;48.45;"2026-06-30";"Card"
"P001445";"G01372";528;33.3;"2026-06-28";"Card"
"P001446";"G01373";217;9.31;"2026-06-03";"Card"
"P001447";"G01374";112;181.27;"2026-05-14";"Stripe"
"P001448";"G01375";416;3.06;"2026-02-13";"Card"
"P001449";"G01376";524;55.51;"2026-02-25";"Card"
"P001450";"G01377";203;354.83;"2026-01-28";"Stripe"
"P001451";"G01378";423;5.2;"2026-02-01";"Card"
"P001452";"G01378";423;10.42;"2026-02-01";"Card"
"P001453";"G01380";402;7.58;"2026-06-20";"Stripe"
"P001454";"G01381";505;68.23;"2026-06-13";"Card"
"P001455";"G01382";506;213.71;"2026-04-10";"Card"
"P001456";"G01383";403;215.41;"2026-06-01";"Card"
"P001457";"G01384";213;64.25;"2026-03-08";"Stripe"
"P001458";"G01385";333;26.6;"2026-01-30";"Card"
"P001459";"G01386";130;119.52;"2026-06-15";"Card"
"P001460";"G01387";326;89.3;"2026-01-26";"Card"
"P001461";"G01388";521;62.57;"2026-02-27";"Card"
"P001462";"G01388";521;136.41;"2026-02-28";"Stripe"
"P001463";"G01389";212;134.59;"2026-02-12";"Stripe"
"P001464";"G01390";531;74.01;"2026-06-03";"Card"
"P001465";"G01391";111;140.65;"2026-05-01";"Card"
"P001466";"G01393";512;143.06;"2026-01-11";"Stripe"
"P001467";"G01394";522;102.31;"2026-03-27";"Stripe"
"P001468";"G01395";502;117.77;"2026-06-27";"Card"
"P001469";"G01396";112;174.38;"2026-05-01";"Card"
"P001470";"G01397";132;82.91;"2026-04-24";"Stripe"
"P001471";"G01398";412;26.89;"2026-05-18";"Card"
"P001472";"G01398";412;41.64;"2026-05-18";"Card"
"P001473";"G01398";412;31.69;"2026-05-17";"Stripe"
"P001474";"G01399";225;18.46;"2026-04-10";"Card"
"P001475";"G01400";310;15.62;"2026-05-22";"Card"
"P001476";"G01401";413;29.08;"2026-06-14";"Card"
"P001477";"G01401";413;12.03;"2026-06-14";"Card"
"P001478";"G01401";413;15.84;"2026-06-14";"Card"
"P001479";"G01402";402;172.72;"2026-05-04";"Cash"
"P001480";"G01403";207;33.57;"2026-03-13";"Card"
"P001481";"G01403";207;55.22;"2026-03-13";"Stripe"
"P001482";"G01404";122;24.88;"2026-03-19";"Card"
"P001483";"G01405";310;29.11;"2026-05-04";"Stripe"
"P001484";"G01405";310;56.95;"2026-05-11";"Stripe"
"P001485";"G01406";122;2.13;"2026-01-11";"Stripe"
"P001486";"G01406";122;1.6;"2026-01-11";"Stripe"
"P001487";"G01407";333;138.72;"2026-04-01";"Card"
"P001488";"G01408";422;190.85;"2026-04-30";"Card"
"P001489";"G01409";408;67.57;"2026-04-27";"Stripe"
"P001490";"G01411";306;129.56;"2026-02-09";"Stripe"
"P001491";"G01414";210;96.46;"2026-03-17";"Stripe"
"P001492";"G01415";427;109.58;"2026-04-05";"Cash"
"P001493";"G01416";434;46.17;"2026-03-03";"Stripe"
"P001494";"G01417";202;207.03;"2026-03-27";"Card"
"P001495";"G01418";131;64.17;"2026-03-28";"Card"
"P001496";"G01419";113;94.05;"2026-05-23";"Card"
"P001497";"G01420";402;137.92;"2026-04-02";"Card"
"P001498";"G01421";507;219.92;"2026-06-12";"Cash"
"P001499";"G01422";330;33.2;"2026-02-11";"Card"
"P001500";"G01423";516;65.34;"2026-05-12";"Card"
"P001501";"G01424";422;30.48;"2026-02-20";"Card"
"P001502";"G01424";422;74.26;"2026-02-20";"Card"
"P001503";"G01425";311;178.5;"2026-02-02";"Stripe"
"P001504";"G01426";324;264.76;"2026-03-26";"Stripe"
"P001505";"G01427";122;17.28;"2026-01-19";"Card"
"P001506";"G01428";206;18.91;"2026-01-08";"Card"
"P001507";"G01428";206;47.23;"2026-01-08";"Card"
"P001508";"G01429";321;5.06;"2026-05-08";"Card"
"P001509";"G01430";234;24.04;"2026-01-29";"Stripe"
"P001510";"G01430";234;31.65;"2026-01-29";"Card"
"P001511";"G01431";317;59.62;"2026-01-28";"Card"
"P001512";"G01431";317;49.99;"2026-01-28";"Card"
"P001513";"G01432";301;25.5;"2026-06-17";"Card"
"P001514";"G01433";109;73.11;"2026-06-29";"Card"
"P001515";"G01433";109;58.72;"2026-06-30";"Stripe"
"P001516";"G01434";117;244.55;"2026-05-11";"Stripe"
"P001517";"G01435";225;320.33;"2026-06-06";"Card"
"P001518";"G01436";334;147.77;"2026-02-07";"Card"
"P001519";"G01437";521;79.01;"2026-04-04";"Cash"
"P001520";"G01438";325;62.77;"2026-01-14";"Cash"
"P001521";"G01439";323;8.23;"2026-03-21";"Card"
"P001522";"G01439";323;8.08;"2026-03-23";"Stripe"
"P001523";"G01439";323;9.05;"2026-03-21";"Card"
"P001524";"G01440";519;143.66;"2026-01-14";"Card"
"P001525";"G01441";108;158.83;"2026-03-11";"Card"
"P001526";"G01443";207;275.82;"2026-06-30";"Stripe"
"P001527";"G01444";423;232.06;"2026-02-07";"Stripe"
"P001528";"G01445";526;42.44;"2026-02-01";"Card"
"P001529";"G01446";123;89.99;"2026-04-14";"Card"
"P001530";"G01447";325;60.63;"2026-02-28";"Card"
"P001531";"G01448";125;31.92;"2026-02-11";"Card"
"P001532";"G01449";107;50.56;"2026-03-04";"Card"
"P001533";"G01451";432;53.48;"2026-02-27";"Card"
"P001534";"G01451";432;33.49;"2026-02-27";"Card"
"P001535";"G01452";312;104.81;"2026-05-02";"Card"
"P001536";"G01453";431;120.23;"2026-05-08";"Card"
"P001537";"G01454";413;146.92;"2026-05-07";"Card"
"P001538";"G01455";226;247.58;"2026-04-10";"Card"
"P001539";"G01456";417;9.19;"2026-06-25";"Card"
"P001540";"G01457";503;66.19;"2026-04-27";"Cash"
"P001541";"G01457";503;163.24;"2026-04-27";"Cash"
"P001542";"G01458";303;229.41;"2026-01-04";"Card"
"P001543";"G01459";515;203.26;"2026-06-06";"Stripe"
"P001544";"G01460";414;18.03;"2026-05-13";"Card"
"P001545";"G01460";414;29.47;"2026-05-12";"Card"
"P001546";"G01461";107;7.7;"2026-03-16";"Cash"
"P001547";"G01461";107;9.58;"2026-03-16";"Card"
"P001548";"G01462";302;76.07;"2026-01-13";"Card"
"P001549";"G01462";302;33.27;"2026-01-13";"Card"
"P001550";"G01462";302;63.61;"2026-01-13";"Card"
"P001551";"G01463";222;82.7;"2026-03-28";"Stripe"
"P001552";"G01464";324;22.01;"2026-06-24";"Card"
"P001553";"G01464";324;7.98;"2026-06-28";"Cash"
"P001554";"G01464";324;23.95;"2026-06-24";"Card"
"P001555";"G01465";313;32.43;"2026-03-05";"Cash"
"P001556";"G01466";331;102.68;"2026-05-19";"Card"
"P001557";"G01467";327;130.04;"2026-04-22";"Card"
"P001558";"G01468";134;194.7;"2026-02-20";"Stripe"
"P001559";"G01469";502;144.62;"2026-01-17";"Cash"
"P001560";"G01470";328;180.78;"2026-06-30";"Stripe"
"P001561";"G01471";308;120.18;"2026-05-30";"Stripe"
"P001562";"G01472";509;306.34;"2026-01-06";"Card"
"P001563";"G01473";103;117.98;"2026-05-10";"Card"
"P001564";"G01474";308;35.3;"2026-04-25";"Stripe"
"P001565";"G01475";507;72.22;"2026-01-22";"Card"
"P001566";"G01475";507;52.78;"2026-01-22";"Card"
"P001567";"G01476";420;81.05;"2026-01-14";"Card"
"P001568";"G01477";405;139.51;"2026-06-30";"Card"
"P001569";"G01478";231;416.41;"2026-01-22";"Stripe"
"P001570";"G01479";433;11.68;"2026-03-17";"Card"
"P001571";"G01480";503;317.73;"2026-01-20";"Stripe"
"P001572";"G01481";101;179.84;"2026-06-02";"Card"
"P001573";"G01482";533;166.57;"2026-03-01";"Cash"
"P001574";"G01483";533;94.18;"2026-02-24";"Card"
"P001575";"G01484";407;114.24;"2026-06-04";"Card"
"P001576";"G01484";407;148.96;"2026-06-09";"Card"
"P001577";"G01485";316;52.4;"2026-03-07";"Card"
"P001578";"G01486";210;58.39;"2026-05-16";"Card"
"P001579";"G01486";210;82.36;"2026-05-11";"Card"
"P001580";"G01487";507;25.76;"2026-03-08";"Stripe"
"P001581";"G01488";232;34.7;"2026-02-19";"Card"
"P001582";"G01488";232;27.51;"2026-02-23";"Cash"
"P001583";"G01489";111;21.97;"2026-04-04";"Stripe"
"P001584";"G01489";111;16.74;"2026-04-02";"Card"
"P001585";"G01490";129;217.13;"2026-05-14";"Card"
"P001586";"G01492";506;66.83;"2026-04-11";"Card"
"P001587";"G01493";529;100.19;"2026-01-27";"Stripe"
"P001588";"G01493";529;63.56;"2026-01-23";"Cash"
"P001589";"G01494";234;27.47;"2026-02-10";"Card"
"P001590";"G01495";411;61.67;"2026-06-17";"Stripe"
"P001591";"G01496";107;8.94;"2026-02-16";"Card"
"P001592";"G01496";107;7.3;"2026-02-14";"Card"
"P001593";"G01497";331;29.57;"2026-05-26";"Stripe"
"P001594";"G01498";428;41.68;"2026-01-22";"Stripe"
"P001595";"G01499";329;139.58;"2026-06-09";"Card"
"P001596";"G01500";227;27.18;"2026-03-03";"Card"
"P001597";"G01501";221;69.35;"2026-02-13";"Card"
"P001598";"G01502";312;218.37;"2026-06-04";"Card"
"P001599";"G01503";226;115.14;"2026-01-26";"Stripe"
"P001600";"G01504";528;117.55;"2026-06-25";"Card"
"P001601";"G01505";114;181.37;"2026-04-04";"Card"
"P001602";"G01506";434;58.34;"2026-03-10";"Stripe"
"P001603";"G01506";434;67.22;"2026-03-10";"Card"
"P001604";"G01507";332;224.53;"2026-04-24";"Stripe"
"P001605";"G01508";215;308.24;"2026-04-18";"Stripe"
"P001606";"G01509";412;14.56;"2026-03-22";"Card"
"P001607";"G01509";412;24.45;"2026-03-21";"Stripe"
"P001608";"G01510";207;9.78;"2026-06-05";"Card"
"P001609";"G01512";121;19.82;"2026-03-09";"Card"
"P001610";"G01513";517;131.27;"2026-05-08";"Cash"
"P001611";"G01515";424;30.6;"2026-02-23";"Card"
"P001612";"G01517";303;59.02;"2026-06-12";"Card"
"P001613";"G01518";414;130.28;"2026-01-14";"Cash"
"P001614";"G01519";206;21.24;"2026-01-17";"Card"
"P001615";"G01519";206;53.54;"2026-01-14";"Stripe"
"P001616";"G01520";108;81.78;"2026-01-10";"Card"
"P001617";"G01522";533;128.86;"2026-04-04";"Card"
"P001618";"G01523";505;452.6;"2026-01-01";"Card"
"P001619";"G01525";308;60.66;"2026-03-03";"Cash"
"P001620";"G01526";415;185.66;"2026-03-25";"Card"
"P001621";"G01527";320;149.49;"2026-03-03";"Cash"
"P001622";"G01528";128;49.32;"2026-01-20";"Card"
"P001623";"G01529";315;71.27;"2026-01-25";"Card"
"P001624";"G01529";315;102.53;"2026-01-25";"Stripe"
"P001625";"G01530";518;45.05;"2026-05-24";"Card"
"P001626";"G01532";416;133.7;"2026-04-11";"Stripe"
"P001627";"G01533";413;326.91;"2026-04-03";"Stripe"
"P001628";"G01534";526;205.34;"2026-03-05";"Cash"
"P001629";"G01535";423;297.61;"2026-05-02";"Card"
"P001630";"G01536";214;66.42;"2026-02-21";"Stripe"
"P001631";"G01537";205;180.24;"2026-06-21";"Stripe"
"P001632";"G01538";506;224.66;"2026-01-11";"Card"
"P001633";"G01539";226;63.17;"2026-04-03";"Card"
"P001634";"G01540";401;233.33;"2026-01-07";"Stripe"
"P001635";"G01541";504;5.48;"2026-06-21";"Cash"
"P001636";"G01541";504;9.2;"2026-06-21";"Card"
"P001637";"G01541";504;5.79;"2026-06-21";"Card"
"P001638";"G01542";534;53.55;"2026-04-29";"Card"
"P001639";"G01542";534;69.59;"2026-04-28";"Card"
"P001640";"G01543";511;11.65;"2026-03-06";"Card"
"P001641";"G01543";511;10.94;"2026-03-06";"Card"
"P001642";"G01545";115;69.54;"2026-06-03";"Stripe"
"P001643";"G01546";403;118.52;"2026-06-24";"Card"
"P001644";"G01547";204;77.06;"2026-06-26";"Cash"
"P001645";"G01548";111;168.76;"2026-04-08";"Card"
"P001646";"G01549";308;136.89;"2026-04-21";"Card"
"P001647";"G01549";308;228.19;"2026-04-21";"Cash"
"P001648";"G01550";134;153.21;"2026-06-04";"Card"
"P001649";"G01551";103;240.64;"2026-01-27";"Stripe"
"P001650";"G01552";209;369.22;"2026-02-17";"Card"
"P001651";"G01553";524;336.44;"2026-01-31";"Stripe"
"P001652";"G01554";404;473.4;"2026-05-11";"Cash"
"P001653";"G01556";321;21.95;"2026-06-13";"Stripe"
"P001654";"G01556";321;12.47;"2026-06-13";"Cash"
"P001655";"G01557";330;182.95;"2026-04-29";"Cash"
"P001656";"G01558";421;46.11;"2026-01-30";"Card"
"P001657";"G01559";325;170.33;"2026-01-30";"Card"
"P001658";"G01560";207;219.49;"2026-06-30";"Card"
"P001659";"G01561";415;193.31;"2026-02-05";"Card"
"P001660";"G01563";108;19.45;"2026-03-19";"Cash"
"P001661";"G01563";108;29.32;"2026-03-19";"Card"
"P001662";"G01564";310;63.01;"2026-02-17";"Card"
"P001663";"G01564";310;48.64;"2026-02-17";"Stripe"
"P001664";"G01565";332;122.24;"2026-03-11";"Cash"
"P001665";"G01566";127;209.74;"2026-02-27";"Cash"
"P001666";"G01568";118;224.92;"2026-03-21";"Card"
"P001667";"G01568";118;196.2;"2026-03-21";"Card"
"P001668";"G01569";233;66.19;"2026-04-11";"Card"
"P001669";"G01570";331;13.61;"2026-03-22";"Card"
"P001670";"G01571";407;326.66;"2026-01-16";"Card"
"P001671";"G01572";516;255.03;"2026-05-31";"Card"
"P001672";"G01573";201;57.77;"2026-03-25";"Cash"
"P001673";"G01574";112;324.77;"2026-06-19";"Card"
"P001674";"G01575";207;36.49;"2026-05-15";"Cash"
"P001675";"G01576";516;154.9;"2026-03-23";"Card"
"P001676";"G01576";516;101.17;"2026-03-27";"Cash"
"P001677";"G01577";231;126.46;"2026-01-09";"Stripe"
"P001678";"G01577";231;187.52;"2026-01-09";"Card"
"P001679";"G01578";406;187.32;"2026-02-14";"Cash"
"P001680";"G01579";522;340.51;"2026-01-29";"Card"
"P001681";"G01580";507;65.26;"2026-04-22";"Card"
"P001682";"G01581";313;75.39;"2026-05-11";"Cash"
"P001683";"G01581";313;201.6;"2026-05-12";"Cash"
"P001684";"G01582";530;47.3;"2026-06-08";"Stripe"
"P001685";"G01582";530;94.99;"2026-06-08";"Card"
"P001686";"G01583";227;217.56;"2026-06-09";"Card"
"P001687";"G01584";314;168.81;"2026-06-09";"Cash"
"P001688";"G01585";215;33.36;"2026-01-29";"Card"
"P001689";"G01586";514;42.54;"2026-04-17";"Card"
"P001690";"G01586";514;23.16;"2026-04-17";"Stripe"
"P001691";"G01588";224;119.46;"2026-02-06";"Stripe"
"P001692";"G01589";512;168.11;"2026-04-30";"Card"
"P001693";"G01590";311;183.02;"2026-03-19";"Cash"
"P001694";"G01592";233;209.1;"2026-02-16";"Card"
"P001695";"G01593";316;82.97;"2026-06-30";"Card"
"P001696";"G01593";316;95.47;"2026-06-30";"Card"
"P001697";"G01594";211;13.75;"2026-03-24";"Card"
"P001698";"G01595";529;8.11;"2026-04-08";"Card"
"P001699";"G01595";529;5.32;"2026-04-07";"Card"
"P001700";"G01596";530;254.95;"2026-02-21";"Card"
"P001701";"G01597";417;6.65;"2026-03-07";"Card"
"P001702";"G01599";524;83.15;"2026-02-26";"Stripe"
"P001703";"G01600";220;112.21;"2026-01-19";"Card"
"P001704";"G01601";522;95.9;"2026-01-04";"Cash"
"P001705";"G01602";529;156.12;"2026-03-01";"Cash"
"P001706";"G01604";212;61.52;"2026-05-29";"Card"
"P001707";"G01605";123;84.55;"2026-03-10";"Card"
"P001708";"G01605";123;114.45;"2026-03-05";"Card"
"P001709";"G01606";109;121.09;"2026-06-15";"Card"
"P001710";"G01607";432;91.29;"2026-03-28";"Card"
"P001711";"G01607";432;172.31;"2026-03-29";"Stripe"
"P001712";"G01608";111;189.72;"2026-05-07";"Stripe"
"P001713";"G01610";512;14.24;"2026-02-18";"Stripe"
"P001714";"G01610";512;34.7;"2026-02-18";"Card"
"P001715";"G01611";301;34.32;"2026-06-27";"Stripe"
"P001716";"G01612";208;153.81;"2026-03-03";"Card"
"P001717";"G01613";311;33.98;"2026-05-05";"Card"
"P001718";"G01614";201;79.05;"2026-05-23";"Stripe"
"P001719";"G01616";516;27.32;"2026-05-21";"Card"
"P001720";"G01617";532;305.67;"2026-01-16";"Stripe"
"P001721";"G01618";427;98.37;"2026-02-28";"Card"
"P001722";"G01618";427;58.09;"2026-02-28";"Card"
"P001723";"G01620";103;174.68;"2026-06-23";"Card"
"P001724";"G01621";507;143.78;"2026-05-10";"Card"
"P001725";"G01622";203;114.21;"2026-02-20";"Card"
"P001726";"G01623";323;66.96;"2026-01-04";"Cash"
"P001727";"G01624";505;467.47;"2026-03-06";"Stripe"
"P001728";"G01626";102;30.42;"2026-06-26";"Card"
"P001729";"G01626";102;32.71;"2026-06-24";"Card"
"P001730";"G01627";428;29.65;"2026-03-17";"Stripe"
"P001731";"G01628";120;85.8;"2026-05-20";"Card"
"P001732";"G01628";120;68.98;"2026-05-22";"Card"
"P001733";"G01629";421;133.99;"2026-01-17";"Card"
"P001734";"G01630";122;133.18;"2026-05-12";"Card"
"P001735";"G01630";122;149.62;"2026-05-12";"Card"
"P001736";"G01631";403;227.44;"2026-03-18";"Card"
"P001737";"G01632";228;187.02;"2026-04-10";"Card"
"P001738";"G01633";112;103.55;"2026-04-27";"Stripe"
"P001739";"G01634";425;62.82;"2026-01-15";"Card"
"P001740";"G01635";408;106.3;"2026-01-11";"Card"
"P001741";"G01636";331;84.44;"2026-02-11";"Card"
"P001742";"G01637";206;57.52;"2026-02-16";"Card"
"P001743";"G01638";226;38.63;"2026-02-14";"Card"
"P001744";"G01639";527;82.74;"2026-03-04";"Card"
"P001745";"G01640";411;23.69;"2026-04-04";"Card"
"P001746";"G01641";309;43.85;"2026-04-20";"Card"
"P001747";"G01642";509;43.92;"2026-06-22";"Stripe"
"P001748";"G01644";327;8.49;"2026-06-13";"Card"
"P001749";"G01645";302;225.57;"2026-03-30";"Card"
"P001750";"G01646";230;88.44;"2026-04-24";"Card"
"P001751";"G01647";101;143.3;"2026-03-27";"Cash"
"P001752";"G01649";113;214.2;"2026-06-04";"Card"
"P001753";"G01652";505;11.02;"2026-03-18";"Card"
"P001754";"G01652";505;13.48;"2026-03-18";"Card"
"P001755";"G01654";533;109.01;"2026-01-27";"Card"
"P001756";"G01655";120;38.39;"2026-01-17";"Card"
"P001757";"G01655";120;29.53;"2026-01-17";"Cash"
"P001758";"G01657";102;17.75;"2026-01-21";"Card"
"P001759";"G01657";102;31.02;"2026-01-21";"Card"
"P001760";"G01658";101;296.63;"2026-03-01";"Card"
"P001761";"G01659";434;17.03;"2026-06-29";"Card"
"P001762";"G01660";233;162.19;"2026-06-15";"Cash"
"P001763";"G01661";430;61.39;"2026-05-10";"Cash"
"P001764";"G01662";201;159.72;"2026-05-07";"Card"
"P001765";"G01663";408;152.82;"2026-06-01";"Card"
"P001766";"G01665";127;162.44;"2026-03-21";"Card"
"P001767";"G01666";120;389.95;"2026-05-14";"Card"
"P001768";"G01668";121;240.46;"2026-01-29";"Card"
"P001769";"G01669";512;19.09;"2026-06-19";"Cash"
"P001770";"G01669";512;18.76;"2026-06-19";"Stripe"
"P001771";"G01670";505;216.89;"2026-01-26";"Card"
"P001772";"G01671";201;90.14;"2026-03-03";"Card"
"P001773";"G01672";429;10.61;"2026-04-04";"Stripe"
"P001774";"G01673";511;114.05;"2026-04-10";"Card"
"P001775";"G01674";222;13.55;"2026-05-08";"Stripe"
"P001776";"G01675";217;76.12;"2026-06-29";"Stripe"
"P001777";"G01675";217;73.32;"2026-06-30";"Card"
"P001778";"G01676";427;44.36;"2026-01-10";"Stripe"
"P001779";"G01677";413;44.84;"2026-02-03";"Card"
"P001780";"G01677";413;90.1;"2026-02-09";"Card"
"P001781";"G01678";125;78.35;"2026-03-10";"Card"
"P001782";"G01678";125;115.65;"2026-03-10";"Card"
"P001783";"G01679";304;127.56;"2026-02-14";"Card"
"P001784";"G01680";130;18.21;"2026-03-18";"Card"
"P001785";"G01680";130;16.68;"2026-03-17";"Card"
"P001786";"G01681";423;100.66;"2026-03-23";"Card"
"P001787";"G01682";514;106.34;"2026-04-09";"Card"
"P001788";"G01683";415;308.63;"2026-02-27";"Stripe"
"P001789";"G01684";405;16.66;"2026-02-17";"Card"
"P001790";"G01685";534;140.39;"2026-05-03";"Card"
"P001791";"G01686";225;194.14;"2026-06-11";"Card"
"P001792";"G01687";323;9.94;"2026-03-14";"Card"
"P001793";"G01687";323;16.61;"2026-03-14";"Card"
"P001794";"G01688";519;53.85;"2026-03-01";"Stripe"
"P001795";"G01689";205;152.14;"2026-04-12";"Card"
"P001796";"G01691";215;114.55;"2026-01-15";"Stripe"
"P001797";"G01692";204;39.59;"2026-05-14";"Stripe"
"P001798";"G01692";204;40.18;"2026-05-14";"Stripe"
"P001799";"G01692";204;35.61;"2026-05-14";"Card"
"P001800";"G01693";420;35.73;"2026-03-30";"Stripe"
"P001801";"G01694";114;40.99;"2026-04-21";"Stripe"
"P001802";"G01695";410;2.25;"2026-04-16";"Card"
"P001803";"G01695";410;2.58;"2026-04-15";"Cash"
"P001804";"G01695";410;2.21;"2026-04-16";"Cash"
"P001805";"G01696";513;231.68;"2026-02-08";"Card"
"P001806";"G01699";505;64.33;"2026-05-08";"Card"
"P001807";"G01700";234;305.98;"2026-03-06";"Card"
"P001808";"G01701";127;38.12;"2026-06-16";"Card"
"P001809";"G01701";127;101.64;"2026-06-15";"Stripe"
"P001810";"G01702";218;47.38;"2026-05-19";"Card"
"P001811";"G01703";106;126.96;"2026-03-09";"Card"
"P001812";"G01704";128;70.13;"2026-02-06";"Stripe"
"P001813";"G01705";327;15.51;"2026-01-08";"Cash"
"P001814";"G01705";327;14.8;"2026-01-11";"Card"
"P001815";"G01706";511;171.59;"2026-05-15";"Card"
"P001816";"G01707";129;58.26;"2026-05-24";"Cash"
"P001817";"G01708";202;351.97;"2026-06-03";"Card"
"P001818";"G01709";211;148.69;"2026-06-11";"Cash"
"P001819";"G01711";420;70.64;"2026-02-12";"Stripe"
"P001820";"G01712";122;183.8;"2026-04-19";"Stripe"
"P001821";"G01714";501;69.25;"2026-01-25";"Stripe"
"P001822";"G01715";121;280.55;"2026-05-28";"Card"
"P001823";"G01716";412;98.44;"2026-02-18";"Card"
"P001824";"G01717";402;118.24;"2026-04-25";"Card"
"P001825";"G01718";522;273.84;"2026-03-03";"Stripe"
"P001826";"G01719";501;135.47;"2026-01-10";"Card"
"P001827";"G01720";113;64.65;"2026-06-15";"Card"
"P001828";"G01721";126;44.64;"2026-05-24";"Card"
"P001829";"G01722";124;140.08;"2026-03-31";"Stripe"
"P001830";"G01723";317;114.72;"2026-02-06";"Stripe"
"P001831";"G01724";408;90.83;"2026-05-29";"Stripe"
"P001832";"G01725";409;65.41;"2026-04-04";"Card"
"P001833";"G01725";409;104.04;"2026-04-06";"Card"
"P001834";"G01728";111;12.44;"2026-01-29";"Cash"
"P001835";"G01728";111;11.07;"2026-01-29";"Card"
"P001836";"G01729";229;79.92;"2026-03-22";"Card"
"P001837";"G01731";509;141.91;"2026-02-18";"Cash"
"P001838";"G01733";220;135.03;"2026-01-15";"Cash"
"P001839";"G01734";133;67.68;"2026-06-26";"Card"
"P001840";"G01735";131;12.49;"2026-05-17";"Cash"
"P001841";"G01736";308;174.51;"2026-04-06";"Card"
"P001842";"G01737";505;17.39;"2026-04-12";"Card"
"P001843";"G01738";506;55.41;"2026-05-18";"Stripe"
"P001844";"G01739";432;46.16;"2026-06-27";"Card"
"P001845";"G01739";432;36.04;"2026-06-27";"Stripe"
"P001846";"G01739";432;46.33;"2026-06-25";"Stripe"
"P001847";"G01740";415;7.02;"2026-05-16";"Card"
"P001848";"G01740";415;13.47;"2026-05-21";"Card"
"P001849";"G01741";119;243.88;"2026-01-24";"Card"
"P001850";"G01742";512;81.79;"2026-02-23";"Stripe"
"P001851";"G01742";512;86.04;"2026-02-22";"Card"
"P001852";"G01743";515;5.0;"2026-06-30";"Card"
"P001853";"G01744";533;0.3;"2026-06-30";"Card"
"P001854";"G01744";533;0.34;"2026-06-30";"Card"
"P001855";"G01744";533;0.28;"2026-06-30";"Card"
"P001856";"G01745";432;128.65;"2026-01-31";"Card"
"P001857";"G01746";324;122.69;"2026-04-15";"Card"
"P001858";"G01747";525;297.32;"2026-04-23";"Stripe"
"P001859";"G01748";120;6.97;"2026-06-17";"Card"
"P001860";"G01749";106;142.9;"2026-03-04";"Card"
"P001861";"G01750";508;536.8;"2026-03-20";"Card"
"P001862";"G01751";309;110.67;"2026-06-30";"Card"
"P001863";"G01753";204;242.06;"2026-06-08";"Stripe"
"P001864";"G01754";119;52.4;"2026-06-15";"Card"
"P001865";"G01755";528;73.55;"2026-05-20";"Card"
"P001866";"G01756";405;173.36;"2026-02-20";"Card"
"P001867";"G01758";213;49.24;"2026-06-02";"Card"
"P001868";"G01758";213;126.79;"2026-06-02";"Card"
"P001869";"G01759";515;216.72;"2026-01-17";"Card"
"P001870";"G01760";317;38.98;"2026-03-14";"Card"
"P001871";"G01760";317;77.26;"2026-03-14";"Card"
"P001872";"G01761";103;268.69;"2026-05-31";"Card"
"P001873";"G01762";401;179.22;"2026-05-19";"Card"
"P001874";"G01763";110;469.08;"2026-05-14";"Stripe"
"P001875";"G01765";212;23.09;"2026-01-10";"Card"
"P001876";"G01766";303;239.7;"2026-01-10";"Card"
"P001877";"G01766";303;237.05;"2026-01-10";"Stripe"
"P001878";"G01767";216;12.06;"2026-06-20";"Cash"
"P001879";"G01768";516;214.41;"2026-04-25";"Card"
"P001880";"G01769";118;78.54;"2026-06-04";"Stripe"
"P001881";"G01770";510;66.05;"2026-01-27";"Card"
"P001882";"G01771";408;164.46;"2026-03-18";"Card"
"P001883";"G01772";522;67.45;"2026-05-22";"Card"
"P001884";"G01773";404;77.03;"2026-02-22";"Card"
"P001885";"G01774";127;18.73;"2026-06-24";"Card"
"P001886";"G01775";211;80.16;"2026-03-13";"Card"
"P001887";"G01776";521;64.77;"2026-04-10";"Card"
"P001888";"G01776";521;29.91;"2026-04-08";"Card"
"P001889";"G01776";521;69.23;"2026-04-10";"Cash"
"P001890";"G01777";411;1.51;"2026-01-19";"Card"
"P001891";"G01779";415;183.58;"2026-02-19";"Card"
"P001892";"G01780";419;222.39;"2026-01-19";"Card"
"P001893";"G01781";126;82.58;"2026-06-24";"Card"
"P001894";"G01782";325;257.0;"2026-03-19";"Stripe"
"P001895";"G01783";314;124.61;"2026-01-05";"Card"
"P001896";"G01784";402;239.11;"2026-05-14";"Card"
"P001897";"G01786";414;207.14;"2026-03-12";"Stripe"
"P001898";"G01787";127;196.36;"2026-05-21";"Cash"
"P001899";"G01789";122;271.02;"2026-04-26";"Stripe"
"P001900";"G01790";511;117.67;"2026-03-19";"Card"
"P001901";"G01791";527;31.54;"2026-06-24";"Card"
"P001902";"G01793";107;144.75;"2026-02-08";"Card"
"P001903";"G01794";133;196.06;"2026-06-24";"Stripe"
"P001904";"G01795";105;100.25;"2026-03-18";"Card"
"P001905";"G01796";217;83.29;"2026-02-14";"Stripe"
"P001906";"G01797";422;51.53;"2026-03-26";"Stripe"
"P001907";"G01798";217;68.29;"2026-02-20";"Card"
"P001908";"G01799";316;155.52;"2026-03-11";"Stripe"
"P001909";"G01800";512;220.5;"2026-02-07";"Card"
"P001910";"G01802";206;468.1;"2026-06-08";"Card"
"P001911";"G01803";305;49.08;"2026-05-02";"Card"
"P001912";"G01804";431;6.05;"2026-01-11";"Card"
"P001913";"G01804";431;5.71;"2026-01-11";"Card"
"P001914";"G01805";326;99.16;"2026-03-01";"Stripe"
"P001915";"G01806";104;108.13;"2026-01-27";"Card"
"P001916";"G01807";330;39.51;"2026-06-03";"Cash"
"P001917";"G01808";231;208.18;"2026-06-24";"Card"
"P001918";"G01809";231;147.89;"2026-03-16";"Stripe"
"P001919";"G01810";518;58.19;"2026-05-26";"Stripe"
"P001920";"G01811";327;329.0;"2026-05-20";"Stripe"
"P001921";"G01812";410;147.27;"2026-02-07";"Card"
"P001922";"G01813";512;81.58;"2026-05-02";"Card"
"P001923";"G01814";526;24.15;"2026-02-06";"Card"
"P001924";"G01815";205;40.83;"2026-05-13";"Cash"
"P001925";"G01815";205;55.24;"2026-05-14";"Card"
"P001926";"G01816";514;64.34;"2026-02-19";"Stripe"
"P001927";"G01816";514;29.34;"2026-02-21";"Card"
"P001928";"G01816";514;31.78;"2026-02-21";"Cash"
"P001929";"G01817";415;71.54;"2026-02-09";"Card"
"P001930";"G01818";312;5.0;"2026-01-10";"Cash"
"P001931";"G01819";108;62.63;"2026-04-20";"Stripe"
"P001932";"G01819";108;89.69;"2026-04-20";"Card"
"P001933";"G01820";511;165.56;"2026-03-02";"Stripe"
"P001934";"G01821";421;67.82;"2026-04-17";"Card"
"P001935";"G01821";421;66.06;"2026-04-20";"Card"
"P001936";"G01822";508;53.79;"2026-02-21";"Stripe"
"P001937";"G01823";203;45.88;"2026-04-24";"Card"
"P001938";"G01824";434;146.94;"2026-03-09";"Card"
"P001939";"G01825";532;71.46;"2026-06-22";"Card"
"P001940";"G01825";532;24.78;"2026-06-19";"Card"
"P001941";"G01825";532;32.83;"2026-06-22";"Cash"
"P001942";"G01827";127;363.76;"2026-05-21";"Cash"
"P001943";"G01829";416;142.29;"2026-02-22";"Stripe"
"P001944";"G01830";434;189.92;"2026-03-09";"Stripe"
"P001945";"G01831";315;56.42;"2026-04-06";"Stripe"
"P001946";"G01831";315;45.41;"2026-04-06";"Stripe"
"P001947";"G01832";124;169.81;"2026-04-22";"Card"
"P001948";"G01833";416;52.26;"2026-01-09";"Stripe"
"P001949";"G01834";407;161.73;"2026-06-24";"Stripe"
"P001950";"G01836";203;5.34;"2026-03-31";"Card"
"P001951";"G01836";203;4.54;"2026-03-31";"Card"
"P001952";"G01836";203;3.52;"2026-03-31";"Stripe"
"P001953";"G01837";233;62.31;"2026-02-07";"Card"
"P001954";"G01839";307;136.33;"2026-04-11";"Card"
"P001955";"G01841";519;153.65;"2026-04-28";"Card"
"P001956";"G01842";501;7.01;"2026-05-21";"Cash"
"P001957";"G01843";309;223.07;"2026-01-09";"Card"
"P001958";"G01844";431;145.22;"2026-06-30";"Stripe"
"P001959";"G01845";133;136.18;"2026-05-20";"Cash"
"P001960";"G01845";133;151.85;"2026-05-20";"Card"
"P001961";"G01847";516;35.03;"2026-06-09";"Card"
"P001962";"G01848";423;143.09;"2026-03-19";"Stripe"
"P001963";"G01849";416;62.34;"2026-01-25";"Stripe"
"P001964";"G01850";301;65.96;"2026-05-18";"Card"
"P001965";"G01851";223;72.36;"2026-01-09";"Card"
"P001966";"G01852";118;41.7;"2026-04-24";"Card"
"P001967";"G01853";310;117.94;"2026-01-25";"Stripe"
"P001968";"G01853";310;81.78;"2026-01-30";"Stripe"
"P001969";"G01854";407;6.07;"2026-01-27";"Card"
"P001970";"G01856";218;47.17;"2026-05-04";"Stripe"
"P001971";"G01856";218;49.12;"2026-05-04";"Stripe"
"P001972";"G01857";225;102.93;"2026-01-18";"Stripe"
"P001973";"G01857";225;88.61;"2026-01-19";"Stripe"
"P001974";"G01858";429;86.57;"2026-05-26";"Cash"
"P001975";"G01858";429;104.13;"2026-05-24";"Card"
"P001976";"G01859";415;93.97;"2026-02-23";"Card"
"P001977";"G01860";518;151.99;"2026-06-25";"Card"
"P001978";"G01861";222;88.93;"2026-05-12";"Card"
"P001979";"G01862";118;52.1;"2026-01-27";"Card"
"P001980";"G01863";309;65.42;"2026-05-19";"Card"
"P001981";"G01865";323;373.99;"2026-01-25";"Card"
"P001982";"G01866";323;279.81;"2026-02-13";"Card"
"P001983";"G01867";229;191.38;"2026-01-12";"Card"
"P001984";"G01868";323;103.57;"2026-04-15";"Stripe"
"P001985";"G01869";105;250.47;"2026-04-22";"Card"
"P001986";"G01870";134;339.31;"2026-04-07";"Card"
"P001987";"G01871";415;68.12;"2026-04-08";"Stripe"
"P001988";"G01872";515;149.12;"2026-05-27";"Card"
"P001989";"G01873";128;205.86;"2026-03-01";"Card"
"P001990";"G01874";510;103.7;"2026-04-11";"Card"
"P001991";"G01875";426;275.59;"2026-02-14";"Cash"
"P001992";"G01876";505;37.66;"2026-06-25";"Card"
"P001993";"G01876";505;42.87;"2026-06-25";"Card"
"P001994";"G01877";203;60.58;"2026-04-14";"Card"
"P001995";"G01878";526;44.03;"2026-06-13";"Stripe"
"P001996";"G01881";407;251.1;"2026-04-03";"Stripe"
"P001997";"G01882";115;114.04;"2026-01-07";"Card"
"P001998";"G01883";113;186.14;"2026-06-21";"Card"
"P001999";"G01884";514;57.34;"2026-03-22";"Card"
"P002000";"G01884";514;63.24;"2026-03-25";"Card"
"P002001";"G01884";514;52.15;"2026-03-25";"Stripe"
"P002002";"G01885";523;110.0;"2026-03-05";"Card"
"P002003";"G01886";323;50.36;"2026-05-07";"Stripe"
"P002004";"G01887";323;168.52;"2026-05-22";"Card"
"P002005";"G01888";329;173.72;"2026-01-13";"Card"
"P002006";"G01889";131;160.78;"2026-01-29";"Card"
"P002007";"G01890";234;35.11;"2026-06-22";"Cash"
"P002008";"G01892";315;28.67;"2026-06-01";"Card"
"P002009";"G01893";510;24.74;"2026-04-11";"Card"
"P002010";"G01894";329;269.14;"2026-05-20";"Card"
"P002011";"G01895";112;205.54;"2026-01-07";"Card"
"P002012";"G01896";319;131.9;"2026-05-31";"Cash"
"P002013";"G01897";405;111.64;"2026-05-20";"Stripe"
"P002014";"G01897";405;259.68;"2026-05-20";"Card"
"P002015";"G01898";405;43.67;"2026-05-16";"Cash"
"P002016";"G01899";320;21.38;"2026-02-15";"Cash"
"P002017";"G01900";302;71.81;"2026-02-22";"Card"
"P002018";"G01902";126;121.87;"2026-06-04";"Card"
"P002019";"G01902";126;200.89;"2026-06-04";"Card"
"P002020";"G01903";123;82.36;"2026-03-20";"Card"
"P002021";"G01904";109;8.58;"2026-06-29";"Stripe"
"P002022";"G01905";421;55.38;"2026-03-20";"Card"
"P002023";"G01907";132;102.45;"2026-06-30";"Card"
"P002024";"G01908";419;137.9;"2026-01-12";"Card"
"P002025";"G01909";409;49.82;"2026-03-11";"Card"
"P002026";"G01909";409;36.31;"2026-03-11";"Cash"
"P002027";"G01909";409;37.19;"2026-03-14";"Stripe"
"P002028";"G01910";326;187.46;"2026-04-14";"Card"
"P002029";"G01911";223;23.9;"2026-04-05";"Card"
"P002030";"G01911";223;37.11;"2026-04-05";"Cash"
"P002031";"G01912";419;102.79;"2026-05-17";"Stripe"
"P002032";"G01913";123;101.27;"2026-06-06";"Card"
"P002033";"G01914";228;140.72;"2026-05-13";"Card"
"P002034";"G01915";521;200.9;"2026-05-06";"Cash"
"P002035";"G01916";229;30.62;"2026-04-26";"Stripe"
"P002036";"G01916";229;67.14;"2026-04-26";"Card"
"P002037";"G01917";204;76.38;"2026-04-13";"Card"
"P002038";"G01918";424;320.87;"2026-05-09";"Card"
"P002039";"G01919";218;52.38;"2026-05-30";"Card"
"P002040";"G01920";102;1.25;"2026-06-18";"Stripe"
"P002041";"G01920";102;1.32;"2026-06-18";"Card"
"P002042";"G01921";424;27.14;"2026-05-24";"Stripe"
"P002043";"G01922";409;5.0;"2026-01-26";"Stripe"
"P002044";"G01923";515;49.44;"2026-03-11";"Cash"
"P002045";"G01924";223;159.37;"2026-03-31";"Stripe"
"P002046";"G01925";529;77.59;"2026-03-16";"Stripe"
"P002047";"G01925";529;59.98;"2026-03-16";"Card"
"P002048";"G01926";105;278.68;"2026-04-17";"Card"
"P002049";"G01928";313;95.28;"2026-01-03";"Card"
"P002050";"G01929";426;173.05;"2026-05-17";"Card"
"P002051";"G01930";413;208.5;"2026-03-13";"Card"
"P002052";"G01932";503;18.45;"2026-04-15";"Stripe"
"P002053";"G01933";117;85.08;"2026-04-10";"Card"
"P002054";"G01933";117;50.07;"2026-04-10";"Cash"
"P002055";"G01934";523;139.77;"2026-04-13";"Card"
"P002056";"G01935";215;219.38;"2026-06-29";"Card"
"P002057";"G01936";503;326.22;"2026-02-14";"Stripe"
"P002058";"G01937";309;189.33;"2026-02-07";"Cash"
"P002059";"G01937";309;164.39;"2026-02-07";"Card"
"P002060";"G01938";225;90.87;"2026-02-22";"Stripe"
"P002061";"G01938";225;56.54;"2026-02-20";"Cash"
"P002062";"G01939";324;436.75;"2026-02-02";"Stripe"
"P002063";"G01940";513;148.46;"2026-06-20";"Cash"
"P002064";"G01941";229;107.23;"2026-03-22";"Stripe"
"P002065";"G01943";224;112.43;"2026-05-27";"Stripe"
"P002066";"G01944";226;51.7;"2026-05-03";"Stripe"
"P002067";"G01944";226;28.64;"2026-05-06";"Card"
"P002068";"G01945";322;42.86;"2026-03-08";"Card"
"P002069";"G01945";322;93.11;"2026-03-10";"Card"
"P002070";"G01946";234;186.71;"2026-03-18";"Stripe"
"P002071";"G01949";415;64.81;"2026-04-01";"Cash"
"P002072";"G01950";422;94.89;"2026-04-05";"Card"
"P002073";"G01951";324;51.78;"2026-01-25";"Stripe"
"P002074";"G01951";324;80.01;"2026-01-23";"Card"
"P002075";"G01952";213;149.78;"2026-02-15";"Card"
"P002076";"G01953";427;66.47;"2026-03-25";"Card"
"P002077";"G01954";217;7.97;"2026-04-01";"Card"
"P002078";"G01955";130;130.71;"2026-02-06";"Card"
"P002079";"G01956";418;39.39;"2026-02-24";"Card"
"P002080";"G01956";418;35.75;"2026-02-24";"Card"
"P002081";"G01957";412;41.5;"2026-03-23";"Card"
"P002082";"G01958";223;138.05;"2026-01-07";"Card"
"P002083";"G01959";523;25.0;"2026-05-08";"Card"
"P002084";"G01960";119;66.09;"2026-06-11";"Card"
"P002085";"G01961";423;137.3;"2026-03-30";"Stripe"
"P002086";"G01962";213;78.36;"2026-02-28";"Card"
"P002087";"G01963";218;84.15;"2026-03-26";"Card"
"P002088";"G01964";232;49.16;"2026-06-23";"Card"
"P002089";"G01964";232;44.14;"2026-06-23";"Card"
"P002090";"G01965";109;42.22;"2026-03-03";"Card"
"P002091";"G01966";213;381.49;"2026-01-21";"Card"
"P002092";"G01968";523;10.42;"2026-04-13";"Card"
"P002093";"G01970";421;27.6;"2026-01-04";"Stripe"
"P002094";"G01971";211;4.8;"2026-04-18";"Cash"
"P002095";"G01971";211;4.74;"2026-04-18";"Card"
"P002096";"G01972";205;18.06;"2026-02-28";"Card"
"P002097";"G01973";110;114.19;"2026-06-11";"Stripe"
"P002098";"G01974";108;85.48;"2026-04-24";"Cash"
"P002099";"G01975";522;258.26;"2026-03-22";"Card"
"P002100";"G01976";129;103.83;"2026-06-20";"Card"
"P002101";"G01978";110;200.06;"2026-05-25";"Card"
"P002102";"G01980";116;167.52;"2026-03-25";"Card"
"P002103";"G01982";226;108.97;"2026-05-11";"Card"
"P002104";"G01982";226;38.16;"2026-05-09";"Card"
"P002105";"G01982";226;20.78;"2026-05-11";"Cash"
"P002106";"G01983";320;198.19;"2026-04-26";"Stripe"
"P002107";"G01983";320;283.64;"2026-04-26";"Card"
"P002108";"G01984";523;187.42;"2026-04-28";"Card"
"P002109";"G01985";316;242.05;"2026-02-05";"Stripe"
"P002110";"G01986";116;16.91;"2026-05-14";"Card"
"P002111";"G01987";431;27.34;"2026-02-10";"Card"
"P002112";"G01988";112;175.27;"2026-04-28";"Cash"
"P002113";"G01989";327;171.29;"2026-03-08";"Card"
"P002114";"G01989";327;105.67;"2026-03-08";"Stripe"
"P002115";"G01990";215;52.5;"2026-06-18";"Card"
"P002116";"G01991";330;164.9;"2026-06-10";"Cash"
"P002117";"G01993";528;214.83;"2026-02-21";"Stripe"
"P002118";"G01994";410;203.16;"2026-03-30";"Stripe"
"P002119";"G01995";313;83.87;"2026-04-13";"Card"
"P002120";"G01997";332;125.65;"2026-01-21";"Card"
"P002121";"G01998";520;36.62;"2026-05-06";"Card"
"P002122";"G02000";533;34.54;"2026-06-02";"Stripe"
"P002123";"G02001";501;296.2;"2026-03-16";"Card"
"P002124";"G02002";101;2.84;"2026-02-07";"Card"
"P002125";"G02004";511;34.5;"2026-01-11";"Stripe"
"P002126";"G02004";511;63.39;"2026-01-11";"Card"
"P002127";"G02005";214;119.46;"2026-05-12";"Stripe"
"P002128";"G02006";429;83.8;"2026-06-22";"Stripe"
"P002129";"G02007";315;44.2;"2026-05-22";"Card"
"P002130";"G02008";425;174.42;"2026-05-07";"Stripe"
"P002131";"G02009";117;70.48;"2026-05-14";"Stripe"
"P002132";"G02009";117;80.8;"2026-05-14";"Card"
"P002133";"G02010";114;34.04;"2026-03-08";"Card"
"P002134";"G02010";114;67.07;"2026-03-08";"Card"
"P002135";"G02011";110;150.52;"2026-03-06";"Stripe"
"P002136";"G02012";116;308.1;"2026-03-18";"Cash"
"P002137";"G02013";314;30.51;"2026-01-25";"Stripe"
"P002138";"G02014";425;196.99;"2026-03-29";"Stripe"
"P002139";"G02016";319;15.84;"2026-01-26";"Card"
"P002140";"G02018";416;187.36;"2026-05-10";"Card"
"P002141";"G02019";204;109.07;"2026-04-19";"Card"
"P002142";"G02020";230;149.54;"2026-02-07";"Card"
"P002143";"G02021";517;217.42;"2026-02-22";"Card"
"P002144";"G02022";425;89.3;"2026-03-04";"Stripe"
"P002145";"G02023";518;12.38;"2026-06-18";"Card"
"P002146";"G02024";321;165.17;"2026-06-08";"Card"
"P002147";"G02026";117;77.9;"2026-04-30";"Card"
"P002148";"G02027";332;203.69;"2026-01-20";"Card"
"P002149";"G02028";313;196.27;"2026-03-16";"Stripe"
"P002150";"G02029";325;25.32;"2026-05-30";"Stripe"
"P002151";"G02030";101;32.53;"2026-02-04";"Stripe"
"P002152";"G02030";101;22.63;"2026-02-04";"Card"
"P002153";"G02031";404;94.23;"2026-01-27";"Card"
"P002154";"G02033";414;142.14;"2026-03-18";"Card"
"P002155";"G02034";405;53.63;"2026-06-04";"Card"
"P002156";"G02034";405;123.59;"2026-06-04";"Stripe"
"P002157";"G02035";404;115.97;"2026-05-18";"Card"
"P002158";"G02036";427;194.73;"2026-06-17";"Stripe"
"P002159";"G02037";334;36.51;"2026-05-24";"Card"
"P002160";"G02038";224;192.81;"2026-05-02";"Card"
"P002161";"G02039";203;111.74;"2026-05-19";"Stripe"
"P002162";"G02040";433;109.98;"2026-01-17";"Card"
"P002163";"G02042";206;5.0;"2026-02-12";"Stripe"
"P002164";"G02043";309;201.33;"2026-02-01";"Card"
"P002165";"G02044";425;55.83;"2026-03-19";"Card"
"P002166";"G02046";409;185.45;"2026-04-25";"Card"
"P002167";"G02047";405;90.17;"2026-04-15";"Stripe"
"P002168";"G02048";403;182.66;"2026-03-05";"Cash"
"P002169";"G02049";407;7.54;"2026-01-26";"Card"
"P002170";"G02050";303;103.66;"2026-02-20";"Stripe"
"P002171";"G02051";512;44.73;"2026-05-02";"Card"
"P002172";"G02051";512;134.02;"2026-04-30";"Stripe"
"P002173";"G02052";408;370.83;"2026-03-07";"Card"
"P002174";"G02053";230;38.63;"2026-04-20";"Card"
"P002175";"G02054";407;72.86;"2026-02-11";"Stripe"
"P002176";"G02055";426;155.14;"2026-01-29";"Cash"
"P002177";"G02057";432;43.45;"2026-02-08";"Stripe"
"P002178";"G02058";418;102.43;"2026-03-27";"Card"
"P002179";"G02059";504;156.45;"2026-01-07";"Stripe"
"P002180";"G02061";333;46.97;"2026-06-25";"Card"
"P002181";"G02064";325;85.96;"2026-02-18";"Card"
"P002182";"G02065";519;166.58;"2026-01-25";"Cash"
"P002183";"G02066";318;58.1;"2026-02-21";"Card"
"P002184";"G02066";318;74.4;"2026-02-21";"Stripe"
"P002185";"G02067";107;197.19;"2026-04-06";"Stripe"
"P002186";"G02068";317;121.3;"2026-04-02";"Stripe"
"P002187";"G02069";425;147.19;"2026-05-07";"Card"
"P002188";"G02070";417;15.66;"2026-01-22";"Card"
"P002189";"G02070";417;7.02;"2026-01-22";"Stripe"
"P002190";"G02070";417;4.75;"2026-01-24";"Stripe"
"P002191";"G02071";129;40.68;"2026-05-29";"Stripe"
"P002192";"G02071";129;43.31;"2026-05-27";"Card"
"P002193";"G02072";121;130.87;"2026-04-03";"Card"
"P002194";"G02073";501;94.15;"2026-01-14";"Stripe"
"P002195";"G02073";501;54.03;"2026-01-10";"Card"
"P002196";"G02074";115;272.3;"2026-04-04";"Card"
"P002197";"G02075";504;282.7;"2026-03-29";"Card"
"P002198";"G02077";306;110.35;"2026-06-07";"Card"
"P002199";"G02077";306;103.0;"2026-06-07";"Cash"
"P002200";"G02078";405;175.61;"2026-06-22";"Card"
"P002201";"G02079";120;73.53;"2026-04-13";"Stripe"
"P002202";"G02080";121;44.64;"2026-05-19";"Card"
"P002203";"G02081";130;102.45;"2026-05-10";"Card"
"P002204";"G02082";523;139.69;"2026-04-22";"Cash"
"P002205";"G02083";201;133.33;"2026-06-30";"Card"
"P002206";"G02084";330;59.42;"2026-02-08";"Stripe"
"P002207";"G02085";229;42.37;"2026-01-25";"Card"
"P002208";"G02086";215;39.33;"2026-02-25";"Card"
"P002209";"G02086";215;60.79;"2026-02-25";"Card"
"P002210";"G02087";414;167.52;"2026-04-11";"Stripe"
"P002211";"G02088";111;29.5;"2026-05-25";"Stripe"
"P002212";"G02088";111;26.46;"2026-05-25";"Stripe"
"P002213";"G02088";111;31.29;"2026-05-25";"Card"
"P002214";"G02089";410;99.27;"2026-05-02";"Cash"
"P002215";"G02090";517;90.23;"2026-06-11";"Card"
"P002216";"G02091";430;69.76;"2026-02-11";"Card"
"P002217";"G02092";527;45.19;"2026-04-05";"Card"
"P002218";"G02092";527;29.19;"2026-04-03";"Card"
"P002219";"G02093";412;126.58;"2026-05-28";"Card"
"P002220";"G02094";419;89.39;"2026-04-12";"Card"
"P002221";"G02095";515;191.81;"2026-01-20";"Cash"
"P002222";"G02096";109;29.5;"2026-01-05";"Card"
"P002223";"G02097";202;78.54;"2026-05-18";"Card"
"P002224";"G02099";320;3.77;"2026-04-23";"Stripe"
"P002225";"G02100";422;108.48;"2026-02-10";"Stripe"
"P002226";"G02101";312;88.43;"2026-05-21";"Card"
"P002227";"G02102";320;254.86;"2026-06-11";"Card"
"P002228";"G02103";528;42.67;"2026-01-14";"Cash"
"P002229";"G02103";528;29.92;"2026-01-14";"Card"
"P002230";"G02104";507;34.4;"2026-02-26";"Card"
"P002231";"G02105";115;58.06;"2026-06-05";"Stripe"
"P002232";"G02105";115;52.82;"2026-06-05";"Card"
"P002233";"G02106";126;21.04;"2026-02-06";"Card"
"P002234";"G02107";412;64.94;"2026-05-21";"Stripe"
"P002235";"G02107";412;57.38;"2026-05-21";"Card"
"P002236";"G02108";407;47.75;"2026-02-04";"Card"
"P002237";"G02109";324;82.76;"2026-06-09";"Card"
"P002238";"G02110";212;262.23;"2026-01-20";"Card"
"P002239";"G02111";124;171.3;"2026-05-19";"Card"
"P002240";"G02112";433;72.71;"2026-04-02";"Cash"
"P002241";"G02113";222;30.39;"2026-04-12";"Cash"
"P002242";"G02114";533;73.48;"2026-04-12";"Card"
"P002243";"G02115";326;47.51;"2026-05-19";"Cash"
"P002244";"G02115";326;49.19;"2026-05-23";"Card"
"P002245";"G02116";207;369.29;"2026-06-16";"Card"
"P002246";"G02117";231;242.8;"2026-01-05";"Stripe"
"P002247";"G02118";122;36.87;"2026-04-20";"Card"
"P002248";"G02119";404;325.62;"2026-06-28";"Card"
"P002249";"G02120";432;68.75;"2026-05-17";"Stripe"
"P002250";"G02121";132;168.75;"2026-05-23";"Stripe"
"P002251";"G02122";120;81.92;"2026-04-09";"Card"
"P002252";"G02123";333;40.38;"2026-01-16";"Card"
"P002253";"G02123";333;57.08;"2026-01-13";"Card"
"P002254";"G02125";126;111.38;"2026-06-21";"Card"
"P002255";"G02126";203;278.95;"2026-01-13";"Card"
"P002256";"G02127";119;113.46;"2026-04-05";"Card"
"P002257";"G02129";120;284.27;"2026-02-07";"Card"
"P002258";"G02130";428;30.21;"2026-02-20";"Card"
"P002259";"G02131";226;42.85;"2026-05-28";"Card"
"P002260";"G02132";521;292.4;"2026-05-30";"Card"
"P002261";"G02135";524;211.56;"2026-04-07";"Card"
"P002262";"G02136";202;174.29;"2026-03-16";"Card"
"P002263";"G02137";217;0.2;"2026-06-23";"Card"
"P002264";"G02137";217;0.5;"2026-06-23";"Card"
"P002265";"G02139";211;72.19;"2026-01-12";"Card"
"P002266";"G02141";517;26.74;"2026-05-28";"Stripe"
"P002267";"G02141";517;61.22;"2026-05-28";"Stripe"
"P002268";"G02142";408;18.84;"2026-06-24";"Card"
"P002269";"G02142";408;52.43;"2026-06-24";"Card"
"P002270";"G02143";214;174.72;"2026-05-18";"Card"
"P002271";"G02144";121;185.6;"2026-04-19";"Card"
"P002272";"G02145";419;115.66;"2026-05-03";"Card"
"P002273";"G02146";431;55.8;"2026-05-25";"Stripe"
"P002274";"G02146";431;29.86;"2026-05-21";"Stripe"
"P002275";"G02146";431;51.98;"2026-05-25";"Card"
"P002276";"G02148";218;31.34;"2026-02-23";"Card"
"P002277";"G02149";312;77.06;"2026-04-01";"Card"
"P002278";"G02149";312;50.83;"2026-03-30";"Card"
"P002279";"G02150";134;149.12;"2026-04-14";"Stripe"
"P002280";"G02151";502;66.07;"2026-05-25";"Card"
"P002281";"G02152";424;301.05;"2026-04-29";"Card"
"P002282";"G02153";318;95.71;"2026-02-17";"Card"
"P002283";"G02155";319;224.7;"2026-05-18";"Card"
"P002284";"G02156";133;352.81;"2026-02-01";"Card"
"P002285";"G02157";106;31.77;"2026-02-23";"Stripe"
"P002286";"G02158";120;77.01;"2026-04-18";"Card"
"P002287";"G02159";116;58.02;"2026-06-19";"Card"
"P002288";"G02160";215;266.36;"2026-03-14";"Cash"
"P002289";"G02162";211;35.24;"2026-06-29";"Card"
"P002290";"G02162";211;27.95;"2026-06-29";"Card"
"P002291";"G02162";211;68.75;"2026-06-29";"Cash"
"P002292";"G02163";228;254.29;"2026-02-01";"Card"
"P002293";"G02165";111;191.15;"2026-05-29";"Card"
"P002294";"G02165";111;131.23;"2026-05-28";"Card"
"P002295";"G02166";528;84.76;"2026-05-26";"Cash"
"P002296";"G02167";430;33.75;"2026-01-04";"Card"
"P002297";"G02168";311;39.28;"2026-04-22";"Card"
"P002298";"G02168";311;30.83;"2026-04-22";"Cash"
"P002299";"G02171";520;87.63;"2026-03-01";"Stripe"
"P002300";"G02172";504;99.97;"2026-02-28";"Card"
"P002301";"G02172";504;71.48;"2026-02-28";"Stripe"
"P002302";"G02173";304;178.21;"2026-01-27";"Card"
"P002303";"G02174";330;376.13;"2026-03-27";"Stripe"
"P002304";"G02175";209;187.44;"2026-01-03";"Stripe"
"P002305";"G02177";225;133.84;"2026-01-29";"Card"
"P002306";"G02178";304;145.79;"2026-01-08";"Card"
"P002307";"G02179";324;144.28;"2026-05-29";"Card"
"P002308";"G02180";222;248.28;"2026-03-02";"Card"
"P002309";"G02180";222;214.58;"2026-03-05";"Card"
"P002310";"G02181";427;144.36;"2026-04-03";"Card"
"P002311";"G02182";514;111.61;"2026-05-26";"Card"
"P002312";"G02183";125;25.1;"2026-02-28";"Stripe"
"P002313";"G02183";125;35.69;"2026-02-24";"Card"
"P002314";"G02184";131;10.79;"2026-05-18";"Stripe"
"P002315";"G02184";131;27.27;"2026-05-14";"Card"
"P002316";"G02186";220;122.66;"2026-02-03";"Cash"
"P002317";"G02187";314;76.11;"2026-06-13";"Card"
"P002318";"G02187";314;101.18;"2026-06-13";"Card"
"P002319";"G02188";513;18.25;"2026-04-19";"Card"
"P002320";"G02188";513;23.23;"2026-04-14";"Card"
"P002321";"G02190";313;329.89;"2026-05-20";"Stripe"
"P002322";"G02191";318;91.0;"2026-01-12";"Stripe"
"P002323";"G02192";402;17.51;"2026-02-21";"Card"
"P002324";"G02193";326;220.46;"2026-03-30";"Cash"
"P002325";"G02194";410;98.58;"2026-03-26";"Cash"
"P002326";"G02194";410;111.78;"2026-03-26";"Card"
"P002327";"G02195";325;21.96;"2026-06-15";"Stripe"
"P002328";"G02195";325;15.83;"2026-06-15";"Card"
"P002329";"G02196";409;15.08;"2026-05-01";"Stripe"
"P002330";"G02197";505;40.49;"2026-06-01";"Card"
"P002331";"G02197";505;22.63;"2026-06-01";"Card"
"P002332";"G02198";523;158.53;"2026-06-02";"Card"
"P002333";"G02199";217;34.62;"2026-01-19";"Stripe"
"P002334";"G02199";217;38.28;"2026-01-16";"Stripe"
"P002335";"G02200";204;55.06;"2026-04-21";"Stripe"
"P002336";"G02200";204;70.91;"2026-04-21";"Card"
"P002337";"G02200";204;50.09;"2026-04-21";"Card"
"P002338";"G02201";206;486.68;"2026-03-13";"Card"
"P002339";"G02202";406;230.6;"2026-03-19";"Stripe"
"P002340";"G02203";421;158.76;"2026-06-15";"Card"
"P002341";"G02204";322;62.25;"2026-01-24";"Card"
"P002342";"G02205";529;26.79;"2026-03-23";"Card"
"P002343";"G02205";529;71.25;"2026-03-23";"Stripe"
"P002344";"G02206";520;230.14;"2026-01-30";"Card"
"P002345";"G02207";117;61.0;"2026-06-24";"Card"
"P002346";"G02209";102;112.78;"2026-05-05";"Card"
"P002347";"G02210";410;107.07;"2026-01-15";"Card"
"P002348";"G02211";333;31.55;"2026-02-15";"Card"
"P002349";"G02211";333;74.67;"2026-02-15";"Card"
"P002350";"G02212";408;142.81;"2026-05-08";"Stripe"
"P002351";"G02213";329;39.46;"2026-04-15";"Cash"
"P002352";"G02213";329;73.61;"2026-04-14";"Card"
"P002353";"G02214";407;61.05;"2026-06-01";"Card"
"P002354";"G02215";133;100.52;"2026-06-09";"Stripe"
"P002355";"G02216";116;52.17;"2026-05-12";"Card"
"P002356";"G02216";116;32.44;"2026-05-08";"Card"
"P002357";"G02216";116;30.69;"2026-05-12";"Stripe"
"P002358";"G02217";101;43.11;"2026-04-05";"Card"
"P002359";"G02218";227;392.94;"2026-04-28";"Card"
"P002360";"G02220";125;34.08;"2026-05-30";"Cash"
"P002361";"G02221";311;93.91;"2026-01-30";"Cash"
"P002362";"G02222";317;181.04;"2026-02-03";"Card"
"P002363";"G02223";234;87.42;"2026-05-03";"Card"
"P002364";"G02224";311;23.66;"2026-01-27";"Card"
"P002365";"G02225";203;3.79;"2026-05-02";"Card"
"P002366";"G02226";219;100.21;"2026-03-29";"Stripe"
"P002367";"G02227";314;44.03;"2026-06-19";"Card"
"P002368";"G02228";324;106.04;"2026-04-26";"Card"
"P002369";"G02230";322;45.92;"2026-06-08";"Stripe"
"P002370";"G02231";420;145.31;"2026-05-02";"Stripe"
"P002371";"G02232";302;26.53;"2026-04-13";"Card"
"P002372";"G02233";306;89.01;"2026-04-03";"Card"
"P002373";"G02234";527;133.18;"2026-03-03";"Card"
"P002374";"G02235";232;42.67;"2026-02-27";"Card"
"P002375";"G02235";232;56.77;"2026-02-27";"Card"
"P002376";"G02235";232;37.71;"2026-02-27";"Cash"
"P002377";"G02236";404;226.4;"2026-04-07";"Card"
"P002378";"G02237";127;74.12;"2026-02-27";"Card"
"P002379";"G02238";309;121.45;"2026-04-14";"Cash"
"P002380";"G02238";309;132.37;"2026-04-14";"Card"
"P002381";"G02239";507;81.12;"2026-04-02";"Cash"
"P002382";"G02239";507;69.73;"2026-04-02";"Card"
"P002383";"G02240";134;122.28;"2026-05-08";"Card"
"P002384";"G02241";229;152.56;"2026-01-14";"Cash"
"P002385";"G02242";334;131.52;"2026-02-16";"Stripe"
"P002386";"G02243";415;152.05;"2026-05-28";"Cash"
"P002387";"G02245";113;61.33;"2026-04-10";"Card"
"P002388";"G02245";113;89.63;"2026-04-08";"Card"
"P002389";"G02246";233;47.15;"2026-04-24";"Card"
"P002390";"G02247";406;152.72;"2026-04-16";"Stripe"
"P002391";"G02248";405;368.94;"2026-05-27";"Stripe"
"P002392";"G02249";132;218.52;"2026-05-18";"Card"
"P002393";"G02250";106;38.64;"2026-02-17";"Card"
"P002394";"G02250";106;57.19;"2026-02-17";"Card"
"P002395";"G02251";313;129.68;"2026-06-07";"Card"
"P002396";"G02252";302;207.19;"2026-02-18";"Card"
"P002397";"G02253";123;94.07;"2026-02-24";"Card"
"P002398";"G02253";123;122.85;"2026-02-24";"Stripe"
"P002399";"G02254";329;224.7;"2026-03-31";"Card"
"P002400";"G02255";432;107.57;"2026-06-18";"Card"
"P002401";"G02255";432;188.75;"2026-06-18";"Card"
"P002402";"G02257";309;189.55;"2026-03-21";"Card"
"P002403";"G02258";303;21.59;"2026-02-23";"Card"
"P002404";"G02259";129;79.01;"2026-06-16";"Cash"
"P002405";"G02259";129;51.69;"2026-06-16";"Card"
"P002406";"G02261";114;36.63;"2026-06-28";"Cash"
"P002407";"G02262";327;67.83;"2026-05-27";"Stripe"
"P002408";"G02262";327;143.22;"2026-05-27";"Stripe"
"P002409";"G02263";414;194.46;"2026-06-05";"Cash"
"P002410";"G02264";508;139.99;"2026-04-27";"Stripe"
"P002411";"G02264";508;77.06;"2026-04-28";"Card"
"P002412";"G02265";216;65.81;"2026-02-21";"Stripe"
"P002413";"G02266";111;166.19;"2026-03-07";"Card"
"P002414";"G02267";529;156.92;"2026-03-12";"Stripe"
"P002415";"G02268";532;118.74;"2026-01-08";"Card"
"P002416";"G02268";532;75.21;"2026-01-08";"Stripe"
"P002417";"G02269";513;59.86;"2026-03-22";"Cash"
"P002418";"G02269";513;17.5;"2026-03-22";"Card"
"P002419";"G02269";513;28.39;"2026-03-22";"Card"
"P002420";"G02270";527;24.94;"2026-06-25";"Stripe"
"P002421";"G02270";527;49.15;"2026-06-25";"Cash"
"P002422";"G02271";129;4.45;"2026-02-08";"Card"
"P002423";"G02272";407;213.6;"2026-03-23";"Card"
"P002424";"G02273";117;241.79;"2026-05-09";"Cash"
"P002425";"G02274";209;12.12;"2026-06-14";"Cash"
"P002426";"G02274";209;11.39;"2026-06-14";"Stripe"
"P002427";"G02274";209;20.82;"2026-06-12";"Card"
"P002428";"G02275";508;121.85;"2026-03-19";"Card"
"P002429";"G02276";109;51.87;"2026-04-04";"Card"
"P002430";"G02277";117;132.91;"2026-05-17";"Card"
"P002431";"G02277";117;133.11;"2026-05-17";"Card"
"P002432";"G02279";323;52.47;"2026-05-16";"Card"
"P002433";"G02281";334;225.73;"2026-05-03";"Card"
"P002434";"G02282";230;13.25;"2026-01-24";"Card"
"P002435";"G02283";506;188.78;"2026-01-10";"Cash"
"P002436";"G02284";319;94.03;"2026-05-06";"Cash"
"P002437";"G02285";532;17.45;"2026-05-25";"Stripe"
"P002438";"G02285";532;15.81;"2026-05-25";"Card"
"P002439";"G02286";104;101.31;"2026-03-26";"Stripe"
"P002440";"G02287";116;72.05;"2026-05-28";"Stripe"
"P002441";"G02288";113;86.58;"2026-02-18";"Card"
"P002442";"G02288";113;107.86;"2026-02-18";"Card"
"P002443";"G02289";303;228.39;"2026-04-05";"Card"
"P002444";"G02290";308;9.25;"2026-05-26";"Stripe"
"P002445";"G02291";504;42.22;"2026-06-16";"Card"
"P002446";"G02292";407;178.66;"2026-06-12";"Stripe"
"P002447";"G02294";529;80.12;"2026-03-27";"Card"
"P002448";"G02294";529;67.33;"2026-03-25";"Stripe"
"P002449";"G02295";508;247.58;"2026-05-02";"Stripe"
"P002450";"G02296";504;127.94;"2026-05-04";"Card"
"P002451";"G02297";318;65.02;"2026-01-15";"Stripe"
"P002452";"G02298";322;48.65;"2026-06-11";"Stripe"
"P002453";"G02299";128;35.65;"2026-04-23";"Card"
"P002454";"G02300";501;42.6;"2026-02-25";"Card"
"P002455";"G02301";231;95.7;"2026-04-15";"Stripe"
"P002456";"G02302";301;74.07;"2026-02-18";"Stripe"
"P002457";"G02304";207;460.14;"2026-04-02";"Card"
"P002458";"G02305";425;90.12;"2026-04-24";"Card"
"P002459";"G02307";329;70.19;"2026-05-11";"Cash"
"P002460";"G02308";202;105.08;"2026-03-12";"Stripe"
"P002461";"G02309";527;159.49;"2026-02-14";"Card"
"P002462";"G02310";202;30.7;"2026-04-01";"Card"
"P002463";"G02310";202;48.87;"2026-04-01";"Cash"
"P002464";"G02311";327;31.21;"2026-05-01";"Card"
"P002465";"G02312";131;276.37;"2026-05-11";"Stripe"
"P002466";"G02313";407;78.21;"2026-03-14";"Card"
"P002467";"G02314";125;58.14;"2026-03-05";"Cash"
"P002468";"G02314";125;102.44;"2026-03-05";"Card"
"P002469";"G02315";334;130.54;"2026-05-11";"Card"
"P002470";"G02316";221;112.8;"2026-04-18";"Cash"
"P002471";"G02317";122;234.08;"2026-01-05";"Stripe"
"P002472";"G02318";406;103.27;"2026-01-05";"Card"
"P002473";"G02319";426;81.41;"2026-01-05";"Card"
"P002474";"G02320";305;52.43;"2026-06-25";"Card"
"P002475";"G02321";104;102.04;"2026-03-14";"Card"
"P002476";"G02321";104;210.63;"2026-03-13";"Cash"
"P002477";"G02322";312;241.92;"2026-02-08";"Card"
"P002478";"G02323";221;87.56;"2026-04-23";"Cash"
"P002479";"G02324";229;159.67;"2026-03-30";"Stripe"
"P002480";"G02324";229;268.28;"2026-03-30";"Card"
"P002481";"G02325";212;92.95;"2026-01-30";"Card"
"P002482";"G02326";222;166.91;"2026-02-28";"Card"
"P002483";"G02327";204;147.18;"2026-03-18";"Card"
"P002484";"G02328";108;170.1;"2026-01-30";"Stripe"
"P002485";"G02329";424;77.19;"2026-04-08";"Card"
"P002486";"G02330";320;99.57;"2026-05-23";"Card"
"P002487";"G02331";514;49.31;"2026-02-13";"Card"
"P002488";"G02331";514;63.53;"2026-02-13";"Card"
"P002489";"G02333";505;63.24;"2026-05-09";"Card"
"P002490";"G02334";204;88.98;"2026-02-27";"Card"
"P002491";"G02335";408;1.25;"2026-05-08";"Card"
"P002492";"G02336";524;86.96;"2026-01-14";"Card"
"P002493";"G02337";531;259.07;"2026-03-04";"Stripe"
"P002494";"G02338";219;192.03;"2026-05-30";"Card"
"P002495";"G02339";526;50.81;"2026-01-22";"Card"
"P002496";"G02340";127;14.26;"2026-03-17";"Stripe"
"P002497";"G02340";127;37.33;"2026-03-17";"Card"
"P002498";"G02341";533;196.15;"2026-01-07";"Card"
"P002499";"G02344";228;46.82;"2026-01-02";"Cash"
"P002500";"G02345";508;230.2;"2026-02-03";"Card"
"P002501";"G02346";227;27.38;"2026-02-12";"Card"
"P002502";"G02347";428;58.04;"2026-05-03";"Card"
"P002503";"G02347";428;72.3;"2026-05-03";"Card"
"P002504";"G02348";433;115.12;"2026-02-03";"Card"
"P002505";"G02349";212;465.48;"2026-01-28";"Card"
"P002506";"G02350";229;256.23;"2026-03-27";"Stripe"
"P002507";"G02352";132;203.71;"2026-02-13";"Card"
"P002508";"G02352";132;119.19;"2026-02-15";"Card"
"P002509";"G02353";209;196.69;"2026-06-16";"Card"
"P002510";"G02354";319;74.09;"2026-01-25";"Card"
"P002511";"G02355";320;184.18;"2026-03-04";"Card"
"P002512";"G02357";114;137.86;"2026-05-17";"Card"
"P002513";"G02359";204;100.35;"2026-02-06";"Stripe"
"P002514";"G02360";332;99.47;"2026-06-11";"Card"
"P002515";"G02361";108;37.65;"2026-05-27";"Card"
"P002516";"G02362";105;156.39;"2026-04-06";"Card"
"P002517";"G02363";529;46.2;"2026-02-27";"Card"
"P002518";"G02363";529;42.5;"2026-02-27";"Card"
"P002519";"G02365";431;6.56;"2026-06-12";"Stripe"
"P002520";"G02365";431;3.6;"2026-06-08";"Card"
"P002521";"G02366";106;102.43;"2026-04-24";"Cash"
"P002522";"G02368";112;20.78;"2026-05-07";"Card"
"P002523";"G02369";224;105.94;"2026-03-23";"Cash"
"P002524";"G02370";404;238.56;"2026-06-06";"Card"
"P002525";"G02371";421;80.14;"2026-06-25";"Stripe"
"P002526";"G02372";327;157.58;"2026-04-28";"Card"
"P002527";"G02374";434;62.36;"2026-02-22";"Card"
"P002528";"G02376";511;81.93;"2026-02-13";"Card"
"P002529";"G02378";127;32.82;"2026-04-29";"Card"
"P002530";"G02379";314;129.77;"2026-04-20";"Stripe"
"P002531";"G02380";227;174.73;"2026-05-25";"Card"
"P002532";"G02381";424;144.47;"2026-03-12";"Card"
"P002533";"G02382";201;17.49;"2026-05-06";"Card"
"P002534";"G02383";325;249.84;"2026-04-16";"Card"
"P002535";"G02384";517;62.7;"2026-04-28";"Card"
"P002536";"G02385";222;30.18;"2026-03-23";"Card"
"P002537";"G02385";222;74.07;"2026-03-23";"Card"
"P002538";"G02387";507;40.43;"2026-01-29";"Card"
"P002539";"G02387";507;50.52;"2026-01-22";"Card"
"P002540";"G02388";110;92.68;"2026-03-18";"Stripe"
"P002541";"G02390";320;323.55;"2026-06-30";"Card"
"P002542";"G02390";320;181.53;"2026-06-29";"Card"
"P002543";"G02391";533;235.72;"2026-02-18";"Card"
"P002544";"G02392";428;157.18;"2026-02-24";"Card"
"P002545";"G02393";227;51.78;"2026-06-25";"Card"
"P002546";"G02393";227;115.52;"2026-06-24";"Card"
"P002547";"G02394";109;103.43;"2026-01-17";"Stripe"
"P002548";"G02395";321;61.76;"2026-01-16";"Card"
"P002549";"G02396";227;49.3;"2026-02-08";"Stripe"
"P002550";"G02396";227;58.64;"2026-02-05";"Card"
"P002551";"G02397";508;91.93;"2026-02-12";"Card"
"P002552";"G02397";508;182.47;"2026-02-12";"Stripe"
"P002553";"G02398";429;10.79;"2026-03-29";"Card"
"P002554";"G02398";429;20.58;"2026-03-29";"Card"
"P002555";"G02399";423;115.9;"2026-06-30";"Card"
"P002556";"G02400";218;312.3;"2026-02-03";"Stripe"
"P002557";"G02401";519;120.21;"2026-05-21";"Stripe"
"P002558";"G02402";327;7.79;"2026-02-20";"Card"
"P002559";"G02403";204;81.08;"2026-04-07";"Stripe"
"P002560";"G02404";203;95.85;"2026-02-22";"Card"
"P002561";"G02406";112;22.72;"2026-06-02";"Cash"
"P002562";"G02407";117;103.79;"2026-03-20";"Card"
"P002563";"G02408";216;76.88;"2026-05-29";"Card"
"P002564";"G02409";508;102.25;"2026-03-19";"Card"
"P002565";"G02410";406;144.47;"2026-04-09";"Card"
"P002566";"G02411";213;69.35;"2026-02-23";"Stripe"
"P002567";"G02412";417;144.95;"2026-02-18";"Cash"
"P002568";"G02413";234;100.87;"2026-04-15";"Card"
"P002569";"G02414";307;179.35;"2026-05-02";"Stripe"
"P002570";"G02415";133;159.55;"2026-04-15";"Card"
"P002571";"G02416";208;54.15;"2026-01-28";"Card"
"P002572";"G02417";107;122.67;"2026-01-17";"Card"
"P002573";"G02418";217;13.85;"2026-04-18";"Card"
"P002574";"G02418";217;7.51;"2026-04-20";"Card"
"P002575";"G02420";125;188.82;"2026-02-27";"Card"
"P002576";"G02421";332;193.48;"2026-06-04";"Stripe"
"P002577";"G02422";227;155.85;"2026-02-21";"Card"
"P002578";"G02423";317;241.73;"2026-05-17";"Card"
"P002579";"G02424";424;36.14;"2026-03-30";"Stripe"
"P002580";"G02425";231;69.86;"2026-04-15";"Stripe"
"P002581";"G02427";421;350.07;"2026-06-02";"Card"
"P002582";"G02428";201;83.1;"2026-01-11";"Card"
"P002583";"G02429";524;120.51;"2026-03-23";"Card"
"P002584";"G02429";524;75.44;"2026-03-21";"Cash"
"P002585";"G02430";105;45.58;"2026-01-05";"Card"
"P002586";"G02431";110;83.86;"2026-03-28";"Card"
"P002587";"G02432";430;132.58;"2026-01-21";"Card"
"P002588";"G02433";524;47.95;"2026-04-08";"Card"
"P002589";"G02434";508;137.93;"2026-06-07";"Card"
"P002590";"G02435";306;15.3;"2026-05-22";"Cash"
"P002591";"G02436";212;114.47;"2026-05-13";"Card"
"P002592";"G02437";332;211.36;"2026-04-19";"Card"
"P002593";"G02438";513;184.83;"2026-03-16";"Card"
"P002594";"G02439";102;75.84;"2026-04-23";"Card"
"P002595";"G02440";303;95.79;"2026-03-27";"Card"
"P002596";"G02441";516;111.7;"2026-05-28";"Stripe"
"P002597";"G02442";314;49.26;"2026-01-11";"Cash"
"P002598";"G02443";503;225.19;"2026-05-22";"Cash"
"P002599";"G02444";107;150.91;"2026-03-27";"Card"
"P002600";"G02445";107;91.1;"2026-05-08";"Card"
"P002601";"G02447";201;190.38;"2026-05-14";"Card"
"P002602";"G02448";533;70.92;"2026-03-10";"Card"
"P002603";"G02449";515;32.28;"2026-01-13";"Stripe"
"P002604";"G02449";515;43.93;"2026-01-13";"Stripe"
"P002605";"G02450";225;43.55;"2026-01-25";"Card"
"P002606";"G02451";315;48.37;"2026-03-07";"Card"
"P002607";"G02451";315;92.49;"2026-03-05";"Card"
"P002608";"G02452";230;25.24;"2026-04-10";"Card"
"P002609";"G02453";311;139.01;"2026-05-13";"Card"
"P002610";"G02454";224;328.47;"2026-02-03";"Card"
"P002611";"G02455";305;22.65;"2026-01-12";"Stripe"
"P002612";"G02457";217;93.02;"2026-05-05";"Card"
"P002613";"G02458";312;56.84;"2026-06-22";"Card"
"P002614";"G02459";323;32.41;"2026-06-15";"Card"
"P002615";"G02459";323;30.79;"2026-06-10";"Stripe"
"P002616";"G02460";412;169.71;"2026-02-02";"Card"
"P002617";"G02461";219;46.72;"2026-02-24";"Card"
"P002618";"G02461";219;53.41;"2026-02-24";"Card"
"P002619";"G02462";323;322.25;"2026-01-12";"Stripe"
"P002620";"G02463";130;69.8;"2026-01-24";"Card"
"P002621";"G02464";412;193.02;"2026-05-25";"Card"
"P002622";"G02465";411;136.9;"2026-06-25";"Card"
"P002623";"G02466";121;97.4;"2026-02-13";"Card"
"P002624";"G02467";131;70.57;"2026-01-13";"Card"
"P002625";"G02468";222;104.34;"2026-01-10";"Card"
"P002626";"G02469";226;312.58;"2026-03-09";"Card"
"P002627";"G02470";214;244.95;"2026-04-27";"Card"
"P002628";"G02471";221;62.68;"2026-04-22";"Card"
"P002629";"G02471";221;37.67;"2026-04-15";"Card"
"P002630";"G02472";402;7.58;"2026-05-05";"Card"
"P002631";"G02473";105;58.31;"2026-02-20";"Stripe"
"P002632";"G02473";105;59.67;"2026-02-20";"Card"
"P002633";"G02474";528;230.51;"2026-02-05";"Card"
"P002634";"G02475";333;85.38;"2026-01-13";"Card"
"P002635";"G02476";108;68.56;"2026-01-23";"Card"
"P002636";"G02476";108;59.24;"2026-01-23";"Cash"
"P002637";"G02477";309;37.61;"2026-02-21";"Cash"
"P002638";"G02478";504;88.77;"2026-01-29";"Stripe"
"P002639";"G02479";204;12.97;"2026-04-21";"Cash"
"P002640";"G02480";527;43.42;"2026-01-18";"Card"
"P002641";"G02480";527;71.95;"2026-01-18";"Stripe"
"P002642";"G02482";421;240.95;"2026-02-20";"Card"
"P002643";"G02483";118;77.78;"2026-02-28";"Stripe"
"P002644";"G02483";118;122.19;"2026-02-28";"Cash"
"P002645";"G02485";234;39.56;"2026-05-18";"Card"
"P002646";"G02485";234;82.64;"2026-05-18";"Card"
"P002647";"G02486";429;78.75;"2026-05-19";"Stripe"
"P002648";"G02486";429;100.74;"2026-05-19";"Stripe"
"P002649";"G02487";119;139.79;"2026-06-30";"Stripe"
"P002650";"G02488";410;66.31;"2026-03-12";"Cash"
"P002651";"G02489";431;161.38;"2026-06-14";"Stripe"
"P002652";"G02490";520;48.23;"2026-06-30";"Card"
"P002653";"G02490";520;30.64;"2026-06-30";"Card"
"P002654";"G02491";501;71.2;"2026-03-02";"Card"
"P002655";"G02492";118;292.75;"2026-05-26";"Stripe"
"P002656";"G02493";225;343.37;"2026-03-02";"Card"
"P002657";"G02494";319;66.16;"2026-05-02";"Stripe"
"P002658";"G02495";529;39.04;"2026-06-03";"Stripe"
"P002659";"G02495";529;65.81;"2026-06-03";"Card"
"P002660";"G02496";411;130.65;"2026-04-05";"Card"
"P002661";"G02497";301;72.91;"2026-02-27";"Card"
"P002662";"G02498";310;15.81;"2026-01-31";"Card"
"P002663";"G02498";310;24.21;"2026-01-31";"Stripe"
"P002664";"G02499";513;42.38;"2026-03-29";"Card"
"P002665";"G02500";428;356.25;"2026-04-29";"Card"
"P002666";"G02502";514;128.84;"2026-02-24";"Cash"
"P002667";"G02503";202;224.01;"2026-02-06";"Card"
"P002668";"G02505";429;118.42;"2026-04-01";"Stripe"
"P002669";"G02505";429;153.03;"2026-04-01";"Cash"
"P002670";"G02507";125;362.01;"2026-06-01";"Stripe"
"P002671";"G02508";219;35.63;"2026-05-13";"Card"
"P002672";"G02511";429;21.04;"2026-05-14";"Card"
"P002673";"G02511";429;24.01;"2026-05-14";"Card"
"P002674";"G02511";429;14.68;"2026-05-14";"Stripe"
"P002675";"G02512";209;98.17;"2026-05-10";"Card"
"P002676";"G02512";209;83.73;"2026-05-05";"Card"
"P002677";"G02513";425;75.84;"2026-06-20";"Card"
"P002678";"G02514";119;51.58;"2026-06-05";"Card"
"P002679";"G02515";227;149.46;"2026-06-26";"Card"
"P002680";"G02516";211;109.32;"2026-01-19";"Card"
"P002681";"G02517";414;196.58;"2026-01-29";"Stripe"
"P002682";"G02519";106;70.19;"2026-03-15";"Stripe"
"P002683";"G02519";106;143.2;"2026-03-17";"Stripe"
"P002684";"G02520";509;38.27;"2026-06-30";"Stripe"
"P002685";"G02520";509;43.9;"2026-06-29";"Stripe"
"P002686";"G02521";216;93.34;"2026-04-05";"Card"
"P002687";"G02521";216;137.1;"2026-04-05";"Card"
"P002688";"G02522";509;168.5;"2026-01-08";"Card"
"P002689";"G02523";419;128.48;"2026-02-15";"Cash"
"P002690";"G02524";534;265.66;"2026-02-07";"Card"
"P002691";"G02526";421;51.07;"2026-01-14";"Card"
"P002692";"G02526";421;140.82;"2026-01-14";"Card"
"P002693";"G02527";518;86.68;"2026-03-06";"Stripe"
"P002694";"G02528";504;216.89;"2026-04-16";"Card"
"P002695";"G02529";315;208.15;"2026-01-14";"Card"
"P002696";"G02530";210;296.12;"2026-06-15";"Cash"
"P002697";"G02531";314;156.37;"2026-06-19";"Stripe"
"P002698";"G02532";304;12.93;"2026-02-24";"Card"
"P002699";"G02532";304;16.65;"2026-02-24";"Card"
"P002700";"G02533";120;232.31;"2026-04-27";"Card"
"P002701";"G02534";211;23.05;"2026-03-22";"Cash"
"P002702";"G02534";211;37.39;"2026-03-22";"Cash"
"P002703";"G02535";218;309.29;"2026-01-22";"Card"
"P002704";"G02536";529;82.48;"2026-05-14";"Stripe"
"P002705";"G02537";214;155.99;"2026-06-27";"Card"
"P002706";"G02538";123;27.06;"2026-04-27";"Stripe"
"P002707";"G02538";123;31.83;"2026-04-27";"Card"
"P002708";"G02539";330;299.9;"2026-01-06";"Cash"
"P002709";"G02540";525;13.53;"2026-04-18";"Cash"
"P002710";"G02541";517;69.84;"2026-04-01";"Card"
"P002711";"G02543";110;82.41;"2026-06-15";"Cash"
"P002712";"G02544";215;72.03;"2026-05-27";"Card"
"P002713";"G02546";205;350.35;"2026-03-15";"Card"
"P002714";"G02547";132;141.61;"2026-02-11";"Cash"
"P002715";"G02548";201;141.75;"2026-02-05";"Card"
"P002716";"G02549";526;9.55;"2026-05-31";"Cash"
"P002717";"G02549";526;5.91;"2026-05-31";"Card"
"P002718";"G02549";526;7.96;"2026-05-31";"Stripe"
"P002719";"G02550";507;63.51;"2026-04-02";"Cash"
"P002720";"G02552";103;231.06;"2026-04-24";"Card"
"P002721";"G02553";421;137.0;"2026-04-21";"Card"
"P002722";"G02554";325;195.47;"2026-02-08";"Stripe"
"P002723";"G02555";331;337.47;"2026-04-29";"Stripe"
"P002724";"G02556";313;166.74;"2026-04-19";"Stripe"
"P002725";"G02557";417;15.26;"2026-04-15";"Card"
"P002726";"G02558";315;70.79;"2026-05-10";"Card"
"P002727";"G02558";315;43.74;"2026-05-10";"Card"
"P002728";"G02559";316;32.2;"2026-02-09";"Cash"
"P002729";"G02560";434;15.89;"2026-03-27";"Card"
"P002730";"G02560";434;15.28;"2026-03-27";"Card"
"P002731";"G02561";427;103.92;"2026-06-01";"Stripe"
"P002732";"G02562";201;101.27;"2026-04-22";"Stripe"
"P002733";"G02565";106;136.94;"2026-05-10";"Card"
"P002734";"G02567";134;51.33;"2026-03-17";"Card"
"P002735";"G02569";212;161.48;"2026-05-14";"Cash"
"P002736";"G02570";416;297.01;"2026-04-26";"Stripe"
"P002737";"G02571";314;5.86;"2026-03-13";"Card"
"P002738";"G02574";129;26.3;"2026-01-29";"Stripe"
"P002739";"G02575";213;87.43;"2026-02-14";"Card"
"P002740";"G02576";415;167.21;"2026-05-09";"Card"
"P002741";"G02577";124;86.72;"2026-05-30";"Card"
"P002742";"G02577";124;138.96;"2026-06-02";"Card"
"P002743";"G02577";124;86.96;"2026-06-02";"Card"
"P002744";"G02578";219;25.68;"2026-01-09";"Stripe"
"P002745";"G02579";105;256.4;"2026-06-03";"Card"
"P002746";"G02580";516;57.18;"2026-04-08";"Stripe"
"P002747";"G02581";104;31.97;"2026-02-05";"Card"
"P002748";"G02581";104;21.44;"2026-02-02";"Stripe"
"P002749";"G02582";324;50.16;"2026-02-21";"Card"
"P002750";"G02584";334;376.5;"2026-03-08";"Cash"
"P002751";"G02586";117;331.13;"2026-05-14";"Card"
"P002752";"G02587";214;41.5;"2026-06-08";"Card"
"P002753";"G02587";214;45.98;"2026-06-09";"Card"
"P002754";"G02588";522;321.95;"2026-02-09";"Card"
"P002755";"G02589";421;229.21;"2026-04-06";"Card"
"P002756";"G02590";326;101.18;"2026-02-11";"Stripe"
"P002757";"G02591";220;138.52;"2026-06-01";"Card"
"P002758";"G02592";113;220.57;"2026-06-12";"Cash"
"P002759";"G02593";332;105.9;"2026-06-25";"Card"
"P002760";"G02596";314;218.68;"2026-02-13";"Card"
"P002761";"G02597";406;47.35;"2026-03-06";"Card"
"P002762";"G02598";515;87.51;"2026-03-27";"Card"
"P002763";"G02599";502;45.15;"2026-06-19";"Card"
"P002764";"G02600";418;104.12;"2026-05-17";"Stripe"
"P002765";"G02601";125;156.1;"2026-03-02";"Card"
"P002766";"G02602";207;13.3;"2026-05-21";"Card"
"P002767";"G02602";207;22.63;"2026-05-21";"Card"
"P002768";"G02603";210;161.62;"2026-01-05";"Card"
"P002769";"G02604";521;361.15;"2026-06-26";"Card"
"P002770";"G02605";521;107.97;"2026-03-01";"Card"
"P002771";"G02606";510;141.73;"2026-03-16";"Stripe"
"P002772";"G02607";228;74.32;"2026-05-06";"Stripe"
"P002773";"G02608";107;125.54;"2026-02-16";"Cash"
"P002774";"G02608";107;99.8;"2026-02-20";"Card"
"P002775";"G02609";117;31.58;"2026-01-13";"Card"
"P002776";"G02609";117;37.6;"2026-01-13";"Card"
"P002777";"G02611";408;103.46;"2026-04-15";"Stripe"
"P002778";"G02612";216;27.59;"2026-05-14";"Stripe"
"P002779";"G02613";104;91.81;"2026-02-13";"Stripe"
"P002780";"G02614";522;40.95;"2026-05-28";"Card"
"P002781";"G02614";522;51.14;"2026-06-01";"Card"
"P002782";"G02615";317;22.66;"2026-01-31";"Card"
"P002783";"G02616";316;99.84;"2026-02-12";"Card"
"P002784";"G02617";501;137.75;"2026-01-08";"Card"
"P002785";"G02618";214;97.34;"2026-05-03";"Card"
"P002786";"G02618";214;133.37;"2026-05-03";"Card"
"P002787";"G02619";128;0.64;"2026-03-17";"Cash"
"P002788";"G02620";119;40.7;"2026-04-10";"Card"
"P002789";"G02620";119;40.98;"2026-04-10";"Stripe"
"P002790";"G02621";333;59.8;"2026-01-05";"Card"
"P002791";"G02623";113;130.76;"2026-04-06";"Card"
"P002792";"G02624";332;136.4;"2026-06-17";"Card"
"P002793";"G02625";528;73.68;"2026-02-13";"Cash"
"P002794";"G02626";109;73.27;"2026-06-08";"Card"
"P002795";"G02627";506;192.57;"2026-05-21";"Card"
"P002796";"G02628";109;82.81;"2026-02-04";"Stripe"
"P002797";"G02629";421;15.43;"2026-05-30";"Card"
"P002798";"G02629";421;14.99;"2026-05-30";"Stripe"
"P002799";"G02631";422;209.17;"2026-01-26";"Card"
"P002800";"G02632";515;361.55;"2026-01-02";"Cash"
"P002801";"G02633";233;193.11;"2026-03-02";"Card"
"P002802";"G02634";227;65.03;"2026-02-05";"Stripe"
"P002803";"G02635";434;48.82;"2026-04-24";"Cash"
"P002804";"G02636";523;9.52;"2026-06-03";"Card"
"P002805";"G02637";507;128.14;"2026-04-15";"Cash"
"P002806";"G02638";514;84.28;"2026-04-17";"Card"
"P002807";"G02640";206;222.85;"2026-02-07";"Card"
"P002808";"G02641";302;44.51;"2026-06-09";"Stripe"
"P002809";"G02642";131;107.73;"2026-03-27";"Card"
"P002810";"G02643";328;15.18;"2026-02-28";"Card"
"P002811";"G02644";132;229.53;"2026-05-12";"Card"
"P002812";"G02645";328;84.1;"2026-05-03";"Stripe"
"P002813";"G02646";517;55.39;"2026-04-07";"Card"
"P002814";"G02646";517;118.54;"2026-04-07";"Card"
"P002815";"G02647";516;90.72;"2026-03-17";"Card"
"P002816";"G02648";333;83.01;"2026-03-29";"Card"
"P002817";"G02649";223;31.46;"2026-06-18";"Cash"
"P002818";"G02650";320;119.57;"2026-05-24";"Card"
"P002819";"G02651";403;32.42;"2026-04-06";"Card"
"P002820";"G02652";414;32.79;"2026-02-16";"Card"
"P002821";"G02653";318;33.93;"2026-05-01";"Cash"
"P002822";"G02654";106;126.3;"2026-06-18";"Card"
"P002823";"G02655";127;20.93;"2026-04-08";"Card"
"P002824";"G02656";420;162.63;"2026-02-08";"Card"
"P002825";"G02656";420;119.68;"2026-02-08";"Stripe"
"P002826";"G02656";420;69.02;"2026-02-08";"Card"
"P002827";"G02657";427;55.13;"2026-06-02";"Card"
"P002828";"G02657";427;80.41;"2026-06-02";"Card"
"P002829";"G02658";227;172.22;"2026-06-21";"Card"
"P002830";"G02660";116;10.86;"2026-06-19";"Card"
"P002831";"G02661";317;229.65;"2026-03-13";"Card"
"P002832";"G02662";513;291.76;"2026-02-06";"Card"
"P002833";"G02663";314;88.04;"2026-06-07";"Card"
"P002834";"G02663";314;126.26;"2026-06-03";"Card"
"P002835";"G02664";112;162.92;"2026-03-10";"Cash"
"P002836";"G02665";302;20.96;"2026-03-07";"Card"
"P002837";"G02665";302;11.67;"2026-03-07";"Card"
"P002838";"G02667";431;39.34;"2026-04-13";"Card"
"P002839";"G02668";320;92.63;"2026-05-30";"Card"
"P002840";"G02669";104;27.09;"2026-01-12";"Card"
"P002841";"G02671";215;106.81;"2026-03-21";"Card"
"P002842";"G02672";429;188.36;"2026-06-03";"Card"
"P002843";"G02673";212;333.35;"2026-02-16";"Card"
"P002844";"G02674";210;26.64;"2026-04-28";"Card"
"P002845";"G02675";304;69.56;"2026-04-04";"Card"
"P002846";"G02676";330;132.93;"2026-06-30";"Card"
"P002847";"G02678";520;62.43;"2026-04-28";"Cash"
"P002848";"G02679";411;180.24;"2026-03-27";"Card"
"P002849";"G02681";501;140.19;"2026-05-11";"Card"
"P002850";"G02682";329;39.75;"2026-04-24";"Card"
"P002851";"G02682";329;39.62;"2026-04-24";"Card"
"P002852";"G02683";305;15.06;"2026-02-01";"Card"
"P002853";"G02683";305;10.18;"2026-01-29";"Stripe"
"P002854";"G02684";524;54.38;"2026-06-05";"Stripe"
"P002855";"G02685";132;219.11;"2026-03-18";"Card"
"P002856";"G02686";527;29.71;"2026-03-14";"Stripe"
"P002857";"G02687";426;110.07;"2026-05-22";"Card"
"P002858";"G02688";201;94.52;"2026-03-06";"Cash"
"P002859";"G02689";431;296.13;"2026-04-15";"Stripe"
"P002860";"G02690";225;6.06;"2026-06-25";"Card"
"P002861";"G02690";225;18.03;"2026-06-22";"Cash"
"P002862";"G02691";523;73.6;"2026-03-13";"Card"
"P002863";"G02691";523;39.49;"2026-03-13";"Stripe"
"P002864";"G02691";523;63.15;"2026-03-07";"Stripe"
"P002865";"G02692";520;180.6;"2026-02-15";"Card"
"P002866";"G02693";314;170.26;"2026-02-28";"Card"
"P002867";"G02694";509;169.92;"2026-05-07";"Card"
"P002868";"G02695";418;289.64;"2026-01-12";"Stripe"
"P002869";"G02696";525;113.52;"2026-06-16";"Stripe"
"P002870";"G02697";311;30.67;"2026-02-23";"Card"
"P002871";"G02699";233;21.05;"2026-05-27";"Stripe"
"P002872";"G02699";233;23.01;"2026-05-30";"Card"
"P002873";"G02700";310;62.35;"2026-04-13";"Cash"
"P002874";"G02701";229;64.39;"2026-04-02";"Card"
"P002875";"G02701";229;55.1;"2026-04-01";"Cash"
"P002876";"G02702";422;149.24;"2026-01-24";"Stripe"
"P002877";"G02703";201;201.24;"2026-04-13";"Card"
"P002878";"G02704";131;109.4;"2026-05-19";"Stripe"
"P002879";"G02705";108;29.45;"2026-01-28";"Card"
"P002880";"G02705";108;26.68;"2026-01-28";"Stripe"
"P002881";"G02705";108;50.24;"2026-01-28";"Card"
"P002882";"G02706";432;87.86;"2026-06-12";"Card"
"P002883";"G02707";129;40.11;"2026-04-07";"Stripe"
"P002884";"G02707";129;60.89;"2026-04-01";"Card"
"P002885";"G02708";333;90.01;"2026-04-23";"Card"
"P002886";"G02709";516;70.88;"2026-06-27";"Stripe"
"P002887";"G02710";405;245.63;"2026-06-19";"Stripe"
"P002888";"G02711";121;51.66;"2026-02-24";"Card"
"P002889";"G02712";219;5.52;"2026-06-13";"Card"
"P002890";"G02714";223;185.27;"2026-02-19";"Card"
"P002891";"G02715";223;3.34;"2026-05-30";"Card"
"P002892";"G02715";223;1.97;"2026-05-26";"Cash"
"P002893";"G02716";209;56.2;"2026-02-03";"Stripe"
"P002894";"G02717";428;45.52;"2026-03-26";"Card"
"P002895";"G02718";231;41.05;"2026-02-21";"Card"
"P002896";"G02719";430;172.57;"2026-01-06";"Stripe"
"P002897";"G02720";129;20.53;"2026-06-15";"Card"
"P002898";"G02721";226;20.81;"2026-01-07";"Card"
"P002899";"G02721";226;24.52;"2026-01-07";"Card"
"P002900";"G02721";226;29.98;"2026-01-07";"Card"
"P002901";"G02723";216;112.65;"2026-03-26";"Stripe"
"P002902";"G02723";216;100.65;"2026-03-26";"Card"
"P002903";"G02724";234;132.14;"2026-03-15";"Stripe"
"P002904";"G02725";505;105.94;"2026-05-10";"Stripe"
"P002905";"G02725";505;151.17;"2026-05-10";"Card"
"P002906";"G02726";417;233.26;"2026-03-10";"Stripe"
"P002907";"G02727";123;45.21;"2026-05-17";"Stripe"
"P002908";"G02727";123;51.22;"2026-05-17";"Stripe"
"P002909";"G02728";415;43.76;"2026-04-24";"Card"
"P002910";"G02728";415;26.97;"2026-04-24";"Card"
"P002911";"G02728";415;33.41;"2026-04-24";"Card"
"P002912";"G02730";410;1.28;"2026-05-03";"Stripe"
"P002913";"G02730";410;3.29;"2026-05-03";"Card"
"P002914";"G02733";120;212.37;"2026-04-13";"Stripe"
"P002915";"G02734";327;21.37;"2026-01-28";"Card"
"P002916";"G02734";327;56.39;"2026-01-29";"Card"
"P002917";"G02735";214;94.65;"2026-02-08";"Stripe"
"P002918";"G02735";214;62.03;"2026-02-08";"Stripe"
"P002919";"G02736";132;31.79;"2026-05-08";"Card"
"P002920";"G02737";416;8.05;"2026-04-25";"Card"
"P002921";"G02737";416;19.61;"2026-04-25";"Card"
"P002922";"G02739";106;5.45;"2026-01-24";"Card"
"P002923";"G02740";417;205.88;"2026-06-19";"Stripe"
"P002924";"G02741";205;46.39;"2026-01-17";"Stripe"
"P002925";"G02741";205;134.65;"2026-01-19";"Stripe"
"P002926";"G02742";519;160.63;"2026-05-04";"Card"
"P002927";"G02743";223;164.46;"2026-05-09";"Card"
"P002928";"G02744";227;14.02;"2026-03-30";"Stripe"
"P002929";"G02744";227;9.95;"2026-03-29";"Stripe"
"P002930";"G02744";227;27.41;"2026-03-30";"Card"
"P002931";"G02745";434;189.18;"2026-04-10";"Stripe"
"P002932";"G02746";407;38.2;"2026-04-19";"Stripe"
"P002933";"G02746";407;54.32;"2026-04-19";"Stripe"
"P002934";"G02748";127;60.23;"2026-06-22";"Card"
"P002935";"G02749";419;26.49;"2026-01-07";"Card"
"P002936";"G02749";419;31.93;"2026-01-05";"Card"
"P002937";"G02752";115;101.77;"2026-02-28";"Card"
"P002938";"G02753";119;240.49;"2026-06-23";"Card"
"P002939";"G02754";115;190.36;"2026-06-16";"Card"
"P002940";"G02755";404;42.46;"2026-03-18";"Card"
"P002941";"G02755";404;91.29;"2026-03-18";"Card"
"P002942";"G02757";515;107.08;"2026-04-01";"Card"
"P002943";"G02758";101;205.36;"2026-02-19";"Card"
"P002944";"G02759";324;180.6;"2026-03-06";"Card"
"P002945";"G02760";320;15.34;"2026-05-04";"Card"
"P002946";"G02761";516;109.38;"2026-04-28";"Card"
"P002947";"G02762";122;33.58;"2026-02-10";"Cash"
"P002948";"G02763";529;155.19;"2026-03-17";"Card"
"P002949";"G02763";529;89.81;"2026-03-17";"Card"
"P002950";"G02763";529;73.65;"2026-03-17";"Card"
"P002951";"G02764";314;162.74;"2026-06-17";"Card"
"P002952";"G02765";327;36.03;"2026-01-15";"Card"
"P002953";"G02766";119;52.64;"2026-04-09";"Card"
"P002954";"G02767";221;111.45;"2026-03-29";"Stripe"
"P002955";"G02769";516;171.6;"2026-04-04";"Card"
"P002956";"G02770";101;41.29;"2026-03-06";"Stripe"
"P002957";"G02771";528;214.0;"2026-04-20";"Card"
"P002958";"G02772";122;11.51;"2026-03-01";"Card"
"P002959";"G02773";330;101.61;"2026-06-06";"Card"
"P002960";"G02774";407;184.95;"2026-01-08";"Card"
"P002961";"G02775";508;307.45;"2026-02-19";"Stripe"
"P002962";"G02777";433;43.37;"2026-01-24";"Stripe"
"P002963";"G02777";433;8.54;"2026-01-24";"Stripe"
"P002964";"G02777";433;23.28;"2026-01-24";"Card"
"P002965";"G02778";416;32.31;"2026-03-05";"Cash"
"P002966";"G02779";118;60.61;"2026-01-25";"Card"
"P002967";"G02779";118;75.03;"2026-01-22";"Stripe"
"P002968";"G02780";310;121.14;"2026-02-19";"Stripe"
"P002969";"G02781";428;7.62;"2026-04-25";"Card"
"P002970";"G02783";524;65.81;"2026-06-02";"Cash"
"P002971";"G02785";422;49.63;"2026-01-10";"Card"
"P002972";"G02787";415;133.04;"2026-04-18";"Card"
"P002973";"G02788";225;104.4;"2026-05-08";"Cash"
"P002974";"G02790";320;154.97;"2026-06-12";"Card"
"P002975";"G02791";511;299.12;"2026-01-21";"Card"
"P002976";"G02792";127;38.72;"2026-03-24";"Card"
"P002977";"G02794";522;83.79;"2026-02-11";"Stripe"
"P002978";"G02795";323;147.53;"2026-01-23";"Card"
"P002979";"G02796";114;12.46;"2026-03-07";"Cash"
"P002980";"G02796";114;25.47;"2026-03-11";"Card"
"P002981";"G02797";404;88.76;"2026-01-26";"Stripe"
"P002982";"G02799";131;52.13;"2026-02-07";"Card"
"P002983";"G02799";131;65.16;"2026-02-07";"Card"
"P002984";"G02800";124;90.04;"2026-03-28";"Stripe"
"P002985";"G02801";102;66.56;"2026-02-01";"Stripe"
"P002986";"G02801";102;135.6;"2026-02-01";"Card"
"P002987";"G02802";524;176.7;"2026-06-14";"Card"
"P002988";"G02802";524;95.22;"2026-06-14";"Card"
"P002989";"G02803";122;4.0;"2026-03-10";"Card"
"P002990";"G02804";134;12.52;"2026-06-16";"Card"
"P002991";"G02804";134;13.36;"2026-06-16";"Card"
"P002992";"G02804";134;8.88;"2026-06-11";"Card"
"P002993";"G02805";434;68.2;"2026-04-12";"Card"
"P002994";"G02806";224;25.75;"2026-03-21";"Card"
"P002995";"G02807";228;128.16;"2026-02-15";"Card"
"P002996";"G02807";228;119.86;"2026-02-15";"Card"
"P002997";"G02808";103;18.54;"2026-06-19";"Stripe"
"P002998";"G02809";526;34.98;"2026-06-24";"Stripe"
"P002999";"G02811";308;144.12;"2026-02-27";"Card"
"P003000";"G02812";334;54.07;"2026-01-16";"Card"
"P003001";"G02813";425;294.44;"2026-05-05";"Card"
"P003002";"G02814";127;126.35;"2026-06-12";"Card"
"P003003";"G02815";519;92.4;"2026-05-16";"Card"
"P003004";"G02816";508;113.46;"2026-05-04";"Card"
"P003005";"G02817";223;146.24;"2026-01-28";"Card"
"P003006";"G02818";505;73.93;"2026-03-29";"Card"
"P003007";"G02819";118;279.44;"2026-04-12";"Stripe"
"P003008";"G02820";515;159.89;"2026-03-15";"Stripe"
"P003009";"G02821";526;20.2;"2026-02-12";"Stripe"
"P003010";"G02822";218;143.25;"2026-05-07";"Stripe"
"P003011";"G02823";519;137.27;"2026-05-03";"Card"
"P003012";"G02824";301;129.17;"2026-05-16";"Card"
"P003013";"G02825";401;188.36;"2026-06-07";"Stripe"
"P003014";"G02826";420;109.28;"2026-04-13";"Card"
"P003015";"G02826";420;87.98;"2026-04-13";"Stripe"
"P003016";"G02827";214;94.53;"2026-01-19";"Stripe"
"P003017";"G02827";214;120.79;"2026-01-19";"Card"
"P003018";"G02829";325;10.0;"2026-04-03";"Stripe"
"P003019";"G02829";325;22.94;"2026-04-03";"Stripe"
"P003020";"G02830";509;166.92;"2026-01-04";"Stripe"
"P003021";"G02831";531;22.2;"2026-06-01";"Card"
"P003022";"G02831";531;4.58;"2026-06-01";"Card"
"P003023";"G02831";531;12.82;"2026-06-01";"Card"
"P003024";"G02832";111;193.86;"2026-06-06";"Stripe"
"P003025";"G02834";228;16.94;"2026-04-04";"Stripe"
"P003026";"G02835";434;67.37;"2026-01-14";"Card"
"P003027";"G02835";434;48.82;"2026-01-14";"Card"
"P003028";"G02835";434;42.0;"2026-01-17";"Card"
"P003029";"G02836";310;7.02;"2026-03-15";"Card"
"P003030";"G02837";406;115.11;"2026-06-20";"Stripe"
"P003031";"G02839";117;77.27;"2026-03-30";"Card"
"P003032";"G02839";117;103.79;"2026-03-30";"Card"
"P003033";"G02840";331;105.79;"2026-06-10";"Card"
"P003034";"G02841";428;276.16;"2026-01-28";"Card"
"P003035";"G02842";514;24.04;"2026-02-04";"Stripe"
"P003036";"G02842";514;24.3;"2026-02-04";"Card"
"P003037";"G02843";218;16.72;"2026-02-19";"Stripe"
"P003038";"G02844";329;34.82;"2026-05-28";"Card"
"P003039";"G02846";122;49.16;"2026-05-22";"Card"
"P003040";"G02847";215;136.68;"2026-03-29";"Card"
"P003041";"G02848";301;112.46;"2026-01-09";"Cash"
"P003042";"G02849";334;126.21;"2026-03-19";"Card"
"P003043";"G02850";506;71.78;"2026-02-05";"Card"
"P003044";"G02851";516;117.7;"2026-06-05";"Card"
"P003045";"G02852";318;117.41;"2026-03-21";"Card"
"P003046";"G02853";411;303.22;"2026-02-01";"Stripe"
"P003047";"G02854";404;315.22;"2026-04-16";"Cash"
"P003048";"G02856";511;58.28;"2026-01-25";"Card"
"P003049";"G02857";103;183.06;"2026-01-06";"Card"
"P003050";"G02858";515;32.71;"2026-05-07";"Card"
"P003051";"G02859";109;20.83;"2026-01-04";"Card"
"P003052";"G02860";218;65.64;"2026-01-13";"Card"
"P003053";"G02861";216;132.63;"2026-06-16";"Card"
"P003054";"G02862";512;151.05;"2026-05-18";"Card"
"P003055";"G02863";333;52.14;"2026-03-18";"Stripe"
"P003056";"G02864";527;74.21;"2026-03-26";"Card"
"P003057";"G02864";527;212.27;"2026-03-27";"Stripe"
"P003058";"G02865";525;104.94;"2026-04-15";"Card"
"P003059";"G02866";129;116.86;"2026-04-30";"Card"
"P003060";"G02867";219;554.12;"2026-04-20";"Stripe"
"P003061";"G02868";331;20.51;"2026-01-11";"Card"
"P003062";"G02869";306;46.28;"2026-01-28";"Stripe"
"P003063";"G02869";306;47.54;"2026-01-21";"Card"
"P003064";"G02870";227;18.74;"2026-04-05";"Stripe"
"P003065";"G02870";227;41.72;"2026-04-03";"Stripe"
"P003066";"G02871";331;168.45;"2026-03-22";"Stripe"
"P003067";"G02873";319;193.14;"2026-01-24";"Card"
"P003068";"G02874";201;213.42;"2026-05-05";"Cash"
"P003069";"G02875";430;5.0;"2026-03-17";"Card"
"P003070";"G02876";429;123.82;"2026-06-05";"Card"
"P003071";"G02877";323;102.08;"2026-03-13";"Stripe"
"P003072";"G02878";412;4.71;"2026-06-03";"Card"
"P003073";"G02878";412;4.99;"2026-06-04";"Card"
"P003074";"G02879";319;171.9;"2026-02-23";"Stripe"
"P003075";"G02880";110;185.13;"2026-06-14";"Card"
"P003076";"G02880";110;247.8;"2026-06-14";"Stripe"
"P003077";"G02881";411;20.95;"2026-03-06";"Card"
"P003078";"G02881";411;57.1;"2026-03-06";"Card"
"P003079";"G02882";320;176.41;"2026-01-10";"Card"
"P003080";"G02883";403;15.44;"2026-03-30";"Stripe"
"P003081";"G02884";414;59.9;"2026-04-25";"Cash"
"P003082";"G02884";414;80.23;"2026-04-25";"Stripe"
"P003083";"G02887";419;47.85;"2026-03-30";"Stripe"
"P003084";"G02887";419;113.9;"2026-03-30";"Card"
"P003085";"G02888";120;100.56;"2026-01-04";"Card"
"P003086";"G02889";133;18.73;"2026-06-12";"Stripe"
"P003087";"G02890";429;253.3;"2026-04-28";"Card"
"P003088";"G02892";528;26.79;"2026-01-27";"Card"
"P003089";"G02892";528;26.81;"2026-01-29";"Card"
"P003090";"G02893";322;6.32;"2026-04-05";"Stripe"
"P003091";"G02894";132;73.18;"2026-06-16";"Stripe"
"P003092";"G02894";132;138.86;"2026-06-19";"Stripe"
"P003093";"G02895";425;186.59;"2026-04-14";"Card"
"P003094";"G02896";402;17.01;"2026-05-09";"Card"
"P003095";"G02896";402;24.27;"2026-05-06";"Card"
"P003096";"G02897";420;102.77;"2026-05-09";"Cash"
"P003097";"G02898";411;384.64;"2026-04-15";"Card"
"P003098";"G02899";225;120.22;"2026-03-24";"Card"
"P003099";"G02900";411;62.52;"2026-04-15";"Card"
"P003100";"G02901";434;51.23;"2026-02-28";"Card"
"P003101";"G02902";127;72.74;"2026-05-11";"Card"
"P003102";"G02903";226;19.29;"2026-03-01";"Card"
"P003103";"G02903";226;25.65;"2026-03-01";"Stripe"
"P003104";"G02904";308;231.92;"2026-04-21";"Cash"
"P003105";"G02905";118;167.37;"2026-03-21";"Card"
"P003106";"G02908";428;54.36;"2026-05-29";"Cash"
"P003107";"G02910";428;6.42;"2026-05-18";"Stripe"
"P003108";"G02911";528;122.96;"2026-02-21";"Card"
"P003109";"G02912";517;143.78;"2026-05-13";"Card"
"P003110";"G02913";532;45.31;"2026-02-16";"Stripe"
"P003111";"G02913";532;68.49;"2026-02-15";"Stripe"
"P003112";"G02914";510;109.75;"2026-01-04";"Card"
"P003113";"G02914";510;171.09;"2026-01-04";"Card"
"P003114";"G02915";524;171.95;"2026-05-12";"Cash"
"P003115";"G02916";115;285.22;"2026-03-25";"Card"
"P003116";"G02917";416;135.62;"2026-04-25";"Cash"
"P003117";"G02918";529;38.52;"2026-03-07";"Card"
"P003118";"G02918";529;6.59;"2026-03-04";"Card"
"P003119";"G02918";529;19.63;"2026-03-07";"Stripe"
"P003120";"G02919";501;30.73;"2026-01-12";"Card"
"P003121";"G02919";501;34.8;"2026-01-12";"Card"
"P003122";"G02920";423;99.12;"2026-04-28";"Card"
"P003123";"G02920";423;64.01;"2026-04-28";"Card"
"P003124";"G02921";219;45.31;"2026-01-16";"Card"
"P003125";"G02922";314;119.22;"2026-06-18";"Card"
"P003126";"G02923";225;7.37;"2026-06-23";"Card"
"P003127";"G02924";529;122.38;"2026-04-03";"Card"
"P003128";"G02926";409;148.99;"2026-03-03";"Card"
"P003129";"G02927";516;293.91;"2026-05-26";"Stripe"
"P003130";"G02928";527;217.35;"2026-06-05";"Card"
"P003131";"G02931";328;23.11;"2026-01-30";"Card"
"P003132";"G02931";328;42.2;"2026-01-29";"Card"
"P003133";"G02932";305;187.06;"2026-05-21";"Card"
"P003134";"G02933";504;124.0;"2026-04-25";"Card"
"P003135";"G02935";404;76.59;"2026-01-03";"Card"
"P003136";"G02936";308;66.72;"2026-06-15";"Stripe"
"P003137";"G02936";308;47.15;"2026-06-15";"Card"
"P003138";"G02937";201;58.87;"2026-03-25";"Card"
"P003139";"G02937";201;85.56;"2026-03-25";"Card"
"P003140";"G02938";421;54.23;"2026-01-30";"Card"
"P003141";"G02940";134;62.04;"2026-01-22";"Stripe"
"P003142";"G02941";516;74.18;"2026-02-28";"Cash"
"P003143";"G02941";516;198.89;"2026-02-28";"Card"
"P003144";"G02942";419;150.56;"2026-04-23";"Card"
"P003145";"G02943";119;85.42;"2026-03-25";"Card"
"P003146";"G02944";234;66.95;"2026-05-17";"Stripe"
"P003147";"G02945";221;68.27;"2026-05-16";"Card"
"P003148";"G02945";221;123.22;"2026-05-16";"Card"
"P003149";"G02946";320;22.68;"2026-01-16";"Card"
"P003150";"G02946";320;13.52;"2026-01-12";"Cash"
"P003151";"G02946";320;29.26;"2026-01-12";"Card"
"P003152";"G02947";230;14.98;"2026-01-29";"Card"
"P003153";"G02948";528;3.45;"2026-04-07";"Card"
"P003154";"G02948";528;1.62;"2026-04-11";"Card"
"P003155";"G02948";528;4.4;"2026-04-11";"Card"
"P003156";"G02949";513;8.4;"2026-06-16";"Stripe"
"P003157";"G02950";134;120.0;"2026-01-30";"Card"
"P003158";"G02951";306;137.83;"2026-01-15";"Card"
"P003159";"G02952";120;453.21;"2026-04-07";"Stripe"
"P003160";"G02953";306;66.08;"2026-04-07";"Stripe"
"P003161";"G02955";408;106.82;"2026-05-20";"Card"
"P003162";"G02955";408;169.67;"2026-05-20";"Stripe"
"P003163";"G02956";208;317.18;"2026-05-19";"Cash"
"P003164";"G02957";317;9.96;"2026-05-21";"Cash"
"P003165";"G02957";317;5.01;"2026-05-21";"Card"
"P003166";"G02957";317;4.07;"2026-05-21";"Card"
"P003167";"G02958";522;87.67;"2026-03-19";"Card"
"P003168";"G02959";315;91.67;"2026-06-29";"Card"
"P003169";"G02959";315;260.45;"2026-06-29";"Card"
"P003170";"G02960";310;82.97;"2026-04-29";"Card"
"P003171";"G02960";310;128.41;"2026-04-29";"Card"
"P003172";"G02963";224;37.24;"2026-05-16";"Card"
"P003173";"G02964";104;20.47;"2026-04-06";"Card"
"P003174";"G02965";327;85.26;"2026-02-09";"Card"
"P003175";"G02965";327;93.32;"2026-02-09";"Cash"
"P003176";"G02966";104;17.32;"2026-06-16";"Card"
"P003177";"G02966";104;19.37;"2026-06-16";"Stripe"
"P003178";"G02967";328;249.9;"2026-06-26";"Card"
"P003179";"G02968";325;164.22;"2026-03-19";"Stripe"
"P003180";"G02969";220;352.79;"2026-04-25";"Card"
"P003181";"G02970";519;189.27;"2026-03-16";"Card"
"P003182";"G02971";130;86.96;"2026-05-07";"Cash"
"P003183";"G02972";118;140.43;"2026-06-28";"Card"
"P003184";"G02973";117;184.89;"2026-04-23";"Card"
"P003185";"G02974";226;86.09;"2026-03-12";"Cash"
"P003186";"G02975";310;41.28;"2026-04-08";"Stripe"
"P003187";"G02976";332;14.19;"2026-03-05";"Stripe"
"P003188";"G02976";332;32.96;"2026-03-05";"Card"
"P003189";"G02978";326;45.66;"2026-06-07";"Stripe"
"P003190";"G02979";316;173.65;"2026-02-14";"Stripe"
"P003191";"G02980";411;39.01;"2026-04-22";"Cash"
"P003192";"G02980";411;34.0;"2026-04-22";"Stripe"
"P003193";"G02980";411;62.26;"2026-04-21";"Card"
"P003194";"G02981";225;83.55;"2026-02-09";"Stripe"
"P003195";"G02982";526;13.29;"2026-02-12";"Cash"
"P003196";"G02983";415;374.72;"2026-04-02";"Card"
"P003197";"G02984";413;154.33;"2026-06-11";"Stripe"
"P003198";"G02984";413;201.62;"2026-06-11";"Card"
"P003199";"G02985";514;50.2;"2026-01-17";"Stripe"
"P003200";"G02986";215;212.18;"2026-06-14";"Card"
"P003201";"G02988";523;120.18;"2026-02-16";"Card"
"P003202";"G02988";523;303.77;"2026-02-16";"Card"
"P003203";"G02989";404;25.0;"2026-05-17";"Card"
"P003204";"G02990";316;160.53;"2026-03-22";"Card"
"P003205";"G02991";329;69.35;"2026-04-08";"Cash"
"P003206";"G02991";329;71.78;"2026-04-04";"Stripe"
"P003207";"G02992";413;198.34;"2026-05-18";"Card"
"P003208";"G02993";512;14.14;"2026-03-30";"Stripe"
"P003209";"G02993";512;9.48;"2026-03-29";"Card"
"P003210";"G02994";523;125.72;"2026-02-12";"Card"
"P003211";"G02995";306;71.18;"2026-05-04";"Cash"
"P003212";"G03000";129;274.14;"2026-05-23";"Stripe"
"P003213";"G03001";411;80.72;"2026-04-30";"Card"
"P003214";"G03002";427;256.66;"2026-01-06";"Card"
"P003215";"G03003";308;145.69;"2026-06-17";"Stripe"
"P003216";"G03005";517;68.24;"2026-06-22";"Stripe"
"P003217";"G03005";517;45.04;"2026-06-26";"Card"
"P003218";"G03006";506;74.0;"2026-04-05";"Card"
"P003219";"G03007";218;8.27;"2026-02-14";"Card"
"P003220";"G03008";429;50.06;"2026-01-10";"Card"
"P003221";"G03009";230;100.85;"2026-04-22";"Card"
"P003222";"G03010";417;48.2;"2026-02-12";"Card"
"P003223";"G03011";509;83.56;"2026-03-02";"Stripe"
"P003224";"G03012";130;392.56;"2026-05-11";"Card"
"P003225";"G03013";323;181.56;"2026-06-04";"Card"
"P003226";"G03014";322;127.26;"2026-03-15";"Cash"
"P003227";"G03015";104;12.59;"2026-01-04";"Card"
"P003228";"G03016";120;4.29;"2026-04-11";"Card"
"P003229";"G03017";403;138.3;"2026-01-18";"Stripe"
"P003230";"G03020";402;82.95;"2026-05-06";"Card"
"P003231";"G03021";515;234.53;"2026-05-02";"Stripe"
"P003232";"G03022";508;17.7;"2026-06-16";"Card"
"P003233";"G03023";133;105.5;"2026-06-27";"Card"
"P003234";"G03023";133;157.15;"2026-06-27";"Stripe"
"P003235";"G03024";207;71.09;"2026-03-09";"Card"
"P003236";"G03025";326;89.83;"2026-02-06";"Card"
"P003237";"G03026";403;167.17;"2026-03-09";"Card"
"P003238";"G03027";127;164.57;"2026-02-13";"Card"
"P003239";"G03028";119;79.19;"2026-04-30";"Stripe"
"P003240";"G03029";427;24.85;"2026-01-05";"Cash"
"P003241";"G03029";427;19.2;"2026-01-01";"Card"
"P003242";"G03030";110;33.66;"2026-04-21";"Stripe"
"P003243";"G03030";110;53.4;"2026-04-17";"Stripe"
"P003244";"G03031";329;77.09;"2026-03-23";"Card"
"P003245";"G03033";511;55.39;"2026-05-11";"Stripe"
"P003246";"G03033";511;77.52;"2026-05-11";"Stripe"
"P003247";"G03034";112;155.74;"2026-06-27";"Stripe"
"P003248";"G03035";418;155.56;"2026-04-06";"Card"
"P003249";"G03037";103;54.96;"2026-01-28";"Cash"
"P003250";"G03038";509;16.56;"2026-05-03";"Card"
"P003251";"G03039";313;190.37;"2026-05-28";"Stripe"
"P003252";"G03040";503;22.35;"2026-05-01";"Card"
"P003253";"G03040";503;49.02;"2026-05-02";"Stripe"
"P003254";"G03041";213;78.41;"2026-03-02";"Card"
"P003255";"G03041";213;95.31;"2026-03-02";"Card"
"P003256";"G03042";518;119.86;"2026-04-18";"Card"
"P003257";"G03043";417;146.05;"2026-02-11";"Card"
"P003258";"G03044";531;98.76;"2026-06-25";"Stripe"
"P003259";"G03046";328;212.44;"2026-01-18";"Card"
"P003260";"G03047";228;164.42;"2026-01-25";"Stripe"
"P003261";"G03048";118;255.95;"2026-02-27";"Card"
"P003262";"G03052";411;216.57;"2026-02-24";"Card"
"P003263";"G03053";129;375.31;"2026-03-22";"Card"
"P003264";"G03054";201;60.51;"2026-02-14";"Cash"
"P003265";"G03056";105;49.14;"2026-02-15";"Stripe"
"P003266";"G03057";426;86.1;"2026-06-14";"Card"
"P003267";"G03058";203;161.55;"2026-01-27";"Card"
"P003268";"G03059";134;68.32;"2026-02-21";"Card"
"P003269";"G03060";220;52.12;"2026-06-22";"Card"
"P003270";"G03060";220;86.79;"2026-06-22";"Card"
"P003271";"G03061";529;233.15;"2026-01-08";"Card"
"P003272";"G03062";524;215.74;"2026-03-02";"Stripe"
"P003273";"G03063";227;48.49;"2026-01-29";"Card"
"P003274";"G03065";116;225.2;"2026-05-07";"Cash"
"P003275";"G03067";134;91.78;"2026-04-17";"Stripe"
"P003276";"G03069";301;112.82;"2026-05-13";"Cash"
"P003277";"G03069";301;74.82;"2026-05-13";"Card"
"P003278";"G03071";410;163.14;"2026-04-22";"Cash"
"P003279";"G03072";126;86.84;"2026-04-04";"Card"
"P003280";"G03073";129;243.65;"2026-04-06";"Stripe"
"P003281";"G03074";533;222.85;"2026-04-19";"Card"
"P003282";"G03075";108;29.85;"2026-06-12";"Stripe"
"P003283";"G03075";108;35.11;"2026-06-08";"Stripe"
"P003284";"G03077";322;75.55;"2026-03-22";"Card"
"P003285";"G03078";205;19.77;"2026-05-11";"Card"
"P003286";"G03079";232;21.74;"2026-06-04";"Card"
"P003287";"G03079";232;18.14;"2026-06-05";"Card"
"P003288";"G03080";534;196.01;"2026-02-02";"Card"
"P003289";"G03081";319;211.14;"2026-01-01";"Cash"
"P003290";"G03082";309;14.72;"2026-01-04";"Card"
"P003291";"G03082";309;36.86;"2026-01-04";"Card"
"P003292";"G03083";222;50.14;"2026-02-05";"Cash"
"P003293";"G03084";329;136.45;"2026-02-09";"Card"
"P003294";"G03085";131;119.96;"2026-05-06";"Card"
"P003295";"G03086";206;20.5;"2026-04-06";"Stripe"
"P003296";"G03087";113;72.63;"2026-04-05";"Card"
"P003297";"G03090";412;33.41;"2026-05-20";"Cash"
"P003298";"G03091";201;299.22;"2026-04-05";"Card"
"P003299";"G03092";416;18.33;"2026-06-01";"Cash"
"P003300";"G03092";416;43.97;"2026-06-01";"Cash"
"P003301";"G03094";514;137.07;"2026-06-20";"Card"
"P003302";"G03095";325;579.97;"2026-05-04";"Card"
"P003303";"G03096";210;32.11;"2026-03-04";"Cash"
"P003304";"G03097";216;143.59;"2026-04-21";"Stripe"
"P003305";"G03097";216;86.59;"2026-04-21";"Card"
"P003306";"G03099";320;117.8;"2026-02-12";"Card"
"P003307";"G03101";433;143.23;"2026-01-06";"Card"
"P003308";"G03103";418;142.53;"2026-03-01";"Card"
"P003309";"G03103";418;59.28;"2026-03-01";"Card"
"P003310";"G03103";418;44.12;"2026-02-26";"Card"
"P003311";"G03104";512;55.72;"2026-04-03";"Stripe"
"P003312";"G03105";116;99.04;"2026-01-12";"Card"
"P003313";"G03105";116;84.13;"2026-01-12";"Card"
"P003314";"G03106";230;164.13;"2026-06-17";"Cash"
"P003315";"G03107";105;277.92;"2026-05-24";"Card"
"P003316";"G03109";324;78.01;"2026-04-20";"Card"
"P003317";"G03110";403;39.43;"2026-06-25";"Card"
"P003318";"G03110";403;105.9;"2026-06-25";"Stripe"
"P003319";"G03111";433;46.59;"2026-03-08";"Card"
"P003320";"G03111";433;27.68;"2026-03-05";"Stripe"
"P003321";"G03113";334;222.22;"2026-03-08";"Stripe"
"P003322";"G03115";333;8.56;"2026-04-16";"Card"
"P003323";"G03115";333;14.27;"2026-04-17";"Card"
"P003324";"G03116";405;71.25;"2026-06-10";"Card"
"P003325";"G03117";530;314.19;"2026-02-13";"Stripe"
"P003326";"G03118";223;40.87;"2026-02-03";"Card"
"P003327";"G03121";328;49.72;"2026-06-02";"Card"
"P003328";"G03121";328;38.88;"2026-06-04";"Stripe"
"P003329";"G03122";518;40.81;"2026-05-14";"Card"
"P003330";"G03123";224;69.82;"2026-02-17";"Card"
"P003331";"G03124";419;192.31;"2026-01-03";"Card"
"P003332";"G03125";110;76.6;"2026-03-22";"Stripe"
"P003333";"G03125";110;70.2;"2026-03-22";"Card"
"P003334";"G03126";312;167.2;"2026-04-25";"Card"
"P003335";"G03127";221;522.02;"2026-05-31";"Card"
"P003336";"G03128";431;66.07;"2026-02-02";"Stripe"
"P003337";"G03129";228;148.38;"2026-03-01";"Card"
"P003338";"G03130";321;183.46;"2026-05-17";"Card"
"P003339";"G03131";118;167.84;"2026-03-02";"Card"
"P003340";"G03133";102;113.89;"2026-06-03";"Card"
"P003341";"G03134";308;10.01;"2026-04-17";"Card"
"P003342";"G03134";308;12.62;"2026-04-15";"Card"
"P003343";"G03135";531;118.98;"2026-02-25";"Card"
"P003344";"G03136";509;80.49;"2026-01-14";"Stripe"
"P003345";"G03136";509;180.03;"2026-01-13";"Stripe"
"P003346";"G03137";404;6.13;"2026-04-21";"Card"
"P003347";"G03138";313;244.98;"2026-02-10";"Stripe"
"P003348";"G03140";324;72.96;"2026-03-02";"Stripe"
"P003349";"G03141";107;195.47;"2026-04-01";"Card"
"P003350";"G03144";410;24.33;"2026-05-21";"Stripe"
"P003351";"G03144";410;39.96;"2026-05-21";"Cash"
"P003352";"G03145";107;80.79;"2026-06-07";"Card"
"P003353";"G03146";534;95.44;"2026-06-25";"Cash"
"P003354";"G03147";408;230.41;"2026-03-11";"Card"
"P003355";"G03148";205;259.69;"2026-04-26";"Card"
"P003356";"G03150";227;235.08;"2026-01-06";"Stripe"
"P003357";"G03151";209;352.71;"2026-02-04";"Card"
"P003358";"G03152";332;110.95;"2026-01-08";"Card"
"P003359";"G03153";111;189.78;"2026-02-25";"Cash"
"P003360";"G03154";317;106.51;"2026-01-06";"Cash"
"P003361";"G03154";317;147.36;"2026-01-03";"Stripe"
"P003362";"G03155";301;89.64;"2026-02-23";"Card"
"P003363";"G03156";216;18.81;"2026-06-25";"Card"
"P003364";"G03156";216;12.04;"2026-06-26";"Stripe"
"P003365";"G03157";415;59.39;"2026-05-27";"Card"
"P003366";"G03159";425;0.82;"2026-01-04";"Cash"
"P003367";"G03160";201;23.38;"2026-05-07";"Card"
"P003368";"G03161";311;72.72;"2026-04-28";"Card"
"P003369";"G03161";311;105.18;"2026-04-30";"Card"
"P003370";"G03162";507;46.36;"2026-03-24";"Card"
"P003371";"G03163";131;93.36;"2026-03-04";"Card"
"P003372";"G03164";512;5.14;"2026-04-01";"Card"
"P003373";"G03165";328;40.77;"2026-06-21";"Stripe"
"P003374";"G03165";328;72.96;"2026-06-19";"Stripe"
"P003375";"G03166";317;51.44;"2026-06-05";"Stripe"
"P003376";"G03168";104;342.64;"2026-06-22";"Cash"
"P003377";"G03169";127;117.01;"2026-04-13";"Card"
"P003378";"G03170";406;123.54;"2026-06-22";"Card"
"P003379";"G03170";406;104.61;"2026-06-18";"Card"
"P003380";"G03171";127;13.94;"2026-03-08";"Card"
"P003381";"G03172";509;73.12;"2026-02-14";"Card"
"P003382";"G03173";333;180.76;"2026-02-25";"Stripe"
"P003383";"G03174";520;97.4;"2026-06-30";"Card"
"P003384";"G03175";225;79.19;"2026-05-13";"Card"
"P003385";"G03176";525;380.93;"2026-06-13";"Stripe"
"P003386";"G03177";134;121.27;"2026-06-30";"Card"
"P003387";"G03178";310;31.66;"2026-05-18";"Cash"
"P003388";"G03180";228;5.0;"2026-03-30";"Card"
"P003389";"G03181";228;19.61;"2026-05-15";"Cash"
"P003390";"G03181";228;28.92;"2026-05-15";"Card"
"P003391";"G03183";420;85.54;"2026-02-24";"Cash"
"P003392";"G03184";123;418.55;"2026-05-03";"Card"
"P003393";"G03185";103;12.11;"2026-06-02";"Card"
"P003394";"G03185";103;27.56;"2026-06-04";"Stripe"
"P003395";"G03187";204;175.69;"2026-06-12";"Card"
"P003396";"G03188";113;157.6;"2026-06-01";"Card"
"P003397";"G03189";529;74.01;"2026-06-11";"Card"
"P003398";"G03190";104;38.6;"2026-01-07";"Card"
"P003399";"G03190";104;31.82;"2026-01-07";"Card"
"P003400";"G03190";104;49.83;"2026-01-07";"Card"
"P003401";"G03191";234;58.03;"2026-02-09";"Card"
"P003402";"G03192";301;11.75;"2026-06-22";"Stripe"
"P003403";"G03193";105;64.76;"2026-03-23";"Card"
"P003404";"G03193";105;57.97;"2026-03-23";"Card"
"P003405";"G03195";132;293.87;"2026-06-29";"Stripe"
"P003406";"G03196";533;84.22;"2026-03-26";"Card"
"P003407";"G03197";232;71.73;"2026-03-25";"Card"
"P003408";"G03199";512;173.58;"2026-02-02";"Card"
"P003409";"G03200";533;144.42;"2026-02-17";"Card"
"P003410";"G03201";212;430.42;"2026-05-20";"Card"
"P003411";"G03202";524;55.47;"2026-06-29";"Card"
"P003412";"G03202";524;56.63;"2026-06-25";"Stripe"
"P003413";"G03203";505;22.94;"2026-02-12";"Stripe"
"P003414";"G03204";109;164.99;"2026-01-20";"Card"
"P003415";"G03205";216;54.12;"2026-05-18";"Cash"
"P003416";"G03206";312;216.94;"2026-05-27";"Stripe"
"P003417";"G03207";414;292.48;"2026-01-02";"Card"
"P003418";"G03208";114;201.25;"2026-04-29";"Card"
"P003419";"G03209";228;144.3;"2026-06-18";"Card"
"P003420";"G03209";228;133.53;"2026-06-18";"Stripe"
"P003421";"G03210";214;61.7;"2026-02-16";"Stripe"
"P003422";"G03210";214;147.95;"2026-02-17";"Card"
"P003423";"G03211";202;16.01;"2026-06-24";"Card"
"P003424";"G03211";202;10.25;"2026-06-24";"Card"
"P003425";"G03212";530;84.3;"2026-03-26";"Cash"
"P003426";"G03215";503;29.29;"2026-01-19";"Card"
"P003427";"G03215";503;16.63;"2026-01-25";"Stripe"
"P003428";"G03215";503;27.83;"2026-01-25";"Card"
"P003429";"G03216";410;47.51;"2026-04-16";"Card"
"P003430";"G03217";508;63.48;"2026-01-08";"Card"
"P003431";"G03218";430;78.42;"2026-04-04";"Card"
"P003432";"G03218";430;135.48;"2026-04-04";"Card"
"P003433";"G03219";314;201.81;"2026-02-10";"Card"
"P003434";"G03220";412;165.87;"2026-03-22";"Stripe"
"P003435";"G03221";115;133.6;"2026-06-19";"Stripe"
"P003436";"G03222";515;78.52;"2026-02-12";"Card"
"P003437";"G03223";319;79.86;"2026-04-02";"Card"
"P003438";"G03224";434;24.64;"2026-05-26";"Card"
"P003439";"G03225";517;96.96;"2026-01-21";"Cash"
"P003440";"G03226";229;35.93;"2026-03-12";"Card"
"P003441";"G03226";229;28.88;"2026-03-10";"Stripe"
"P003442";"G03228";524;289.63;"2026-06-27";"Card"
"P003443";"G03229";406;109.19;"2026-06-21";"Card"
"P003444";"G03229";406;61.75;"2026-06-21";"Stripe"
"P003445";"G03230";527;11.16;"2026-03-23";"Card"
"P003446";"G03230";527;24.31;"2026-03-18";"Card"
"P003447";"G03231";410;175.19;"2026-06-26";"Stripe"
"P003448";"G03232";425;111.66;"2026-03-18";"Card"
"P003449";"G03233";434;159.53;"2026-01-08";"Stripe"
"P003450";"G03234";125;40.93;"2026-01-19";"Stripe"
"P003451";"G03234";125;120.09;"2026-01-19";"Card"
"P003452";"G03235";327;231.57;"2026-05-16";"Card"
"P003453";"G03236";227;13.59;"2026-03-13";"Card"
"P003454";"G03236";227;9.2;"2026-03-07";"Cash"
"P003455";"G03237";206;24.73;"2026-01-30";"Stripe"
"P003456";"G03237";206;15.09;"2026-01-27";"Card"
"P003457";"G03238";411;250.75;"2026-05-16";"Card"
"P003458";"G03240";226;0.04;"2026-02-21";"Card"
"P003459";"G03241";522;18.93;"2026-03-16";"Card"
"P003460";"G03241";522;6.45;"2026-03-13";"Stripe"
"P003461";"G03241";522;13.83;"2026-03-16";"Card"
"P003462";"G03242";223;293.66;"2026-03-01";"Card"
"P003463";"G03243";124;78.42;"2026-03-05";"Card"
"P003464";"G03244";322;75.62;"2026-05-08";"Card"
"P003465";"G03245";303;118.77;"2026-06-13";"Stripe"
"P003466";"G03247";307;94.56;"2026-03-13";"Stripe"
"P003467";"G03247";307;82.7;"2026-03-11";"Stripe"
"P003468";"G03248";505;75.3;"2026-03-09";"Card"
"P003469";"G03249";412;37.91;"2026-05-20";"Stripe"
"P003470";"G03251";517;57.16;"2026-03-28";"Stripe"
"P003471";"G03252";128;88.2;"2026-03-15";"Stripe"
"P003472";"G03253";221;52.33;"2026-02-18";"Card"
"P003473";"G03253";221;35.06;"2026-02-18";"Card"
"P003474";"G03254";316;49.07;"2026-02-17";"Card"
"P003475";"G03255";421;71.72;"2026-03-14";"Card"
"P003476";"G03256";221;92.14;"2026-03-15";"Card"
"P003477";"G03257";518;300.55;"2026-05-08";"Stripe"
"P003478";"G03258";204;76.35;"2026-06-19";"Card"
"P003479";"G03259";211;186.92;"2026-05-30";"Stripe"
"P003480";"G03261";225;154.14;"2026-03-10";"Card"
"P003481";"G03262";227;377.02;"2026-06-27";"Card"
"P003482";"G03263";514;154.27;"2026-04-07";"Card"
"P003483";"G03264";202;173.6;"2026-03-02";"Card"
"P003484";"G03264";202;108.34;"2026-02-28";"Stripe"
"P003485";"G03265";418;258.27;"2026-04-25";"Card"
"P003486";"G03266";306;224.09;"2026-01-11";"Card"
"P003487";"G03267";234;22.8;"2026-03-11";"Stripe"
"P003488";"G03268";112;55.56;"2026-06-19";"Card"
"P003489";"G03269";434;47.87;"2026-06-23";"Card"
"P003490";"G03269";434;124.06;"2026-06-23";"Stripe"
"P003491";"G03270";522;3.3;"2026-04-06";"Cash"
"P003492";"G03271";527;96.15;"2026-03-24";"Stripe"
"P003493";"G03273";305;60.47;"2026-06-27";"Card"
"P003494";"G03275";512;38.43;"2026-06-09";"Stripe"
"P003495";"G03276";514;71.17;"2026-02-02";"Card"
"P003496";"G03278";207;440.83;"2026-01-19";"Card"
"P003497";"G03279";229;166.0;"2026-06-02";"Card"
"P003498";"G03281";528;13.38;"2026-05-09";"Card"
"P003499";"G03281";528;18.69;"2026-05-09";"Card"
"P003500";"G03282";524;309.38;"2026-05-26";"Card"
"P003501";"G03283";206;127.19;"2026-01-31";"Stripe"
"P003502";"G03284";105;32.42;"2026-04-20";"Card"
"P003503";"G03285";429;92.74;"2026-01-24";"Card"
"P003504";"G03287";533;246.11;"2026-04-14";"Stripe"
"P003505";"G03288";116;192.98;"2026-04-04";"Card"
"P003506";"G03289";434;89.6;"2026-03-21";"Cash"
"P003507";"G03290";115;109.31;"2026-02-06";"Card"
"P003508";"G03291";319;226.08;"2026-04-07";"Card"
"P003509";"G03292";530;88.49;"2026-06-19";"Card"
"P003510";"G03293";124;127.54;"2026-05-29";"Stripe"
"P003511";"G03294";231;2.02;"2026-06-13";"Cash"
"P003512";"G03295";516;33.82;"2026-04-25";"Card"
"P003513";"G03295";516;74.86;"2026-04-23";"Cash"
"P003514";"G03296";324;89.07;"2026-05-09";"Card"
"P003515";"G03297";507;89.37;"2026-03-31";"Card"
"P003516";"G03298";411;137.73;"2026-02-12";"Stripe"
"P003517";"G03298";411;42.81;"2026-02-15";"Stripe"
"P003518";"G03298";411;68.91;"2026-02-15";"Card"
"P003519";"G03299";402;137.78;"2026-04-11";"Card"
"P003520";"G03300";103;13.39;"2026-05-14";"Stripe"
"P003521";"G03301";217;104.02;"2026-03-22";"Stripe"
"P003522";"G03301";217;155.3;"2026-03-22";"Card"
"P003523";"G03302";427;40.84;"2026-06-28";"Card"
"P003524";"G03303";524;235.2;"2026-03-01";"Card"
"P003525";"G03304";110;53.37;"2026-01-27";"Card"
"P003526";"G03305";501;10.76;"2026-06-03";"Card"
"P003527";"G03306";506;30.01;"2026-01-30";"Stripe"
"P003528";"G03307";217;327.88;"2026-05-19";"Card"
"P003529";"G03308";521;243.15;"2026-02-26";"Stripe"
"P003530";"G03309";333;116.94;"2026-06-01";"Card"
"P003531";"G03310";133;91.99;"2026-03-13";"Card"
"P003532";"G03311";203;149.34;"2026-03-10";"Card"
"P003533";"G03312";212;90.01;"2026-04-22";"Cash"
"P003534";"G03312";212;233.27;"2026-04-22";"Card"
"P003535";"G03313";429;157.35;"2026-03-30";"Card"
"P003536";"G03314";423;134.78;"2026-06-23";"Stripe"
"P003537";"G03315";134;110.13;"2026-05-05";"Stripe"
"P003538";"G03316";314;174.01;"2026-03-28";"Card"
"P003539";"G03317";534;156.93;"2026-03-04";"Card"
"P003540";"G03317";534;268.0;"2026-03-03";"Card"
"P003541";"G03318";224;25.1;"2026-01-07";"Card"
"P003542";"G03319";509;84.65;"2026-04-02";"Stripe"
"P003543";"G03320";307;218.47;"2026-05-02";"Card"
"P003544";"G03321";104;3.51;"2026-05-06";"Cash"
"P003545";"G03321";104;6.38;"2026-05-06";"Card"
"P003546";"G03322";427;37.44;"2026-01-25";"Card"
"P003547";"G03323";126;114.25;"2026-03-31";"Stripe"
"P003548";"G03324";104;101.01;"2026-06-29";"Card"
"P003549";"G03325";216;81.37;"2026-02-04";"Card"
"P003550";"G03326";504;22.32;"2026-04-12";"Stripe"
"P003551";"G03327";116;99.65;"2026-03-19";"Stripe"
"P003552";"G03328";201;109.19;"2026-06-30";"Card"
"P003553";"G03329";514;102.1;"2026-02-10";"Card"
"P003554";"G03330";424;78.21;"2026-02-02";"Card"
"P003555";"G03331";406;107.62;"2026-04-29";"Card"
"P003556";"G03332";504;59.9;"2026-04-20";"Card"
"P003557";"G03333";514;12.54;"2026-04-29";"Card"
"P003558";"G03333";514;13.77;"2026-05-01";"Card"
"P003559";"G03333";514;23.84;"2026-05-01";"Cash"
"P003560";"G03334";326;176.77;"2026-01-06";"Cash"
"P003561";"G03335";420;100.05;"2026-02-19";"Card"
"P003562";"G03336";111;17.91;"2026-05-16";"Cash"
"P003563";"G03337";108;221.03;"2026-04-23";"Cash"
"P003564";"G03338";125;141.69;"2026-05-30";"Cash"
"P003565";"G03339";520;40.37;"2026-05-01";"Card"
"P003566";"G03340";418;197.34;"2026-04-13";"Card"
"P003567";"G03341";317;27.99;"2026-04-17";"Card"
"P003568";"G03342";305;134.59;"2026-01-11";"Card"
"P003569";"G03343";530;161.23;"2026-03-13";"Card"
"P003570";"G03344";208;0.82;"2026-04-02";"Card"
"P003571";"G03345";110;7.2;"2026-05-12";"Stripe"
"P003572";"G03346";227;205.74;"2026-06-23";"Card"
"P003573";"G03347";203;102.32;"2026-04-03";"Card"
"P003574";"G03348";129;44.4;"2026-06-21";"Card"
"P003575";"G03348";129;109.7;"2026-06-21";"Card"
"P003576";"G03349";406;187.02;"2026-06-09";"Card"
"P003577";"G03350";523;105.3;"2026-01-27";"Card"
"P003578";"G03350";523;69.11;"2026-01-26";"Stripe"
"P003579";"G03351";508;84.24;"2026-01-10";"Card"
"P003580";"G03352";405;71.03;"2026-03-22";"Card"
"P003581";"G03354";321;2.96;"2026-01-17";"Stripe"
"P003582";"G03354";321;2.05;"2026-01-17";"Card"
"P003583";"G03355";415;313.58;"2026-03-07";"Card"
"P003584";"G03356";131;73.26;"2026-01-13";"Card"
"P003585";"G03357";103;19.56;"2026-01-27";"Cash"
"P003586";"G03358";218;56.77;"2026-04-07";"Cash"
"P003587";"G03358";218;137.31;"2026-04-07";"Card"
"P003588";"G03359";328;138.93;"2026-01-28";"Card"
"P003589";"G03360";233;231.92;"2026-06-26";"Cash"
"P003590";"G03361";414;52.9;"2026-05-10";"Card"
"P003591";"G03363";231;164.48;"2026-05-11";"Card"
"P003592";"G03364";226;64.5;"2026-04-02";"Stripe"
"P003593";"G03366";530;47.97;"2026-05-01";"Card"
"P003594";"G03366";530;137.21;"2026-05-01";"Card"
"P003595";"G03367";201;34.0;"2026-05-04";"Cash"
"P003596";"G03367";201;54.12;"2026-05-10";"Card"
"P003597";"G03367";201;40.07;"2026-05-04";"Card"
"P003598";"G03368";215;112.16;"2026-03-01";"Stripe"
"P003599";"G03368";215;215.17;"2026-02-28";"Card"
"P003600";"G03369";221;140.39;"2026-06-17";"Stripe"
"P003601";"G03369";221;197.91;"2026-06-17";"Card"
"P003602";"G03370";330;58.9;"2026-01-08";"Card"
"P003603";"G03370";330;117.91;"2026-01-08";"Stripe"
"P003604";"G03371";323;222.58;"2026-06-05";"Card"
"P003605";"G03372";333;171.45;"2026-03-31";"Stripe"
"P003606";"G03373";505;71.12;"2026-03-08";"Cash"
"P003607";"G03374";126;137.09;"2026-06-27";"Stripe"
"P003608";"G03375";406;63.78;"2026-05-08";"Cash"
"P003609";"G03376";505;14.02;"2026-05-23";"Card"
"P003610";"G03377";425;70.21;"2026-06-29";"Card"
"P003611";"G03377";425;125.21;"2026-06-29";"Card"
"P003612";"G03378";406;268.03;"2026-01-18";"Stripe"
"P003613";"G03379";203;164.13;"2026-03-02";"Stripe"
"P003614";"G03381";220;19.57;"2026-06-24";"Card"
"P003615";"G03382";123;69.87;"2026-05-16";"Stripe"
"P003616";"G03383";317;81.02;"2026-01-24";"Stripe"
"P003617";"G03385";526;92.59;"2026-02-17";"Card"
"P003618";"G03387";213;121.05;"2026-04-03";"Cash"
"P003619";"G03387";213;66.02;"2026-04-03";"Stripe"
"P003620";"G03388";113;70.93;"2026-01-14";"Cash"
"P003621";"G03388";113;43.92;"2026-01-11";"Card"
"P003622";"G03389";301;339.95;"2026-04-27";"Cash"
"P003623";"G03390";119;285.7;"2026-03-22";"Card"
"P003624";"G03391";130;100.73;"2026-05-29";"Cash"
"P003625";"G03392";425;60.92;"2026-06-25";"Stripe"
"P003626";"G03393";331;74.48;"2026-03-21";"Stripe"
"P003627";"G03395";507;271.17;"2026-04-01";"Card"
"P003628";"G03396";533;303.04;"2026-03-04";"Card"
"P003629";"G03397";522;354.8;"2026-05-02";"Stripe"
"P003630";"G03398";203;33.7;"2026-06-01";"Cash"
"P003631";"G03399";319;41.92;"2026-05-11";"Card"
"P003632";"G03399";319;41.59;"2026-05-11";"Card"
"P003633";"G03400";326;86.26;"2026-05-23";"Stripe"
"P003634";"G03400";326;58.64;"2026-05-27";"Card"
"P003635";"G03402";213;102.96;"2026-05-22";"Card"
"P003636";"G03403";516;9.6;"2026-02-21";"Card"
"P003637";"G03404";221;15.29;"2026-02-26";"Stripe"
"P003638";"G03405";509;96.41;"2026-04-30";"Stripe"
"P003639";"G03407";305;160.74;"2026-01-02";"Card"
"P003640";"G03408";105;26.74;"2026-02-22";"Stripe"
"P003641";"G03409";118;34.08;"2026-01-24";"Stripe"
"P003642";"G03410";434;14.54;"2026-01-26";"Card"
"P003643";"G03410";434;30.08;"2026-01-26";"Card"
"P003644";"G03411";227;169.54;"2026-01-11";"Card"
"P003645";"G03412";128;22.8;"2026-02-06";"Card"
"P003646";"G03412";128;39.3;"2026-02-08";"Stripe"
"P003647";"G03413";212;156.87;"2026-01-03";"Card"
"P003648";"G03414";416;41.78;"2026-05-02";"Stripe"
"P003649";"G03415";401;35.35;"2026-05-03";"Card"
"P003650";"G03416";214;281.08;"2026-05-04";"Card"
"P003651";"G03417";224;41.48;"2026-03-17";"Stripe"
"P003652";"G03418";525;441.82;"2026-05-15";"Card"
"P003653";"G03419";425;5.0;"2026-03-11";"Card"
"P003654";"G03420";310;47.28;"2026-06-30";"Card"
"P003655";"G03421";310;15.86;"2026-05-15";"Stripe"
"P003656";"G03421";310;27.11;"2026-05-15";"Stripe"
"P003657";"G03422";531;140.2;"2026-05-14";"Card"
"P003658";"G03423";309;109.28;"2026-06-12";"Card"
"P003659";"G03424";130;93.97;"2026-06-21";"Stripe"
"P003660";"G03425";228;278.58;"2026-06-20";"Card"
"P003661";"G03427";130;93.9;"2026-04-19";"Card"
"P003662";"G03428";102;7.91;"2026-03-31";"Card"
"P003663";"G03428";102;18.05;"2026-03-29";"Stripe"
"P003664";"G03429";520;143.61;"2026-04-18";"Card"
"P003665";"G03431";227;133.36;"2026-04-06";"Card"
"P003666";"G03432";421;60.82;"2026-05-23";"Card"
"P003667";"G03432";421;53.39;"2026-05-23";"Cash"
"P003668";"G03433";134;19.27;"2026-04-19";"Card"
"P003669";"G03434";404;218.95;"2026-01-04";"Card"
"P003670";"G03435";117;231.44;"2026-05-27";"Cash"
"P003671";"G03436";329;17.49;"2026-01-11";"Card"
"P003672";"G03437";316;98.36;"2026-02-14";"Stripe"
"P003673";"G03437";316;117.61;"2026-02-16";"Card"
"P003674";"G03438";418;108.24;"2026-05-26";"Card"
"P003675";"G03439";423;150.1;"2026-06-05";"Card"
"P003676";"G03440";425;66.14;"2026-05-02";"Cash"
"P003677";"G03441";224;210.83;"2026-03-09";"Card"
"P003678";"G03442";104;61.67;"2026-06-16";"Card"
"P003679";"G03445";220;30.16;"2026-02-07";"Card"
"P003680";"G03446";527;287.73;"2026-06-19";"Cash"
"P003681";"G03447";514;98.04;"2026-06-27";"Card"
"P003682";"G03448";121;0.58;"2026-01-08";"Card"
"P003683";"G03449";512;88.53;"2026-03-01";"Card"
"P003684";"G03450";132;7.79;"2026-04-22";"Card"
"P003685";"G03451";433;57.43;"2026-05-02";"Card"
"P003686";"G03451";433;125.73;"2026-05-03";"Stripe"
"P003687";"G03452";328;44.62;"2026-06-12";"Card"
"P003688";"G03452";328;51.85;"2026-06-12";"Card"
"P003689";"G03453";531;42.8;"2026-01-20";"Card"
"P003690";"G03453";531;37.96;"2026-01-20";"Card"
"P003691";"G03453";531;21.76;"2026-01-20";"Card"
"P003692";"G03454";515;41.34;"2026-05-22";"Stripe"
"P003693";"G03455";419;76.13;"2026-04-08";"Card"
"P003694";"G03455";419;226.88;"2026-04-10";"Cash"
"P003695";"G03457";508;171.44;"2026-02-05";"Card"
"P003696";"G03458";410;62.52;"2026-03-16";"Cash"
"P003697";"G03459";222;18.22;"2026-04-14";"Card"
"P003698";"G03460";429;137.35;"2026-01-26";"Card"
"P003699";"G03462";516;159.15;"2026-04-20";"Card"
"P003700";"G03462";516;96.66;"2026-04-20";"Cash"
"P003701";"G03463";531;11.34;"2026-06-16";"Card"
"P003702";"G03464";426;51.36;"2026-06-18";"Card"
"P003703";"G03465";217;200.86;"2026-03-30";"Stripe"
"P003704";"G03466";205;230.86;"2026-03-07";"Card"
"P003705";"G03467";132;96.2;"2026-04-22";"Stripe"
"P003706";"G03468";432;54.24;"2026-01-08";"Card"
"P003707";"G03469";403;143.95;"2026-04-06";"Stripe"
"P003708";"G03470";216;28.69;"2026-05-15";"Card"
"P003709";"G03470";216;13.98;"2026-05-15";"Card"
"P003710";"G03470";216;23.09;"2026-05-09";"Stripe"
"P003711";"G03472";404;152.73;"2026-05-01";"Card"
"P003712";"G03473";321;87.34;"2026-02-04";"Stripe"
"P003713";"G03474";215;72.64;"2026-03-03";"Card"
"P003714";"G03475";428;3.39;"2026-05-31";"Cash"
"P003715";"G03475";428;5.84;"2026-05-31";"Card"
"P003716";"G03476";223;165.99;"2026-05-12";"Cash"
"P003717";"G03478";302;203.58;"2026-03-19";"Stripe"
"P003718";"G03479";301;248.65;"2026-03-18";"Card"
"P003719";"G03480";507;140.38;"2026-06-15";"Card"
"P003720";"G03481";116;60.46;"2026-03-10";"Cash"
"P003721";"G03482";108;294.26;"2026-05-21";"Card"
"P003722";"G03483";307;20.19;"2026-06-16";"Card"
"P003723";"G03484";224;40.96;"2026-04-09";"Card"
"P003724";"G03484";224;52.37;"2026-04-09";"Stripe"
"P003725";"G03486";319;210.8;"2026-01-30";"Stripe"
"P003726";"G03487";315;75.63;"2026-02-01";"Card"
"P003727";"G03488";333;44.73;"2026-02-18";"Stripe"
"P003728";"G03488";333;37.09;"2026-02-18";"Cash"
"P003729";"G03490";118;205.37;"2026-05-24";"Stripe"
"P003730";"G03491";517;43.32;"2026-05-19";"Stripe"
"P003731";"G03491";517;8.03;"2026-05-22";"Card"
"P003732";"G03491";517;21.19;"2026-05-22";"Card"
"P003733";"G03492";325;91.64;"2026-03-03";"Stripe"
"P003734";"G03492";325;103.6;"2026-03-05";"Stripe"
"P003735";"G03493";131;125.71;"2026-01-21";"Stripe"
"P003736";"G03494";232;30.09;"2026-05-14";"Cash"
"P003737";"G03495";510;388.51;"2026-04-06";"Cash"
"P003738";"G03496";227;387.31;"2026-05-06";"Card"
"P003739";"G03497";305;150.26;"2026-06-17";"Cash"
"P003740";"G03499";308;165.22;"2026-01-11";"Card"
"P003741";"G03500";420;25.48;"2026-04-22";"Card"
"P003742";"G03501";321;2.43;"2026-01-09";"Card"
"P003743";"G03501";321;4.39;"2026-01-09";"Card"
"P003744";"G03502";419;35.09;"2026-02-21";"Card"
"P003745";"G03503";325;268.51;"2026-02-21";"Stripe"
"P003746";"G03504";424;282.22;"2026-05-12";"Cash"
"P003747";"G03504";424;69.95;"2026-05-12";"Card"
"P003748";"G03504";424;136.71;"2026-05-14";"Cash"
"P003749";"G03505";127;81.6;"2026-06-17";"Stripe"
"P003750";"G03506";209;102.95;"2026-04-17";"Card"
"P003751";"G03507";203;43.02;"2026-02-21";"Card"
"P003752";"G03508";316;60.35;"2026-01-16";"Stripe"
"P003753";"G03509";510;90.18;"2026-05-17";"Cash"
"P003754";"G03510";332;39.77;"2026-03-13";"Card"
"P003755";"G03511";129;60.6;"2026-04-14";"Stripe"
"P003756";"G03512";210;125.77;"2026-05-24";"Card"
"P003757";"G03513";415;513.84;"2026-04-16";"Stripe"
"P003758";"G03514";504;43.56;"2026-04-03";"Card"
"P003759";"G03514";504;55.97;"2026-04-06";"Card"
"P003760";"G03517";105;26.78;"2026-02-09";"Stripe"
"P003761";"G03518";122;233.95;"2026-06-17";"Stripe"
"P003762";"G03519";501;40.72;"2026-01-08";"Stripe"
"P003763";"G03519";501;30.63;"2026-01-08";"Card"
"P003764";"G03520";116;19.14;"2026-03-15";"Card"
"P003765";"G03521";234;110.77;"2026-04-21";"Card"
"P003766";"G03522";432;136.92;"2026-06-03";"Stripe"
"P003767";"G03523";428;211.96;"2026-03-27";"Card"
"P003768";"G03524";506;117.72;"2026-03-26";"Cash"
"P003769";"G03525";427;136.26;"2026-02-01";"Card"
"P003770";"G03527";530;289.8;"2026-04-15";"Card"
"P003771";"G03528";319;179.47;"2026-01-08";"Card"
"P003772";"G03529";325;65.27;"2026-06-03";"Card"
"P003773";"G03530";502;11.68;"2026-03-15";"Cash"
"P003774";"G03531";116;291.98;"2026-03-29";"Stripe"
"P003775";"G03532";506;188.25;"2026-02-18";"Card"
"P003776";"G03533";408;41.75;"2026-06-21";"Card"
"P003777";"G03534";227;63.09;"2026-04-11";"Stripe"
"P003778";"G03535";405;213.54;"2026-06-19";"Card"
"P003779";"G03537";225;0.05;"2026-03-14";"Card"
"P003780";"G03537";225;0.13;"2026-03-14";"Card"
"P003781";"G03538";309;25.77;"2026-06-07";"Card"
"P003782";"G03539";407;125.7;"2026-04-25";"Card"
"P003783";"G03540";420;55.04;"2026-03-05";"Stripe"
"P003784";"G03541";211;319.03;"2026-02-24";"Cash"
"P003785";"G03542";104;168.81;"2026-05-15";"Card"
"P003786";"G03543";428;41.66;"2026-02-12";"Card"
"P003787";"G03544";101;58.21;"2026-06-17";"Card"
"P003788";"G03546";511;20.77;"2026-06-01";"Stripe"
"P003789";"G03548";434;74.96;"2026-02-03";"Stripe"
"P003790";"G03549";512;50.98;"2026-01-28";"Card"
"P003791";"G03550";525;48.95;"2026-03-28";"Stripe"
"P003792";"G03552";432;204.41;"2026-06-14";"Stripe"
"P003793";"G03553";222;111.42;"2026-03-22";"Card"
"P003794";"G03554";326;10.56;"2026-02-08";"Cash"
"P003795";"G03554";326;26.15;"2026-02-08";"Card"
"P003796";"G03555";202;175.19;"2026-05-24";"Card"
"P003797";"G03556";520;204.67;"2026-05-14";"Card"
"P003798";"G03557";324;141.7;"2026-05-04";"Card"
"P003799";"G03558";231;47.62;"2026-04-24";"Card"
"P003800";"G03559";213;209.66;"2026-04-20";"Stripe"
"P003801";"G03560";220;259.53;"2026-05-10";"Card"
"P003802";"G03563";334;184.16;"2026-02-02";"Stripe"
"P003803";"G03564";225;183.35;"2026-04-19";"Cash"
"P003804";"G03565";305;217.89;"2026-04-18";"Card"
"P003805";"G03566";506;70.21;"2026-04-30";"Card"
"P003806";"G03567";508;96.85;"2026-06-17";"Stripe"
"P003807";"G03568";229;71.96;"2026-03-04";"Card"
"P003808";"G03568";229;80.84;"2026-03-04";"Stripe"
"P003809";"G03569";334;168.24;"2026-03-28";"Cash"
"P003810";"G03569";334;138.71;"2026-03-28";"Stripe"
"P003811";"G03570";208;139.28;"2026-06-11";"Card"
"P003812";"G03571";423;12.38;"2026-02-17";"Card"
"P003813";"G03572";117;58.19;"2026-05-18";"Stripe"
"P003814";"G03573";102;16.64;"2026-03-09";"Card"
"P003815";"G03574";433;537.17;"2026-01-09";"Card"
"P003816";"G03575";325;140.92;"2026-06-09";"Card"
"P003817";"G03576";519;148.74;"2026-03-10";"Stripe"
"P003818";"G03577";405;184.27;"2026-03-29";"Card"
"P003819";"G03578";407;55.26;"2026-04-10";"Stripe"
"P003820";"G03579";124;30.69;"2026-04-10";"Stripe"
"P003821";"G03580";318;349.45;"2026-03-11";"Card"
"P003822";"G03581";219;23.86;"2026-04-24";"Stripe"
"P003823";"G03581";219;70.81;"2026-04-28";"Stripe"
"P003824";"G03583";230;144.72;"2026-02-07";"Cash"
"P003825";"G03584";224;263.36;"2026-04-20";"Card"
"P003826";"G03585";325;127.16;"2026-01-18";"Cash"
"P003827";"G03586";119;44.19;"2026-02-03";"Stripe"
"P003828";"G03587";207;285.63;"2026-01-08";"Cash"
"P003829";"G03588";520;29.58;"2026-04-07";"Card"
"P003830";"G03589";121;45.01;"2026-01-08";"Cash"
"P003831";"G03590";319;39.33;"2026-02-21";"Card"
"P003832";"G03590";319;45.55;"2026-02-24";"Stripe"
"P003833";"G03591";122;77.25;"2026-01-28";"Stripe"
"P003834";"G03592";323;150.93;"2026-02-12";"Stripe"
"P003835";"G03593";310;291.84;"2026-03-04";"Card"
"P003836";"G03594";527;107.66;"2026-05-06";"Stripe"
"P003837";"G03595";229;34.01;"2026-03-09";"Cash"
"P003838";"G03596";209;77.77;"2026-06-22";"Cash"
"P003839";"G03596";209;52.8;"2026-06-18";"Card"
"P003840";"G03596";209;102.03;"2026-06-18";"Card"
"P003841";"G03597";426;114.66;"2026-01-28";"Card"
"P003842";"G03598";318;109.54;"2026-01-11";"Stripe"
"P003843";"G03600";408;161.27;"2026-05-08";"Card"
"P003844";"G03601";230;38.8;"2026-05-15";"Cash"
"P003845";"G03601";230;48.48;"2026-05-15";"Card"
"P003846";"G03602";129;47.76;"2026-01-14";"Card"
"P003847";"G03602";129;50.17;"2026-01-14";"Card"
"P003848";"G03603";419;29.25;"2026-04-10";"Card"
"P003849";"G03604";531;105.34;"2026-02-04";"Stripe"
"P003850";"G03605";302;47.82;"2026-03-25";"Stripe"
"P003851";"G03605";302;47.38;"2026-03-25";"Card"
"P003852";"G03606";533;88.7;"2026-06-02";"Card"
"P003853";"G03606";533;57.12;"2026-06-02";"Card"
"P003854";"G03608";225;0.84;"2026-06-24";"Cash"
"P003855";"G03609";408;512.57;"2026-04-20";"Card"
"P003856";"G03610";423;191.58;"2026-01-23";"Card"
"P003857";"G03611";503;135.04;"2026-02-12";"Card"
"P003858";"G03612";204;46.69;"2026-05-29";"Card"
"P003859";"G03613";503;166.97;"2026-04-24";"Card"
"P003860";"G03614";322;35.56;"2026-06-30";"Card"
"P003861";"G03615";108;134.86;"2026-02-21";"Card"
"P003862";"G03616";432;101.8;"2026-02-02";"Cash"
"P003863";"G03617";505;109.62;"2026-05-12";"Card"
"P003864";"G03618";413;102.34;"2026-03-11";"Card"
"P003865";"G03619";310;73.1;"2026-01-23";"Card"
"P003866";"G03620";530;27.03;"2026-04-10";"Stripe"
"P003867";"G03620";530;51.27;"2026-04-10";"Stripe"
"P003868";"G03621";216;80.69;"2026-03-29";"Card"
"P003869";"G03621";216;114.35;"2026-03-29";"Card"
"P003870";"G03623";426;249.94;"2026-03-09";"Stripe"
"P003871";"G03625";524;144.4;"2026-03-22";"Card"
"P003872";"G03626";434;21.23;"2026-01-10";"Stripe"
"P003873";"G03627";133;129.44;"2026-03-23";"Cash"
"P003874";"G03628";120;166.77;"2026-03-23";"Card"
"P003875";"G03629";131;62.38;"2026-04-05";"Stripe"
"P003876";"G03630";533;75.32;"2026-05-03";"Card"
"P003877";"G03631";526;27.66;"2026-06-19";"Card"
"P003878";"G03631";526;22.33;"2026-06-14";"Card"
"P003879";"G03632";418;72.35;"2026-06-20";"Card"
"P003880";"G03633";121;60.57;"2026-03-03";"Card"
"P003881";"G03634";221;183.68;"2026-03-26";"Card"
"P003882";"G03637";401;112.42;"2026-05-26";"Card"
"P003883";"G03638";118;49.99;"2026-02-15";"Stripe"
"P003884";"G03639";326;385.48;"2026-02-07";"Stripe"
"P003885";"G03641";114;161.36;"2026-06-03";"Card"
"P003886";"G03642";301;120.72;"2026-01-24";"Card"
"P003887";"G03643";318;25.98;"2026-04-12";"Card"
"P003888";"G03644";119;244.72;"2026-04-22";"Cash"
"P003889";"G03645";114;51.04;"2026-01-25";"Card"
"P003890";"G03646";334;263.85;"2026-06-30";"Card"
"P003891";"G03647";412;7.49;"2026-04-30";"Stripe"
"P003892";"G03647";412;14.32;"2026-04-30";"Card"
"P003893";"G03648";527;143.05;"2026-03-21";"Cash"
"P003894";"G03649";407;164.27;"2026-02-15";"Card"
"P003895";"G03650";412;140.59;"2026-05-29";"Card"
"P003896";"G03651";516;207.64;"2026-05-24";"Stripe"
"P003897";"G03652";307;73.35;"2026-05-06";"Stripe"
"P003898";"G03653";328;274.85;"2026-05-10";"Card"
"P003899";"G03654";204;190.92;"2026-01-03";"Card"
"P003900";"G03656";204;130.76;"2026-01-14";"Card"
"P003901";"G03656";204;139.79;"2026-01-17";"Stripe"
"P003902";"G03657";302;57.09;"2026-02-16";"Card"
"P003903";"G03658";218;92.76;"2026-05-19";"Stripe"
"P003904";"G03659";425;133.11;"2026-02-14";"Card"
"P003905";"G03660";527;135.83;"2026-02-08";"Card"
"P003906";"G03662";232;105.13;"2026-01-11";"Card"
"P003907";"G03662";232;143.15;"2026-01-14";"Card"
"P003908";"G03664";233;75.62;"2026-02-06";"Card"
"P003909";"G03665";210;122.39;"2026-06-27";"Card"
"P003910";"G03667";512;101.89;"2026-01-04";"Cash"
"P003911";"G03668";416;24.77;"2026-05-30";"Cash"
"P003912";"G03668";416;47.0;"2026-05-30";"Card"
"P003913";"G03669";501;86.86;"2026-03-06";"Card"
"P003914";"G03669";501;98.58;"2026-03-07";"Card"
"P003915";"G03670";528;15.03;"2026-05-19";"Cash"
"P003916";"G03671";117;57.25;"2026-01-25";"Stripe"
"P003917";"G03671";117;41.53;"2026-01-25";"Card"
"P003918";"G03672";308;179.22;"2026-01-17";"Card"
"P003919";"G03673";418;92.76;"2026-03-06";"Stripe"
"P003920";"G03673";418;134.25;"2026-03-06";"Card"
"P003921";"G03674";214;130.33;"2026-02-14";"Card"
"P003922";"G03675";407;117.68;"2026-02-27";"Card"
"P003923";"G03676";317;43.89;"2026-02-19";"Card"
"P003924";"G03677";527;262.4;"2026-02-26";"Card"
"P003925";"G03678";315;165.68;"2026-06-04";"Stripe"
"P003926";"G03679";312;72.3;"2026-03-23";"Card"
"P003927";"G03679";312;78.93;"2026-03-23";"Card"
"P003928";"G03680";507;131.99;"2026-05-30";"Stripe"
"P003929";"G03681";102;24.52;"2026-01-17";"Card"
"P003930";"G03681";102;37.86;"2026-01-23";"Card"
"P003931";"G03683";130;68.07;"2026-05-08";"Card"
"P003932";"G03684";402;33.6;"2026-04-21";"Card"
"P003933";"G03686";406;10.45;"2026-03-30";"Stripe"
"P003934";"G03689";111;128.11;"2026-02-17";"Cash"
"P003935";"G03690";420;60.62;"2026-06-26";"Card"
"P003936";"G03690";420;144.66;"2026-06-23";"Cash"
"P003937";"G03692";534;35.7;"2026-03-07";"Card"
"P003938";"G03692";534;72.33;"2026-03-07";"Card"
"P003939";"G03693";501;11.3;"2026-02-24";"Card"
"P003940";"G03694";113;194.97;"2026-02-28";"Card"
"P003941";"G03695";315;73.6;"2026-02-21";"Stripe"
"P003942";"G03696";308;1.94;"2026-03-07";"Stripe"
"P003943";"G03697";409;203.26;"2026-06-26";"Stripe"
"P003944";"G03699";513;186.45;"2026-06-08";"Card"
"P003945";"G03700";226;156.25;"2026-05-30";"Card"
"P003946";"G03702";321;191.89;"2026-05-01";"Card"
"P003947";"G03703";223;157.51;"2026-01-09";"Card"
"P003948";"G03704";309;113.94;"2026-06-24";"Card"
"P003949";"G03705";232;32.0;"2026-02-05";"Stripe"
"P003950";"G03706";122;185.65;"2026-05-16";"Card"
"P003951";"G03707";114;24.23;"2026-01-06";"Card"
"P003952";"G03711";322;142.87;"2026-03-27";"Card"
"P003953";"G03712";228;57.89;"2026-06-24";"Card"
"P003954";"G03712";228;74.59;"2026-06-24";"Card"
"P003955";"G03712";228;87.2;"2026-06-24";"Card"
"P003956";"G03713";315;27.84;"2026-05-06";"Card"
"P003957";"G03714";219;62.83;"2026-04-07";"Card"
"P003958";"G03715";411;252.53;"2026-06-01";"Card"
"P003959";"G03716";117;92.44;"2026-01-11";"Stripe"
"P003960";"G03717";323;319.74;"2026-01-10";"Card"
"P003961";"G03718";227;26.11;"2026-03-24";"Card"
"P003962";"G03719";531;88.4;"2026-03-08";"Card"
"P003963";"G03720";120;102.25;"2026-02-10";"Cash"
"P003964";"G03721";407;51.71;"2026-06-13";"Stripe"
"P003965";"G03722";122;149.51;"2026-02-06";"Stripe"
"P003966";"G03724";126;13.5;"2026-03-20";"Card"
"P003967";"G03725";528;265.84;"2026-06-05";"Card"
"P003968";"G03726";328;98.93;"2026-04-17";"Card"
"P003969";"G03727";519;262.96;"2026-03-06";"Card"
"P003970";"G03728";312;149.98;"2026-06-13";"Card"
"P003971";"G03729";228;96.17;"2026-02-03";"Stripe"
"P003972";"G03730";306;48.46;"2026-02-19";"Card"
"P003973";"G03731";424;16.69;"2026-03-01";"Card"
"P003974";"G03733";124;126.36;"2026-04-19";"Card"
"P003975";"G03734";132;109.02;"2026-06-21";"Stripe"
"P003976";"G03735";205;25.65;"2026-02-03";"Card"
"P003977";"G03735";205;19.81;"2026-01-31";"Card"
"P003978";"G03736";403;87.83;"2026-06-13";"Card"
"P003979";"G03738";131;14.56;"2026-05-09";"Stripe"
"P003980";"G03738";131;22.89;"2026-05-08";"Cash"
"P003981";"G03739";429;421.27;"2026-06-07";"Card"
"P003982";"G03741";503;279.62;"2026-03-14";"Stripe"
"P003983";"G03742";323;167.43;"2026-03-11";"Card"
"P003984";"G03743";405;298.25;"2026-01-18";"Card"
"P003985";"G03744";508;21.35;"2026-05-20";"Card"
"P003986";"G03744";508;32.59;"2026-05-20";"Stripe"
"P003987";"G03745";115;48.49;"2026-05-15";"Card"
"P003988";"G03746";301;80.18;"2026-03-21";"Card"
"P003989";"G03746";301;141.66;"2026-03-21";"Cash"
"P003990";"G03747";313;81.1;"2026-01-05";"Cash"
"P003991";"G03748";530;91.27;"2026-05-12";"Card"
"P003992";"G03749";134;159.21;"2026-03-09";"Stripe"
"P003993";"G03750";427;97.32;"2026-04-13";"Card"
"P003994";"G03750";427;228.73;"2026-04-13";"Card"
"P003995";"G03751";511;219.99;"2026-06-01";"Card"
"P003996";"G03752";108;96.02;"2026-03-29";"Cash"
"P003997";"G03753";201;100.64;"2026-01-29";"Card"
"P003998";"G03754";230;145.14;"2026-04-05";"Card"
"P003999";"G03754";230;138.83;"2026-04-03";"Card"
"P004000";"G03755";413;127.38;"2026-05-24";"Cash"
"P004001";"G03756";432;203.18;"2026-05-01";"Card"
"P004002";"G03757";124;219.27;"2026-02-04";"Card"
"P004003";"G03758";409;29.99;"2026-05-22";"Stripe"
"P004004";"G03759";227;194.75;"2026-05-07";"Stripe"
"P004005";"G03760";511;93.48;"2026-05-06";"Card"
"P004006";"G03761";217;65.17;"2026-01-09";"Card"
"P004007";"G03763";111;113.57;"2026-02-02";"Card"
"P004008";"G03765";101;122.17;"2026-06-03";"Card"
"P004009";"G03766";304;34.2;"2026-05-30";"Stripe"
"P004010";"G03767";129;17.23;"2026-01-06";"Cash"
"P004011";"G03769";421;200.29;"2026-02-26";"Stripe"
"P004012";"G03771";217;37.78;"2026-04-25";"Stripe"
"P004013";"G03771";217;28.29;"2026-05-01";"Card"
"P004014";"G03772";527;27.2;"2026-04-06";"Card"
"P004015";"G03773";233;45.95;"2026-02-12";"Stripe"
"P004016";"G03773";233;72.38;"2026-02-14";"Stripe"
"P004017";"G03774";402;158.24;"2026-03-26";"Card"
"P004018";"G03775";111;36.71;"2026-05-31";"Card"
"P004019";"G03776";308;115.64;"2026-05-01";"Card"
"P004020";"G03778";311;20.44;"2026-06-27";"Stripe"
"P004021";"G03778";311;58.79;"2026-06-27";"Card"
"P004022";"G03779";517;9.88;"2026-06-11";"Card"
"P004023";"G03779";517;10.34;"2026-06-12";"Card"
"P004024";"G03780";329;201.24;"2026-05-23";"Card"
"P004025";"G03781";303;98.47;"2026-05-22";"Card"
"P004026";"G03782";108;96.92;"2026-02-08";"Stripe"
"P004027";"G03782";108;75.97;"2026-02-01";"Card"
"P004028";"G03783";529;287.91;"2026-04-13";"Stripe"
"P004029";"G03784";309;230.31;"2026-05-18";"Cash"
"P004030";"G03785";130;291.53;"2026-06-20";"Card"
"P004031";"G03787";312;40.48;"2026-04-18";"Stripe"
"P004032";"G03788";215;21.1;"2026-05-08";"Card"
"P004033";"G03789";128;40.69;"2026-01-11";"Card"
"P004034";"G03789";128;47.29;"2026-01-07";"Stripe"
"P004035";"G03790";421;41.2;"2026-03-28";"Card"
"P004036";"G03790";421;15.08;"2026-03-28";"Stripe"
"P004037";"G03790";421;10.13;"2026-03-28";"Cash"
"P004038";"G03791";307;20.4;"2026-05-01";"Card"
"P004039";"G03792";411;131.88;"2026-02-26";"Stripe"
"P004040";"G03793";222;220.48;"2026-06-17";"Stripe"
"P004041";"G03794";131;267.46;"2026-01-03";"Card"
"P004042";"G03795";205;255.29;"2026-05-19";"Card"
"P004043";"G03796";223;50.7;"2026-03-12";"Cash"
"P004044";"G03797";217;1.24;"2026-05-14";"Cash"
"P004045";"G03798";420;27.08;"2026-06-02";"Card"
"P004046";"G03799";313;24.93;"2026-06-04";"Cash"
"P004047";"G03800";109;151.62;"2026-01-18";"Card"
"P004048";"G03801";502;257.38;"2026-03-12";"Stripe"
"P004049";"G03802";425;109.92;"2026-06-14";"Card"
"P004050";"G03803";330;64.71;"2026-03-13";"Card"
"P004051";"G03804";533;71.51;"2026-05-27";"Stripe"
"P004052";"G03804";533;67.67;"2026-05-24";"Card"
"P004053";"G03805";112;72.9;"2026-03-30";"Card"
"P004054";"G03807";427;132.92;"2026-01-05";"Card"
"P004055";"G03808";229;77.16;"2026-03-26";"Card"
"P004056";"G03808";229;82.93;"2026-03-26";"Card"
"P004057";"G03809";305;136.8;"2026-02-27";"Card"
"P004058";"G03810";131;71.49;"2026-02-10";"Card"
"P004059";"G03811";201;139.99;"2026-01-12";"Stripe"
"P004060";"G03812";218;104.13;"2026-06-06";"Cash"
"P004061";"G03813";119;39.42;"2026-02-05";"Card"
"P004062";"G03814";132;45.09;"2026-05-28";"Stripe"
"P004063";"G03814";132;99.39;"2026-05-24";"Stripe"
"P004064";"G03815";325;49.44;"2026-05-28";"Cash"
"P004065";"G03815";325;128.66;"2026-05-28";"Stripe"
"P004066";"G03816";501;18.53;"2026-04-06";"Stripe"
"P004067";"G03817";504;344.4;"2026-03-04";"Card"
"P004068";"G03818";210;136.66;"2026-03-03";"Cash"
"P004069";"G03819";422;39.23;"2026-02-21";"Card"
"P004070";"G03819";422;38.86;"2026-02-21";"Stripe"
"P004071";"G03820";110;14.4;"2026-02-25";"Card"
"P004072";"G03820";110;15.13;"2026-02-25";"Card"
"P004073";"G03821";307;92.54;"2026-02-01";"Card"
"P004074";"G03822";507;143.45;"2026-01-16";"Stripe"
"P004075";"G03823";101;37.59;"2026-04-14";"Card"
"P004076";"G03823";101;29.46;"2026-04-14";"Card"
"P004077";"G03824";410;129.7;"2026-06-19";"Card"
"P004078";"G03825";332;166.46;"2026-03-23";"Card"
"P004079";"G03826";233;90.16;"2026-01-10";"Card"
"P004080";"G03827";109;125.43;"2026-05-05";"Stripe"
"P004081";"G03829";116;142.88;"2026-05-31";"Stripe"
"P004082";"G03830";220;13.34;"2026-03-28";"Stripe"
"P004083";"G03831";128;171.32;"2026-02-25";"Card"
"P004084";"G03832";132;107.9;"2026-01-21";"Card"
"P004085";"G03833";317;42.44;"2026-02-22";"Stripe"
"P004086";"G03834";313;164.33;"2026-06-17";"Cash"
"P004087";"G03835";130;138.97;"2026-05-30";"Stripe"
"P004088";"G03837";404;91.37;"2026-03-14";"Card"
"P004089";"G03838";210;14.36;"2026-03-31";"Card"
"P004090";"G03838";210;22.91;"2026-03-30";"Stripe"
"P004091";"G03839";133;0.1;"2026-06-22";"Card"
"P004092";"G03839";133;0.21;"2026-06-24";"Card"
"P004093";"G03841";416;4.15;"2026-05-15";"Card"
"P004094";"G03841";416;8.63;"2026-05-15";"Cash"
"P004095";"G03843";324;14.69;"2026-04-25";"Stripe"
"P004096";"G03844";105;51.4;"2026-05-12";"Card"
"P004097";"G03845";222;130.16;"2026-03-16";"Card"
"P004098";"G03845";222;70.45;"2026-03-16";"Card"
"P004099";"G03846";125;92.55;"2026-01-19";"Card"
"P004100";"G03847";412;369.12;"2026-01-11";"Card"
"P004101";"G03848";324;285.42;"2026-03-19";"Card"
"P004102";"G03849";409;154.24;"2026-03-07";"Card"
"P004103";"G03850";305;122.26;"2026-04-14";"Card"
"P004104";"G03851";411;22.74;"2026-06-25";"Card"
"P004105";"G03852";407;126.84;"2026-04-14";"Stripe"
"P004106";"G03853";230;76.85;"2026-04-12";"Card"
"P004107";"G03854";305;41.66;"2026-02-16";"Card"
"P004108";"G03854";305;115.56;"2026-02-16";"Card"
"P004109";"G03855";322;175.49;"2026-04-08";"Card"
"P004110";"G03856";507;50.16;"2026-01-22";"Card"
"P004111";"G03857";205;400.66;"2026-06-23";"Card"
"P004112";"G03859";106;106.1;"2026-02-05";"Stripe"
"P004113";"G03860";331;332.05;"2026-01-09";"Card"
"P004114";"G03861";306;120.3;"2026-01-21";"Card"
"P004115";"G03863";329;57.89;"2026-04-09";"Card"
"P004116";"G03863";329;141.43;"2026-04-09";"Card"
"P004117";"G03864";407;32.63;"2026-02-24";"Card"
"P004118";"G03865";208;182.55;"2026-03-09";"Card"
"P004119";"G03866";410;102.15;"2026-04-10";"Card"
"P004120";"G03869";317;16.68;"2026-04-12";"Card"
"P004121";"G03869";317;48.59;"2026-04-12";"Card"
"P004122";"G03871";406;198.54;"2026-02-19";"Card"
"P004123";"G03872";212;193.87;"2026-02-01";"Card"
"P004124";"G03873";401;49.61;"2026-06-28";"Cash"
"P004125";"G03874";530;73.1;"2026-05-31";"Card"
"P004126";"G03875";525;297.94;"2026-02-12";"Stripe"
"P004127";"G03876";122;0.68;"2026-01-06";"Card"
"P004128";"G03877";126;79.64;"2026-06-18";"Card"
"P004129";"G03878";502;29.47;"2026-05-09";"Stripe"
"P004130";"G03879";409;38.6;"2026-06-05";"Card"
"P004131";"G03879";409;23.86;"2026-06-03";"Card"
"P004132";"G03880";223;12.26;"2026-01-07";"Card"
"P004133";"G03880";223;34.23;"2026-01-07";"Card"
"P004134";"G03881";412;119.71;"2026-04-11";"Card"
"P004135";"G03883";201;75.87;"2026-04-07";"Card"
"P004136";"G03884";305;96.1;"2026-04-30";"Card"
"P004137";"G03886";115;61.35;"2026-01-11";"Stripe"
"P004138";"G03887";434;1.34;"2026-01-21";"Card"
"P004139";"G03889";429;121.67;"2026-03-07";"Cash"
"P004140";"G03889";429;89.05;"2026-03-07";"Card"
"P004141";"G03890";431;158.54;"2026-06-05";"Cash"
"P004142";"G03891";126;140.91;"2026-05-01";"Card"
"P004143";"G03892";503;133.93;"2026-01-10";"Card"
"P004144";"G03893";319;209.96;"2026-04-07";"Card"
"P004145";"G03893";319;171.96;"2026-04-07";"Card"
"P004146";"G03894";127;156.44;"2026-01-05";"Stripe"
"P004147";"G03895";514;127.48;"2026-05-13";"Card"
"P004148";"G03896";502;94.76;"2026-01-14";"Card"
"P004149";"G03898";429;94.58;"2026-01-30";"Cash"
"P004150";"G03899";324;31.08;"2026-01-28";"Card"
"P004151";"G03900";224;94.14;"2026-03-25";"Card"
"P004152";"G03901";517;33.19;"2026-02-10";"Card"
"P004153";"G03902";513;315.52;"2026-03-02";"Cash"
"P004154";"G03903";334;101.99;"2026-05-26";"Stripe"
"P004155";"G03904";105;192.51;"2026-01-12";"Card"
"P004156";"G03905";433;77.17;"2026-03-19";"Card"
"P004157";"G03906";403;216.71;"2026-02-04";"Stripe"
"P004158";"G03907";423;27.81;"2026-02-24";"Card"
"P004159";"G03909";327;106.65;"2026-02-28";"Cash"
"P004160";"G03911";208;143.71;"2026-02-11";"Card"
"P004161";"G03912";319;59.46;"2026-05-15";"Card"
"P004162";"G03913";119;117.02;"2026-01-21";"Card"
"P004163";"G03913";119;124.23;"2026-01-21";"Stripe"
"P004164";"G03914";234;167.34;"2026-03-06";"Card"
"P004165";"G03915";425;31.23;"2026-06-16";"Card"
"P004166";"G03915";425;16.24;"2026-06-19";"Card"
"P004167";"G03915";425;13.9;"2026-06-19";"Card"
"P004168";"G03916";113;48.42;"2026-01-29";"Stripe"
"P004169";"G03916";113;64.29;"2026-01-29";"Card"
"P004170";"G03917";307;35.22;"2026-02-19";"Card"
"P004171";"G03918";301;28.42;"2026-01-15";"Stripe"
"P004172";"G03918";301;25.93;"2026-01-22";"Card"
"P004173";"G03918";301;31.0;"2026-01-22";"Card"
"P004174";"G03919";425;17.32;"2026-04-04";"Card"
"P004175";"G03920";424;333.79;"2026-06-20";"Card"
"P004176";"G03922";320;195.45;"2026-01-21";"Card"
"P004177";"G03923";413;56.23;"2026-03-20";"Card"
"P004178";"G03924";214;65.11;"2026-04-17";"Stripe"
"P004179";"G03925";327;335.23;"2026-05-20";"Card"
"P004180";"G03927";424;32.18;"2026-06-29";"Stripe"
"P004181";"G03930";126;84.73;"2026-02-12";"Card"
"P004182";"G03931";216;31.07;"2026-04-27";"Stripe"
"P004183";"G03932";422;182.87;"2026-06-20";"Card"
"P004184";"G03933";505;92.42;"2026-05-06";"Card"
"P004185";"G03934";418;134.57;"2026-01-04";"Cash"
"P004186";"G03935";208;38.33;"2026-02-24";"Card"
"P004187";"G03936";406;97.67;"2026-04-20";"Stripe"
"P004188";"G03937";330;36.64;"2026-01-27";"Card"
"P004189";"G03937";330;107.2;"2026-01-27";"Card"
"P004190";"G03938";105;166.7;"2026-06-03";"Stripe"
"P004191";"G03940";233;163.47;"2026-04-02";"Stripe"
"P004192";"G03941";404;203.4;"2026-04-25";"Card"
"P004193";"G03942";334;46.58;"2026-06-05";"Card"
"P004194";"G03943";213;164.14;"2026-05-19";"Stripe"
"P004195";"G03943";213;147.9;"2026-05-21";"Card"
"P004196";"G03944";205;26.76;"2026-05-30";"Stripe"
"P004197";"G03945";407;52.22;"2026-05-02";"Stripe"
"P004198";"G03945";407;84.42;"2026-05-02";"Card"
"P004199";"G03946";107;150.79;"2026-02-15";"Card"
"P004200";"G03947";111;203.24;"2026-05-31";"Card"
"P004201";"G03949";418;197.18;"2026-01-26";"Card"
"P004202";"G03950";216;139.52;"2026-01-15";"Card"
"P004203";"G03952";329;7.71;"2026-03-21";"Stripe"
"P004204";"G03952";329;18.87;"2026-03-23";"Stripe"
"P004205";"G03953";415;173.45;"2026-06-27";"Card"
"P004206";"G03954";414;135.1;"2026-06-09";"Cash"
"P004207";"G03954";414;208.69;"2026-06-04";"Card"
"P004208";"G03955";426;30.42;"2026-04-21";"Stripe"
"P004209";"G03956";403;224.09;"2026-01-20";"Card"
"P004210";"G03959";403;188.2;"2026-05-08";"Card"
"P004211";"G03960";123;106.86;"2026-02-07";"Card"
"P004212";"G03961";428;57.45;"2026-06-27";"Card"
"P004213";"G03961";428;37.64;"2026-06-27";"Card"
"P004214";"G03962";512;40.22;"2026-06-15";"Card"
"P004215";"G03963";204;169.63;"2026-02-12";"Card"
"P004216";"G03965";229;320.89;"2026-04-30";"Card"
"P004217";"G03966";323;76.49;"2026-01-23";"Card"
"P004218";"G03967";208;154.76;"2026-02-27";"Stripe"
"P004219";"G03968";418;221.41;"2026-03-14";"Card"
"P004220";"G03969";214;280.67;"2026-03-09";"Cash"
"P004221";"G03970";213;365.48;"2026-06-22";"Card"
"P004222";"G03971";323;59.4;"2026-01-10";"Stripe"
"P004223";"G03972";332;88.62;"2026-05-12";"Card"
"P004224";"G03973";321;124.12;"2026-02-01";"Card"
"P004225";"G03973";321;156.38;"2026-02-01";"Card"
"P004226";"G03974";123;379.98;"2026-05-23";"Card"
"P004227";"G03975";415;378.33;"2026-02-22";"Stripe"
"P004228";"G03976";104;44.95;"2026-05-31";"Card"
"P004229";"G03978";404;333.89;"2026-02-07";"Card"
"P004230";"G03979";418;331.11;"2026-03-15";"Cash"
"P004231";"G03980";203;113.71;"2026-05-10";"Card"
"P004232";"G03981";420;309.04;"2026-02-23";"Card"
"P004233";"G03982";320;32.7;"2026-02-26";"Stripe"
"P004234";"G03982";320;46.06;"2026-02-27";"Card"
"P004235";"G03983";521;105.07;"2026-06-11";"Stripe"
"P004236";"G03983";521;67.19;"2026-06-11";"Card"
"P004237";"G03984";419;71.72;"2026-02-23";"Stripe"
"P004238";"G03985";315;3.83;"2026-05-25";"Card"
"P004239";"G03988";212;110.57;"2026-03-28";"Card"
"P004240";"G03989";304;81.03;"2026-02-22";"Card"
"P004241";"G03991";411;113.97;"2026-04-24";"Card"
"P004242";"G03992";420;36.28;"2026-02-03";"Stripe"
"P004243";"G03993";407;107.1;"2026-06-30";"Card"
"P004244";"G03994";504;199.11;"2026-03-23";"Card"
"P004245";"G03995";523;190.24;"2026-06-19";"Cash"
"P004246";"G03996";212;28.41;"2026-02-08";"Card"
"P004247";"G03996";212;28.62;"2026-02-02";"Card"
"P004248";"G03998";401;81.35;"2026-06-13";"Cash"
"P004249";"G04000";403;35.34;"2026-02-25";"Cash"
"P004250";"G04002";203;124.32;"2026-06-14";"Stripe"
"P004251";"G04003";521;14.24;"2026-06-09";"Stripe"
"P004252";"G04004";325;307.36;"2026-02-02";"Card"
"P004253";"G04005";419;61.59;"2026-06-05";"Stripe"
"P004254";"G04005";419;76.12;"2026-06-05";"Card"
"P004255";"G04006";412;48.98;"2026-01-08";"Card"
"P004256";"G04006";412;27.03;"2026-01-08";"Stripe"
"P004257";"G04006";412;21.25;"2026-01-06";"Stripe"
"P004258";"G04007";525;218.72;"2026-06-07";"Stripe"
"P004259";"G04009";333;101.6;"2026-03-17";"Card"
"P004260";"G04009";333;58.89;"2026-03-17";"Card"
"P004261";"G04010";525;139.71;"2026-04-28";"Card"
"P004262";"G04011";306;218.4;"2026-01-26";"Card"
"P004263";"G04012";233;163.89;"2026-03-14";"Card"
"P004264";"G04013";132;71.3;"2026-04-22";"Card"
"P004265";"G04014";332;113.74;"2026-03-15";"Card"
"P004266";"G04015";418;92.31;"2026-01-29";"Stripe"
"P004267";"G04015";418;128.99;"2026-01-29";"Stripe"
"P004268";"G04016";228;73.38;"2026-03-22";"Cash"
"P004269";"G04017";328;35.03;"2026-05-17";"Stripe"
"P004270";"G04019";414;62.97;"2026-04-29";"Cash"
"P004271";"G04020";126;168.86;"2026-01-31";"Card"
"P004272";"G04021";125;63.09;"2026-03-05";"Card"
"P004273";"G04022";231;56.07;"2026-04-21";"Card"
"P004274";"G04023";333;56.41;"2026-02-17";"Stripe"
"P004275";"G04024";326;8.92;"2026-04-06";"Card"
"P004276";"G04024";326;15.13;"2026-04-06";"Card"
"P004277";"G04025";113;99.63;"2026-01-20";"Card"
"P004278";"G04026";414;178.74;"2026-01-18";"Stripe"
"P004279";"G04027";513;158.0;"2026-06-01";"Stripe"
"P004280";"G04028";334;128.68;"2026-02-19";"Cash"
"P004281";"G04030";117;230.11;"2026-06-07";"Card"
"P004282";"G04031";120;46.45;"2026-01-14";"Card"
"P004283";"G04032";134;85.34;"2026-02-26";"Card"
"P004284";"G04033";326;22.36;"2026-06-04";"Card"
"P004285";"G04034";302;311.51;"2026-02-07";"Card"
"P004286";"G04035";313;136.67;"2026-03-29";"Stripe"
"P004287";"G04037";202;303.1;"2026-04-28";"Card"
"P004288";"G04038";209;329.02;"2026-04-13";"Cash"
"P004289";"G04039";306;28.52;"2026-05-28";"Stripe"
"P004290";"G04040";518;389.47;"2026-05-23";"Card"
"P004291";"G04041";110;89.32;"2026-02-14";"Stripe"
"P004292";"G04042";109;75.83;"2026-02-07";"Cash"
"P004293";"G04042";109;127.21;"2026-02-07";"Card"
"P004294";"G04043";316;10.69;"2026-01-23";"Card"
"P004295";"G04044";419;52.98;"2026-06-26";"Card"
"P004296";"G04044";419;44.89;"2026-06-26";"Card"
"P004297";"G04046";510;69.7;"2026-05-13";"Card"
"P004298";"G04047";321;190.87;"2026-04-12";"Card"
"P004299";"G04049";109;10.29;"2026-05-17";"Card"
"P004300";"G04049";109;13.87;"2026-05-17";"Card"
"P004301";"G04050";534;67.33;"2026-05-12";"Card"
"P004302";"G04050";534;177.64;"2026-05-12";"Card"
"P004303";"G04051";517;98.57;"2026-03-17";"Card"
"P004304";"G04052";523;104.63;"2026-05-19";"Card"
"P004305";"G04053";509;122.63;"2026-06-09";"Card"
"P004306";"G04054";311;69.29;"2026-01-05";"Stripe"
"P004307";"G04055";513;133.06;"2026-03-22";"Card"
"P004308";"G04056";106;76.22;"2026-02-20";"Stripe"
"P004309";"G04057";431;15.5;"2026-05-02";"Card"
"P004310";"G04058";214;118.71;"2026-03-29";"Card"
"P004311";"G04059";434;101.25;"2026-02-07";"Stripe"
"P004312";"G04060";217;20.06;"2026-03-19";"Stripe"
"P004313";"G04060";217;22.3;"2026-03-22";"Stripe"
"P004314";"G04061";212;274.23;"2026-06-23";"Card"
"P004315";"G04062";133;1.89;"2026-06-09";"Card"
"P004316";"G04062";133;1.67;"2026-06-09";"Card"
"P004317";"G04062";133;1.86;"2026-06-09";"Stripe"
"P004318";"G04063";426;48.88;"2026-01-16";"Stripe"
"P004319";"G04063";426;30.49;"2026-01-14";"Stripe"
"P004320";"G04064";402;46.26;"2026-04-07";"Stripe"
"P004321";"G04065";234;244.93;"2026-04-10";"Card"
"P004322";"G04066";219;106.72;"2026-03-17";"Card"
"P004323";"G04067";408;14.85;"2026-01-27";"Cash"
"P004324";"G04070";118;160.48;"2026-05-14";"Stripe"
"P004325";"G04072";534;15.48;"2026-06-07";"Card"
"P004326";"G04075";132;160.88;"2026-02-26";"Card"
"P004327";"G04076";128;191.48;"2026-05-22";"Card"
"P004328";"G04076";128;119.34;"2026-05-22";"Stripe"
"P004329";"G04077";422;64.51;"2026-06-27";"Card"
"P004330";"G04078";302;126.16;"2026-03-15";"Card"
"P004331";"G04079";221;112.68;"2026-02-26";"Card"
"P004332";"G04080";528;133.29;"2026-03-19";"Card"
"P004333";"G04080";528;95.87;"2026-03-12";"Stripe"
"P004334";"G04081";302;102.89;"2026-02-27";"Stripe"
"P004335";"G04082";311;92.87;"2026-04-11";"Stripe"
"P004336";"G04083";127;2.23;"2026-01-17";"Card"
"P004337";"G04084";121;24.36;"2026-06-11";"Stripe"
"P004338";"G04085";230;193.14;"2026-04-04";"Card"
"P004339";"G04085";230;163.04;"2026-04-04";"Card"
"P004340";"G04086";332;155.57;"2026-01-12";"Card"
"P004341";"G04087";410;408.24;"2026-04-07";"Card"
"P004342";"G04088";122;144.21;"2026-02-14";"Cash"
"P004343";"G04089";312;162.81;"2026-01-24";"Card"
"P004344";"G04090";307;322.71;"2026-03-12";"Card"
"P004345";"G04091";234;143.82;"2026-02-02";"Cash"
"P004346";"G04093";121;494.89;"2026-03-15";"Card"
"P004347";"G04094";329;61.04;"2026-02-01";"Card"
"P004348";"G04094";329;137.54;"2026-01-30";"Card"
"P004349";"G04095";413;16.96;"2026-02-14";"Stripe"
"P004350";"G04095";413;36.35;"2026-02-14";"Stripe"
"P004351";"G04096";305;43.59;"2026-04-10";"Card"
"P004352";"G04097";303;74.53;"2026-03-21";"Card"
"P004353";"G04098";232;273.13;"2026-03-10";"Card"
"P004354";"G04099";514;81.27;"2026-03-22";"Cash"
"P004355";"G04101";222;74.5;"2026-05-25";"Card"
"P004356";"G04103";208;133.22;"2026-06-14";"Stripe"
"P004357";"G04105";217;5.1;"2026-04-09";"Card"
"P004358";"G04105";217;14.34;"2026-04-09";"Stripe"
"P004359";"G04106";201;244.21;"2026-03-13";"Cash"
"P004360";"G04107";402;187.87;"2026-01-10";"Card"
"P004361";"G04108";118;233.57;"2026-04-20";"Stripe"
"P004362";"G04109";324;104.34;"2026-05-21";"Card"
"P004363";"G04110";516;152.33;"2026-03-27";"Cash"
"P004364";"G04110";516;271.18;"2026-03-30";"Card"
"P004365";"G04111";130;260.66;"2026-06-04";"Card"
"P004366";"G04112";315;157.03;"2026-04-06";"Cash"
"P004367";"G04113";208;118.81;"2026-04-10";"Card"
"P004368";"G04114";307;55.87;"2026-01-06";"Stripe"
"P004369";"G04114";307;58.34;"2026-01-06";"Cash"
"P004370";"G04116";330;359.14;"2026-05-10";"Card"
"P004371";"G04117";509;128.48;"2026-04-17";"Card"
"P004372";"G04118";321;164.94;"2026-04-16";"Card"
"P004373";"G04119";106;5.75;"2026-06-21";"Card"
"P004374";"G04120";518;195.08;"2026-01-07";"Stripe"
"P004375";"G04121";516;23.08;"2026-04-02";"Card"
"P004376";"G04123";501;7.14;"2026-02-04";"Stripe"
"P004377";"G04126";520;182.59;"2026-04-18";"Card"
"P004378";"G04127";533;27.7;"2026-06-11";"Card"
"P004379";"G04128";204;51.48;"2026-03-14";"Card"
"P004380";"G04129";532;117.24;"2026-04-11";"Card"
"P004381";"G04130";213;135.52;"2026-03-18";"Card"
"P004382";"G04132";502;91.75;"2026-04-23";"Card"
"P004383";"G04132";502;50.62;"2026-04-26";"Card"
"P004384";"G04133";401;30.22;"2026-05-02";"Card"
"P004385";"G04134";329;84.43;"2026-05-16";"Stripe"
"P004386";"G04134";329;74.27;"2026-05-19";"Stripe"
"P004387";"G04135";524;4.52;"2026-02-12";"Card"
"P004388";"G04137";225;220.35;"2026-04-17";"Card"
"P004389";"G04138";422;13.24;"2026-05-27";"Card"
"P004390";"G04138";422;34.86;"2026-05-23";"Card"
"P004391";"G04139";211;65.96;"2026-02-27";"Stripe"
"P004392";"G04140";113;373.43;"2026-03-16";"Card"
"P004393";"G04141";228;147.8;"2026-02-22";"Stripe"
"P004394";"G04142";103;102.14;"2026-03-15";"Card"
"P004395";"G04143";215;82.69;"2026-05-27";"Card"
"P004396";"G04145";332;22.28;"2026-05-06";"Card"
"P004397";"G04145";332;18.2;"2026-05-06";"Card"
"P004398";"G04146";115;82.98;"2026-01-06";"Card"
"P004399";"G04146";115;94.66;"2026-01-06";"Stripe"
"P004400";"G04147";420;155.1;"2026-05-15";"Stripe"
"P004401";"G04148";214;213.27;"2026-05-03";"Card"
"P004402";"G04149";433;127.69;"2026-01-15";"Card"
"P004403";"G04150";315;164.73;"2026-04-12";"Card"
"P004404";"G04151";201;101.46;"2026-05-18";"Cash"
"P004405";"G04152";130;58.36;"2026-04-17";"Card"
"P004406";"G04153";514;31.78;"2026-03-27";"Stripe"
"P004407";"G04155";101;28.3;"2026-01-25";"Stripe"
"P004408";"G04155";101;32.64;"2026-01-28";"Card"
"P004409";"G04156";125;128.21;"2026-05-20";"Card"
"P004410";"G04156";125;116.11;"2026-05-15";"Card"
"P004411";"G04158";504;33.86;"2026-05-19";"Card"
"P004412";"G04160";229;235.05;"2026-01-02";"Stripe"
"P004413";"G04161";525;125.86;"2026-04-24";"Card"
"P004414";"G04162";218;75.97;"2026-02-22";"Stripe"
"P004415";"G04163";518;6.25;"2026-05-25";"Card"
"P004416";"G04163";518;7.98;"2026-05-25";"Card"
"P004417";"G04164";121;118.93;"2026-02-28";"Card"
"P004418";"G04164";121;240.08;"2026-02-28";"Card"
"P004419";"G04165";525;78.67;"2026-05-18";"Card"
"P004420";"G04166";123;20.35;"2026-02-25";"Cash"
"P004421";"G04166";123;39.29;"2026-02-27";"Stripe"
"P004422";"G04167";111;13.33;"2026-06-11";"Stripe"
"P004423";"G04168";102;265.33;"2026-03-04";"Card"
"P004424";"G04169";107;101.11;"2026-04-11";"Card"
"P004425";"G04170";221;59.93;"2026-02-21";"Card"
"P004426";"G04172";531;114.38;"2026-02-18";"Card"
"P004427";"G04173";128;35.68;"2026-03-20";"Card"
"P004428";"G04173";128;55.21;"2026-03-21";"Stripe"
"P004429";"G04174";124;74.03;"2026-05-07";"Stripe"
"P004430";"G04174";124;80.07;"2026-05-04";"Card"
"P004431";"G04175";434;40.52;"2026-03-08";"Stripe"
"P004432";"G04175";434;27.58;"2026-03-08";"Stripe"
"P004433";"G04176";533;98.86;"2026-01-17";"Card"
"P004434";"G04177";333;2.31;"2026-06-14";"Card"
"P004435";"G04178";224;162.88;"2026-04-12";"Card"
"P004436";"G04179";211;167.89;"2026-06-01";"Card"
"P004437";"G04180";326;45.38;"2026-01-29";"Card"
"P004438";"G04180";326;97.64;"2026-02-02";"Card"
"P004439";"G04181";209;209.31;"2026-04-19";"Cash"
"P004440";"G04181";209;92.22;"2026-04-19";"Card"
"P004441";"G04181";209;114.0;"2026-04-17";"Card"
"P004442";"G04182";402;115.12;"2026-01-10";"Card"
"P004443";"G04183";328;139.7;"2026-01-08";"Card"
"P004444";"G04184";114;73.34;"2026-06-16";"Stripe"
"P004445";"G04185";310;114.92;"2026-06-19";"Card"
"P004446";"G04186";304;76.32;"2026-01-19";"Card"
"P004447";"G04186";304;181.43;"2026-01-19";"Stripe"
"P004448";"G04187";319;156.88;"2026-04-11";"Card"
"P004449";"G04188";117;60.21;"2026-06-21";"Stripe"
"P004450";"G04188";117;86.48;"2026-06-21";"Card"
"P004451";"G04190";506;100.3;"2026-03-13";"Cash"
"P004452";"G04191";404;39.24;"2026-04-19";"Stripe"
"P004453";"G04192";424;67.2;"2026-02-22";"Card"
"P004454";"G04193";526;72.87;"2026-03-05";"Card"
"P004455";"G04194";103;224.27;"2026-02-07";"Stripe"
"P004456";"G04195";118;26.56;"2026-05-29";"Stripe"
"P004457";"G04195";118;23.82;"2026-05-29";"Card"
"P004458";"G04196";106;244.72;"2026-04-24";"Stripe"
"P004459";"G04197";108;65.67;"2026-04-09";"Card"
"P004460";"G04198";307;160.06;"2026-05-25";"Card"
"P004461";"G04199";413;122.75;"2026-06-02";"Stripe"
"P004462";"G04200";404;185.86;"2026-04-30";"Cash"
"P004463";"G04201";202;134.49;"2026-06-09";"Stripe"
"P004464";"G04202";428;159.26;"2026-04-29";"Card"
"P004465";"G04202";428;116.58;"2026-04-29";"Card"
"P004466";"G04203";305;38.02;"2026-06-07";"Stripe"
"P004467";"G04203";305;50.5;"2026-06-06";"Stripe"
"P004468";"G04204";308;24.44;"2026-05-03";"Card"
"P004469";"G04205";202;20.33;"2026-06-13";"Card"
"P004470";"G04206";307;231.15;"2026-03-03";"Card"
"P004471";"G04208";102;170.93;"2026-03-23";"Card"
"P004472";"G04209";504;61.51;"2026-03-17";"Card"
"P004473";"G04209";504;58.63;"2026-03-17";"Card"
"P004474";"G04210";113;106.78;"2026-06-07";"Card"
"P004475";"G04210";113;109.25;"2026-06-06";"Stripe"
"P004476";"G04211";403;77.45;"2026-04-07";"Stripe"
"P004477";"G04212";532;65.22;"2026-06-27";"Card"
"P004478";"G04213";423;71.85;"2026-04-08";"Stripe"
"P004479";"G04214";131;8.78;"2026-04-10";"Card"
"P004480";"G04215";516;338.08;"2026-05-14";"Card"
"P004481";"G04217";507;65.55;"2026-04-03";"Stripe"
"P004482";"G04217";507;36.72;"2026-04-01";"Stripe"
"P004483";"G04217";507;40.87;"2026-04-03";"Card"
"P004484";"G04218";228;204.93;"2026-06-28";"Card"
"P004485";"G04219";133;85.42;"2026-06-29";"Stripe"
"P004486";"G04220";301;83.09;"2026-05-05";"Stripe"
"P004487";"G04220";301;140.1;"2026-05-05";"Cash"
"P004488";"G04221";220;125.99;"2026-03-24";"Card"
"P004489";"G04222";307;60.43;"2026-05-07";"Card"
"P004490";"G04223";317;69.04;"2026-04-17";"Card"
"P004491";"G04223";317;90.81;"2026-04-22";"Card"
"P004492";"G04226";405;64.12;"2026-05-21";"Stripe"
"P004493";"G04226";405;46.66;"2026-05-23";"Stripe"
"P004494";"G04226";405;25.33;"2026-05-23";"Card"
"P004495";"G04227";401;109.54;"2026-06-16";"Cash"
"P004496";"G04228";101;235.79;"2026-05-25";"Stripe"
"P004497";"G04229";507;213.07;"2026-03-19";"Card"
"P004498";"G04230";515;224.19;"2026-02-09";"Stripe"
"P004499";"G04231";210;198.49;"2026-06-04";"Card"
"P004500";"G04232";418;248.64;"2026-01-16";"Stripe"
"P004501";"G04233";303;46.37;"2026-02-19";"Card"
"P004502";"G04235";234;85.77;"2026-05-13";"Card"
"P004503";"G04236";106;152.28;"2026-03-13";"Stripe"
"P004504";"G04237";412;52.93;"2026-05-22";"Card"
"P004505";"G04238";228;123.3;"2026-02-16";"Card"
"P004506";"G04239";518;230.52;"2026-06-18";"Card"
"P004507";"G04240";433;106.3;"2026-01-14";"Card"
"P004508";"G04241";331;42.97;"2026-02-19";"Card"
"P004509";"G04241";331;12.49;"2026-02-20";"Cash"
"P004510";"G04241";331;14.05;"2026-02-20";"Card"
"P004511";"G04242";233;66.62;"2026-03-04";"Card"
"P004512";"G04242";233;80.27;"2026-03-04";"Card"
"P004513";"G04243";502;78.67;"2026-03-09";"Card"
"P004514";"G04243";502;119.12;"2026-03-09";"Card"
"P004515";"G04244";217;127.36;"2026-02-25";"Cash"
"P004516";"G04244";217;80.71;"2026-02-25";"Stripe"
"P004517";"G04246";213;142.54;"2026-02-16";"Card"
"P004518";"G04246";213;178.06;"2026-02-13";"Card"
"P004519";"G04247";324;171.04;"2026-05-23";"Card"
"P004520";"G04248";407;56.49;"2026-02-10";"Stripe"
"P004521";"G04249";318;74.74;"2026-05-21";"Card"
"P004522";"G04249";318;81.46;"2026-05-21";"Stripe"
"P004523";"G04250";213;49.33;"2026-04-24";"Stripe"
"P004524";"G04251";428;51.48;"2026-03-15";"Card"
"P004525";"G04252";203;6.13;"2026-01-25";"Stripe"
"P004526";"G04253";127;173.44;"2026-01-25";"Card"
"P004527";"G04254";321;19.74;"2026-03-12";"Card"
"P004528";"G04254";321;12.46;"2026-03-12";"Stripe"
"P004529";"G04255";111;41.93;"2026-05-31";"Card"
"P004530";"G04255";111;28.29;"2026-05-31";"Card"
"P004531";"G04255";111;68.26;"2026-05-31";"Stripe"
"P004532";"G04256";319;77.1;"2026-01-16";"Card"
"P004533";"G04257";323;45.5;"2026-04-29";"Card"
"P004534";"G04258";129;202.8;"2026-01-17";"Cash"
"P004535";"G04259";528;235.55;"2026-04-17";"Stripe"
"P004536";"G04260";432;66.42;"2026-01-11";"Card"
"P004537";"G04262";233;32.26;"2026-03-13";"Stripe"
"P004538";"G04263";404;160.43;"2026-05-17";"Stripe"
"P004539";"G04264";514;144.33;"2026-01-17";"Card"
"P004540";"G04265";527;31.62;"2026-05-10";"Card"
"P004541";"G04265";527;79.44;"2026-05-10";"Cash"
"P004542";"G04266";414;127.57;"2026-02-20";"Stripe"
"P004543";"G04267";224;87.07;"2026-02-06";"Cash"
"P004544";"G04267";224;35.61;"2026-02-05";"Cash"
"P004545";"G04267";224;78.49;"2026-02-06";"Stripe"
"P004546";"G04269";426;81.71;"2026-05-16";"Stripe"
"P004547";"G04271";131;190.98;"2026-03-20";"Card"
"P004548";"G04272";109;53.52;"2026-06-26";"Stripe"
"P004549";"G04273";102;12.07;"2026-03-03";"Card"
"P004550";"G04274";512;157.9;"2026-02-05";"Stripe"
"P004551";"G04275";321;295.47;"2026-04-01";"Card"
"P004552";"G04276";525;21.23;"2026-03-20";"Card"
"P004553";"G04276";525;22.41;"2026-03-20";"Stripe"
"P004554";"G04277";415;120.31;"2026-04-24";"Card"
"P004555";"G04278";314;140.1;"2026-02-18";"Card"
"P004556";"G04280";226;148.52;"2026-04-14";"Card"
"P004557";"G04281";432;106.12;"2026-04-16";"Stripe"
"P004558";"G04282";434;49.4;"2026-06-06";"Cash"
"P004559";"G04283";205;282.09;"2026-06-09";"Card"
"P004560";"G04285";306;51.33;"2026-04-21";"Stripe"
"P004561";"G04286";426;37.23;"2026-04-24";"Card"
"P004562";"G04287";205;67.59;"2026-02-21";"Card"
"P004563";"G04287";205;168.03;"2026-02-21";"Card"
"P004564";"G04288";420;119.79;"2026-06-20";"Card"
"P004565";"G04289";419;58.88;"2026-03-16";"Card"
"P004566";"G04291";221;82.7;"2026-03-12";"Card"
"P004567";"G04291";221;54.89;"2026-03-12";"Card"
"P004568";"G04292";220;58.51;"2026-01-24";"Stripe"
"P004569";"G04292";220;96.39;"2026-01-24";"Card"
"P004570";"G04293";307;175.44;"2026-01-25";"Stripe"
"P004571";"G04294";509;139.6;"2026-06-23";"Card"
"P004572";"G04295";221;124.57;"2026-06-21";"Card"
"P004573";"G04296";213;36.46;"2026-02-15";"Card"
"P004574";"G04296";213;102.33;"2026-02-17";"Card"
"P004575";"G04297";215;80.94;"2026-05-30";"Card"
"P004576";"G04297";215;182.49;"2026-06-04";"Card"
"P004577";"G04298";415;93.1;"2026-01-18";"Card"
"P004578";"G04301";228;67.11;"2026-02-09";"Card"
"P004579";"G04301";228;29.0;"2026-02-09";"Card"
"P004580";"G04301";228;51.81;"2026-02-09";"Stripe"
"P004581";"G04302";418;131.02;"2026-05-15";"Card"
"P004582";"G04303";104;126.46;"2026-01-09";"Stripe"
"P004583";"G04304";315;32.75;"2026-02-18";"Card"
"P004584";"G04304";315;33.56;"2026-02-18";"Card"
"P004585";"G04305";333;112.28;"2026-05-02";"Cash"
"P004586";"G04306";505;68.8;"2026-04-14";"Card"
"P004587";"G04309";101;174.92;"2026-03-23";"Stripe"
"P004588";"G04310";424;59.52;"2026-05-07";"Card"
"P004589";"G04310";424;64.36;"2026-05-06";"Card"
"P004590";"G04311";532;202.71;"2026-05-02";"Stripe"
"P004591";"G04312";517;50.19;"2026-03-06";"Cash"
"P004592";"G04313";317;211.69;"2026-06-24";"Stripe"
"P004593";"G04314";523;95.09;"2026-01-19";"Cash"
"P004594";"G04315";502;528.44;"2026-03-10";"Card"
"P004595";"G04317";218;30.83;"2026-02-16";"Card"
"P004596";"G04317";218;39.88;"2026-02-16";"Cash"
"P004597";"G04319";401;96.38;"2026-06-16";"Card"
"P004598";"G04320";426;156.83;"2026-03-09";"Stripe"
"P004599";"G04321";225;202.14;"2026-03-28";"Stripe"
"P004600";"G04322";125;33.2;"2026-04-19";"Card"
"P004601";"G04323";103;61.03;"2026-01-08";"Stripe"
"P004602";"G04324";120;49.77;"2026-03-29";"Stripe"
"P004603";"G04326";213;44.9;"2026-04-23";"Card"
"P004604";"G04326";213;85.65;"2026-04-23";"Card"
"P004605";"G04330";209;268.18;"2026-04-02";"Stripe"
"P004606";"G04331";431;295.88;"2026-05-20";"Card"
"P004607";"G04332";307;192.92;"2026-01-19";"Cash"
"P004608";"G04334";211;77.64;"2026-02-26";"Card"
"P004609";"G04334";211;180.29;"2026-02-26";"Card"
"P004610";"G04335";514;48.05;"2026-04-25";"Card"
"P004611";"G04336";215;122.23;"2026-02-04";"Card"
"P004612";"G04337";518;330.77;"2026-01-28";"Card"
"P004613";"G04339";126;43.25;"2026-05-29";"Card"
"P004614";"G04339";126;39.67;"2026-05-27";"Card"
"P004615";"G04340";408;11.22;"2026-03-15";"Card"
"P004616";"G04341";212;36.22;"2026-03-02";"Card"
"P004617";"G04341";212;86.02;"2026-02-27";"Card"
"P004618";"G04342";101;73.12;"2026-04-19";"Card"
"P004619";"G04342";101;48.99;"2026-04-19";"Card"
"P004620";"G04343";504;17.42;"2026-06-19";"Card"
"P004621";"G04345";220;14.01;"2026-05-08";"Card"
"P004622";"G04345";220;20.84;"2026-05-08";"Card"
"P004623";"G04346";533;94.75;"2026-06-16";"Stripe"
"P004624";"G04347";107;421.69;"2026-05-13";"Card"
"P004625";"G04348";104;139.09;"2026-06-01";"Stripe"
"P004626";"G04349";403;2.67;"2026-05-18";"Card"
"P004627";"G04351";534;128.2;"2026-03-04";"Card"
"P004628";"G04352";327;5.1;"2026-02-26";"Card"
"P004629";"G04353";115;82.01;"2026-01-17";"Stripe"
"P004630";"G04353";115;104.14;"2026-01-17";"Stripe"
"P004631";"G04354";532;75.23;"2026-03-13";"Card"
"P004632";"G04354";532;142.88;"2026-03-13";"Card"
"P004633";"G04355";522;340.69;"2026-03-05";"Card"
"P004634";"G04356";530;285.95;"2026-06-16";"Card"
"P004635";"G04357";427;30.61;"2026-06-22";"Card"
"P004636";"G04358";532;31.75;"2026-02-25";"Card"
"P004637";"G04358";532;70.11;"2026-02-27";"Cash"
"P004638";"G04359";206;87.14;"2026-04-11";"Card"
"P004639";"G04360";426;310.04;"2026-05-26";"Cash"
"P004640";"G04361";312;109.25;"2026-01-15";"Cash"
"P004641";"G04362";322;333.5;"2026-06-11";"Card"
"P004642";"G04363";211;45.07;"2026-05-11";"Stripe"
"P004643";"G04364";118;36.64;"2026-03-16";"Cash"
"P004644";"G04365";419;40.7;"2026-05-23";"Stripe"
"P004645";"G04366";419;196.78;"2026-03-12";"Card"
"P004646";"G04367";523;96.6;"2026-01-03";"Card"
"P004647";"G04369";432;65.03;"2026-05-08";"Card"
"P004648";"G04369";432;39.49;"2026-05-08";"Card"
"P004649";"G04370";403;72.8;"2026-01-07";"Card"
"P004650";"G04371";223;77.34;"2026-03-02";"Stripe"
"P004651";"G04371";223;53.73;"2026-03-03";"Card"
"P004652";"G04372";503;84.71;"2026-06-19";"Stripe"
"P004653";"G04372";503;69.51;"2026-06-19";"Card"
"P004654";"G04374";318;18.7;"2026-02-08";"Cash"
"P004655";"G04375";518;94.26;"2026-03-22";"Card"
"P004656";"G04376";210;51.65;"2026-05-17";"Cash"
"P004657";"G04377";124;102.94;"2026-01-01";"Card"
"P004658";"G04377";124;114.27;"2026-01-03";"Card"
"P004659";"G04378";508;140.51;"2026-01-04";"Card"
"P004660";"G04379";201;384.63;"2026-05-09";"Card"
"P004661";"G04381";216;143.25;"2026-04-10";"Card"
"P004662";"G04383";334;86.95;"2026-05-19";"Card"
"P004663";"G04385";208;108.25;"2026-04-02";"Card"
"P004664";"G04386";520;63.18;"2026-01-12";"Card"
"P004665";"G04387";430;70.57;"2026-03-08";"Card"
"P004666";"G04388";413;5.05;"2026-02-09";"Stripe"
"P004667";"G04389";112;21.6;"2026-04-04";"Card"
"P004668";"G04390";311;20.56;"2026-04-25";"Stripe"
"P004669";"G04391";529;327.84;"2026-04-05";"Card"
"P004670";"G04392";511;224.07;"2026-05-08";"Card"
"P004671";"G04393";112;174.24;"2026-04-25";"Card"
"P004672";"G04394";304;136.6;"2026-01-28";"Stripe"
"P004673";"G04396";423;16.66;"2026-03-24";"Card"
"P004674";"G04396";423;45.05;"2026-03-26";"Card"
"P004675";"G04397";206;560.33;"2026-03-24";"Stripe"
"P004676";"G04398";328;52.01;"2026-06-27";"Cash"
"P004677";"G04399";127;198.08;"2026-05-11";"Card"
"P004678";"G04402";504;129.67;"2026-04-08";"Cash"
"P004679";"G04403";523;137.06;"2026-06-18";"Card"
"P004680";"G04403";523;159.52;"2026-06-14";"Stripe"
"P004681";"G04404";104;74.55;"2026-06-10";"Card"
"P004682";"G04404";104;134.23;"2026-06-03";"Stripe"
"P004683";"G04405";330;139.5;"2026-04-25";"Card"
"P004684";"G04406";410;10.4;"2026-04-01";"Card"
"P004685";"G04406";410;6.21;"2026-04-04";"Cash"
"P004686";"G04406";410;4.83;"2026-04-01";"Card"
"P004687";"G04407";322;234.89;"2026-06-27";"Card"
"P004688";"G04408";426;24.34;"2026-03-13";"Card"
"P004689";"G04408";426;51.81;"2026-03-16";"Card"
"P004690";"G04409";121;77.63;"2026-04-04";"Card"
"P004691";"G04410";317;60.56;"2026-03-14";"Card"
"P004692";"G04411";528;211.14;"2026-05-17";"Card"
"P004693";"G04412";408;31.81;"2026-05-25";"Stripe"
"P004694";"G04414";133;53.77;"2026-01-14";"Card"
"P004695";"G04415";501;93.41;"2026-04-29";"Card"
"P004696";"G04416";214;22.31;"2026-04-01";"Cash"
"P004697";"G04417";113;294.53;"2026-01-02";"Card"
"P004698";"G04419";510;83.92;"2026-05-05";"Card"
"P004699";"G04419";510;47.76;"2026-04-29";"Card"
"P004700";"G04421";510;3.78;"2026-05-29";"Card"
"P004701";"G04422";302;240.88;"2026-05-04";"Stripe"
"P004702";"G04423";128;122.59;"2026-03-31";"Card"
"P004703";"G04424";122;113.07;"2026-02-15";"Card"
"P004704";"G04425";523;35.01;"2026-02-25";"Card"
"P004705";"G04427";113;1.41;"2026-06-29";"Card"
"P004706";"G04427";113;1.27;"2026-06-23";"Cash"
"P004707";"G04428";304;60.75;"2026-06-24";"Card"
"P004708";"G04429";112;58.73;"2026-06-01";"Stripe"
"P004709";"G04429";112;113.78;"2026-05-30";"Cash"
"P004710";"G04430";311;345.18;"2026-02-05";"Cash"
"P004711";"G04431";505;407.17;"2026-03-23";"Card"
"P004712";"G04432";429;217.22;"2026-03-17";"Cash"
"P004713";"G04433";223;98.46;"2026-04-06";"Cash"
"P004714";"G04434";116;139.79;"2026-02-23";"Card"
"P004715";"G04434";116;101.23;"2026-02-27";"Card"
"P004716";"G04435";531;121.78;"2026-05-11";"Stripe"
"P004717";"G04437";234;53.42;"2026-01-21";"Card"
"P004718";"G04439";118;190.49;"2026-04-07";"Card"
"P004719";"G04440";116;47.45;"2026-02-12";"Card"
"P004720";"G04441";421;178.42;"2026-02-25";"Card"
"P004721";"G04442";309;63.33;"2026-02-06";"Card"
"P004722";"G04443";229;324.12;"2026-06-05";"Cash"
"P004723";"G04444";528;53.56;"2026-01-15";"Cash"
"P004724";"G04444";528;26.47;"2026-01-13";"Card"
"P004725";"G04444";528;43.77;"2026-01-15";"Card"
"P004726";"G04445";101;237.37;"2026-06-29";"Stripe"
"P004727";"G04446";416;54.31;"2026-04-23";"Card"
"P004728";"G04447";523;36.0;"2026-01-10";"Stripe"
"P004729";"G04447";523;34.87;"2026-01-10";"Card"
"P004730";"G04448";414;108.47;"2026-06-25";"Card"
"P004731";"G04449";503;143.75;"2026-02-20";"Card"
"P004732";"G04450";314;204.73;"2026-03-01";"Card"
"P004733";"G04451";104;117.49;"2026-04-13";"Stripe"
"P004734";"G04452";416;65.86;"2026-03-05";"Card"
"P004735";"G04453";431;46.62;"2026-06-10";"Stripe"
"P004736";"G04453";431;98.29;"2026-06-10";"Card"
"P004737";"G04454";526;99.74;"2026-04-30";"Card"
"P004738";"G04455";418;117.99;"2026-01-12";"Stripe"
"P004739";"G04456";309;262.98;"2026-04-10";"Stripe"
"P004740";"G04457";116;102.77;"2026-04-11";"Card"
"P004741";"G04458";434;80.18;"2026-04-20";"Card"
"P004742";"G04459";518;113.74;"2026-04-24";"Card"
"P004743";"G04460";321;154.98;"2026-02-06";"Stripe"
"P004744";"G04461";219;379.06;"2026-04-23";"Card"
"P004745";"G04462";534;54.17;"2026-05-18";"Card"
"P004746";"G04462";534;63.35;"2026-05-14";"Stripe"
"P004747";"G04464";124;241.55;"2026-06-01";"Cash"
"P004748";"G04465";108;61.05;"2026-03-15";"Stripe"
"P004749";"G04465";108;61.4;"2026-03-15";"Cash"
"P004750";"G04466";506;71.96;"2026-04-29";"Card"
"P004751";"G04468";127;110.89;"2026-05-11";"Card"
"P004752";"G04470";334;18.81;"2026-02-01";"Stripe"
"P004753";"G04470";334;16.73;"2026-01-26";"Card"
"P004754";"G04471";315;40.84;"2026-03-24";"Cash"
"P004755";"G04471";315;55.33;"2026-03-27";"Stripe"
"P004756";"G04471";315;30.69;"2026-03-24";"Card"
"P004757";"G04472";424;46.43;"2026-02-10";"Card"
"P004758";"G04473";203;30.25;"2026-04-09";"Stripe"
"P004759";"G04474";125;272.5;"2026-05-28";"Stripe"
"P004760";"G04475";421;132.26;"2026-02-06";"Card"
"P004761";"G04476";211;108.05;"2026-03-30";"Card"
"P004762";"G04476";211;114.34;"2026-03-30";"Stripe"
"P004763";"G04477";534;240.07;"2026-02-18";"Card"
"P004764";"G04478";426;31.26;"2026-02-25";"Stripe"
"P004765";"G04479";205;411.19;"2026-02-27";"Card"
"P004766";"G04480";206;71.85;"2026-03-04";"Card"
"P004767";"G04480";206;66.23;"2026-03-04";"Stripe"
"P004768";"G04482";324;76.22;"2026-05-27";"Card"
"P004769";"G04483";326;18.82;"2026-02-13";"Stripe"
"P004770";"G04483";326;20.44;"2026-02-16";"Cash"
"P004771";"G04484";119;64.26;"2026-03-25";"Stripe"
"P004772";"G04485";403;51.04;"2026-02-27";"Stripe"
"P004773";"G04485";403;9.0;"2026-02-27";"Card"
"P004774";"G04485";403;26.85;"2026-02-27";"Stripe"
"P004775";"G04486";413;19.67;"2026-05-26";"Card"
"P004776";"G04487";208;11.04;"2026-03-20";"Cash"
"P004777";"G04487";208;14.62;"2026-03-20";"Card"
"P004778";"G04488";328;114.65;"2026-03-01";"Card"
"P004779";"G04489";410;75.2;"2026-05-09";"Card"
"P004780";"G04492";518;3.86;"2026-06-11";"Card"
"P004781";"G04493";510;144.18;"2026-03-07";"Card"
"P004782";"G04494";220;220.91;"2026-04-04";"Card"
"P004783";"G04495";233;218.56;"2026-02-22";"Stripe"
"P004784";"G04497";414;116.4;"2026-05-15";"Card"
"P004785";"G04498";510;51.81;"2026-04-16";"Card"
"P004786";"G04499";534;27.95;"2026-01-06";"Cash"
"P004787";"G04500";104;7.15;"2026-02-21";"Card"
"P004788";"G04500";104;13.99;"2026-02-21";"Card"
"P004789";"G04502";323;231.74;"2026-01-23";"Card"
"P004790";"G04502";323;178.39;"2026-01-23";"Card"
"P004791";"G04503";221;65.41;"2026-01-31";"Card"
"P004792";"G04504";226;31.97;"2026-02-19";"Stripe"
"P004793";"G04505";104;215.0;"2026-04-03";"Card"
"P004794";"G04506";110;15.12;"2026-03-29";"Card"
"P004795";"G04507";202;74.75;"2026-05-05";"Card"
"P004796";"G04508";427;5.21;"2026-04-19";"Card"
"P004797";"G04508";427;14.29;"2026-04-19";"Card"
"P004798";"G04509";228;151.37;"2026-04-07";"Card"
"P004799";"G04510";525;129.44;"2026-02-13";"Cash"
"P004800";"G04512";412;55.97;"2026-04-29";"Card"
"P004801";"G04512";412;43.49;"2026-04-29";"Card"
"P004802";"G04513";305;69.05;"2026-01-16";"Card"
"P004803";"G04514";425;196.72;"2026-05-22";"Card"
"P004804";"G04515";422;31.5;"2026-03-10";"Card"
"P004805";"G04515";422;37.85;"2026-03-10";"Card"
"P004806";"G04516";319;81.49;"2026-02-22";"Card"
"P004807";"G04518";208;168.14;"2026-05-01";"Stripe"
"P004808";"G04519";415;83.64;"2026-05-04";"Card"
"P004809";"G04519";415;249.11;"2026-05-03";"Card"
"P004810";"G04520";415;33.71;"2026-02-09";"Card"
"P004811";"G04520";415;29.62;"2026-02-14";"Card"
"P004812";"G04521";130;25.96;"2026-04-24";"Cash"
"P004813";"G04524";310;12.49;"2026-01-23";"Card"
"P004814";"G04524";310;10.63;"2026-01-21";"Card"
"P004815";"G04524";310;18.75;"2026-01-23";"Stripe"
"P004816";"G04525";115;18.22;"2026-05-13";"Card"
"P004817";"G04525";115;25.46;"2026-05-13";"Card"
"P004818";"G04526";421;16.31;"2026-03-05";"Card"
"P004819";"G04527";217;219.86;"2026-02-03";"Stripe"
"P004820";"G04528";203;28.52;"2026-01-18";"Card"
"P004821";"G04529";214;70.55;"2026-06-25";"Card"
"P004822";"G04531";329;11.77;"2026-04-28";"Cash"
"P004823";"G04531";329;28.74;"2026-04-28";"Stripe"
"P004824";"G04532";117;526.78;"2026-03-09";"Stripe"
"P004825";"G04534";306;65.06;"2026-06-09";"Stripe"
"P004826";"G04535";204;56.89;"2026-04-13";"Stripe"
"P004827";"G04536";417;138.23;"2026-01-27";"Cash"
"P004828";"G04537";107;106.3;"2026-05-09";"Cash"
"P004829";"G04538";518;100.32;"2026-04-30";"Cash"
"P004830";"G04539";418;30.32;"2026-05-26";"Stripe"
"P004831";"G04539";418;21.02;"2026-05-28";"Stripe"
"P004832";"G04540";129;12.66;"2026-06-13";"Card"
"P004833";"G04542";214;106.08;"2026-06-19";"Card"
"P004834";"G04543";119;69.19;"2026-02-13";"Card"
"P004835";"G04543";119;131.42;"2026-02-09";"Card"
"P004836";"G04544";229;61.33;"2026-06-05";"Card"
"P004837";"G04545";209;301.16;"2026-06-24";"Card"
"P004838";"G04546";216;286.58;"2026-01-12";"Card"
"P004839";"G04547";203;347.92;"2026-03-11";"Card"
"P004840";"G04548";522;28.63;"2026-03-10";"Card"
"P004841";"G04548";522;29.73;"2026-03-10";"Card"
"P004842";"G04549";221;143.74;"2026-03-16";"Card"
"P004843";"G04550";426;130.85;"2026-02-14";"Card"
"P004844";"G04551";210;115.45;"2026-05-25";"Stripe"
"P004845";"G04551";210;260.63;"2026-05-25";"Stripe"
"P004846";"G04553";210;43.16;"2026-02-07";"Cash"
"P004847";"G04554";325;349.68;"2026-01-19";"Card"
"P004848";"G04555";306;56.06;"2026-06-21";"Stripe"
"P004849";"G04556";231;126.4;"2026-03-21";"Card"
"P004850";"G04557";210;209.0;"2026-06-18";"Card"
"P004851";"G04558";414;73.36;"2026-04-18";"Stripe"
"P004852";"G04559";209;126.06;"2026-02-04";"Stripe"
"P004853";"G04562";101;146.28;"2026-03-26";"Stripe"
"P004854";"G04563";329;58.53;"2026-06-26";"Card"
"P004855";"G04563";329;60.31;"2026-06-27";"Stripe"
"P004856";"G04565";502;56.3;"2026-05-11";"Card"
"P004857";"G04566";524;75.93;"2026-04-01";"Stripe"
"P004858";"G04567";520;167.22;"2026-04-25";"Card"
"P004859";"G04568";220;113.42;"2026-05-31";"Stripe"
"P004860";"G04570";216;234.78;"2026-06-27";"Card"
"P004861";"G04572";424;110.98;"2026-02-07";"Cash"
"P004862";"G04576";213;168.72;"2026-06-30";"Card"
"P004863";"G04577";313;105.2;"2026-02-15";"Stripe"
"P004864";"G04578";330;54.49;"2026-05-06";"Card"
"P004865";"G04580";519;12.21;"2026-03-16";"Stripe"
"P004866";"G04581";506;20.07;"2026-02-11";"Card"
"P004867";"G04581";506;16.51;"2026-02-14";"Card"
"P004868";"G04583";234;10.71;"2026-03-05";"Card"
"P004869";"G04584";214;90.09;"2026-06-08";"Stripe"
"P004870";"G04585";334;147.11;"2026-03-18";"Card"
"P004871";"G04586";203;224.06;"2026-04-13";"Card"
"P004872";"G04586";203;126.33;"2026-04-13";"Stripe"
"P004873";"G04588";110;353.73;"2026-05-22";"Cash"
"P004874";"G04589";227;311.47;"2026-02-04";"Stripe"
"P004875";"G04590";114;176.68;"2026-04-21";"Card"
"P004876";"G04591";311;195.71;"2026-06-22";"Card"
"P004877";"G04593";103;21.7;"2026-04-08";"Card"
"P004878";"G04594";229;60.13;"2026-01-29";"Card"
"P004879";"G04596";528;73.11;"2026-05-12";"Card"
"P004880";"G04600";422;161.56;"2026-03-05";"Card"
"P004881";"G04601";315;113.21;"2026-04-12";"Card"
"P004882";"G04602";411;236.7;"2026-04-15";"Cash"
"P004883";"G04603";306;312.98;"2026-04-20";"Card"
"P004884";"G04604";223;33.38;"2026-02-07";"Card"
"P004885";"G04605";102;103.51;"2026-06-06";"Stripe"
"P004886";"G04606";410;58.47;"2026-02-18";"Stripe"
"P004887";"G04607";507;135.01;"2026-03-07";"Card"
"P004888";"G04608";423;86.18;"2026-06-15";"Card"
"P004889";"G04609";517;137.67;"2026-04-06";"Card"
"P004890";"G04610";528;97.35;"2026-02-06";"Stripe"
"P004891";"G04612";111;13.17;"2026-02-22";"Card"
"P004892";"G04613";425;107.85;"2026-02-28";"Stripe"
"P004893";"G04613";425;99.09;"2026-02-28";"Card"
"P004894";"G04614";320;158.71;"2026-03-29";"Card"
"P004895";"G04615";218;68.75;"2026-04-11";"Card"
"P004896";"G04615";218;91.82;"2026-04-11";"Card"
"P004897";"G04616";230;49.29;"2026-06-30";"Card"
"P004898";"G04617";110;273.6;"2026-04-12";"Card"
"P004899";"G04618";424;102.35;"2026-06-10";"Card"
"P004900";"G04620";329;17.35;"2026-02-04";"Card"
"P004901";"G04621";231;66.04;"2026-05-29";"Card"
"P004902";"G04622";303;72.49;"2026-03-16";"Card"
"P004903";"G04622";303;97.86;"2026-03-16";"Card"
"P004904";"G04623";524;128.13;"2026-02-27";"Stripe"
"P004905";"G04624";434;38.43;"2026-05-24";"Card"
"P004906";"G04625";432;101.51;"2026-02-27";"Card"
"P004907";"G04627";210;89.36;"2026-05-19";"Card"
"P004908";"G04628";124;243.58;"2026-01-28";"Card"
"P004909";"G04629";503;10.96;"2026-02-04";"Card"
"P004910";"G04629";503;21.04;"2026-02-04";"Card"
"P004911";"G04630";412;76.38;"2026-04-29";"Cash"
"P004912";"G04631";403;229.64;"2026-05-10";"Stripe"
"P004913";"G04632";221;298.96;"2026-04-23";"Card"
"P004914";"G04633";225;62.19;"2026-01-14";"Stripe"
"P004915";"G04634";516;87.25;"2026-02-01";"Cash"
"P004916";"G04635";108;275.41;"2026-02-01";"Card"
"P004917";"G04636";434;30.0;"2026-02-16";"Card"
"P004918";"G04637";323;56.83;"2026-04-21";"Card"
"P004919";"G04639";426;82.34;"2026-01-08";"Stripe"
"P004920";"G04640";219;66.83;"2026-05-18";"Card"
"P004921";"G04641";424;2.85;"2026-05-27";"Card"
"P004922";"G04641";424;6.37;"2026-05-27";"Card"
"P004923";"G04642";430;79.77;"2026-03-26";"Card"
"P004924";"G04643";222;168.77;"2026-02-28";"Stripe"
"P004925";"G04644";534;112.32;"2026-05-06";"Card"
"P004926";"G04645";309;108.02;"2026-01-28";"Card"
"P004927";"G04645";309;60.94;"2026-01-28";"Card"
"P004928";"G04646";418;25.93;"2026-02-24";"Stripe"
"P004929";"G04646";418;40.51;"2026-02-24";"Card"
"P004930";"G04647";316;9.84;"2026-01-30";"Cash"
"P004931";"G04648";334;227.07;"2026-01-09";"Card"
"P004932";"G04649";509;240.64;"2026-06-09";"Card"
"P004933";"G04650";425;193.26;"2026-03-04";"Cash"
"P004934";"G04651";410;50.48;"2026-04-27";"Card"
"P004935";"G04651";410;38.93;"2026-04-24";"Stripe"
"P004936";"G04652";107;36.89;"2026-03-12";"Card"
"P004937";"G04653";125;288.77;"2026-06-06";"Card"
"P004938";"G04654";329;102.42;"2026-03-06";"Card"
"P004939";"G04654";329;69.99;"2026-03-06";"Card"
"P004940";"G04655";307;60.19;"2026-03-15";"Stripe"
"P004941";"G04656";106;73.71;"2026-02-05";"Stripe"
"P004942";"G04657";218;37.23;"2026-05-12";"Card"
"P004943";"G04657";218;89.87;"2026-05-12";"Card"
"P004944";"G04659";503;266.13;"2026-06-23";"Card"
"P004945";"G04660";213;117.69;"2026-04-04";"Card"
"P004946";"G04661";434;42.4;"2026-02-28";"Cash"
"P004947";"G04661";434;60.57;"2026-03-03";"Card"
"P004948";"G04662";134;161.75;"2026-06-03";"Card"
"P004949";"G04662";134;111.63;"2026-06-03";"Cash"
"P004950";"G04663";104;160.12;"2026-01-11";"Stripe"
"P004951";"G04664";505;346.91;"2026-04-02";"Card"
"P004952";"G04665";422;135.26;"2026-06-27";"Stripe"
"P004953";"G04666";110;120.71;"2026-05-04";"Card"
"P004954";"G04667";516;111.57;"2026-02-11";"Card"
"P004955";"G04668";230;49.02;"2026-03-08";"Card"
"P004956";"G04669";325;145.69;"2026-05-31";"Card"
"P004957";"G04669";325;129.79;"2026-05-31";"Stripe"
"P004958";"G04670";529;27.55;"2026-03-14";"Stripe"
"P004959";"G04671";205;138.99;"2026-03-11";"Card"
"P004960";"G04672";406;337.67;"2026-01-06";"Card"
"P004961";"G04673";321;43.75;"2026-02-11";"Cash"
"P004962";"G04673";321;85.41;"2026-02-11";"Card"
"P004963";"G04674";334;97.08;"2026-05-24";"Card"
"P004964";"G04677";506;60.0;"2026-06-11";"Card"
"P004965";"G04677";506;166.7;"2026-06-11";"Card"
"P004966";"G04678";211;27.25;"2026-02-15";"Card"
"P004967";"G04678";211;39.26;"2026-02-13";"Cash"
"P004968";"G04678";211;38.15;"2026-02-13";"Stripe"
"P004969";"G04680";534;92.26;"2026-04-16";"Stripe"
"P004970";"G04681";312;58.25;"2026-01-18";"Card"
"P004971";"G04681";312;61.23;"2026-01-15";"Stripe"
"P004972";"G04683";211;44.94;"2026-05-10";"Stripe"
"P004973";"G04685";124;142.88;"2026-02-22";"Card"
"P004974";"G04686";527;19.41;"2026-06-06";"Card"
"P004975";"G04687";410;158.05;"2026-03-31";"Stripe"
"P004976";"G04687";410;105.47;"2026-03-30";"Stripe"
"P004977";"G04689";434;190.15;"2026-05-04";"Stripe"
"P004978";"G04691";423;13.81;"2026-05-14";"Card"
"P004979";"G04692";302;132.81;"2026-01-21";"Card"
"P004980";"G04693";431;43.35;"2026-06-13";"Card"
"P004981";"G04694";319;414.57;"2026-06-14";"Stripe"
"P004982";"G04695";119;91.49;"2026-06-21";"Card"
"P004983";"G04696";512;156.22;"2026-02-01";"Card"
"P004984";"G04698";227;1.86;"2026-02-27";"Stripe"
"P004985";"G04698";227;1.53;"2026-02-27";"Card"
"P004986";"G04698";227;1.58;"2026-03-01";"Stripe"
"P004987";"G04699";425;66.11;"2026-05-20";"Stripe"
"P004988";"G04700";321;406.77;"2026-06-17";"Cash"
"P004989";"G04701";418;316.32;"2026-02-16";"Stripe"
"P004990";"G04702";319;114.43;"2026-05-13";"Stripe"
"P004991";"G04705";421;64.79;"2026-05-05";"Stripe"
"P004992";"G04706";223;42.92;"2026-06-06";"Card"
"P004993";"G04707";203;84.74;"2026-01-27";"Card"
"P004994";"G04708";418;61.82;"2026-03-26";"Stripe"
"P004995";"G04709";322;78.98;"2026-06-30";"Cash"
"P004996";"G04710";430;57.75;"2026-03-18";"Card"
"P004997";"G04710";430;68.71;"2026-03-18";"Cash"
"P004998";"G04712";330;67.26;"2026-05-05";"Card"
"P004999";"G04713";509;65.88;"2026-04-10";"Card"
"P005000";"G04713";509;114.2;"2026-04-10";"Card"
"P005001";"G04714";134;124.04;"2026-05-14";"Card"
"P005002";"G04715";526;75.49;"2026-04-05";"Card"
"P005003";"G04716";420;16.14;"2026-03-19";"Stripe"
"P005004";"G04717";523;28.71;"2026-03-18";"Card"
"P005005";"G04717";523;34.87;"2026-03-18";"Stripe"
"P005006";"G04718";217;123.17;"2026-05-09";"Card"
"P005007";"G04719";308;113.48;"2026-01-20";"Card"
"P005008";"G04720";520;244.63;"2026-05-25";"Stripe"
"P005009";"G04721";506;105.45;"2026-02-03";"Card"
"P005010";"G04723";419;186.43;"2026-04-18";"Card"
"P005011";"G04724";518;77.74;"2026-02-20";"Card"
"P005012";"G04725";318;199.6;"2026-04-25";"Card"
"P005013";"G04726";216;247.15;"2026-03-06";"Card"
"P005014";"G04727";206;138.69;"2026-02-08";"Card"
"P005015";"G04728";421;160.64;"2026-05-31";"Card"
"P005016";"G04729";407;357.9;"2026-01-16";"Stripe"
"P005017";"G04730";521;165.11;"2026-01-06";"Card"
"P005018";"G04733";512;291.67;"2026-04-27";"Stripe"
"P005019";"G04734";509;3.7;"2026-01-17";"Card"
"P005020";"G04734";509;6.68;"2026-01-17";"Card"
"P005021";"G04735";517;69.67;"2026-04-10";"Card"
"P005022";"G04736";316;111.26;"2026-04-20";"Card"
"P005023";"G04737";225;156.69;"2026-06-22";"Stripe"
"P005024";"G04738";202;111.28;"2026-03-29";"Card"
"P005025";"G04741";112;45.21;"2026-04-02";"Stripe"
"P005026";"G04742";410;31.53;"2026-05-16";"Stripe"
"P005027";"G04742";410;21.4;"2026-05-16";"Card"
"P005028";"G04742";410;59.35;"2026-05-16";"Stripe"
"P005029";"G04743";430;32.34;"2026-02-24";"Stripe"
"P005030";"G04744";301;46.19;"2026-05-27";"Card"
"P005031";"G04745";206;197.02;"2026-05-16";"Card"
"P005032";"G04747";111;221.79;"2026-03-01";"Card"
"P005033";"G04748";333;155.57;"2026-05-21";"Card"
"P005034";"G04749";334;263.32;"2026-04-28";"Stripe"
"P005035";"G04750";313;178.0;"2026-03-06";"Stripe"
"P005036";"G04751";121;195.91;"2026-04-17";"Card"
"P005037";"G04752";526;152.77;"2026-05-07";"Stripe"
"P005038";"G04753";104;94.22;"2026-05-07";"Card"
"P005039";"G04754";108;95.6;"2026-01-31";"Card"
"P005040";"G04755";427;94.81;"2026-03-04";"Cash"
"P005041";"G04756";128;238.94;"2026-06-11";"Stripe"
"P005042";"G04757";206;44.75;"2026-03-03";"Cash"
"P005043";"G04757";206;40.94;"2026-03-04";"Stripe"
"P005044";"G04758";117;76.23;"2026-01-23";"Card"
"P005045";"G04758";117;41.62;"2026-01-23";"Card"
"P005046";"G04759";115;15.41;"2026-01-30";"Card"
"P005047";"G04760";503;47.53;"2026-03-30";"Stripe"
"P005048";"G04761";426;32.73;"2026-02-22";"Cash"
"P005049";"G04761";426;46.44;"2026-02-22";"Card"
"P005050";"G04762";431;20.62;"2026-01-23";"Cash"
"P005051";"G04762";431;49.59;"2026-01-23";"Card"
"P005052";"G04764";114;61.79;"2026-04-24";"Card"
"P005053";"G04765";217;43.29;"2026-02-27";"Card"
"P005054";"G04766";315;176.6;"2026-05-04";"Card"
"P005055";"G04768";319;59.42;"2026-01-04";"Card"
"P005056";"G04769";306;282.32;"2026-03-10";"Stripe"
"P005057";"G04771";311;82.69;"2026-01-10";"Stripe"
"P005058";"G04772";426;141.04;"2026-06-14";"Card"
"P005059";"G04773";119;139.73;"2026-01-28";"Card"
"P005060";"G04773";119;95.67;"2026-01-28";"Card"
"P005061";"G04774";508;49.14;"2026-06-17";"Stripe"
"P005062";"G04774";508;16.44;"2026-06-17";"Card"
"P005063";"G04774";508;34.3;"2026-06-17";"Card"
"P005064";"G04776";233;15.67;"2026-02-02";"Stripe"
"P005065";"G04777";331;37.12;"2026-01-25";"Card"
"P005066";"G04778";432;360.63;"2026-03-24";"Card"
"P005067";"G04779";504;16.44;"2026-02-15";"Stripe"
"P005068";"G04781";406;267.32;"2026-03-01";"Stripe"
"P005069";"G04782";430;16.45;"2026-02-04";"Card"
"P005070";"G04783";406;128.9;"2026-05-09";"Card"
"P005071";"G04784";108;81.2;"2026-01-23";"Card"
"P005072";"G04785";106;281.13;"2026-03-20";"Stripe"
"P005073";"G04786";203;130.89;"2026-05-15";"Card"
"P005074";"G04787";218;36.36;"2026-02-20";"Card"
"P005075";"G04788";329;186.89;"2026-04-25";"Card"
"P005076";"G04790";208;128.86;"2026-05-08";"Card"
"P005077";"G04792";210;239.8;"2026-05-31";"Cash"
"P005078";"G04794";203;98.94;"2026-02-17";"Card"
"P005079";"G04795";418;80.69;"2026-05-19";"Stripe"
"P005080";"G04796";332;358.4;"2026-01-06";"Card"
"P005081";"G04797";501;91.4;"2026-03-24";"Card"
"P005082";"G04797";501;57.31;"2026-03-24";"Card"
"P005083";"G04798";431;7.29;"2026-01-01";"Card"
"P005084";"G04798";431;3.22;"2026-01-01";"Card"
"P005085";"G04798";431;7.85;"2026-01-07";"Card"
"P005086";"G04799";114;14.81;"2026-01-22";"Cash"
"P005087";"G04800";201;171.24;"2026-03-16";"Stripe"
"P005088";"G04801";406;66.73;"2026-05-22";"Stripe"
"P005089";"G04802";529;157.01;"2026-05-17";"Card"
"P005090";"G04803";307;58.73;"2026-02-09";"Card"
"P005091";"G04804";318;19.83;"2026-01-16";"Card"
"P005092";"G04805";403;84.18;"2026-06-08";"Cash"
"P005093";"G04805";403;126.83;"2026-06-08";"Card"
"P005094";"G04807";115;34.49;"2026-01-11";"Card"
"P005095";"G04808";509;195.44;"2026-03-28";"Stripe"
"P005096";"G04810";203;165.46;"2026-05-31";"Stripe"
"P005097";"G04812";413;157.67;"2026-01-21";"Card"
"P005098";"G04813";309;103.73;"2026-03-01";"Card"
"P005099";"G04815";131;123.61;"2026-04-15";"Card"
"P005100";"G04816";316;226.97;"2026-01-07";"Card"
"P005101";"G04817";320;141.93;"2026-03-29";"Cash"
"P005102";"G04817";320;177.03;"2026-03-29";"Stripe"
"P005103";"G04818";128;10.66;"2026-03-09";"Cash"
"P005104";"G04819";334;151.78;"2026-02-15";"Stripe"
"P005105";"G04819";334;106.54;"2026-02-15";"Stripe"
"P005106";"G04820";132;39.45;"2026-05-23";"Stripe"
"P005107";"G04821";217;317.23;"2026-05-02";"Cash"
"P005108";"G04822";234;407.01;"2026-02-25";"Card"
"P005109";"G04823";312;61.76;"2026-02-26";"Stripe"
"P005110";"G04824";323;246.71;"2026-05-14";"Card"
"P005111";"G04825";527;115.09;"2026-02-11";"Cash"
"P005112";"G04826";107;64.2;"2026-04-15";"Card"
"P005113";"G04828";513;42.6;"2026-04-21";"Card"
"P005114";"G04829";205;34.8;"2026-03-20";"Cash"
"P005115";"G04829";205;33.79;"2026-03-20";"Stripe"
"P005116";"G04831";112;96.69;"2026-01-07";"Card"
"P005117";"G04832";510;176.2;"2026-01-04";"Card"
"P005118";"G04833";222;4.7;"2026-05-30";"Card"
"P005119";"G04833";222;11.29;"2026-05-30";"Cash"
"P005120";"G04834";411;323.32;"2026-01-20";"Stripe"
"P005121";"G04836";109;16.96;"2026-01-28";"Stripe"
"P005122";"G04836";109;16.87;"2026-01-28";"Card"
"P005123";"G04837";130;140.38;"2026-04-12";"Stripe"
"P005124";"G04838";315;25.98;"2026-05-10";"Cash"
"P005125";"G04838";315;49.49;"2026-05-10";"Card"
"P005126";"G04839";308;73.85;"2026-03-23";"Stripe"
"P005127";"G04840";327;86.17;"2026-04-25";"Card"
"P005128";"G04841";225;158.62;"2026-04-06";"Stripe"
"P005129";"G04841";225;119.55;"2026-04-06";"Cash"
"P005130";"G04842";532;30.81;"2026-05-30";"Card"
"P005131";"G04843";117;50.92;"2026-04-14";"Card"
"P005132";"G04844";205;237.35;"2026-03-21";"Stripe"
"P005133";"G04845";318;134.26;"2026-06-12";"Card"
"P005134";"G04848";213;251.61;"2026-03-22";"Stripe"
"P005135";"G04849";108;168.75;"2026-03-02";"Stripe"
"P005136";"G04851";333;48.54;"2026-01-25";"Card"
"P005137";"G04852";110;15.12;"2026-06-22";"Card"
"P005138";"G04852";110;8.36;"2026-06-23";"Stripe"
"P005139";"G04853";526;150.18;"2026-06-24";"Card"
"P005140";"G04853";526;111.27;"2026-06-24";"Card"
"P005141";"G04854";407;19.15;"2026-05-08";"Card"
"P005142";"G04854";407;35.13;"2026-05-06";"Stripe"
"P005143";"G04855";127;134.76;"2026-05-26";"Card"
"P005144";"G04856";134;168.04;"2026-06-25";"Card"
"P005145";"G04857";215;215.77;"2026-06-18";"Card"
"P005146";"G04858";210;7.03;"2026-03-10";"Card"
"P005147";"G04858";210;9.54;"2026-03-12";"Stripe"
"P005148";"G04859";434;42.44;"2026-02-24";"Card"
"P005149";"G04860";334;115.15;"2026-05-30";"Card"
"P005150";"G04862";415;159.55;"2026-05-04";"Card"
"P005151";"G04863";432;23.35;"2026-02-14";"Card"
"P005152";"G04866";201;121.23;"2026-05-11";"Stripe"
"P005153";"G04866";201;76.74;"2026-05-11";"Card"
"P005154";"G04867";303;149.52;"2026-05-16";"Cash"
"P005155";"G04868";203;199.18;"2026-06-03";"Stripe"
"P005156";"G04869";420;196.3;"2026-02-06";"Card"
"P005157";"G04870";210;267.69;"2026-01-06";"Stripe"
"P005158";"G04871";322;129.33;"2026-06-14";"Card"
"P005159";"G04872";130;157.26;"2026-05-27";"Stripe"
"P005160";"G04873";426;165.86;"2026-02-28";"Card"
"P005161";"G04874";201;87.38;"2026-03-10";"Card"
"P005162";"G04875";415;139.75;"2026-03-16";"Card"
"P005163";"G04876";303;527.95;"2026-05-20";"Card"
"P005164";"G04877";204;187.37;"2026-01-24";"Stripe"
"P005165";"G04878";326;361.3;"2026-06-15";"Card"
"P005166";"G04879";127;136.68;"2026-04-10";"Cash"
"P005167";"G04880";524;13.3;"2026-02-04";"Card"
"P005168";"G04881";430;210.16;"2026-02-25";"Card"
"P005169";"G04882";117;160.15;"2026-06-23";"Card"
"P005170";"G04883";314;19.62;"2026-04-10";"Card"
"P005171";"G04883";314;58.25;"2026-04-13";"Card"
"P005172";"G04884";426;20.77;"2026-06-27";"Card"
"P005173";"G04884";426;11.97;"2026-06-29";"Card"
"P005174";"G04885";306;41.78;"2026-05-21";"Card"
"P005175";"G04886";507;85.69;"2026-04-20";"Stripe"
"P005176";"G04887";111;34.05;"2026-03-02";"Card"
"P005177";"G04889";221;49.46;"2026-04-09";"Cash"
"P005178";"G04890";227;45.33;"2026-06-25";"Cash"
"P005179";"G04890";227;44.78;"2026-06-23";"Stripe"
"P005180";"G04891";425;94.73;"2026-03-20";"Stripe"
"P005181";"G04893";404;31.56;"2026-02-13";"Stripe"
"P005182";"G04894";234;14.48;"2026-02-18";"Stripe"
"P005183";"G04895";419;87.03;"2026-02-11";"Card"
"P005184";"G04896";507;83.64;"2026-02-28";"Card"
"P005185";"G04897";413;80.62;"2026-02-15";"Card"
"P005186";"G04898";522;21.6;"2026-01-22";"Stripe"
"P005187";"G04899";503;322.99;"2026-02-26";"Card"
"P005188";"G04900";506;12.77;"2026-02-06";"Stripe"
"P005189";"G04900";506;30.93;"2026-02-06";"Card"
"P005190";"G04901";431;31.78;"2026-01-07";"Stripe"
"P005191";"G04902";129;86.82;"2026-05-12";"Card"
"P005192";"G04903";316;47.94;"2026-02-01";"Card"
"P005193";"G04903";316;57.41;"2026-01-31";"Card"
"P005194";"G04904";525;91.44;"2026-05-30";"Card"
"P005195";"G04904";525;137.88;"2026-05-31";"Card"
"P005196";"G04905";406;164.33;"2026-01-26";"Card"
"P005197";"G04906";404;77.56;"2026-01-04";"Stripe"
"P005198";"G04906";404;165.24;"2026-01-08";"Card"
"P005199";"G04907";514;38.61;"2026-06-05";"Card"
"P005200";"G04908";316;123.11;"2026-06-04";"Card"
"P005201";"G04909";504;58.72;"2026-04-08";"Card"
"P005202";"G04909";504;157.14;"2026-04-08";"Stripe"
"P005203";"G04910";327;169.46;"2026-04-24";"Card"
"P005204";"G04911";203;136.45;"2026-04-20";"Stripe"
"P005205";"G04912";114;14.96;"2026-03-15";"Card"
"P005206";"G04912";114;8.76;"2026-03-15";"Card"
"P005207";"G04913";420;53.99;"2026-01-26";"Card"
"P005208";"G04913";420;70.41;"2026-01-26";"Card"
"P005209";"G04914";519;82.41;"2026-02-16";"Card"
"P005210";"G04915";119;6.31;"2026-05-17";"Card"
"P005211";"G04916";311;221.89;"2026-03-08";"Cash"
"P005212";"G04917";306;46.69;"2026-04-29";"Card"
"P005213";"G04918";131;307.09;"2026-06-11";"Stripe"
"P005214";"G04919";106;86.04;"2026-04-02";"Card"
"P005215";"G04920";525;122.38;"2026-06-09";"Card"
"P005216";"G04921";412;105.43;"2026-03-16";"Cash"
"P005217";"G04922";111;94.19;"2026-01-21";"Card"
"P005218";"G04923";233;96.78;"2026-04-23";"Card"
"P005219";"G04925";417;3.94;"2026-01-20";"Card"
"P005220";"G04926";317;87.38;"2026-02-18";"Stripe"
"P005221";"G04927";403;224.67;"2026-06-24";"Card"
"P005222";"G04928";405;75.69;"2026-06-18";"Card"
"P005223";"G04929";316;76.57;"2026-03-14";"Card"
"P005224";"G04931";405;8.57;"2026-06-12";"Card"
"P005225";"G04931";405;7.45;"2026-06-14";"Stripe"
"P005226";"G04932";403;61.01;"2026-05-07";"Card"
"P005227";"G04932";403;33.89;"2026-05-07";"Card"
"P005228";"G04933";304;278.3;"2026-06-13";"Card"
"P005229";"G04934";520;44.4;"2026-06-01";"Card"
"P005230";"G04934";520;61.07;"2026-05-25";"Card"
"P005231";"G04935";303;169.29;"2026-02-15";"Card"
"P005232";"G04936";406;91.07;"2026-05-07";"Card"
"P005233";"G04938";333;15.37;"2026-01-30";"Card"
"P005234";"G04938";333;8.97;"2026-01-29";"Card"
"P005235";"G04939";334;69.23;"2026-02-28";"Cash"
"P005236";"G04940";125;177.02;"2026-01-31";"Cash"
"P005237";"G04941";328;81.48;"2026-01-07";"Card"
"P005238";"G04942";519;155.33;"2026-03-12";"Cash"
"P005239";"G04943";407;82.26;"2026-01-09";"Stripe"
"P005240";"G04944";425;86.21;"2026-05-20";"Card"
"P005241";"G04945";107;144.79;"2026-05-02";"Card"
"P005242";"G04946";118;123.41;"2026-06-23";"Stripe"
"P005243";"G04947";424;32.17;"2026-02-19";"Card"
"P005244";"G04947";424;24.09;"2026-02-19";"Cash"
"P005245";"G04948";425;128.29;"2026-02-03";"Card"
"P005246";"G04949";320;135.9;"2026-05-29";"Card"
"P005247";"G04950";511;37.1;"2026-03-16";"Stripe"
"P005248";"G04950";511;41.45;"2026-03-16";"Card"
"P005249";"G04953";531;133.95;"2026-03-17";"Card"
"P005250";"G04954";434;78.7;"2026-05-07";"Card"
"P005251";"G04955";508;144.22;"2026-06-13";"Card"
"P005252";"G04956";132;50.21;"2026-01-14";"Stripe"
"P005253";"G04957";116;392.94;"2026-06-30";"Card"
"P005254";"G04958";213;11.09;"2026-04-11";"Card"
"P005255";"G04959";420;210.52;"2026-01-06";"Card"
"P005256";"G04960";130;38.19;"2026-04-19";"Card"
"P005257";"G04960";130;34.22;"2026-04-19";"Stripe"
"P005258";"G04961";503;150.31;"2026-05-26";"Card"
"P005259";"G04962";203;10.17;"2026-05-20";"Card"
"P005260";"G04963";327;230.27;"2026-05-03";"Card"
"P005261";"G04965";119;65.01;"2026-03-24";"Card"
"P005262";"G04965";119;35.33;"2026-03-27";"Card"
"P005263";"G04966";209;5.0;"2026-06-19";"Card"
"P005264";"G04967";432;131.98;"2026-04-07";"Card"
"P005265";"G04968";506;95.8;"2026-02-06";"Stripe"
"P005266";"G04968";506;81.93;"2026-02-06";"Card"
"P005267";"G04971";418;170.46;"2026-02-16";"Card"
"P005268";"G04973";305;27.0;"2026-06-19";"Cash"
"P005269";"G04974";419;79.57;"2026-06-23";"Card"
"P005270";"G04974";419;56.67;"2026-06-25";"Card"
"P005271";"G04975";322;183.89;"2026-02-09";"Stripe"
"P005272";"G04976";215;69.97;"2026-06-22";"Card"
"P005273";"G04977";110;154.61;"2026-04-04";"Stripe"
"P005274";"G04978";310;184.55;"2026-03-12";"Card"
"P005275";"G04979";130;98.56;"2026-03-20";"Card"
"P005276";"G04980";530;105.39;"2026-02-07";"Card"
"P005277";"G04981";228;35.68;"2026-05-01";"Card"
"P005278";"G04982";503;94.96;"2026-04-30";"Card"
"P005279";"G04984";429;124.27;"2026-06-14";"Card"
"P005280";"G04985";415;191.45;"2026-03-27";"Stripe"
"P005281";"G04986";523;36.73;"2026-04-24";"Card"
"P005282";"G04987";324;25.03;"2026-03-26";"Card"
"P005283";"G04987";324;50.1;"2026-03-26";"Stripe"
"P005284";"G04988";432;31.14;"2026-06-23";"Stripe"
"P005285";"G04989";424;97.9;"2026-03-21";"Cash"
"P005286";"G04989";424;147.09;"2026-03-18";"Card"
"P005287";"G04990";515;207.63;"2026-03-12";"Card"
"P005288";"G04991";408;318.07;"2026-02-27";"Card"
"P005289";"G04994";509;169.27;"2026-01-11";"Cash"
"P005290";"G04995";525;207.94;"2026-04-05";"Cash"
"P005291";"G04996";133;56.52;"2026-02-14";"Card"
"P005292";"G04997";126;56.26;"2026-04-20";"Card"
"P005293";"G04998";128;72.24;"2026-01-05";"Stripe"
"P005294";"G04999";513;72.49;"2026-02-05";"Cash"
"P005295";"G05000";518;153.81;"2026-04-02";"Stripe"
"P005296";"G05001";303;139.43;"2026-02-20";"Cash"
"P005297";"G05002";132;316.68;"2026-06-20";"Card"
"P005298";"G05003";523;63.89;"2026-03-02";"Stripe"
"P005299";"G05004";404;251.39;"2026-06-29";"Cash"
"P005300";"G05005";512;102.8;"2026-04-30";"Card"
"P005301";"G05005";512;156.02;"2026-04-27";"Card"
"P005302";"G05006";521;18.86;"2026-06-22";"Card"
"P005303";"G05007";131;23.3;"2026-05-28";"Cash"
"P005304";"G05008";308;57.18;"2026-01-07";"Card"
"P005305";"G05009";222;48.81;"2026-06-13";"Card"
"P005306";"G05010";403;276.03;"2026-06-14";"Stripe"
"P005307";"G05011";520;38.06;"2026-01-14";"Card"
"P005308";"G05012";514;119.76;"2026-05-25";"Cash"
"P005309";"G05013";301;41.64;"2026-02-01";"Card"
"P005310";"G05013";301;53.07;"2026-02-01";"Stripe"
"P005311";"G05014";434;108.26;"2026-01-07";"Card"
"P005312";"G05015";504;18.49;"2026-06-02";"Card"
"P005313";"G05016";412;158.82;"2026-02-06";"Card"
"P005314";"G05017";228;4.73;"2026-04-18";"Card"
"P005315";"G05018";317;86.43;"2026-05-29";"Card"
"P005316";"G05019";509;131.92;"2026-02-08";"Cash"
"P005317";"G05020";119;95.85;"2026-02-21";"Card"
"P005318";"G05021";526;470.29;"2026-06-06";"Card"
"P005319";"G05023";317;348.81;"2026-03-30";"Card"
"P005320";"G05024";212;130.36;"2026-03-16";"Card"
"P005321";"G05026";130;110.3;"2026-04-22";"Card"
"P005322";"G05027";230;160.36;"2026-03-03";"Card"
"P005323";"G05030";101;192.71;"2026-03-02";"Card"
"P005324";"G05031";229;40.88;"2026-04-08";"Stripe"
"P005325";"G05031";229;42.97;"2026-04-07";"Card"
"P005326";"G05032";305;112.87;"2026-03-24";"Card"
"P005327";"G05032";305;151.58;"2026-03-23";"Card"
"P005328";"G05033";422;18.59;"2026-05-22";"Card"
"P005329";"G05033";422;12.09;"2026-05-22";"Card"
"P005330";"G05035";208;64.75;"2026-03-10";"Stripe"
"P005331";"G05036";534;93.87;"2026-04-18";"Stripe"
"P005332";"G05037";116;50.89;"2026-01-19";"Stripe"
"P005333";"G05038";125;188.04;"2026-06-14";"Card"
"P005334";"G05039";316;46.98;"2026-01-22";"Stripe"
"P005335";"G05040";302;42.1;"2026-04-01";"Card"
"P005336";"G05042";402;25.12;"2026-04-22";"Stripe"
"P005337";"G05042";402;59.96;"2026-04-22";"Card"
"P005338";"G05043";502;26.33;"2026-03-22";"Cash"
"P005339";"G05044";416;181.94;"2026-06-12";"Stripe"
"P005340";"G05045";222;49.63;"2026-01-26";"Card"
"P005341";"G05046";304;36.31;"2026-06-12";"Card"
"P005342";"G05046";304;67.34;"2026-06-12";"Stripe"
"P005343";"G05047";415;189.53;"2026-01-18";"Card"
"P005344";"G05047";415;230.81;"2026-01-14";"Card"
"P005345";"G05048";317;112.35;"2026-03-04";"Card"
"P005346";"G05049";407;170.88;"2026-01-14";"Card"
"P005347";"G05050";329;10.25;"2026-04-07";"Stripe"
"P005348";"G05050";329;15.42;"2026-04-06";"Stripe"
"P005349";"G05051";134;107.36;"2026-03-19";"Card"
"P005350";"G05052";516;100.61;"2026-03-09";"Card"
"P005351";"G05053";416;125.94;"2026-04-12";"Stripe"
"P005352";"G05054";503;25.03;"2026-02-21";"Cash"
"P005353";"G05054";503;61.57;"2026-02-20";"Card"
"P005354";"G05055";224;80.14;"2026-01-19";"Stripe"
"P005355";"G05055";224;50.36;"2026-01-19";"Cash"
"P005356";"G05056";414;123.9;"2026-06-09";"Card"
"P005357";"G05057";319;18.54;"2026-05-22";"Stripe"
"P005358";"G05057";319;17.16;"2026-05-22";"Cash"
"P005359";"G05058";314;72.52;"2026-01-06";"Card"
"P005360";"G05059";302;143.57;"2026-03-28";"Card"
"P005361";"G05060";504;147.18;"2026-01-14";"Stripe"
"P005362";"G05061";521;46.68;"2026-06-01";"Stripe"
"P005363";"G05061";521;132.96;"2026-06-01";"Card"
"P005364";"G05062";505;45.86;"2026-01-23";"Stripe"
"P005365";"G05064";101;88.5;"2026-01-16";"Card"
"P005366";"G05065";126;104.78;"2026-05-26";"Stripe"
"P005367";"G05066";406;37.83;"2026-06-12";"Cash"
"P005368";"G05067";111;116.79;"2026-03-06";"Cash"
"P005369";"G05068";125;109.47;"2026-03-26";"Card"
"P005370";"G05069";515;38.84;"2026-05-23";"Card"
"P005371";"G05070";409;320.99;"2026-02-26";"Stripe"
"P005372";"G05071";331;105.42;"2026-04-01";"Card"
"P005373";"G05072";504;99.75;"2026-01-31";"Stripe"
"P005374";"G05073";530;95.97;"2026-06-15";"Card"
"P005375";"G05074";113;46.94;"2026-06-19";"Card"
"P005376";"G05075";315;214.42;"2026-01-13";"Stripe"
"P005377";"G05076";509;140.11;"2026-02-23";"Cash"
"P005378";"G05077";218;33.27;"2026-05-04";"Card"
"P005379";"G05078";318;231.75;"2026-02-01";"Cash"
"P005380";"G05080";116;47.44;"2026-03-23";"Card"
"P005381";"G05081";118;24.39;"2026-04-09";"Card"
"P005382";"G05083";118;152.8;"2026-06-02";"Card"
"P005383";"G05084";402;278.05;"2026-04-27";"Stripe"
"P005384";"G05086";134;332.07;"2026-01-06";"Stripe"
"P005385";"G05088";101;21.08;"2026-01-09";"Card"
"P005386";"G05089";124;62.63;"2026-01-12";"Card"
"P005387";"G05090";230;98.08;"2026-01-24";"Card"
"P005388";"G05090";230;56.73;"2026-01-24";"Card"
"P005389";"G05091";216;53.29;"2026-03-12";"Card"
"P005390";"G05092";229;56.32;"2026-05-20";"Card"
"P005391";"G05092";229;105.57;"2026-05-20";"Card"
"P005392";"G05094";308;53.11;"2026-01-25";"Card"
"P005393";"G05094";308;60.19;"2026-01-25";"Stripe"
"P005394";"G05095";528;107.85;"2026-06-03";"Cash"
"P005395";"G05095";528;71.64;"2026-06-09";"Card"
"P005396";"G05096";217;98.63;"2026-01-24";"Card"
"P005397";"G05096";217;116.32;"2026-01-21";"Stripe"
"P005398";"G05097";117;139.48;"2026-03-07";"Card"
"P005399";"G05098";101;212.68;"2026-01-19";"Stripe"
"P005400";"G05099";215;152.05;"2026-01-14";"Stripe"
"P005401";"G05101";534;43.49;"2026-02-14";"Cash"
"P005402";"G05102";116;19.5;"2026-05-10";"Card"
"P005403";"G05102";116;36.36;"2026-05-08";"Card"
"P005404";"G05103";214;16.2;"2026-05-23";"Stripe"
"P005405";"G05103";214;31.52;"2026-05-23";"Card"
"P005406";"G05104";331;34.38;"2026-03-08";"Cash"
"P005407";"G05105";525;27.51;"2026-01-16";"Stripe"
"P005408";"G05106";124;204.14;"2026-05-05";"Stripe"
"P005409";"G05107";434;3.91;"2026-01-30";"Card"
"P005410";"G05107";434;9.85;"2026-01-30";"Cash"
"P005411";"G05108";211;74.77;"2026-06-01";"Stripe"
"P005412";"G05109";306;32.5;"2026-01-27";"Card"
"P005413";"G05109";306;31.27;"2026-01-29";"Card"
"P005414";"G05109";306;27.65;"2026-01-29";"Card"
"P005415";"G05110";405;124.45;"2026-05-09";"Card"
"P005416";"G05111";405;62.79;"2026-01-19";"Card"
"P005417";"G05113";105;14.22;"2026-02-24";"Card"
"P005418";"G05115";132;20.45;"2026-06-29";"Stripe"
"P005419";"G05116";112;82.14;"2026-03-24";"Card"
"P005420";"G05117";413;84.35;"2026-06-09";"Stripe"
"P005421";"G05118";402;42.72;"2026-06-23";"Card"
"P005422";"G05119";204;344.11;"2026-03-21";"Stripe"
"P005423";"G05120";503;33.81;"2026-02-22";"Card"
"P005424";"G05120";503;78.0;"2026-02-24";"Card"
"P005425";"G05121";521;196.15;"2026-06-09";"Card"
"P005426";"G05122";214;60.68;"2026-03-14";"Stripe"
"P005427";"G05123";314;57.66;"2026-02-12";"Card"
"P005428";"G05124";527;77.06;"2026-03-08";"Card"
"P005429";"G05125";223;123.47;"2026-03-05";"Cash"
"P005430";"G05126";517;63.5;"2026-02-28";"Card"
"P005431";"G05126";517;26.48;"2026-02-28";"Card"
"P005432";"G05126";517;46.6;"2026-02-28";"Cash"
"P005433";"G05128";417;56.75;"2026-04-05";"Card"
"P005434";"G05128";417;165.1;"2026-04-07";"Card"
"P005435";"G05129";507;106.82;"2026-01-03";"Stripe"
"P005436";"G05132";401;208.86;"2026-05-11";"Card"
"P005437";"G05133";222;11.39;"2026-03-01";"Stripe"
"P005438";"G05133";222;20.05;"2026-02-26";"Cash"
"P005439";"G05134";128;32.37;"2026-01-22";"Card"
"P005440";"G05134";128;39.63;"2026-01-24";"Card"
"P005441";"G05135";307;61.27;"2026-04-03";"Card"
"P005442";"G05136";209;166.73;"2026-04-15";"Card"
"P005443";"G05137";513;205.88;"2026-05-25";"Card"
"P005444";"G05139";116;4.44;"2026-01-26";"Stripe"
"P005445";"G05140";320;218.85;"2026-03-17";"Card"
"P005446";"G05141";517;248.62;"2026-06-07";"Card"
"P005447";"G05142";513;127.96;"2026-02-03";"Card"
"P005448";"G05144";125;337.91;"2026-01-23";"Card"
"P005449";"G05145";501;157.6;"2026-05-15";"Stripe"
"P005450";"G05147";102;29.48;"2026-03-09";"Card"
"P005451";"G05147";102;46.88;"2026-03-08";"Card"
"P005452";"G05148";329;180.13;"2026-04-30";"Card"
"P005453";"G05149";120;101.22;"2026-05-01";"Card"
"P005454";"G05150";223;61.59;"2026-06-06";"Stripe"
"P005455";"G05151";226;286.27;"2026-04-09";"Stripe"
"P005456";"G05152";201;38.85;"2026-01-05";"Card"
"P005457";"G05153";103;136.53;"2026-06-08";"Stripe"
"P005458";"G05155";112;309.37;"2026-04-28";"Card"
"P005459";"G05156";110;167.52;"2026-03-15";"Stripe"
"P005460";"G05159";310;92.95;"2026-04-06";"Card"
"P005461";"G05159";310;20.36;"2026-04-08";"Card"
"P005462";"G05159";310;41.88;"2026-04-08";"Stripe"
"P005463";"G05160";531;115.03;"2026-04-14";"Cash"
"P005464";"G05161";122;108.53;"2026-06-16";"Cash"
"P005465";"G05162";109;95.95;"2026-05-01";"Card"
"P005466";"G05163";206;369.14;"2026-03-27";"Card"
"P005467";"G05164";523;150.97;"2026-05-06";"Cash"
"P005468";"G05165";326;126.69;"2026-02-27";"Card"
"P005469";"G05166";108;61.39;"2026-03-27";"Card"
"P005470";"G05166";108;64.67;"2026-03-27";"Card"
"P005471";"G05167";310;106.83;"2026-05-15";"Card"
"P005472";"G05167";310;115.92;"2026-05-15";"Stripe"
"P005473";"G05169";401;298.41;"2026-01-06";"Card"
"P005474";"G05171";529;232.81;"2026-06-06";"Card"
"P005475";"G05172";304;154.06;"2026-02-02";"Card"
"P005476";"G05173";223;147.81;"2026-04-27";"Card"
"P005477";"G05174";410;19.22;"2026-04-06";"Card"
"P005478";"G05175";531;100.09;"2026-03-02";"Card"
"P005479";"G05176";432;79.24;"2026-05-17";"Card"
"P005480";"G05177";532;112.23;"2026-01-10";"Cash"
"P005481";"G05178";534;24.84;"2026-04-07";"Card"
"P005482";"G05179";327;22.79;"2026-05-03";"Card"
"P005483";"G05179";327;62.31;"2026-05-03";"Card"
"P005484";"G05181";312;176.3;"2026-04-06";"Stripe"
"P005485";"G05183";502;134.04;"2026-05-26";"Stripe"
"P005486";"G05184";127;181.76;"2026-06-24";"Card"
"P005487";"G05185";310;125.21;"2026-05-28";"Card"
"P005488";"G05186";512;119.02;"2026-05-06";"Card"
"P005489";"G05186";512;65.19;"2026-05-06";"Card"
"P005490";"G05187";532;236.54;"2026-02-22";"Card"
"P005491";"G05188";428;137.46;"2026-01-16";"Card"
"P005492";"G05189";209;173.18;"2026-05-30";"Card"
"P005493";"G05191";531;292.07;"2026-01-31";"Cash"
"P005494";"G05193";423;58.32;"2026-03-19";"Card"
"P005495";"G05195";334;15.68;"2026-05-21";"Cash"
"P005496";"G05195";334;10.81;"2026-05-21";"Card"
"P005497";"G05195";334;26.89;"2026-05-21";"Card"
"P005498";"G05196";133;77.08;"2026-05-24";"Stripe"
"P005499";"G05197";411;2.82;"2026-05-19";"Stripe"
"P005500";"G05197";411;2.74;"2026-05-18";"Card"
"P005501";"G05197";411;3.54;"2026-05-19";"Card"
"P005502";"G05198";131;129.73;"2026-05-23";"Stripe"
"P005503";"G05199";109;249.48;"2026-01-29";"Card"
"P005504";"G05201";202;134.4;"2026-06-02";"Card"
"P005505";"G05202";126;158.45;"2026-05-26";"Stripe"
"P005506";"G05203";433;71.18;"2026-05-30";"Card"
"P005507";"G05204";308;150.23;"2026-05-30";"Card"
"P005508";"G05205";102;2.02;"2026-05-18";"Card"
"P005509";"G05205";102;1.83;"2026-05-18";"Stripe"
"P005510";"G05206";407;11.3;"2026-01-26";"Card"
"P005511";"G05206";407;23.65;"2026-01-26";"Card"
"P005512";"G05207";302;225.64;"2026-03-18";"Stripe"
"P005513";"G05208";526;75.54;"2026-01-28";"Card"
"P005514";"G05209";321;209.71;"2026-04-12";"Stripe"
"P005515";"G05210";509;319.97;"2026-02-24";"Card"
"P005516";"G05211";221;271.35;"2026-04-30";"Card"
"P005517";"G05212";215;297.81;"2026-03-28";"Stripe"
"P005518";"G05213";534;156.17;"2026-05-06";"Card"
"P005519";"G05214";310;105.14;"2026-03-07";"Card"
"P005520";"G05215";533;26.31;"2026-03-21";"Card"
"P005521";"G05216";529;113.2;"2026-01-25";"Card"
"P005522";"G05216";529;55.45;"2026-01-25";"Stripe"
"P005523";"G05216";529;46.58;"2026-01-25";"Card"
"P005524";"G05217";119;69.45;"2026-02-06";"Card"
"P005525";"G05217";119;81.94;"2026-02-06";"Card"
"P005526";"G05218";422;107.79;"2026-05-31";"Card"
"P005527";"G05219";532;84.42;"2026-04-10";"Cash"
"P005528";"G05219";532;214.39;"2026-04-10";"Stripe"
"P005529";"G05221";203;48.12;"2026-04-08";"Card"
"P005530";"G05222";501;108.68;"2026-02-10";"Card"
"P005531";"G05223";501;16.34;"2026-02-17";"Card"
"P005532";"G05224";226;59.53;"2026-05-21";"Card"
"P005533";"G05225";121;187.9;"2026-03-08";"Card"
"P005534";"G05228";411;51.36;"2026-03-26";"Card"
"P005535";"G05228";411;94.8;"2026-03-31";"Card"
"P005536";"G05229";501;131.02;"2026-04-12";"Stripe"
"P005537";"G05230";233;66.75;"2026-05-06";"Cash"
"P005538";"G05231";433;102.66;"2026-01-27";"Card"
"P005539";"G05232";129;221.4;"2026-03-28";"Card"
"P005540";"G05233";423;97.86;"2026-01-30";"Card"
"P005541";"G05234";523;60.11;"2026-03-27";"Card"
"P005542";"G05234";523;33.09;"2026-03-27";"Card"
"P005543";"G05235";117;134.25;"2026-02-02";"Card"
"P005544";"G05236";319;171.89;"2026-03-24";"Card"
"P005545";"G05237";132;61.64;"2026-04-07";"Card"
"P005546";"G05238";227;264.64;"2026-02-23";"Stripe"
"P005547";"G05239";210;115.19;"2026-04-12";"Stripe"
"P005548";"G05240";129;54.29;"2026-06-21";"Card"
"P005549";"G05242";221;218.88;"2026-05-01";"Stripe"
"P005550";"G05242";221;139.66;"2026-04-28";"Stripe"
"P005551";"G05243";501;64.55;"2026-02-26";"Card"
"P005552";"G05244";506;162.96;"2026-04-16";"Card"
"P005553";"G05245";523;103.27;"2026-04-23";"Stripe"
"P005554";"G05247";221;136.45;"2026-03-19";"Card"
"P005555";"G05248";317;93.45;"2026-05-09";"Stripe"
"P005556";"G05249";208;272.86;"2026-03-31";"Card"
"P005557";"G05250";201;52.35;"2026-06-04";"Card"
